file,subject,session,set_sha256,fdt_present,nbchan,n_epochs,pnts,epoch_seconds,srate_header_hz,xmin,xmax,reference_field,n_channel_names,channel_names,setname,source_filepath_field,original_source_name,loadbv_source_dir,loadbv_source_file,loadbv_sample_range,loadbv_channel_idx_n,epoch_event_code,epoch_window,epoch_newname,removed_channels,interp_history,reref_history,resample_history,history_chars,says_open,says_closed,eye_state_evidence
sub-01_ses-1.set,sub-01,ses-1,4b74b24828ba45380a5c2ddbe8cc0ea887384ae1b972c02b9ae304bf16676765,True,61,69,2000,4.0,500.0,0.0,3.998,average,61,"[""Fp1"", ""AF3"", ""AF7"", ""Fz"", ""F1"", ""F3"", ""F5"", ""F7"", ""FC1"", ""FC3"", ""FC5"", ""FT7"", ""Cz"", ""C1"", ""C3"", ""C5"", ""T7"", ""CP1"", ""CP3"", ""CP5"", ""TP7"", ""TP9"", ""Pz"", ""P1"", ""P3"", ""P5"", ""P7"", ""PO3"", ""PO7"", ""Oz"", ""O1"", ""Fpz"", ""Fp2"", ""AF4"", ""AF8"", ""F2"", ""F4"", ""F6"", ""F8"", ""FC2"", ""FC4"", ""FC6"", ""FT8"", ""C2"", ""C4"", ""C6"", ""T8"", ""CPz"", ""CP2"", ""CP4"", ""CP6"", ""TP8"", ""TP10"", ""P2"", ""P4"", ""P6"", ""P8"", ""POz"", ""PO4"", ""PO8"", ""O2""]", - 4-s epochs pruned with ICA,D:\data_for_capstone_project\Resting-State-EEG-Dataset-for-SD\03_ica,gaorui_sleep_open.eeg,,,,0,,,,,,,,851,True,False,explicit_open
sub-01_ses-2.set,sub-01,ses-2,d94078f2c0377ac6c6f6507da0d1e18d7d9b4e54a7f63ea8bf3265910b381c96,True,61,54,2000,4.0,500.0,0.0,3.998,average,61,"[""Fp1"", ""AF3"", ""AF7"", ""Fz"", ""F1"", ""F3"", ""F5"", ""F7"", ""FC1"", ""FC3"", ""FC5"", ""FT7"", ""Cz"", ""C1"", ""C3"", ""C5"", ""T7"", ""CP1"", ""CP3"", ""CP5"", ""TP7"", ""TP9"", ""Pz"", ""P1"", ""P3"", ""P5"", ""P7"", ""PO3"", ""PO7"", ""Oz"", ""O1"", ""Fpz"", ""Fp2"", ""AF4"", ""AF8"", ""F2"", ""F4"", ""F6"", ""F8"", ""FC2"", ""FC4"", ""FC6"", ""FT8"", ""C2"", ""C4"", ""C6"", ""T8"", ""CPz"", ""CP2"", ""CP4"", ""CP6"", ""TP8"", ""TP10"", ""P2"", ""P4"", ""P6"", ""P8"", ""POz"", ""PO4"", ""PO8"", ""O2""]", - 4-s epochs pruned with ICA,D:\data_for_capstone_project\Resting-State-EEG-Dataset-for-SD\03_ica,gaorui_D_open.eeg,,,,0,,,,,,,,851,True,False,explicit_open
sub-02_ses-1.set,sub-02,ses-1,3aa8d571870efa30cfbdda1ee3c68128c25fd5b5bc49b15ed4acb74e9e8fd605,True,61,70,2000,4.0,500.0,0.0,3.998,average,61,"[""Fp1"", ""AF3"", ""AF7"", ""Fz"", ""F1"", ""F3"", ""F5"", ""F7"", ""FC1"", ""FC3"", ""FC5"", ""FT7"", ""Cz"", ""C1"", ""C3"", ""C5"", ""T7"", ""CP1"", ""CP3"", ""CP5"", ""TP7"", ""TP9"", ""Pz"", ""P1"", ""P3"", ""P5"", ""P7"", ""PO3"", ""PO7"", ""Oz"", ""O1"", ""Fpz"", ""Fp2"", ""AF4"", ""AF8"", ""F2"", ""F4"", ""F6"", ""F8"", ""FC2"", ""FC4"", ""FC6"", ""FT8"", ""C2"", ""C4"", ""C6"", ""T8"", ""CPz"", ""CP2"", ""CP4"", ""CP6"", ""TP8"", ""TP10"", ""P2"", ""P4"", ""P6"", ""P8"", ""POz"", ""PO4"", ""PO8"", ""O2""]", - 4-s epochs pruned with ICA,D:\data_for_capstone_project\Resting-State-EEG-Dataset-for-SD\03_ica,zhangjinpeng_sleep_open.eeg,,,,0,,,,,,,,851,True,False,explicit_open
sub-02_ses-2.set,sub-02,ses-2,dd42f20ba5d635dbdeec1d1fc424c34b41845c46ea182612c17657a0928260e0,True,61,64,2000,4.0,500.0,0.0,3.998,average,61,"[""Fp1"", ""AF3"", ""AF7"", ""Fz"", ""F1"", ""F3"", ""F5"", ""F7"", ""FC1"", ""FC3"", ""FC5"", ""FT7"", ""Cz"", ""C1"", ""C3"", ""C5"", ""T7"", ""CP1"", ""CP3"", ""CP5"", ""TP7"", ""TP9"", ""Pz"", ""P1"", ""P3"", ""P5"", ""P7"", ""PO3"", ""PO7"", ""Oz"", ""O1"", ""Fpz"", ""Fp2"", ""AF4"", ""AF8"", ""F2"", ""F4"", ""F6"", ""F8"", ""FC2"", ""FC4"", ""FC6"", ""FT8"", ""C2"", ""C4"", ""C6"", ""T8"", ""CPz"", ""CP2"", ""CP4"", ""CP6"", ""TP8"", ""TP10"", ""P2"", ""P4"", ""P6"", ""P8"", ""POz"", ""PO4"", ""PO8"", ""O2""]", - 4-s epochs pruned with ICA,D:\data_for_capstone_project\Resting-State-EEG-Dataset-for-SD\03_ica,zhangjinpeng_D_open.eeg,,,,0,,,,,,,,851,True,False,explicit_open
sub-03_ses-1.set,sub-03,ses-1,cfc5fe9c4195a26358f2a05a41e2bcd3db46a87a62354b4ce182543651f30111,True,61,73,2000,4.0,500.0,0.0,3.998,average,61,"[""Fp1"", ""AF3"", ""AF7"", ""Fz"", ""F1"", ""F3"", ""F5"", ""F7"", ""FC1"", ""FC3"", ""FC5"", ""FT7"", ""Cz"", ""C1"", ""C3"", ""C5"", ""T7"", ""CP1"", ""CP3"", ""CP5"", ""TP7"", ""TP9"", ""Pz"", ""P1"", ""P3"", ""P5"", ""P7"", ""PO3"", ""PO7"", ""Oz"", ""O1"", ""Fpz"", ""Fp2"", ""AF4"", ""AF8"", ""F2"", ""F4"", ""F6"", ""F8"", ""FC2"", ""FC4"", ""FC6"", ""FT8"", ""C2"", ""C4"", ""C6"", ""T8"", ""CPz"", ""CP2"", ""CP4"", ""CP6"", ""TP8"", ""TP10"", ""P2"", ""P4"", ""P6"", ""P8"", ""POz"", ""PO4"", ""PO8"", ""O2""]", - 4-s epochs pruned with ICA,D:\data_for_capstone_project\Resting-State-EEG-Dataset-for-SD\03_ica,gemanling_sleep_open.eeg,,,,0,,,,,,,,851,True,False,explicit_open
sub-03_ses-2.set,sub-03,ses-2,cb4ff1cea39cc331ecc00627ff337ebb6be80b95930cb285c29b6cb166a3f9fd,True,61,70,2000,4.0,500.0,0.0,3.998,average,61,"[""Fp1"", ""AF3"", ""AF7"", ""Fz"", ""F1"", ""F3"", ""F5"", ""F7"", ""FC1"", ""FC3"", ""FC5"", ""FT7"", ""Cz"", ""C1"", ""C3"", ""C5"", ""T7"", ""CP1"", ""CP3"", ""CP5"", ""TP7"", ""TP9"", ""Pz"", ""P1"", ""P3"", ""P5"", ""P7"", ""PO3"", ""PO7"", ""Oz"", ""O1"", ""Fpz"", ""Fp2"", ""AF4"", ""AF8"", ""F2"", ""F4"", ""F6"", ""F8"", ""FC2"", ""FC4"", ""FC6"", ""FT8"", ""C2"", ""C4"", ""C6"", ""T8"", ""CPz"", ""CP2"", ""CP4"", ""CP6"", ""TP8"", ""TP10"", ""P2"", ""P4"", ""P6"", ""P8"", ""POz"", ""PO4"", ""PO8"", ""O2""]", - 4-s epochs pruned with ICA,D:\data_for_capstone_project\Resting-State-EEG-Dataset-for-SD\03_ica,gemanling_D_open.eeg,,,,0,,,,,,,,851,True,False,explicit_open
sub-04_ses-1.set,sub-04,ses-1,e9f8c9fc13372356a0d1c87d2c9fad5ec1df2a0c2c895d74ea1966d2ecb8ba61,True,61,4,2000,4.0,500.0,0.0,3.998,average,61,"[""Fp1"", ""AF3"", ""AF7"", ""Fz"", ""F1"", ""F3"", ""F5"", ""F7"", ""FC1"", ""FC3"", ""FC5"", ""FT7"", ""Cz"", ""C1"", ""C3"", ""C5"", ""T7"", ""CP1"", ""CP3"", ""CP5"", ""TP7"", ""TP9"", ""Pz"", ""P1"", ""P3"", ""P5"", ""P7"", ""PO3"", ""PO7"", ""Oz"", ""O1"", ""Fpz"", ""Fp2"", ""AF4"", ""AF8"", ""F2"", ""F4"", ""F6"", ""F8"", ""FC2"", ""FC4"", ""FC6"", ""FT8"", ""C2"", ""C4"", ""C6"", ""T8"", ""CPz"", ""CP2"", ""CP4"", ""CP6"", ""TP8"", ""TP10"", ""P2"", ""P4"", ""P6"", ""P8"", ""POz"", ""PO4"", ""PO8"", ""O2""]", - 4-s epochs pruned with ICA,D:\data_for_capstone_project\Resting-State-EEG-Dataset-for-SD\03_ica,lixu_sleep_open.eeg,,,,0,,,,,,,,851,True,False,explicit_open
sub-04_ses-2.set,sub-04,ses-2,7e5afb3d713fd1a0eceda193588293a202d35ba43efa66678143921c47b07d20,True,61,62,2000,4.0,500.0,0.0,3.998,average,61,"[""Fp1"", ""AF3"", ""AF7"", ""Fz"", ""F1"", ""F3"", ""F5"", ""F7"", ""FC1"", ""FC3"", ""FC5"", ""FT7"", ""Cz"", ""C1"", ""C3"", ""C5"", ""T7"", ""CP1"", ""CP3"", ""CP5"", ""TP7"", ""TP9"", ""Pz"", ""P1"", ""P3"", ""P5"", ""P7"", ""PO3"", ""PO7"", ""Oz"", ""O1"", ""Fpz"", ""Fp2"", ""AF4"", ""AF8"", ""F2"", ""F4"", ""F6"", ""F8"", ""FC2"", ""FC4"", ""FC6"", ""FT8"", ""C2"", ""C4"", ""C6"", ""T8"", ""CPz"", ""CP2"", ""CP4"", ""CP6"", ""TP8"", ""TP10"", ""P2"", ""P4"", ""P6"", ""P8"", ""POz"", ""PO4"", ""PO8"", ""O2""]", - 4-s epochs pruned with ICA,D:\data_for_capstone_project\Resting-State-EEG-Dataset-for-SD\03_ica,lixu_D_open.eeg,,,,0,,,,,,,,851,True,False,explicit_open
sub-05_ses-1.set,sub-05,ses-1,31c22a93d9406422a912fddcc783dfaa4940b02662a5413bbf56c7eb240c48c0,True,61,65,2000,4.0,500.0,0.0,3.998,average,61,"[""Fp1"", ""AF3"", ""AF7"", ""Fz"", ""F1"", ""F3"", ""F5"", ""F7"", ""FC1"", ""FC3"", ""FC5"", ""FT7"", ""Cz"", ""C1"", ""C3"", ""C5"", ""T7"", ""CP1"", ""CP3"", ""CP5"", ""TP7"", ""TP9"", ""Pz"", ""P1"", ""P3"", ""P5"", ""P7"", ""PO3"", ""PO7"", ""Oz"", ""O1"", ""Fpz"", ""Fp2"", ""AF4"", ""AF8"", ""F2"", ""F4"", ""F6"", ""F8"", ""FC2"", ""FC4"", ""FC6"", ""FT8"", ""C2"", ""C4"", ""C6"", ""T8"", ""CPz"", ""CP2"", ""CP4"", ""CP6"", ""TP8"", ""TP10"", ""P2"", ""P4"", ""P6"", ""P8"", ""POz"", ""PO4"", ""PO8"", ""O2""]", - 4-s epochs pruned with ICA,D:\data_for_capstone_project\Resting-State-EEG-Dataset-for-SD\03_ica,lizhuofan_sleep_open.eeg,,,,0,,,,,,,,851,True,False,explicit_open
sub-05_ses-2.set,sub-05,ses-2,6f8e6ac90af0d412902c13bd82d4c76497105bffe0315376bf1efa510a3767a2,True,61,67,2000,4.0,500.0,0.0,3.998,average,61,"[""Fp1"", ""AF3"", ""AF7"", ""Fz"", ""F1"", ""F3"", ""F5"", ""F7"", ""FC1"", ""FC3"", ""FC5"", ""FT7"", ""Cz"", ""C1"", ""C3"", ""C5"", ""T7"", ""CP1"", ""CP3"", ""CP5"", ""TP7"", ""TP9"", ""Pz"", ""P1"", ""P3"", ""P5"", ""P7"", ""PO3"", ""PO7"", ""Oz"", ""O1"", ""Fpz"", ""Fp2"", ""AF4"", ""AF8"", ""F2"", ""F4"", ""F6"", ""F8"", ""FC2"", ""FC4"", ""FC6"", ""FT8"", ""C2"", ""C4"", ""C6"", ""T8"", ""CPz"", ""CP2"", ""CP4"", ""CP6"", ""TP8"", ""TP10"", ""P2"", ""P4"", ""P6"", ""P8"", ""POz"", ""PO4"", ""PO8"", ""O2""]", - 4-s epochs pruned with ICA,D:\data_for_capstone_project\Resting-State-EEG-Dataset-for-SD\03_ica,lizhuofan_D_open.eeg,,,,0,,,,,,,,851,True,False,explicit_open
sub-06_ses-1.set,sub-06,ses-1,9efbc78cfaf9dd6cb64ed8dbe4bfcb16c789a2be5e854dc5e75862ec194a73fe,True,61,74,2000,4.0,500.0,0.0,3.998,average,61,"[""Fp1"", ""AF3"", ""AF7"", ""Fz"", ""F1"", ""F3"", ""F5"", ""F7"", ""FC1"", ""FC3"", ""FC5"", ""FT7"", ""Cz"", ""C1"", ""C3"", ""C5"", ""T7"", ""CP1"", ""CP3"", ""CP5"", ""TP7"", ""TP9"", ""Pz"", ""P1"", ""P3"", ""P5"", ""P7"", ""PO3"", ""PO7"", ""Oz"", ""O1"", ""Fpz"", ""Fp2"", ""AF4"", ""AF8"", ""F2"", ""F4"", ""F6"", ""F8"", ""FC2"", ""FC4"", ""FC6"", ""FT8"", ""C2"", ""C4"", ""C6"", ""T8"", ""CPz"", ""CP2"", ""CP4"", ""CP6"", ""TP8"", ""TP10"", ""P2"", ""P4"", ""P6"", ""P8"", ""POz"", ""PO4"", ""PO8"", ""O2""]", - 4-s epochs pruned with ICA,D:\data_for_capstone_project\Resting-State-EEG-Dataset-for-SD\03_ica,zhangpeilin_sleep_openeye.eeg,,,,0,,,,,,,,851,True,False,explicit_open
sub-06_ses-2.set,sub-06,ses-2,50090a8025e64d352d78c890a4a54fe497ed658636307ef957aed71018369f8c,True,61,64,2000,4.0,500.0,0.0,3.998,average,61,"[""Fp1"", ""AF3"", ""AF7"", ""Fz"", ""F1"", ""F3"", ""F5"", ""F7"", ""FC1"", ""FC3"", ""FC5"", ""FT7"", ""Cz"", ""C1"", ""C3"", ""C5"", ""T7"", ""CP1"", ""CP3"", ""CP5"", ""TP7"", ""TP9"", ""Pz"", ""P1"", ""P3"", ""P5"", ""P7"", ""PO3"", ""PO7"", ""Oz"", ""O1"", ""Fpz"", ""Fp2"", ""AF4"", ""AF8"", ""F2"", ""F4"", ""F6"", ""F8"", ""FC2"", ""FC4"", ""FC6"", ""FT8"", ""C2"", ""C4"", ""C6"", ""T8"", ""CPz"", ""CP2"", ""CP4"", ""CP6"", ""TP8"", ""TP10"", ""P2"", ""P4"", ""P6"", ""P8"", ""POz"", ""PO4"", ""PO8"", ""O2""]", - 4-s epochs pruned with ICA,D:\data_for_capstone_project\Resting-State-EEG-Dataset-for-SD\03_ica,zhangpeilin_D_open.eeg,,,,0,,,,,,,,851,True,False,explicit_open
sub-07_ses-1.set,sub-07,ses-1,6532e6ca57d10a9226c1e324053bf1df352ef63bd81517a650e6cd6ab7ff4c74,True,61,63,2000,4.0,500.0,0.0,3.998,average,61,"[""Fp1"", ""AF3"", ""AF7"", ""Fz"", ""F1"", ""F3"", ""F5"", ""F7"", ""FC1"", ""FC3"", ""FC5"", ""FT7"", ""Cz"", ""C1"", ""C3"", ""C5"", ""T7"", ""CP1"", ""CP3"", ""CP5"", ""TP7"", ""TP9"", ""Pz"", ""P1"", ""P3"", ""P5"", ""P7"", ""PO3"", ""PO7"", ""Oz"", ""O1"", ""Fpz"", ""Fp2"", ""AF4"", ""AF8"", ""F2"", ""F4"", ""F6"", ""F8"", ""FC2"", ""FC4"", ""FC6"", ""FT8"", ""C2"", ""C4"", ""C6"", ""T8"", ""CPz"", ""CP2"", ""CP4"", ""CP6"", ""TP8"", ""TP10"", ""P2"", ""P4"", ""P6"", ""P8"", ""POz"", ""PO4"", ""PO8"", ""O2""]", - 4-s epochs pruned with ICA,D:\data_for_capstone_project\Resting-State-EEG-Dataset-for-SD\03_ica,hutianyi_sleep_open.eeg,,,,0,,,,,,,,851,True,False,explicit_open
sub-07_ses-2.set,sub-07,ses-2,2c0d1ddc1bda4cf2a36c3debab23f0137d04248acf3362c59daab082134b45cc,True,61,68,2000,4.0,500.0,0.0,3.998,average,61,"[""Fp1"", ""AF3"", ""AF7"", ""Fz"", ""F1"", ""F3"", ""F5"", ""F7"", ""FC1"", ""FC3"", ""FC5"", ""FT7"", ""Cz"", ""C1"", ""C3"", ""C5"", ""T7"", ""CP1"", ""CP3"", ""CP5"", ""TP7"", ""TP9"", ""Pz"", ""P1"", ""P3"", ""P5"", ""P7"", ""PO3"", ""PO7"", ""Oz"", ""O1"", ""Fpz"", ""Fp2"", ""AF4"", ""AF8"", ""F2"", ""F4"", ""F6"", ""F8"", ""FC2"", ""FC4"", ""FC6"", ""FT8"", ""C2"", ""C4"", ""C6"", ""T8"", ""CPz"", ""CP2"", ""CP4"", ""CP6"", ""TP8"", ""TP10"", ""P2"", ""P4"", ""P6"", ""P8"", ""POz"", ""PO4"", ""PO8"", ""O2""]", - 4-s epochs pruned with ICA,D:\data_for_capstone_project\Resting-State-EEG-Dataset-for-SD\03_ica,hutianyi_D_open.eeg,,,,0,,,,,,,,851,True,False,explicit_open
sub-08_ses-1.set,sub-08,ses-1,357b7c1ea05e0a71af140a2d0c29aee0a4a407b3ab1ef059a2eaab1240f2bd6c,True,61,65,2000,4.0,500.0,0.0,3.998,average,61,"[""Fp1"", ""AF3"", ""AF7"", ""Fz"", ""F1"", ""F3"", ""F5"", ""F7"", ""FC1"", ""FC3"", ""FC5"", ""FT7"", ""Cz"", ""C1"", ""C3"", ""C5"", ""T7"", ""CP1"", ""CP3"", ""CP5"", ""TP7"", ""TP9"", ""Pz"", ""P1"", ""P3"", ""P5"", ""P7"", ""PO3"", ""PO7"", ""Oz"", ""O1"", ""Fpz"", ""Fp2"", ""AF4"", ""AF8"", ""F2"", ""F4"", ""F6"", ""F8"", ""FC2"", ""FC4"", ""FC6"", ""FT8"", ""C2"", ""C4"", ""C6"", ""T8"", ""CPz"", ""CP2"", ""CP4"", ""CP6"", ""TP8"", ""TP10"", ""P2"", ""P4"", ""P6"", ""P8"", ""POz"", ""PO4"", ""PO8"", ""O2""]", - 4-s epochs pruned with ICA,D:\data_for_capstone_project\Resting-State-EEG-Dataset-for-SD\03_ica,luodongxu_sleep_open.eeg,,,,0,,,,,,,,851,True,False,explicit_open
sub-08_ses-2.set,sub-08,ses-2,325f4125e0c71fda063395059da185518d97838fca8ec45f10febc0d53c7ce85,True,61,62,2000,4.0,500.0,0.0,3.998,average,61,"[""Fp1"", ""AF3"", ""AF7"", ""Fz"", ""F1"", ""F3"", ""F5"", ""F7"", ""FC1"", ""FC3"", ""FC5"", ""FT7"", ""Cz"", ""C1"", ""C3"", ""C5"", ""T7"", ""CP1"", ""CP3"", ""CP5"", ""TP7"", ""TP9"", ""Pz"", ""P1"", ""P3"", ""P5"", ""P7"", ""PO3"", ""PO7"", ""Oz"", ""O1"", ""Fpz"", ""Fp2"", ""AF4"", ""AF8"", ""F2"", ""F4"", ""F6"", ""F8"", ""FC2"", ""FC4"", ""FC6"", ""FT8"", ""C2"", ""C4"", ""C6"", ""T8"", ""CPz"", ""CP2"", ""CP4"", ""CP6"", ""TP8"", ""TP10"", ""P2"", ""P4"", ""P6"", ""P8"", ""POz"", ""PO4"", ""PO8"", ""O2""]", - 4-s epochs pruned with ICA,D:\data_for_capstone_project\Resting-State-EEG-Dataset-for-SD\03_ica,luodongxu_D_openeye.eeg,,,,0,,,,,,,,953,True,False,explicit_open
sub-09_ses-1.set,sub-09,ses-1,31be488d791b90d1197f41e50f6e52bc77a3658df3038ee2d6071e61dacdc4e3,True,61,69,2000,4.0,500.0,0.0,3.998,average,61,"[""Fp1"", ""AF3"", ""AF7"", ""Fz"", ""F1"", ""F3"", ""F5"", ""F7"", ""FC1"", ""FC3"", ""FC5"", ""FT7"", ""Cz"", ""C1"", ""C3"", ""C5"", ""T7"", ""CP1"", ""CP3"", ""CP5"", ""TP7"", ""TP9"", ""Pz"", ""P1"", ""P3"", ""P5"", ""P7"", ""PO3"", ""PO7"", ""Oz"", ""O1"", ""Fpz"", ""Fp2"", ""AF4"", ""AF8"", ""F2"", ""F4"", ""F6"", ""F8"", ""FC2"", ""FC4"", ""FC6"", ""FT8"", ""C2"", ""C4"", ""C6"", ""T8"", ""CPz"", ""CP2"", ""CP4"", ""CP6"", ""TP8"", ""TP10"", ""P2"", ""P4"", ""P6"", ""P8"", ""POz"", ""PO4"", ""PO8"", ""O2""]", - 4-s epochs pruned with ICA,D:\data_for_capstone_project\Resting-State-EEG-Dataset-for-SD\03_ica,heguiyan_sleep_open.eeg,,,,0,,,,,,,,851,True,False,explicit_open
sub-09_ses-2.set,sub-09,ses-2,468859c6c49822c887c50b43cf35062fa916098c5b42c7bda82bf705a09a1eea,True,61,58,2000,4.0,500.0,0.0,3.998,average,61,"[""Fp1"", ""AF3"", ""AF7"", ""Fz"", ""F1"", ""F3"", ""F5"", ""F7"", ""FC1"", ""FC3"", ""FC5"", ""FT7"", ""Cz"", ""C1"", ""C3"", ""C5"", ""T7"", ""CP1"", ""CP3"", ""CP5"", ""TP7"", ""TP9"", ""Pz"", ""P1"", ""P3"", ""P5"", ""P7"", ""PO3"", ""PO7"", ""Oz"", ""O1"", ""Fpz"", ""Fp2"", ""AF4"", ""AF8"", ""F2"", ""F4"", ""F6"", ""F8"", ""FC2"", ""FC4"", ""FC6"", ""FT8"", ""C2"", ""C4"", ""C6"", ""T8"", ""CPz"", ""CP2"", ""CP4"", ""CP6"", ""TP8"", ""TP10"", ""P2"", ""P4"", ""P6"", ""P8"", ""POz"", ""PO4"", ""PO8"", ""O2""]", - 4-s epochs pruned with ICA,D:\data_for_capstone_project\Resting-State-EEG-Dataset-for-SD\03_ica,heguiyan_D_open.eeg,,,,0,,,,,,,,953,True,False,explicit_open
sub-10_ses-1.set,sub-10,ses-1,7b7ec6178a3b8ffe03d140a1bf99fde67dafe356c4f84147b1cdd4ee33092051,True,61,69,2000,4.0,500.0,0.0,3.998,average,61,"[""Fp1"", ""AF3"", ""AF7"", ""Fz"", ""F1"", ""F3"", ""F5"", ""F7"", ""FC1"", ""FC3"", ""FC5"", ""FT7"", ""Cz"", ""C1"", ""C3"", ""C5"", ""T7"", ""CP1"", ""CP3"", ""CP5"", ""TP7"", ""TP9"", ""Pz"", ""P1"", ""P3"", ""P5"", ""P7"", ""PO3"", ""PO7"", ""Oz"", ""O1"", ""Fpz"", ""Fp2"", ""AF4"", ""AF8"", ""F2"", ""F4"", ""F6"", ""F8"", ""FC2"", ""FC4"", ""FC6"", ""FT8"", ""C2"", ""C4"", ""C6"", ""T8"", ""CPz"", ""CP2"", ""CP4"", ""CP6"", ""TP8"", ""TP10"", ""P2"", ""P4"", ""P6"", ""P8"", ""POz"", ""PO4"", ""PO8"", ""O2""]", - 4-s epochs pruned with ICA,D:\data_for_capstone_project\Resting-State-EEG-Dataset-for-SD\03_ica,wangjue_sleep_open.eeg,,,,0,,,,,,,,851,True,False,explicit_open
sub-10_ses-2.set,sub-10,ses-2,0c9d1a195c5043fb2706bcf04553b6a6d8877b891da30baa06a0df602f35d3eb,True,61,71,2000,4.0,500.0,0.0,3.998,average,61,"[""Fp1"", ""AF3"", ""AF7"", ""Fz"", ""F1"", ""F3"", ""F5"", ""F7"", ""FC1"", ""FC3"", ""FC5"", ""FT7"", ""Cz"", ""C1"", ""C3"", ""C5"", ""T7"", ""CP1"", ""CP3"", ""CP5"", ""TP7"", ""TP9"", ""Pz"", ""P1"", ""P3"", ""P5"", ""P7"", ""PO3"", ""PO7"", ""Oz"", ""O1"", ""Fpz"", ""Fp2"", ""AF4"", ""AF8"", ""F2"", ""F4"", ""F6"", ""F8"", ""FC2"", ""FC4"", ""FC6"", ""FT8"", ""C2"", ""C4"", ""C6"", ""T8"", ""CPz"", ""CP2"", ""CP4"", ""CP6"", ""TP8"", ""TP10"", ""P2"", ""P4"", ""P6"", ""P8"", ""POz"", ""PO4"", ""PO8"", ""O2""]", - 4-s epochs pruned with ICA,D:\data_for_capstone_project\Resting-State-EEG-Dataset-for-SD\03_ica,wangjue_D_open.eeg,,,,0,,,,,,,,851,True,False,explicit_open
sub-11_ses-1.set,sub-11,ses-1,5d572279d77e86708e4bb3bf99119080b47be5c7765fea278c4679a5e9f130aa,True,61,64,2000,4.0,500.0,0.0,3.998,average,61,"[""Fp1"", ""AF3"", ""AF7"", ""Fz"", ""F1"", ""F3"", ""F5"", ""F7"", ""FC1"", ""FC3"", ""FC5"", ""FT7"", ""Cz"", ""C1"", ""C3"", ""C5"", ""T7"", ""CP1"", ""CP3"", ""CP5"", ""TP7"", ""TP9"", ""Pz"", ""P1"", ""P3"", ""P5"", ""P7"", ""PO3"", ""PO7"", ""Oz"", ""O1"", ""Fpz"", ""Fp2"", ""AF4"", ""AF8"", ""F2"", ""F4"", ""F6"", ""F8"", ""FC2"", ""FC4"", ""FC6"", ""FT8"", ""C2"", ""C4"", ""C6"", ""T8"", ""CPz"", ""CP2"", ""CP4"", ""CP6"", ""TP8"", ""TP10"", ""P2"", ""P4"", ""P6"", ""P8"", ""POz"", ""PO4"", ""PO8"", ""O2""]", - 4-s epochs pruned with ICA,D:\data_for_capstone_project\Resting-State-EEG-Dataset-for-SD\03_ica,xiaojiayi_sleep_open.eeg,,,,0,,,,,,,,851,True,False,explicit_open
sub-11_ses-2.set,sub-11,ses-2,9d9905db5d63bdba8a6b45f1b0dfaaa5a5d1d4fbcfd3b06ad8b0c0c20e42002e,True,61,66,2000,4.0,500.0,0.0,3.998,average,61,"[""Fp1"", ""AF3"", ""AF7"", ""Fz"", ""F1"", ""F3"", ""F5"", ""F7"", ""FC1"", ""FC3"", ""FC5"", ""FT7"", ""Cz"", ""C1"", ""C3"", ""C5"", ""T7"", ""CP1"", ""CP3"", ""CP5"", ""TP7"", ""TP9"", ""Pz"", ""P1"", ""P3"", ""P5"", ""P7"", ""PO3"", ""PO7"", ""Oz"", ""O1"", ""Fpz"", ""Fp2"", ""AF4"", ""AF8"", ""F2"", ""F4"", ""F6"", ""F8"", ""FC2"", ""FC4"", ""FC6"", ""FT8"", ""C2"", ""C4"", ""C6"", ""T8"", ""CPz"", ""CP2"", ""CP4"", ""CP6"", ""TP8"", ""TP10"", ""P2"", ""P4"", ""P6"", ""P8"", ""POz"", ""PO4"", ""PO8"", ""O2""]",xiaojiayi_D_open_5min_61 - 4-s epochs pruned with ICA,D:\data_for_capstone_project\Resting-State-EEG-Dataset-for-SD\03_ica,xiaojiayi_D_open.eeg                  ',D:\PSY\EEG microstate\2018 wangyajie\pain1.0\eeg\,xiaojiayi_D_open.vhdr,1 182570,63,S 33,0  300,,"'E1','E2'",,,,1335,True,False,explicit_open
sub-12_ses-1.set,sub-12,ses-1,30a159394b1c8b8cec7dd7fddab262a792ef5357c757eebc6b045aab4f61628c,True,61,57,2000,4.0,500.0,0.0,3.998,average,61,"[""Fp1"", ""AF3"", ""AF7"", ""Fz"", ""F1"", ""F3"", ""F5"", ""F7"", ""FC1"", ""FC3"", ""FC5"", ""FT7"", ""Cz"", ""C1"", ""C3"", ""C5"", ""T7"", ""CP1"", ""CP3"", ""CP5"", ""TP7"", ""TP9"", ""Pz"", ""P1"", ""P3"", ""P5"", ""P7"", ""PO3"", ""PO7"", ""Oz"", ""O1"", ""Fpz"", ""Fp2"", ""AF4"", ""AF8"", ""F2"", ""F4"", ""F6"", ""F8"", ""FC2"", ""FC4"", ""FC6"", ""FT8"", ""C2"", ""C4"", ""C6"", ""T8"", ""CPz"", ""CP2"", ""CP4"", ""CP6"", ""TP8"", ""TP10"", ""P2"", ""P4"", ""P6"", ""P8"", ""POz"", ""PO4"", ""PO8"", ""O2""]", - 4-s epochs pruned with ICA,D:\data_for_capstone_project\Resting-State-EEG-Dataset-for-SD\03_ica,zhangbingtao_sleep_open.eeg,,,,0,,,,,,,,851,True,False,explicit_open
sub-12_ses-2.set,sub-12,ses-2,4571b74949959391980952e554542fb70f7400b5eed99931fc1c4ef8651c2c30,True,61,66,2000,4.0,500.0,0.0,3.998,average,61,"[""Fp1"", ""AF3"", ""AF7"", ""Fz"", ""F1"", ""F3"", ""F5"", ""F7"", ""FC1"", ""FC3"", ""FC5"", ""FT7"", ""Cz"", ""C1"", ""C3"", ""C5"", ""T7"", ""CP1"", ""CP3"", ""CP5"", ""TP7"", ""TP9"", ""Pz"", ""P1"", ""P3"", ""P5"", ""P7"", ""PO3"", ""PO7"", ""Oz"", ""O1"", ""Fpz"", ""Fp2"", ""AF4"", ""AF8"", ""F2"", ""F4"", ""F6"", ""F8"", ""FC2"", ""FC4"", ""FC6"", ""FT8"", ""C2"", ""C4"", ""C6"", ""T8"", ""CPz"", ""CP2"", ""CP4"", ""CP6"", ""TP8"", ""TP10"", ""P2"", ""P4"", ""P6"", ""P8"", ""POz"", ""PO4"", ""PO8"", ""O2""]", - 4-s epochs pruned with ICA,D:\data_for_capstone_project\Resting-State-EEG-Dataset-for-SD\03_ica,zhangbingtao_D_open.eeg,,,,0,,,,,,,,851,True,False,explicit_open
sub-13_ses-1.set,sub-13,ses-1,a30e2f657cd33f1519fbd287428b0948b2f493d20529a8804f5ee9bd6ff8f006,True,61,72,2000,4.0,500.0,0.0,3.998,average,61,"[""Fp1"", ""AF3"", ""AF7"", ""Fz"", ""F1"", ""F3"", ""F5"", ""F7"", ""FC1"", ""FC3"", ""FC5"", ""FT7"", ""Cz"", ""C1"", ""C3"", ""C5"", ""T7"", ""CP1"", ""CP3"", ""CP5"", ""TP7"", ""TP9"", ""Pz"", ""P1"", ""P3"", ""P5"", ""P7"", ""PO3"", ""PO7"", ""Oz"", ""O1"", ""Fpz"", ""Fp2"", ""AF4"", ""AF8"", ""F2"", ""F4"", ""F6"", ""F8"", ""FC2"", ""FC4"", ""FC6"", ""FT8"", ""C2"", ""C4"", ""C6"", ""T8"", ""CPz"", ""CP2"", ""CP4"", ""CP6"", ""TP8"", ""TP10"", ""P2"", ""P4"", ""P6"", ""P8"", ""POz"", ""PO4"", ""PO8"", ""O2""]", - 4-s epochs pruned with ICA,D:\data_for_capstone_project\Resting-State-EEG-Dataset-for-SD\03_ica,liaoxiwei_sleep_open.eeg,,,,0,,,,,,,,851,True,False,explicit_open
sub-13_ses-2.set,sub-13,ses-2,d62ed460e818ce1b2629b5459a4a4509788380a1299540dc33f2bd34a1b78318,True,61,69,2000,4.0,500.0,0.0,3.998,average,61,"[""Fp1"", ""AF3"", ""AF7"", ""Fz"", ""F1"", ""F3"", ""F5"", ""F7"", ""FC1"", ""FC3"", ""FC5"", ""FT7"", ""Cz"", ""C1"", ""C3"", ""C5"", ""T7"", ""CP1"", ""CP3"", ""CP5"", ""TP7"", ""TP9"", ""Pz"", ""P1"", ""P3"", ""P5"", ""P7"", ""PO3"", ""PO7"", ""Oz"", ""O1"", ""Fpz"", ""Fp2"", ""AF4"", ""AF8"", ""F2"", ""F4"", ""F6"", ""F8"", ""FC2"", ""FC4"", ""FC6"", ""FT8"", ""C2"", ""C4"", ""C6"", ""T8"", ""CPz"", ""CP2"", ""CP4"", ""CP6"", ""TP8"", ""TP10"", ""P2"", ""P4"", ""P6"", ""P8"", ""POz"", ""PO4"", ""PO8"", ""O2""]", - 4-s epochs pruned with ICA,D:\data_for_capstone_project\Resting-State-EEG-Dataset-for-SD\03_ica,liaoxiwei_D_open.eeg,,,,0,,,,,,,,851,True,False,explicit_open
sub-14_ses-1.set,sub-14,ses-1,7767635551d2e27eee6f720a1575646980880f11a1f6bc3d21b990647bd29af9,True,61,71,2000,4.0,500.0,0.0,3.998,average,61,"[""Fp1"", ""AF3"", ""AF7"", ""Fz"", ""F1"", ""F3"", ""F5"", ""F7"", ""FC1"", ""FC3"", ""FC5"", ""FT7"", ""Cz"", ""C1"", ""C3"", ""C5"", ""T7"", ""CP1"", ""CP3"", ""CP5"", ""TP7"", ""TP9"", ""Pz"", ""P1"", ""P3"", ""P5"", ""P7"", ""PO3"", ""PO7"", ""Oz"", ""O1"", ""Fpz"", ""Fp2"", ""AF4"", ""AF8"", ""F2"", ""F4"", ""F6"", ""F8"", ""FC2"", ""FC4"", ""FC6"", ""FT8"", ""C2"", ""C4"", ""C6"", ""T8"", ""CPz"", ""CP2"", ""CP4"", ""CP6"", ""TP8"", ""TP10"", ""P2"", ""P4"", ""P6"", ""P8"", ""POz"", ""PO4"", ""PO8"", ""O2""]", - 4-s epochs pruned with ICA,D:\data_for_capstone_project\Resting-State-EEG-Dataset-for-SD\03_ica,sub14_s_open.eeg,,,,0,,,,,,,,953,True,False,explicit_open
sub-14_ses-2.set,sub-14,ses-2,d9d61238f27e1f89c6d4a52fa66078d2a806b1150b0472df1f1d50aec3d29165,True,61,70,2000,4.0,500.0,0.0,3.998,average,61,"[""Fp1"", ""AF3"", ""AF7"", ""Fz"", ""F1"", ""F3"", ""F5"", ""F7"", ""FC1"", ""FC3"", ""FC5"", ""FT7"", ""Cz"", ""C1"", ""C3"", ""C5"", ""T7"", ""CP1"", ""CP3"", ""CP5"", ""TP7"", ""TP9"", ""Pz"", ""P1"", ""P3"", ""P5"", ""P7"", ""PO3"", ""PO7"", ""Oz"", ""O1"", ""Fpz"", ""Fp2"", ""AF4"", ""AF8"", ""F2"", ""F4"", ""F6"", ""F8"", ""FC2"", ""FC4"", ""FC6"", ""FT8"", ""C2"", ""C4"", ""C6"", ""T8"", ""CPz"", ""CP2"", ""CP4"", ""CP6"", ""TP8"", ""TP10"", ""P2"", ""P4"", ""P6"", ""P8"", ""POz"", ""PO4"", ""PO8"", ""O2""]", - 4-s epochs pruned with ICA,D:\data_for_capstone_project\Resting-State-EEG-Dataset-for-SD\03_ica,sub14_sd_open.eeg,,,,0,,,,,,,,851,True,False,explicit_open
sub-15_ses-1.set,sub-15,ses-1,4e0ca24a7b9372dfd2c50b90045de8b4213657a527fffa89fc54ada1d3590c86,True,61,73,2000,4.0,500.0,0.0,3.998,average,61,"[""Fp1"", ""AF3"", ""AF7"", ""Fz"", ""F1"", ""F3"", ""F5"", ""F7"", ""FC1"", ""FC3"", ""FC5"", ""FT7"", ""Cz"", ""C1"", ""C3"", ""C5"", ""T7"", ""CP1"", ""CP3"", ""CP5"", ""TP7"", ""TP9"", ""Pz"", ""P1"", ""P3"", ""P5"", ""P7"", ""PO3"", ""PO7"", ""Oz"", ""O1"", ""Fpz"", ""Fp2"", ""AF4"", ""AF8"", ""F2"", ""F4"", ""F6"", ""F8"", ""FC2"", ""FC4"", ""FC6"", ""FT8"", ""C2"", ""C4"", ""C6"", ""T8"", ""CPz"", ""CP2"", ""CP4"", ""CP6"", ""TP8"", ""TP10"", ""P2"", ""P4"", ""P6"", ""P8"", ""POz"", ""PO4"", ""PO8"", ""O2""]", - 4-s epochs pruned with ICA,D:\data_for_capstone_project\Resting-State-EEG-Dataset-for-SD\03_ica,sub25_s_open.eeg,,,,0,,,,,,,,851,True,False,explicit_open
sub-15_ses-2.set,sub-15,ses-2,759b6a6e1c099d6895971f1454f8f576950ba0fad5a75aace35b7f566355b0f7,True,61,73,2000,4.0,500.0,0.0,3.998,average,61,"[""Fp1"", ""AF3"", ""AF7"", ""Fz"", ""F1"", ""F3"", ""F5"", ""F7"", ""FC1"", ""FC3"", ""FC5"", ""FT7"", ""Cz"", ""C1"", ""C3"", ""C5"", ""T7"", ""CP1"", ""CP3"", ""CP5"", ""TP7"", ""TP9"", ""Pz"", ""P1"", ""P3"", ""P5"", ""P7"", ""PO3"", ""PO7"", ""Oz"", ""O1"", ""Fpz"", ""Fp2"", ""AF4"", ""AF8"", ""F2"", ""F4"", ""F6"", ""F8"", ""FC2"", ""FC4"", ""FC6"", ""FT8"", ""C2"", ""C4"", ""C6"", ""T8"", ""CPz"", ""CP2"", ""CP4"", ""CP6"", ""TP8"", ""TP10"", ""P2"", ""P4"", ""P6"", ""P8"", ""POz"", ""PO4"", ""PO8"", ""O2""]", - 4-s epochs pruned with ICA,D:\data_for_capstone_project\Resting-State-EEG-Dataset-for-SD\03_ica,sub25_sd_open.eeg,,,,0,,,,,,,,851,True,False,explicit_open
sub-16_ses-1.set,sub-16,ses-1,a5bdd91363a759944864d3b20c628b8f17ce581983289d6ca697ec9f1d453654,True,61,72,2000,4.0,500.0,0.0,3.998,average,61,"[""Fp1"", ""AF3"", ""AF7"", ""Fz"", ""F1"", ""F3"", ""F5"", ""F7"", ""FC1"", ""FC3"", ""FC5"", ""FT7"", ""Cz"", ""C1"", ""C3"", ""C5"", ""T7"", ""CP1"", ""CP3"", ""CP5"", ""TP7"", ""TP9"", ""Pz"", ""P1"", ""P3"", ""P5"", ""P7"", ""PO3"", ""PO7"", ""Oz"", ""O1"", ""Fpz"", ""Fp2"", ""AF4"", ""AF8"", ""F2"", ""F4"", ""F6"", ""F8"", ""FC2"", ""FC4"", ""FC6"", ""FT8"", ""C2"", ""C4"", ""C6"", ""T8"", ""CPz"", ""CP2"", ""CP4"", ""CP6"", ""TP8"", ""TP10"", ""P2"", ""P4"", ""P6"", ""P8"", ""POz"", ""PO4"", ""PO8"", ""O2""]", - 4-s epochs pruned with ICA,D:\data_for_capstone_project\Resting-State-EEG-Dataset-for-SD\03_ica,sub23_s_open.eeg,,,,0,,,,,,,,851,True,False,explicit_open
sub-16_ses-2.set,sub-16,ses-2,6ed3ecd4e0f44f7a4efe2f4271e03cff6c98e32c5ca16c7d972bd0c9904c3fd3,True,61,73,2000,4.0,500.0,0.0,3.998,average,61,"[""Fp1"", ""AF3"", ""AF7"", ""Fz"", ""F1"", ""F3"", ""F5"", ""F7"", ""FC1"", ""FC3"", ""FC5"", ""FT7"", ""Cz"", ""C1"", ""C3"", ""C5"", ""T7"", ""CP1"", ""CP3"", ""CP5"", ""TP7"", ""TP9"", ""Pz"", ""P1"", ""P3"", ""P5"", ""P7"", ""PO3"", ""PO7"", ""Oz"", ""O1"", ""Fpz"", ""Fp2"", ""AF4"", ""AF8"", ""F2"", ""F4"", ""F6"", ""F8"", ""FC2"", ""FC4"", ""FC6"", ""FT8"", ""C2"", ""C4"", ""C6"", ""T8"", ""CPz"", ""CP2"", ""CP4"", ""CP6"", ""TP8"", ""TP10"", ""P2"", ""P4"", ""P6"", ""P8"", ""POz"", ""PO4"", ""PO8"", ""O2""]", - 4-s epochs pruned with ICA,D:\data_for_capstone_project\Resting-State-EEG-Dataset-for-SD\03_ica,sub23_sd_open.eeg,,,,0,,,,,,,,851,True,False,explicit_open
sub-17_ses-1.set,sub-17,ses-1,42c191ddbb3b20a998b6935781e1b839c14ca9ebcc97d80a434e7af7086f1f8d,True,61,73,2000,4.0,500.0,0.0,3.998,average,61,"[""Fp1"", ""AF3"", ""AF7"", ""Fz"", ""F1"", ""F3"", ""F5"", ""F7"", ""FC1"", ""FC3"", ""FC5"", ""FT7"", ""Cz"", ""C1"", ""C3"", ""C5"", ""T7"", ""CP1"", ""CP3"", ""CP5"", ""TP7"", ""TP9"", ""Pz"", ""P1"", ""P3"", ""P5"", ""P7"", ""PO3"", ""PO7"", ""Oz"", ""O1"", ""Fpz"", ""Fp2"", ""AF4"", ""AF8"", ""F2"", ""F4"", ""F6"", ""F8"", ""FC2"", ""FC4"", ""FC6"", ""FT8"", ""C2"", ""C4"", ""C6"", ""T8"", ""CPz"", ""CP2"", ""CP4"", ""CP6"", ""TP8"", ""TP10"", ""P2"", ""P4"", ""P6"", ""P8"", ""POz"", ""PO4"", ""PO8"", ""O2""]", - 4-s epochs pruned with ICA,D:\data_for_capstone_project\Resting-State-EEG-Dataset-for-SD\03_ica,sub22_s_open.eeg,,,,0,,,,,,,,851,True,False,explicit_open
sub-17_ses-2.set,sub-17,ses-2,8778f017043c784ae123e7a9ec6c206d178554073d8fad399a237cea1f79df8e,True,61,73,2000,4.0,500.0,0.0,3.998,average,61,"[""Fp1"", ""AF3"", ""AF7"", ""Fz"", ""F1"", ""F3"", ""F5"", ""F7"", ""FC1"", ""FC3"", ""FC5"", ""FT7"", ""Cz"", ""C1"", ""C3"", ""C5"", ""T7"", ""CP1"", ""CP3"", ""CP5"", ""TP7"", ""TP9"", ""Pz"", ""P1"", ""P3"", ""P5"", ""P7"", ""PO3"", ""PO7"", ""Oz"", ""O1"", ""Fpz"", ""Fp2"", ""AF4"", ""AF8"", ""F2"", ""F4"", ""F6"", ""F8"", ""FC2"", ""FC4"", ""FC6"", ""FT8"", ""C2"", ""C4"", ""C6"", ""T8"", ""CPz"", ""CP2"", ""CP4"", ""CP6"", ""TP8"", ""TP10"", ""P2"", ""P4"", ""P6"", ""P8"", ""POz"", ""PO4"", ""PO8"", ""O2""]", - 4-s epochs pruned with ICA,D:\data_for_capstone_project\Resting-State-EEG-Dataset-for-SD\03_ica,sub22_sd_open.eeg,,,,0,,,,,,,,851,True,False,explicit_open
sub-18_ses-1.set,sub-18,ses-1,9ff076034b3807eb072b87c11d5f789e965804c28badd4294c5721934a5e5437,True,61,73,2000,4.0,500.0,0.0,3.998,average,61,"[""Fp1"", ""AF3"", ""AF7"", ""Fz"", ""F1"", ""F3"", ""F5"", ""F7"", ""FC1"", ""FC3"", ""FC5"", ""FT7"", ""Cz"", ""C1"", ""C3"", ""C5"", ""T7"", ""CP1"", ""CP3"", ""CP5"", ""TP7"", ""TP9"", ""Pz"", ""P1"", ""P3"", ""P5"", ""P7"", ""PO3"", ""PO7"", ""Oz"", ""O1"", ""Fpz"", ""Fp2"", ""AF4"", ""AF8"", ""F2"", ""F4"", ""F6"", ""F8"", ""FC2"", ""FC4"", ""FC6"", ""FT8"", ""C2"", ""C4"", ""C6"", ""T8"", ""CPz"", ""CP2"", ""CP4"", ""CP6"", ""TP8"", ""TP10"", ""P2"", ""P4"", ""P6"", ""P8"", ""POz"", ""PO4"", ""PO8"", ""O2""]", - 4-s epochs pruned with ICA,D:\data_for_capstone_project\Resting-State-EEG-Dataset-for-SD\03_ica,sub27_s_open.eeg,,,,0,,,,,,,,851,True,False,explicit_open
sub-18_ses-2.set,sub-18,ses-2,87773ac80f4a46306790ae21fa181e47184626d3c2135f4307cfbe756b44de44,True,61,70,2000,4.0,500.0,0.0,3.998,average,61,"[""Fp1"", ""AF3"", ""AF7"", ""Fz"", ""F1"", ""F3"", ""F5"", ""F7"", ""FC1"", ""FC3"", ""FC5"", ""FT7"", ""Cz"", ""C1"", ""C3"", ""C5"", ""T7"", ""CP1"", ""CP3"", ""CP5"", ""TP7"", ""TP9"", ""Pz"", ""P1"", ""P3"", ""P5"", ""P7"", ""PO3"", ""PO7"", ""Oz"", ""O1"", ""Fpz"", ""Fp2"", ""AF4"", ""AF8"", ""F2"", ""F4"", ""F6"", ""F8"", ""FC2"", ""FC4"", ""FC6"", ""FT8"", ""C2"", ""C4"", ""C6"", ""T8"", ""CPz"", ""CP2"", ""CP4"", ""CP6"", ""TP8"", ""TP10"", ""P2"", ""P4"", ""P6"", ""P8"", ""POz"", ""PO4"", ""PO8"", ""O2""]", - 4-s epochs pruned with ICA,D:\data_for_capstone_project\Resting-State-EEG-Dataset-for-SD\03_ica,sub27_sd_open.eeg,,,,0,,,,,,,,851,True,False,explicit_open
sub-19_ses-1.set,sub-19,ses-1,18eabf08befbbf99af9b1323d3d8bed073917b0a67a1dd5cf23c24a462a3e520,True,61,72,2000,4.0,500.0,0.0,3.998,average,61,"[""Fp1"", ""AF3"", ""AF7"", ""Fz"", ""F1"", ""F3"", ""F5"", ""F7"", ""FC1"", ""FC3"", ""FC5"", ""FT7"", ""Cz"", ""C1"", ""C3"", ""C5"", ""T7"", ""CP1"", ""CP3"", ""CP5"", ""TP7"", ""TP9"", ""Pz"", ""P1"", ""P3"", ""P5"", ""P7"", ""PO3"", ""PO7"", ""Oz"", ""O1"", ""Fpz"", ""Fp2"", ""AF4"", ""AF8"", ""F2"", ""F4"", ""F6"", ""F8"", ""FC2"", ""FC4"", ""FC6"", ""FT8"", ""C2"", ""C4"", ""C6"", ""T8"", ""CPz"", ""CP2"", ""CP4"", ""CP6"", ""TP8"", ""TP10"", ""P2"", ""P4"", ""P6"", ""P8"", ""POz"", ""PO4"", ""PO8"", ""O2""]", - 4-s epochs pruned with ICA,D:\data_for_capstone_project\Resting-State-EEG-Dataset-for-SD\03_ica,sub18_s_open.eeg,,,,0,,,,,,,,953,True,False,explicit_open
sub-19_ses-2.set,sub-19,ses-2,d3f1f640592a4686d0424d7560e1e85cee11bc9c9d5b05ff521b425b897d7072,True,61,72,2000,4.0,500.0,0.0,3.998,average,61,"[""Fp1"", ""AF3"", ""AF7"", ""Fz"", ""F1"", ""F3"", ""F5"", ""F7"", ""FC1"", ""FC3"", ""FC5"", ""FT7"", ""Cz"", ""C1"", ""C3"", ""C5"", ""T7"", ""CP1"", ""CP3"", ""CP5"", ""TP7"", ""TP9"", ""Pz"", ""P1"", ""P3"", ""P5"", ""P7"", ""PO3"", ""PO7"", ""Oz"", ""O1"", ""Fpz"", ""Fp2"", ""AF4"", ""AF8"", ""F2"", ""F4"", ""F6"", ""F8"", ""FC2"", ""FC4"", ""FC6"", ""FT8"", ""C2"", ""C4"", ""C6"", ""T8"", ""CPz"", ""CP2"", ""CP4"", ""CP6"", ""TP8"", ""TP10"", ""P2"", ""P4"", ""P6"", ""P8"", ""POz"", ""PO4"", ""PO8"", ""O2""]", - 4-s epochs pruned with ICA,D:\data_for_capstone_project\Resting-State-EEG-Dataset-for-SD\03_ica,sub18_sd_open.eeg,,,,0,,,,,,,,953,True,False,explicit_open
sub-20_ses-1.set,sub-20,ses-1,a54f8442385154997a63aceeada32dc4a2bcd896d6f2a1d16ef469b83033dad8,True,61,74,2000,4.0,500.0,0.0,3.998,average,61,"[""Fp1"", ""AF3"", ""AF7"", ""Fz"", ""F1"", ""F3"", ""F5"", ""F7"", ""FC1"", ""FC3"", ""FC5"", ""FT7"", ""Cz"", ""C1"", ""C3"", ""C5"", ""T7"", ""CP1"", ""CP3"", ""CP5"", ""TP7"", ""TP9"", ""Pz"", ""P1"", ""P3"", ""P5"", ""P7"", ""PO3"", ""PO7"", ""Oz"", ""O1"", ""Fpz"", ""Fp2"", ""AF4"", ""AF8"", ""F2"", ""F4"", ""F6"", ""F8"", ""FC2"", ""FC4"", ""FC6"", ""FT8"", ""C2"", ""C4"", ""C6"", ""T8"", ""CPz"", ""CP2"", ""CP4"", ""CP6"", ""TP8"", ""TP10"", ""P2"", ""P4"", ""P6"", ""P8"", ""POz"", ""PO4"", ""PO8"", ""O2""]", - 4-s epochs pruned with ICA,D:\data_for_capstone_project\Resting-State-EEG-Dataset-for-SD\03_ica,sub16_s_open.eeg,,,,0,,,,,,,,851,True,False,explicit_open
sub-20_ses-2.set,sub-20,ses-2,e7437ccd7b511347eb3828e5888403d05ea7df8890c94252eaabaeaa420f6ec5,True,61,69,2000,4.0,500.0,0.0,3.998,average,61,"[""Fp1"", ""AF3"", ""AF7"", ""Fz"", ""F1"", ""F3"", ""F5"", ""F7"", ""FC1"", ""FC3"", ""FC5"", ""FT7"", ""Cz"", ""C1"", ""C3"", ""C5"", ""T7"", ""CP1"", ""CP3"", ""CP5"", ""TP7"", ""TP9"", ""Pz"", ""P1"", ""P3"", ""P5"", ""P7"", ""PO3"", ""PO7"", ""Oz"", ""O1"", ""Fpz"", ""Fp2"", ""AF4"", ""AF8"", ""F2"", ""F4"", ""F6"", ""F8"", ""FC2"", ""FC4"", ""FC6"", ""FT8"", ""C2"", ""C4"", ""C6"", ""T8"", ""CPz"", ""CP2"", ""CP4"", ""CP6"", ""TP8"", ""TP10"", ""P2"", ""P4"", ""P6"", ""P8"", ""POz"", ""PO4"", ""PO8"", ""O2""]", - 4-s epochs pruned with ICA,D:\data_for_capstone_project\Resting-State-EEG-Dataset-for-SD\03_ica,sub16_sd_open.eeg,,,,0,,,,,,,,851,True,False,explicit_open
sub-21_ses-1.set,sub-21,ses-1,f861cad30f96f85499790bcf205d308b09a70098d117b2f968f797fc5fbf88be,True,61,63,2000,4.0,500.0,0.0,3.998,average,61,"[""Fp1"", ""AF3"", ""AF7"", ""Fz"", ""F1"", ""F3"", ""F5"", ""F7"", ""FC1"", ""FC3"", ""FC5"", ""FT7"", ""Cz"", ""C1"", ""C3"", ""C5"", ""T7"", ""CP1"", ""CP3"", ""CP5"", ""TP7"", ""TP9"", ""Pz"", ""P1"", ""P3"", ""P5"", ""P7"", ""PO3"", ""PO7"", ""Oz"", ""O1"", ""Fpz"", ""Fp2"", ""AF4"", ""AF8"", ""F2"", ""F4"", ""F6"", ""F8"", ""FC2"", ""FC4"", ""FC6"", ""FT8"", ""C2"", ""C4"", ""C6"", ""T8"", ""CPz"", ""CP2"", ""CP4"", ""CP6"", ""TP8"", ""TP10"", ""P2"", ""P4"", ""P6"", ""P8"", ""POz"", ""PO4"", ""PO8"", ""O2""]", - 4-s epochs pruned with ICA,D:\data_for_capstone_project\Resting-State-EEG-Dataset-for-SD\03_ica,sub17_s_open.eeg,,,,0,,,,,,,,851,True,False,explicit_open
sub-21_ses-2.set,sub-21,ses-2,118aa97d06f4f1a5aaae8d04ffd5f8accf9027965af5e44d3aafc53ae4d1c94f,True,61,64,2000,4.0,500.0,0.0,3.998,average,61,"[""Fp1"", ""AF3"", ""AF7"", ""Fz"", ""F1"", ""F3"", ""F5"", ""F7"", ""FC1"", ""FC3"", ""FC5"", ""FT7"", ""Cz"", ""C1"", ""C3"", ""C5"", ""T7"", ""CP1"", ""CP3"", ""CP5"", ""TP7"", ""TP9"", ""Pz"", ""P1"", ""P3"", ""P5"", ""P7"", ""PO3"", ""PO7"", ""Oz"", ""O1"", ""Fpz"", ""Fp2"", ""AF4"", ""AF8"", ""F2"", ""F4"", ""F6"", ""F8"", ""FC2"", ""FC4"", ""FC6"", ""FT8"", ""C2"", ""C4"", ""C6"", ""T8"", ""CPz"", ""CP2"", ""CP4"", ""CP6"", ""TP8"", ""TP10"", ""P2"", ""P4"", ""P6"", ""P8"", ""POz"", ""PO4"", ""PO8"", ""O2""]", - 4-s epochs pruned with ICA,D:\data_for_capstone_project\Resting-State-EEG-Dataset-for-SD\03_ica,sub17_sd_open.eeg,,,,0,,,,,,,,851,True,False,explicit_open
sub-22_ses-1.set,sub-22,ses-1,bd939ca999b15cfd712f5c86fd6f8ea481d85a0ccbb1afdb718d269633eff4da,True,61,73,2000,4.0,500.0,0.0,3.998,average,61,"[""Fp1"", ""AF3"", ""AF7"", ""Fz"", ""F1"", ""F3"", ""F5"", ""F7"", ""FC1"", ""FC3"", ""FC5"", ""FT7"", ""Cz"", ""C1"", ""C3"", ""C5"", ""T7"", ""CP1"", ""CP3"", ""CP5"", ""TP7"", ""TP9"", ""Pz"", ""P1"", ""P3"", ""P5"", ""P7"", ""PO3"", ""PO7"", ""Oz"", ""O1"", ""Fpz"", ""Fp2"", ""AF4"", ""AF8"", ""F2"", ""F4"", ""F6"", ""F8"", ""FC2"", ""FC4"", ""FC6"", ""FT8"", ""C2"", ""C4"", ""C6"", ""T8"", ""CPz"", ""CP2"", ""CP4"", ""CP6"", ""TP8"", ""TP10"", ""P2"", ""P4"", ""P6"", ""P8"", ""POz"", ""PO4"", ""PO8"", ""O2""]", - 4-s epochs pruned with ICA,D:\data_for_capstone_project\Resting-State-EEG-Dataset-for-SD\03_ica,sub15_s_open.eeg,,,,0,,,,,,,,851,True,False,explicit_open
sub-22_ses-2.set,sub-22,ses-2,34a7b16f2391fdad49956a4933363be53c09f76fbde720f65a792dc1af2ff6e7,True,61,73,2000,4.0,500.0,0.0,3.998,average,61,"[""Fp1"", ""AF3"", ""AF7"", ""Fz"", ""F1"", ""F3"", ""F5"", ""F7"", ""FC1"", ""FC3"", ""FC5"", ""FT7"", ""Cz"", ""C1"", ""C3"", ""C5"", ""T7"", ""CP1"", ""CP3"", ""CP5"", ""TP7"", ""TP9"", ""Pz"", ""P1"", ""P3"", ""P5"", ""P7"", ""PO3"", ""PO7"", ""Oz"", ""O1"", ""Fpz"", ""Fp2"", ""AF4"", ""AF8"", ""F2"", ""F4"", ""F6"", ""F8"", ""FC2"", ""FC4"", ""FC6"", ""FT8"", ""C2"", ""C4"", ""C6"", ""T8"", ""CPz"", ""CP2"", ""CP4"", ""CP6"", ""TP8"", ""TP10"", ""P2"", ""P4"", ""P6"", ""P8"", ""POz"", ""PO4"", ""PO8"", ""O2""]", - 4-s epochs pruned with ICA,D:\data_for_capstone_project\Resting-State-EEG-Dataset-for-SD\03_ica,sub15_sd_open.eeg,,,,0,,,,,,,,851,True,False,explicit_open
sub-23_ses-1.set,sub-23,ses-1,7b561ae25314876f9850fb60ea02b3c975bae9eca21d72beda63c9bc2af19d7f,True,61,74,2000,4.0,500.0,0.0,3.998,average,61,"[""Fp1"", ""AF3"", ""AF7"", ""Fz"", ""F1"", ""F3"", ""F5"", ""F7"", ""FC1"", ""FC3"", ""FC5"", ""FT7"", ""Cz"", ""C1"", ""C3"", ""C5"", ""T7"", ""CP1"", ""CP3"", ""CP5"", ""TP7"", ""TP9"", ""Pz"", ""P1"", ""P3"", ""P5"", ""P7"", ""PO3"", ""PO7"", ""Oz"", ""O1"", ""Fpz"", ""Fp2"", ""AF4"", ""AF8"", ""F2"", ""F4"", ""F6"", ""F8"", ""FC2"", ""FC4"", ""FC6"", ""FT8"", ""C2"", ""C4"", ""C6"", ""T8"", ""CPz"", ""CP2"", ""CP4"", ""CP6"", ""TP8"", ""TP10"", ""P2"", ""P4"", ""P6"", ""P8"", ""POz"", ""PO4"", ""PO8"", ""O2""]", - 4-s epochs pruned with ICA,D:\data_for_capstone_project\Resting-State-EEG-Dataset-for-SD\03_ica,sub26_sd_open.eeg,,,,0,,,,,,,,851,True,False,explicit_open
sub-23_ses-2.set,sub-23,ses-2,81ea35c44ce368a0a6e32694a00539b519e55f518e041f9211e38138c6b5df72,True,61,74,2000,4.0,500.0,0.0,3.998,average,61,"[""Fp1"", ""AF3"", ""AF7"", ""Fz"", ""F1"", ""F3"", ""F5"", ""F7"", ""FC1"", ""FC3"", ""FC5"", ""FT7"", ""Cz"", ""C1"", ""C3"", ""C5"", ""T7"", ""CP1"", ""CP3"", ""CP5"", ""TP7"", ""TP9"", ""Pz"", ""P1"", ""P3"", ""P5"", ""P7"", ""PO3"", ""PO7"", ""Oz"", ""O1"", ""Fpz"", ""Fp2"", ""AF4"", ""AF8"", ""F2"", ""F4"", ""F6"", ""F8"", ""FC2"", ""FC4"", ""FC6"", ""FT8"", ""C2"", ""C4"", ""C6"", ""T8"", ""CPz"", ""CP2"", ""CP4"", ""CP6"", ""TP8"", ""TP10"", ""P2"", ""P4"", ""P6"", ""P8"", ""POz"", ""PO4"", ""PO8"", ""O2""]", - 4-s epochs pruned with ICA,D:\data_for_capstone_project\Resting-State-EEG-Dataset-for-SD\03_ica,sub26_s_open.eeg,,,,0,,,,,,,,851,True,False,explicit_open
sub-24_ses-1.set,sub-24,ses-1,152d5af28b5eeb70b409555a38fd401788b6b0c8b1b1e529016e91cd85a3b84a,True,61,72,2000,4.0,500.0,0.0,3.998,average,61,"[""Fp1"", ""AF3"", ""AF7"", ""Fz"", ""F1"", ""F3"", ""F5"", ""F7"", ""FC1"", ""FC3"", ""FC5"", ""FT7"", ""Cz"", ""C1"", ""C3"", ""C5"", ""T7"", ""CP1"", ""CP3"", ""CP5"", ""TP7"", ""TP9"", ""Pz"", ""P1"", ""P3"", ""P5"", ""P7"", ""PO3"", ""PO7"", ""Oz"", ""O1"", ""Fpz"", ""Fp2"", ""AF4"", ""AF8"", ""F2"", ""F4"", ""F6"", ""F8"", ""FC2"", ""FC4"", ""FC6"", ""FT8"", ""C2"", ""C4"", ""C6"", ""T8"", ""CPz"", ""CP2"", ""CP4"", ""CP6"", ""TP8"", ""TP10"", ""P2"", ""P4"", ""P6"", ""P8"", ""POz"", ""PO4"", ""PO8"", ""O2""]", - 4-s epochs pruned with ICA,D:\data_for_capstone_project\Resting-State-EEG-Dataset-for-SD\03_ica,sub24_s_open.eeg,,,,0,,,,,,,,851,True,False,explicit_open
sub-24_ses-2.set,sub-24,ses-2,5b4cf8c00ce8f952b39328dcebadbd48df788c76d11b26bf02299a7941842da8,True,61,70,2000,4.0,500.0,0.0,3.998,average,61,"[""Fp1"", ""AF3"", ""AF7"", ""Fz"", ""F1"", ""F3"", ""F5"", ""F7"", ""FC1"", ""FC3"", ""FC5"", ""FT7"", ""Cz"", ""C1"", ""C3"", ""C5"", ""T7"", ""CP1"", ""CP3"", ""CP5"", ""TP7"", ""TP9"", ""Pz"", ""P1"", ""P3"", ""P5"", ""P7"", ""PO3"", ""PO7"", ""Oz"", ""O1"", ""Fpz"", ""Fp2"", ""AF4"", ""AF8"", ""F2"", ""F4"", ""F6"", ""F8"", ""FC2"", ""FC4"", ""FC6"", ""FT8"", ""C2"", ""C4"", ""C6"", ""T8"", ""CPz"", ""CP2"", ""CP4"", ""CP6"", ""TP8"", ""TP10"", ""P2"", ""P4"", ""P6"", ""P8"", ""POz"", ""PO4"", ""PO8"", ""O2""]", - 4-s epochs pruned with ICA,D:\data_for_capstone_project\Resting-State-EEG-Dataset-for-SD\03_ica,sub24_sd_open.eeg,,,,0,,,,,,,,851,True,False,explicit_open
sub-25_ses-1.set,sub-25,ses-1,e5d46c29189c87af2eaec266b7ea2ca6eb57d52c025e6816eb87d2bf3fece9d2,True,61,73,2000,4.0,500.0,0.0,3.998,average,61,"[""Fp1"", ""AF3"", ""AF7"", ""Fz"", ""F1"", ""F3"", ""F5"", ""F7"", ""FC1"", ""FC3"", ""FC5"", ""FT7"", ""Cz"", ""C1"", ""C3"", ""C5"", ""T7"", ""CP1"", ""CP3"", ""CP5"", ""TP7"", ""TP9"", ""Pz"", ""P1"", ""P3"", ""P5"", ""P7"", ""PO3"", ""PO7"", ""Oz"", ""O1"", ""Fpz"", ""Fp2"", ""AF4"", ""AF8"", ""F2"", ""F4"", ""F6"", ""F8"", ""FC2"", ""FC4"", ""FC6"", ""FT8"", ""C2"", ""C4"", ""C6"", ""T8"", ""CPz"", ""CP2"", ""CP4"", ""CP6"", ""TP8"", ""TP10"", ""P2"", ""P4"", ""P6"", ""P8"", ""POz"", ""PO4"", ""PO8"", ""O2""]", - 4-s epochs pruned with ICA,D:\data_for_capstone_project\Resting-State-EEG-Dataset-for-SD\03_ica,sub20_s_open.eeg,,,,0,,,,,,,,851,True,False,explicit_open
sub-25_ses-2.set,sub-25,ses-2,9f716a8fed63ce33252607b6076c7dcd39bf1df3eb96eb9ed2e80d7f93c61234,True,61,73,2000,4.0,500.0,0.0,3.998,average,61,"[""Fp1"", ""AF3"", ""AF7"", ""Fz"", ""F1"", ""F3"", ""F5"", ""F7"", ""FC1"", ""FC3"", ""FC5"", ""FT7"", ""Cz"", ""C1"", ""C3"", ""C5"", ""T7"", ""CP1"", ""CP3"", ""CP5"", ""TP7"", ""TP9"", ""Pz"", ""P1"", ""P3"", ""P5"", ""P7"", ""PO3"", ""PO7"", ""Oz"", ""O1"", ""Fpz"", ""Fp2"", ""AF4"", ""AF8"", ""F2"", ""F4"", ""F6"", ""F8"", ""FC2"", ""FC4"", ""FC6"", ""FT8"", ""C2"", ""C4"", ""C6"", ""T8"", ""CPz"", ""CP2"", ""CP4"", ""CP6"", ""TP8"", ""TP10"", ""P2"", ""P4"", ""P6"", ""P8"", ""POz"", ""PO4"", ""PO8"", ""O2""]", - 4-s epochs pruned with ICA,D:\data_for_capstone_project\Resting-State-EEG-Dataset-for-SD\03_ica,sub20_sd_open.eeg,,,,0,,,,,,,,851,True,False,explicit_open
sub-26_ses-1.set,sub-26,ses-1,9508d5f2d0689ba68f78b0a3b9f99b8210dc1635e049cb794972a01d9fd744c8,True,61,73,2000,4.0,500.0,0.0,3.998,average,61,"[""Fp1"", ""AF3"", ""AF7"", ""Fz"", ""F1"", ""F3"", ""F5"", ""F7"", ""FC1"", ""FC3"", ""FC5"", ""FT7"", ""Cz"", ""C1"", ""C3"", ""C5"", ""T7"", ""CP1"", ""CP3"", ""CP5"", ""TP7"", ""TP9"", ""Pz"", ""P1"", ""P3"", ""P5"", ""P7"", ""PO3"", ""PO7"", ""Oz"", ""O1"", ""Fpz"", ""Fp2"", ""AF4"", ""AF8"", ""F2"", ""F4"", ""F6"", ""F8"", ""FC2"", ""FC4"", ""FC6"", ""FT8"", ""C2"", ""C4"", ""C6"", ""T8"", ""CPz"", ""CP2"", ""CP4"", ""CP6"", ""TP8"", ""TP10"", ""P2"", ""P4"", ""P6"", ""P8"", ""POz"", ""PO4"", ""PO8"", ""O2""]", - 4-s epochs pruned with ICA,D:\data_for_capstone_project\Resting-State-EEG-Dataset-for-SD\03_ica,sub21_s_open.eeg,,,,0,,,,,,,,851,True,False,explicit_open
sub-26_ses-2.set,sub-26,ses-2,3e0259ef65b4249cba9552a56590cb0b26336215a11bfd624053d99f95c1e12f,True,61,74,2000,4.0,500.0,0.0,3.998,average,61,"[""Fp1"", ""AF3"", ""AF7"", ""Fz"", ""F1"", ""F3"", ""F5"", ""F7"", ""FC1"", ""FC3"", ""FC5"", ""FT7"", ""Cz"", ""C1"", ""C3"", ""C5"", ""T7"", ""CP1"", ""CP3"", ""CP5"", ""TP7"", ""TP9"", ""Pz"", ""P1"", ""P3"", ""P5"", ""P7"", ""PO3"", ""PO7"", ""Oz"", ""O1"", ""Fpz"", ""Fp2"", ""AF4"", ""AF8"", ""F2"", ""F4"", ""F6"", ""F8"", ""FC2"", ""FC4"", ""FC6"", ""FT8"", ""C2"", ""C4"", ""C6"", ""T8"", ""CPz"", ""CP2"", ""CP4"", ""CP6"", ""TP8"", ""TP10"", ""P2"", ""P4"", ""P6"", ""P8"", ""POz"", ""PO4"", ""PO8"", ""O2""]", - 4-s epochs pruned with ICA,D:\data_for_capstone_project\Resting-State-EEG-Dataset-for-SD\03_ica,sub21_sd_open.eeg,,,,0,,,,,,,,851,True,False,explicit_open
sub-27_ses-1.set,sub-27,ses-1,0ae2e180795b7fd2eef059d4e20731c31099b6cb365875c7327766cfec94751b,True,61,73,2000,4.0,500.0,0.0,3.998,average,61,"[""Fp1"", ""AF3"", ""AF7"", ""Fz"", ""F1"", ""F3"", ""F5"", ""F7"", ""FC1"", ""FC3"", ""FC5"", ""FT7"", ""Cz"", ""C1"", ""C3"", ""C5"", ""T7"", ""CP1"", ""CP3"", ""CP5"", ""TP7"", ""TP9"", ""Pz"", ""P1"", ""P3"", ""P5"", ""P7"", ""PO3"", ""PO7"", ""Oz"", ""O1"", ""Fpz"", ""Fp2"", ""AF4"", ""AF8"", ""F2"", ""F4"", ""F6"", ""F8"", ""FC2"", ""FC4"", ""FC6"", ""FT8"", ""C2"", ""C4"", ""C6"", ""T8"", ""CPz"", ""CP2"", ""CP4"", ""CP6"", ""TP8"", ""TP10"", ""P2"", ""P4"", ""P6"", ""P8"", ""POz"", ""PO4"", ""PO8"", ""O2""]", - 4-s epochs pruned with ICA,D:\data_for_capstone_project\Resting-State-EEG-Dataset-for-SD\03_ica,sub19_s_open.eeg,,,,0,,,,,,,,953,True,False,explicit_open
sub-27_ses-2.set,sub-27,ses-2,99febc87036bc61dd05898869d27bd840ec4ff6cfa5e2246d4b17e51573e57b1,True,61,74,2000,4.0,500.0,0.0,3.998,average,61,"[""Fp1"", ""AF3"", ""AF7"", ""Fz"", ""F1"", ""F3"", ""F5"", ""F7"", ""FC1"", ""FC3"", ""FC5"", ""FT7"", ""Cz"", ""C1"", ""C3"", ""C5"", ""T7"", ""CP1"", ""CP3"", ""CP5"", ""TP7"", ""TP9"", ""Pz"", ""P1"", ""P3"", ""P5"", ""P7"", ""PO3"", ""PO7"", ""Oz"", ""O1"", ""Fpz"", ""Fp2"", ""AF4"", ""AF8"", ""F2"", ""F4"", ""F6"", ""F8"", ""FC2"", ""FC4"", ""FC6"", ""FT8"", ""C2"", ""C4"", ""C6"", ""T8"", ""CPz"", ""CP2"", ""CP4"", ""CP6"", ""TP8"", ""TP10"", ""P2"", ""P4"", ""P6"", ""P8"", ""POz"", ""PO4"", ""PO8"", ""O2""]", - 4-s epochs pruned with ICA,D:\data_for_capstone_project\Resting-State-EEG-Dataset-for-SD\03_ica,sub19_sd_open.eeg,,,,0,,,,,,,,851,True,False,explicit_open
sub-28_ses-1.set,sub-28,ses-1,1e72866f59395f50545de50c10c05b158974cf1927a1ade732d490bcd4f63340,True,61,74,2000,4.0,500.0,0.0,3.998,average,61,"[""Fp1"", ""AF3"", ""AF7"", ""Fz"", ""F1"", ""F3"", ""F5"", ""F7"", ""FC1"", ""FC3"", ""FC5"", ""FT7"", ""Cz"", ""C1"", ""C3"", ""C5"", ""T7"", ""CP1"", ""CP3"", ""CP5"", ""TP7"", ""TP9"", ""Pz"", ""P1"", ""P3"", ""P5"", ""P7"", ""PO3"", ""PO7"", ""Oz"", ""O1"", ""Fpz"", ""Fp2"", ""AF4"", ""AF8"", ""F2"", ""F4"", ""F6"", ""F8"", ""FC2"", ""FC4"", ""FC6"", ""FT8"", ""C2"", ""C4"", ""C6"", ""T8"", ""CPz"", ""CP2"", ""CP4"", ""CP6"", ""TP8"", ""TP10"", ""P2"", ""P4"", ""P6"", ""P8"", ""POz"", ""PO4"", ""PO8"", ""O2""]", - 4-s epochs pruned with ICA,D:\data_for_capstone_project\Resting-State-EEG-Dataset-for-SD\03_ica,sub05_s_open.eeg,,,,0,,,,,,,,851,True,False,explicit_open
sub-28_ses-2.set,sub-28,ses-2,cc642ccb3ee4c9ee9df59efb14fe3028b891458989e138f4a9d2788cd78c04d4,True,61,58,2000,4.0,500.0,0.0,3.998,average,61,"[""Fp1"", ""AF3"", ""AF7"", ""Fz"", ""F1"", ""F3"", ""F5"", ""F7"", ""FC1"", ""FC3"", ""FC5"", ""FT7"", ""Cz"", ""C1"", ""C3"", ""C5"", ""T7"", ""CP1"", ""CP3"", ""CP5"", ""TP7"", ""TP9"", ""Pz"", ""P1"", ""P3"", ""P5"", ""P7"", ""PO3"", ""PO7"", ""Oz"", ""O1"", ""Fpz"", ""Fp2"", ""AF4"", ""AF8"", ""F2"", ""F4"", ""F6"", ""F8"", ""FC2"", ""FC4"", ""FC6"", ""FT8"", ""C2"", ""C4"", ""C6"", ""T8"", ""CPz"", ""CP2"", ""CP4"", ""CP6"", ""TP8"", ""TP10"", ""P2"", ""P4"", ""P6"", ""P8"", ""POz"", ""PO4"", ""PO8"", ""O2""]", - 4-s epochs pruned with ICA,D:\data_for_capstone_project\Resting-State-EEG-Dataset-for-SD\03_ica,sub05_sd_open.eeg,,,,0,,,,,,,,851,True,False,explicit_open
sub-29_ses-1.set,sub-29,ses-1,e89da2afd5858eafd8703beb172275427078539270a78a59424362d68ebe3cc1,True,61,72,2000,4.0,500.0,0.0,3.998,average,61,"[""Fp1"", ""AF3"", ""AF7"", ""Fz"", ""F1"", ""F3"", ""F5"", ""F7"", ""FC1"", ""FC3"", ""FC5"", ""FT7"", ""Cz"", ""C1"", ""C3"", ""C5"", ""T7"", ""CP1"", ""CP3"", ""CP5"", ""TP7"", ""TP9"", ""Pz"", ""P1"", ""P3"", ""P5"", ""P7"", ""PO3"", ""PO7"", ""Oz"", ""O1"", ""Fpz"", ""Fp2"", ""AF4"", ""AF8"", ""F2"", ""F4"", ""F6"", ""F8"", ""FC2"", ""FC4"", ""FC6"", ""FT8"", ""C2"", ""C4"", ""C6"", ""T8"", ""CPz"", ""CP2"", ""CP4"", ""CP6"", ""TP8"", ""TP10"", ""P2"", ""P4"", ""P6"", ""P8"", ""POz"", ""PO4"", ""PO8"", ""O2""]", - 4-s epochs pruned with ICA,D:\data_for_capstone_project\Resting-State-EEG-Dataset-for-SD\03_ica,sub11_s_open.eeg,,,,0,,,,,,,,851,True,False,explicit_open
sub-29_ses-2.set,sub-29,ses-2,caff3fdb733532357440e12e24a84a30d63c91a9fc98039c2ee3d049bc54fd90,True,61,74,2000,4.0,500.0,0.0,3.998,average,61,"[""Fp1"", ""AF3"", ""AF7"", ""Fz"", ""F1"", ""F3"", ""F5"", ""F7"", ""FC1"", ""FC3"", ""FC5"", ""FT7"", ""Cz"", ""C1"", ""C3"", ""C5"", ""T7"", ""CP1"", ""CP3"", ""CP5"", ""TP7"", ""TP9"", ""Pz"", ""P1"", ""P3"", ""P5"", ""P7"", ""PO3"", ""PO7"", ""Oz"", ""O1"", ""Fpz"", ""Fp2"", ""AF4"", ""AF8"", ""F2"", ""F4"", ""F6"", ""F8"", ""FC2"", ""FC4"", ""FC6"", ""FT8"", ""C2"", ""C4"", ""C6"", ""T8"", ""CPz"", ""CP2"", ""CP4"", ""CP6"", ""TP8"", ""TP10"", ""P2"", ""P4"", ""P6"", ""P8"", ""POz"", ""PO4"", ""PO8"", ""O2""]", - 4-s epochs pruned with ICA,D:\data_for_capstone_project\Resting-State-EEG-Dataset-for-SD\03_ica,sub11_sd_open.eeg,,,,0,,,,,,,,851,True,False,explicit_open
sub-30_ses-1.set,sub-30,ses-1,b9399539e4b60872fbcb7fcdb24e5ad2dd967bbbcb930c576fcfc5fd88640412,True,61,73,2000,4.0,500.0,0.0,3.998,average,61,"[""Fp1"", ""AF3"", ""AF7"", ""Fz"", ""F1"", ""F3"", ""F5"", ""F7"", ""FC1"", ""FC3"", ""FC5"", ""FT7"", ""Cz"", ""C1"", ""C3"", ""C5"", ""T7"", ""CP1"", ""CP3"", ""CP5"", ""TP7"", ""TP9"", ""Pz"", ""P1"", ""P3"", ""P5"", ""P7"", ""PO3"", ""PO7"", ""Oz"", ""O1"", ""Fpz"", ""Fp2"", ""AF4"", ""AF8"", ""F2"", ""F4"", ""F6"", ""F8"", ""FC2"", ""FC4"", ""FC6"", ""FT8"", ""C2"", ""C4"", ""C6"", ""T8"", ""CPz"", ""CP2"", ""CP4"", ""CP6"", ""TP8"", ""TP10"", ""P2"", ""P4"", ""P6"", ""P8"", ""POz"", ""PO4"", ""PO8"", ""O2""]", - 4-s epochs pruned with ICA,D:\data_for_capstone_project\Resting-State-EEG-Dataset-for-SD\03_ica,sub12_s_open.eeg,,,,0,,,,,,,,953,True,False,explicit_open
sub-30_ses-2.set,sub-30,ses-2,c49fb760396ad7534950254992f958a7ed38db6415dbfade4be4c1539f1a97b6,True,61,73,2000,4.0,500.0,0.0,3.998,average,61,"[""Fp1"", ""AF3"", ""AF7"", ""Fz"", ""F1"", ""F3"", ""F5"", ""F7"", ""FC1"", ""FC3"", ""FC5"", ""FT7"", ""Cz"", ""C1"", ""C3"", ""C5"", ""T7"", ""CP1"", ""CP3"", ""CP5"", ""TP7"", ""TP9"", ""Pz"", ""P1"", ""P3"", ""P5"", ""P7"", ""PO3"", ""PO7"", ""Oz"", ""O1"", ""Fpz"", ""Fp2"", ""AF4"", ""AF8"", ""F2"", ""F4"", ""F6"", ""F8"", ""FC2"", ""FC4"", ""FC6"", ""FT8"", ""C2"", ""C4"", ""C6"", ""T8"", ""CPz"", ""CP2"", ""CP4"", ""CP6"", ""TP8"", ""TP10"", ""P2"", ""P4"", ""P6"", ""P8"", ""POz"", ""PO4"", ""PO8"", ""O2""]", - 4-s epochs pruned with ICA,D:\data_for_capstone_project\Resting-State-EEG-Dataset-for-SD\03_ica,sub12_sd_open.eeg,,,,0,,,,,,,,851,True,False,explicit_open
sub-31_ses-1.set,sub-31,ses-1,d2034b732203fe7dca29a58e8f0a3244f54f1dd4d52069d83c5aae5369a02147,True,61,73,2000,4.0,500.0,0.0,3.998,average,61,"[""Fp1"", ""AF3"", ""AF7"", ""Fz"", ""F1"", ""F3"", ""F5"", ""F7"", ""FC1"", ""FC3"", ""FC5"", ""FT7"", ""Cz"", ""C1"", ""C3"", ""C5"", ""T7"", ""CP1"", ""CP3"", ""CP5"", ""TP7"", ""TP9"", ""Pz"", ""P1"", ""P3"", ""P5"", ""P7"", ""PO3"", ""PO7"", ""Oz"", ""O1"", ""Fpz"", ""Fp2"", ""AF4"", ""AF8"", ""F2"", ""F4"", ""F6"", ""F8"", ""FC2"", ""FC4"", ""FC6"", ""FT8"", ""C2"", ""C4"", ""C6"", ""T8"", ""CPz"", ""CP2"", ""CP4"", ""CP6"", ""TP8"", ""TP10"", ""P2"", ""P4"", ""P6"", ""P8"", ""POz"", ""PO4"", ""PO8"", ""O2""]", - 4-s epochs pruned with ICA,D:\data_for_capstone_project\Resting-State-EEG-Dataset-for-SD\03_ica,sub09_s_open.eeg,,,,0,,,,,,,,851,True,False,explicit_open
sub-31_ses-2.set,sub-31,ses-2,c8ffdc81d5ecd83e738e192d11b4708715cc34ef321d5524fd79bbecd83ef49b,True,61,71,2000,4.0,500.0,0.0,3.998,average,61,"[""Fp1"", ""AF3"", ""AF7"", ""Fz"", ""F1"", ""F3"", ""F5"", ""F7"", ""FC1"", ""FC3"", ""FC5"", ""FT7"", ""Cz"", ""C1"", ""C3"", ""C5"", ""T7"", ""CP1"", ""CP3"", ""CP5"", ""TP7"", ""TP9"", ""Pz"", ""P1"", ""P3"", ""P5"", ""P7"", ""PO3"", ""PO7"", ""Oz"", ""O1"", ""Fpz"", ""Fp2"", ""AF4"", ""AF8"", ""F2"", ""F4"", ""F6"", ""F8"", ""FC2"", ""FC4"", ""FC6"", ""FT8"", ""C2"", ""C4"", ""C6"", ""T8"", ""CPz"", ""CP2"", ""CP4"", ""CP6"", ""TP8"", ""TP10"", ""P2"", ""P4"", ""P6"", ""P8"", ""POz"", ""PO4"", ""PO8"", ""O2""]", - 4-s epochs pruned with ICA,D:\data_for_capstone_project\Resting-State-EEG-Dataset-for-SD\03_ica,sub09_sd_open.eeg,,,,0,,,,,,,,953,True,False,explicit_open
sub-32_ses-1.set,sub-32,ses-1,fd34b1de6134f0dd3d167c7f70c7fe0576e55c49f80d5fe0c88215b2a4cdf089,True,61,68,2000,4.0,500.0,0.0,3.998,average,61,"[""Fp1"", ""AF3"", ""AF7"", ""Fz"", ""F1"", ""F3"", ""F5"", ""F7"", ""FC1"", ""FC3"", ""FC5"", ""FT7"", ""Cz"", ""C1"", ""C3"", ""C5"", ""T7"", ""CP1"", ""CP3"", ""CP5"", ""TP7"", ""TP9"", ""Pz"", ""P1"", ""P3"", ""P5"", ""P7"", ""PO3"", ""PO7"", ""Oz"", ""O1"", ""Fpz"", ""Fp2"", ""AF4"", ""AF8"", ""F2"", ""F4"", ""F6"", ""F8"", ""FC2"", ""FC4"", ""FC6"", ""FT8"", ""C2"", ""C4"", ""C6"", ""T8"", ""CPz"", ""CP2"", ""CP4"", ""CP6"", ""TP8"", ""TP10"", ""P2"", ""P4"", ""P6"", ""P8"", ""POz"", ""PO4"", ""PO8"", ""O2""]", - 4-s epochs pruned with ICA,D:\data_for_capstone_project\Resting-State-EEG-Dataset-for-SD\03_ica,sub10_s_open.eeg,,,,0,,,,,,,,953,True,False,explicit_open
sub-32_ses-2.set,sub-32,ses-2,d172c10717103e18d46805715a52a0ad37c00330c7348d78259e9dae52b3469b,True,61,71,2000,4.0,500.0,0.0,3.998,average,61,"[""Fp1"", ""AF3"", ""AF7"", ""Fz"", ""F1"", ""F3"", ""F5"", ""F7"", ""FC1"", ""FC3"", ""FC5"", ""FT7"", ""Cz"", ""C1"", ""C3"", ""C5"", ""T7"", ""CP1"", ""CP3"", ""CP5"", ""TP7"", ""TP9"", ""Pz"", ""P1"", ""P3"", ""P5"", ""P7"", ""PO3"", ""PO7"", ""Oz"", ""O1"", ""Fpz"", ""Fp2"", ""AF4"", ""AF8"", ""F2"", ""F4"", ""F6"", ""F8"", ""FC2"", ""FC4"", ""FC6"", ""FT8"", ""C2"", ""C4"", ""C6"", ""T8"", ""CPz"", ""CP2"", ""CP4"", ""CP6"", ""TP8"", ""TP10"", ""P2"", ""P4"", ""P6"", ""P8"", ""POz"", ""PO4"", ""PO8"", ""O2""]", - 4-s epochs pruned with ICA,D:\data_for_capstone_project\Resting-State-EEG-Dataset-for-SD\03_ica,sub10_sd_open.eeg,,,,0,,,,,,,,851,True,False,explicit_open
sub-33_ses-1.set,sub-33,ses-1,0cb4b7677ab92ea29784013a1c5ee957cc7c49864576542b82a7a6e1b58bb9b1,True,61,73,2000,4.0,500.0,0.0,3.998,average,61,"[""Fp1"", ""AF3"", ""AF7"", ""Fz"", ""F1"", ""F3"", ""F5"", ""F7"", ""FC1"", ""FC3"", ""FC5"", ""FT7"", ""Cz"", ""C1"", ""C3"", ""C5"", ""T7"", ""CP1"", ""CP3"", ""CP5"", ""TP7"", ""TP9"", ""Pz"", ""P1"", ""P3"", ""P5"", ""P7"", ""PO3"", ""PO7"", ""Oz"", ""O1"", ""Fpz"", ""Fp2"", ""AF4"", ""AF8"", ""F2"", ""F4"", ""F6"", ""F8"", ""FC2"", ""FC4"", ""FC6"", ""FT8"", ""C2"", ""C4"", ""C6"", ""T8"", ""CPz"", ""CP2"", ""CP4"", ""CP6"", ""TP8"", ""TP10"", ""P2"", ""P4"", ""P6"", ""P8"", ""POz"", ""PO4"", ""PO8"", ""O2""]", - 4-s epochs pruned with ICA,D:\data_for_capstone_project\Resting-State-EEG-Dataset-for-SD\03_ica,sub07_s_open.eeg,,,,0,,,,,,,,953,True,False,explicit_open
sub-33_ses-2.set,sub-33,ses-2,248c7be862446b9a2afc20405d495c1f31a9b46ac8386b4c5049a8592fca6042,True,61,72,2000,4.0,500.0,0.0,3.998,average,61,"[""Fp1"", ""AF3"", ""AF7"", ""Fz"", ""F1"", ""F3"", ""F5"", ""F7"", ""FC1"", ""FC3"", ""FC5"", ""FT7"", ""Cz"", ""C1"", ""C3"", ""C5"", ""T7"", ""CP1"", ""CP3"", ""CP5"", ""TP7"", ""TP9"", ""Pz"", ""P1"", ""P3"", ""P5"", ""P7"", ""PO3"", ""PO7"", ""Oz"", ""O1"", ""Fpz"", ""Fp2"", ""AF4"", ""AF8"", ""F2"", ""F4"", ""F6"", ""F8"", ""FC2"", ""FC4"", ""FC6"", ""FT8"", ""C2"", ""C4"", ""C6"", ""T8"", ""CPz"", ""CP2"", ""CP4"", ""CP6"", ""TP8"", ""TP10"", ""P2"", ""P4"", ""P6"", ""P8"", ""POz"", ""PO4"", ""PO8"", ""O2""]", - 4-s epochs pruned with ICA,D:\data_for_capstone_project\Resting-State-EEG-Dataset-for-SD\03_ica,sub07_sd_open.eeg,,,,0,,,,,,,,851,True,False,explicit_open
sub-34_ses-1.set,sub-34,ses-1,b0461f56d5f62fe0639a00d6add99920781dc5faf83e630f1bc31188f4da0c7f,True,61,72,2000,4.0,500.0,0.0,3.998,average,61,"[""Fp1"", ""AF3"", ""AF7"", ""Fz"", ""F1"", ""F3"", ""F5"", ""F7"", ""FC1"", ""FC3"", ""FC5"", ""FT7"", ""Cz"", ""C1"", ""C3"", ""C5"", ""T7"", ""CP1"", ""CP3"", ""CP5"", ""TP7"", ""TP9"", ""Pz"", ""P1"", ""P3"", ""P5"", ""P7"", ""PO3"", ""PO7"", ""Oz"", ""O1"", ""Fpz"", ""Fp2"", ""AF4"", ""AF8"", ""F2"", ""F4"", ""F6"", ""F8"", ""FC2"", ""FC4"", ""FC6"", ""FT8"", ""C2"", ""C4"", ""C6"", ""T8"", ""CPz"", ""CP2"", ""CP4"", ""CP6"", ""TP8"", ""TP10"", ""P2"", ""P4"", ""P6"", ""P8"", ""POz"", ""PO4"", ""PO8"", ""O2""]", - 4-s epochs pruned with ICA,D:\data_for_capstone_project\Resting-State-EEG-Dataset-for-SD\03_ica,sub08_s_open.eeg,,,,0,,,,,,,,851,True,False,explicit_open
sub-34_ses-2.set,sub-34,ses-2,08e59b2824f54af1840968d8aa5244f7cc9dc9662554196f2a92c569c3c81bfa,True,61,73,2000,4.0,500.0,0.0,3.998,average,61,"[""Fp1"", ""AF3"", ""AF7"", ""Fz"", ""F1"", ""F3"", ""F5"", ""F7"", ""FC1"", ""FC3"", ""FC5"", ""FT7"", ""Cz"", ""C1"", ""C3"", ""C5"", ""T7"", ""CP1"", ""CP3"", ""CP5"", ""TP7"", ""TP9"", ""Pz"", ""P1"", ""P3"", ""P5"", ""P7"", ""PO3"", ""PO7"", ""Oz"", ""O1"", ""Fpz"", ""Fp2"", ""AF4"", ""AF8"", ""F2"", ""F4"", ""F6"", ""F8"", ""FC2"", ""FC4"", ""FC6"", ""FT8"", ""C2"", ""C4"", ""C6"", ""T8"", ""CPz"", ""CP2"", ""CP4"", ""CP6"", ""TP8"", ""TP10"", ""P2"", ""P4"", ""P6"", ""P8"", ""POz"", ""PO4"", ""PO8"", ""O2""]", - 4-s epochs pruned with ICA,D:\data_for_capstone_project\Resting-State-EEG-Dataset-for-SD\03_ica,sub8_sd_open.eeg,,,,0,,,,,,,,851,True,False,explicit_open
sub-35_ses-1.set,sub-35,ses-1,e85821608683036de1ca63d82f9942e7a4e14ce9e9c2d764392b4974284a90da,True,61,73,2000,4.0,500.0,0.0,3.998,average,61,"[""Fp1"", ""AF3"", ""AF7"", ""Fz"", ""F1"", ""F3"", ""F5"", ""F7"", ""FC1"", ""FC3"", ""FC5"", ""FT7"", ""Cz"", ""C1"", ""C3"", ""C5"", ""T7"", ""CP1"", ""CP3"", ""CP5"", ""TP7"", ""TP9"", ""Pz"", ""P1"", ""P3"", ""P5"", ""P7"", ""PO3"", ""PO7"", ""Oz"", ""O1"", ""Fpz"", ""Fp2"", ""AF4"", ""AF8"", ""F2"", ""F4"", ""F6"", ""F8"", ""FC2"", ""FC4"", ""FC6"", ""FT8"", ""C2"", ""C4"", ""C6"", ""T8"", ""CPz"", ""CP2"", ""CP4"", ""CP6"", ""TP8"", ""TP10"", ""P2"", ""P4"", ""P6"", ""P8"", ""POz"", ""PO4"", ""PO8"", ""O2""]", - 4-s epochs pruned with ICA,D:\data_for_capstone_project\Resting-State-EEG-Dataset-for-SD\03_ica,sub06_s_open.eeg,,,,0,,,,,,,,953,True,False,explicit_open
sub-35_ses-2.set,sub-35,ses-2,6720d73fb03d3dcea053e6001a277f7fe86ad0e83a1118115a9361719b989c42,True,61,73,2000,4.0,500.0,0.0,3.998,average,61,"[""Fp1"", ""AF3"", ""AF7"", ""Fz"", ""F1"", ""F3"", ""F5"", ""F7"", ""FC1"", ""FC3"", ""FC5"", ""FT7"", ""Cz"", ""C1"", ""C3"", ""C5"", ""T7"", ""CP1"", ""CP3"", ""CP5"", ""TP7"", ""TP9"", ""Pz"", ""P1"", ""P3"", ""P5"", ""P7"", ""PO3"", ""PO7"", ""Oz"", ""O1"", ""Fpz"", ""Fp2"", ""AF4"", ""AF8"", ""F2"", ""F4"", ""F6"", ""F8"", ""FC2"", ""FC4"", ""FC6"", ""FT8"", ""C2"", ""C4"", ""C6"", ""T8"", ""CPz"", ""CP2"", ""CP4"", ""CP6"", ""TP8"", ""TP10"", ""P2"", ""P4"", ""P6"", ""P8"", ""POz"", ""PO4"", ""PO8"", ""O2""]", - 4-s epochs pruned with ICA,D:\data_for_capstone_project\Resting-State-EEG-Dataset-for-SD\03_ica,sub06_sd_open.eeg,,,,0,,,,,,,,851,True,False,explicit_open
sub-36_ses-1.set,sub-36,ses-1,83bc7070f045af89e49af787694894f9dabc4894c6ca33be059e7bdf7f51e076,True,61,73,2000,4.0,500.0,0.0,3.998,average,61,"[""Fp1"", ""AF3"", ""AF7"", ""Fz"", ""F1"", ""F3"", ""F5"", ""F7"", ""FC1"", ""FC3"", ""FC5"", ""FT7"", ""Cz"", ""C1"", ""C3"", ""C5"", ""T7"", ""CP1"", ""CP3"", ""CP5"", ""TP7"", ""TP9"", ""Pz"", ""P1"", ""P3"", ""P5"", ""P7"", ""PO3"", ""PO7"", ""Oz"", ""O1"", ""Fpz"", ""Fp2"", ""AF4"", ""AF8"", ""F2"", ""F4"", ""F6"", ""F8"", ""FC2"", ""FC4"", ""FC6"", ""FT8"", ""C2"", ""C4"", ""C6"", ""T8"", ""CPz"", ""CP2"", ""CP4"", ""CP6"", ""TP8"", ""TP10"", ""P2"", ""P4"", ""P6"", ""P8"", ""POz"", ""PO4"", ""PO8"", ""O2""]", - 4-s epochs pruned with ICA,D:\data_for_capstone_project\Resting-State-EEG-Dataset-for-SD\03_ica,sub04_s_open.eeg,,,,0,,,,,,,,953,True,False,explicit_open
sub-36_ses-2.set,sub-36,ses-2,fbdc72208c70b0e061faa0874d8af3201bafc4828a6007889c938a33e7b374f4,True,61,72,2000,4.0,500.0,0.0,3.998,average,61,"[""Fp1"", ""AF3"", ""AF7"", ""Fz"", ""F1"", ""F3"", ""F5"", ""F7"", ""FC1"", ""FC3"", ""FC5"", ""FT7"", ""Cz"", ""C1"", ""C3"", ""C5"", ""T7"", ""CP1"", ""CP3"", ""CP5"", ""TP7"", ""TP9"", ""Pz"", ""P1"", ""P3"", ""P5"", ""P7"", ""PO3"", ""PO7"", ""Oz"", ""O1"", ""Fpz"", ""Fp2"", ""AF4"", ""AF8"", ""F2"", ""F4"", ""F6"", ""F8"", ""FC2"", ""FC4"", ""FC6"", ""FT8"", ""C2"", ""C4"", ""C6"", ""T8"", ""CPz"", ""CP2"", ""CP4"", ""CP6"", ""TP8"", ""TP10"", ""P2"", ""P4"", ""P6"", ""P8"", ""POz"", ""PO4"", ""PO8"", ""O2""]", - 4-s epochs pruned with ICA,D:\data_for_capstone_project\Resting-State-EEG-Dataset-for-SD\03_ica,sub04_sd_open.eeg,,,,0,,,,,,,,851,True,False,explicit_open
sub-37_ses-1.set,sub-37,ses-1,d0e13211a1c87a39e35e3daa90a9b770bca2152183195fc296af460e283a17f5,True,61,71,2000,4.0,500.0,0.0,3.998,average,61,"[""Fp1"", ""AF3"", ""AF7"", ""Fz"", ""F1"", ""F3"", ""F5"", ""F7"", ""FC1"", ""FC3"", ""FC5"", ""FT7"", ""Cz"", ""C1"", ""C3"", ""C5"", ""T7"", ""CP1"", ""CP3"", ""CP5"", ""TP7"", ""TP9"", ""Pz"", ""P1"", ""P3"", ""P5"", ""P7"", ""PO3"", ""PO7"", ""Oz"", ""O1"", ""Fpz"", ""Fp2"", ""AF4"", ""AF8"", ""F2"", ""F4"", ""F6"", ""F8"", ""FC2"", ""FC4"", ""FC6"", ""FT8"", ""C2"", ""C4"", ""C6"", ""T8"", ""CPz"", ""CP2"", ""CP4"", ""CP6"", ""TP8"", ""TP10"", ""P2"", ""P4"", ""P6"", ""P8"", ""POz"", ""PO4"", ""PO8"", ""O2""]", - 4-s epochs pruned with ICA,D:\data_for_capstone_project\Resting-State-EEG-Dataset-for-SD\03_ica,sub03_s_open.eeg,,,,0,,,,,,,,851,True,False,explicit_open
sub-37_ses-2.set,sub-37,ses-2,7702b5bcf8f8dbc459a1c0181ee433701de2eeac25ce3e37ff2f26fc7a65a86f,True,61,65,2000,4.0,500.0,0.0,3.998,average,61,"[""Fp1"", ""AF3"", ""AF7"", ""Fz"", ""F1"", ""F3"", ""F5"", ""F7"", ""FC1"", ""FC3"", ""FC5"", ""FT7"", ""Cz"", ""C1"", ""C3"", ""C5"", ""T7"", ""CP1"", ""CP3"", ""CP5"", ""TP7"", ""TP9"", ""Pz"", ""P1"", ""P3"", ""P5"", ""P7"", ""PO3"", ""PO7"", ""Oz"", ""O1"", ""Fpz"", ""Fp2"", ""AF4"", ""AF8"", ""F2"", ""F4"", ""F6"", ""F8"", ""FC2"", ""FC4"", ""FC6"", ""FT8"", ""C2"", ""C4"", ""C6"", ""T8"", ""CPz"", ""CP2"", ""CP4"", ""CP6"", ""TP8"", ""TP10"", ""P2"", ""P4"", ""P6"", ""P8"", ""POz"", ""PO4"", ""PO8"", ""O2""]", - 4-s epochs pruned with ICA,D:\data_for_capstone_project\Resting-State-EEG-Dataset-for-SD\03_ica,sub03_sd_open.eeg,,,,0,,,,,,,,851,True,False,explicit_open
sub-38_ses-1.set,sub-38,ses-1,55e696b87a258bbfa3ad7f8fef60ae66f827b083fca59667accbbf05f34b5176,True,61,71,2000,4.0,500.0,0.0,3.998,average,61,"[""Fp1"", ""AF3"", ""AF7"", ""Fz"", ""F1"", ""F3"", ""F5"", ""F7"", ""FC1"", ""FC3"", ""FC5"", ""FT7"", ""Cz"", ""C1"", ""C3"", ""C5"", ""T7"", ""CP1"", ""CP3"", ""CP5"", ""TP7"", ""TP9"", ""Pz"", ""P1"", ""P3"", ""P5"", ""P7"", ""PO3"", ""PO7"", ""Oz"", ""O1"", ""Fpz"", ""Fp2"", ""AF4"", ""AF8"", ""F2"", ""F4"", ""F6"", ""F8"", ""FC2"", ""FC4"", ""FC6"", ""FT8"", ""C2"", ""C4"", ""C6"", ""T8"", ""CPz"", ""CP2"", ""CP4"", ""CP6"", ""TP8"", ""TP10"", ""P2"", ""P4"", ""P6"", ""P8"", ""POz"", ""PO4"", ""PO8"", ""O2""]", - 4-s epochs pruned with ICA,D:\data_for_capstone_project\Resting-State-EEG-Dataset-for-SD\03_ica,sub13_s_open.eeg,,,,0,,,,,,,,851,True,False,explicit_open
sub-38_ses-2.set,sub-38,ses-2,3daace7061621fb6c8db1c0514d7529a2e75aca77063284703ee07bcb21c0cab,True,61,72,2000,4.0,500.0,0.0,3.998,average,61,"[""Fp1"", ""AF3"", ""AF7"", ""Fz"", ""F1"", ""F3"", ""F5"", ""F7"", ""FC1"", ""FC3"", ""FC5"", ""FT7"", ""Cz"", ""C1"", ""C3"", ""C5"", ""T7"", ""CP1"", ""CP3"", ""CP5"", ""TP7"", ""TP9"", ""Pz"", ""P1"", ""P3"", ""P5"", ""P7"", ""PO3"", ""PO7"", ""Oz"", ""O1"", ""Fpz"", ""Fp2"", ""AF4"", ""AF8"", ""F2"", ""F4"", ""F6"", ""F8"", ""FC2"", ""FC4"", ""FC6"", ""FT8"", ""C2"", ""C4"", ""C6"", ""T8"", ""CPz"", ""CP2"", ""CP4"", ""CP6"", ""TP8"", ""TP10"", ""P2"", ""P4"", ""P6"", ""P8"", ""POz"", ""PO4"", ""PO8"", ""O2""]", - 4-s epochs pruned with ICA,D:\data_for_capstone_project\Resting-State-EEG-Dataset-for-SD\03_ica,sub13_sd_open.eeg,,,,0,,,,,,,,851,True,False,explicit_open
sub-39_ses-1.set,sub-39,ses-1,38fd9731fb347a7b32b218cb78d3e1fe9bc5e22608b7bfd5a646fefa6c301fa8,True,61,71,2000,4.0,500.0,0.0,3.998,average,61,"[""Fp1"", ""AF3"", ""AF7"", ""Fz"", ""F1"", ""F3"", ""F5"", ""F7"", ""FC1"", ""FC3"", ""FC5"", ""FT7"", ""Cz"", ""C1"", ""C3"", ""C5"", ""T7"", ""CP1"", ""CP3"", ""CP5"", ""TP7"", ""TP9"", ""Pz"", ""P1"", ""P3"", ""P5"", ""P7"", ""PO3"", ""PO7"", ""Oz"", ""O1"", ""Fpz"", ""Fp2"", ""AF4"", ""AF8"", ""F2"", ""F4"", ""F6"", ""F8"", ""FC2"", ""FC4"", ""FC6"", ""FT8"", ""C2"", ""C4"", ""C6"", ""T8"", ""CPz"", ""CP2"", ""CP4"", ""CP6"", ""TP8"", ""TP10"", ""P2"", ""P4"", ""P6"", ""P8"", ""POz"", ""PO4"", ""PO8"", ""O2""]",ailixiati epochs - 4-s epochs pruned with ICA,D:\data_for_capstone_project\Resting-State-EEG-Dataset-for-SD\03_ica,sub01_ailixiati_restopen_NS.eeg,/Users/ruirui/Desktop/2018硕 徐丹/5EEG_REST/NS/,sub01_ailixiati_restopen_NS.vhdr,1 176050,63,S 33,0  300,ailixiati epochs,"'ECG','HEOR'",,,,1323,True,False,explicit_open
sub-39_ses-2.set,sub-39,ses-2,eab99286eedff118fbb49394174bf637712edc5d162987eb5e17093350ac526e,True,61,74,20000,4.0,5000.0,0.0,3.9998,average,61,"[""Fp1"", ""Fp2"", ""F3"", ""F4"", ""C3"", ""C4"", ""P3"", ""P4"", ""O1"", ""O2"", ""F7"", ""F8"", ""T7"", ""T8"", ""P7"", ""P8"", ""Fz"", ""Cz"", ""Pz"", ""Oz"", ""FC1"", ""FC2"", ""CP1"", ""CP2"", ""FC5"", ""FC6"", ""CP5"", ""CP6"", ""TP9"", ""TP10"", ""POz"", ""F1"", ""F2"", ""C1"", ""C2"", ""P1"", ""P2"", ""AF3"", ""AF4"", ""FC3"", ""FC4"", ""CP3"", ""CP4"", ""PO3"", ""PO4"", ""F5"", ""F6"", ""C5"", ""C6"", ""P5"", ""P6"", ""AF7"", ""AF8"", ""FT7"", ""FT8"", ""TP7"", ""TP8"", ""PO7"", ""PO8"", ""Fpz"", ""CPz""]",sub01_ailixiati_rest_sd_61_epochs - 4-s epochs pruned with ICA,D:\data_for_capstone_project\Resting-State-EEG-Dataset-for-SD\03_ica,sub01_ailixiati_rest_sd.eeg,D:\心理学\睡眠剥夺对EEG的影响\2018硕 徐丹\5EEG_REST\SD\,sub01_ailixiati_rest_sd.vhdr,1 1872600,64,S 33,0  300,sub01_ailixiati_rest_sd_61 epochs,"'ECG','FT9','FT10'",,,,1448,False,False,none
sub-40_ses-1.set,sub-40,ses-1,c3ed6b50c265f660667fdfcabf303fd5427da40b41f7e43f920bfd983ec5308d,True,61,73,2000,4.0,500.0,0.0,3.998,average,61,"[""Fp1"", ""Fp2"", ""F3"", ""F4"", ""C3"", ""C4"", ""P3"", ""P4"", ""O1"", ""O2"", ""F7"", ""F8"", ""T7"", ""T8"", ""P7"", ""P8"", ""Fz"", ""Cz"", ""Pz"", ""Oz"", ""FC1"", ""FC2"", ""CP1"", ""CP2"", ""FC5"", ""FC6"", ""CP5"", ""CP6"", ""TP9"", ""TP10"", ""POz"", ""F1"", ""F2"", ""C1"", ""C2"", ""P1"", ""P2"", ""AF3"", ""AF4"", ""FC3"", ""FC4"", ""CP3"", ""CP4"", ""PO3"", ""PO4"", ""F5"", ""F6"", ""C5"", ""C6"", ""P5"", ""P6"", ""AF7"", ""AF8"", ""FT7"", ""FT8"", ""TP7"", ""TP8"", ""PO7"", ""PO8"", ""Fpz"", ""CPz""]",lixiaohui epochs - 4-s epochs pruned with ICA,D:\data_for_capstone_project\Resting-State-EEG-Dataset-for-SD\03_ica,sub03_lixiaohui_restopen_NS.eeg,/Users/ruirui/Desktop/2018硕 徐丹/5EEG_REST/NS/,sub03_lixiaohui_restopen_NS.vhdr,1 176990,64,S 33,0  300,lixiaohui epochs,"'ECG','FT9','FT10'",,,,1332,True,False,explicit_open
sub-40_ses-2.set,sub-40,ses-2,8a013ffea09f6469b2c1a5673d7188f2cd87b8b925a07dc6841e97f903efdd61,True,61,70,2000,4.0,500.0,0.0,3.998,average,61,"[""Fp1"", ""Fp2"", ""F3"", ""F4"", ""C3"", ""C4"", ""P3"", ""P4"", ""O1"", ""O2"", ""F7"", ""F8"", ""T7"", ""T8"", ""P7"", ""P8"", ""Fz"", ""Cz"", ""Pz"", ""Oz"", ""FC1"", ""FC2"", ""CP1"", ""CP2"", ""FC5"", ""FC6"", ""CP5"", ""CP6"", ""TP9"", ""TP10"", ""POz"", ""F1"", ""F2"", ""C1"", ""C2"", ""P1"", ""P2"", ""AF3"", ""AF4"", ""FC3"", ""FC4"", ""CP3"", ""CP4"", ""PO3"", ""PO4"", ""F5"", ""F6"", ""C5"", ""C6"", ""P5"", ""P6"", ""AF7"", ""AF8"", ""FT7"", ""FT8"", ""TP7"", ""TP8"", ""PO7"", ""PO8"", ""Fpz"", ""CPz""]",lixiaohui epochs resampled - 4-s epochs pruned with ICA,D:\data_for_capstone_project\Resting-State-EEG-Dataset-for-SD\03_ica,sub03_lixiaohui_restopen_SD.eeg,/Users/ruirui/Desktop/2018硕 徐丹/5EEG_REST/SD/,sub03_lixiaohui_restopen_SD.vhdr,1 24778400,64,S 33,0  300,lixiaohui epochs,"'ECG','FT9','FT10'",,," EEG, 500",1365,True,False,explicit_open
sub-41_ses-1.set,sub-41,ses-1,56c4416fd082ae2c7dc029f2c0393e587c3dc067e6d94101473f24fa93b43f4b,True,61,69,2000,4.0,500.0,0.0,3.998,average,61,"[""Fp1"", ""AF3"", ""AF7"", ""Fz"", ""F1"", ""F3"", ""F5"", ""F7"", ""FC1"", ""FC3"", ""FC5"", ""FT7"", ""Cz"", ""C1"", ""C3"", ""C5"", ""T7"", ""CP1"", ""CP3"", ""CP5"", ""TP7"", ""TP9"", ""Pz"", ""P1"", ""P3"", ""P5"", ""P7"", ""PO3"", ""PO7"", ""Oz"", ""O1"", ""Fpz"", ""Fp2"", ""AF4"", ""AF8"", ""F2"", ""F4"", ""F6"", ""F8"", ""FC2"", ""FC4"", ""FC6"", ""FT8"", ""C2"", ""C4"", ""C6"", ""T8"", ""CPz"", ""CP2"", ""CP4"", ""CP6"", ""TP8"", ""TP10"", ""P2"", ""P4"", ""P6"", ""P8"", ""POz"", ""PO4"", ""PO8"", ""O2""]",qianyanjiang epochs - 4-s epochs pruned with ICA,D:\data_for_capstone_project\Resting-State-EEG-Dataset-for-SD\03_ica,sub04_qianyanjiang_restopen_NS.eeg,/Users/ruirui/Desktop/2018硕 徐丹/5EEG_REST/NS/,sub04_qianyanjiang_restopen_NS.vhdr,1 236510,63,S 33,0  300,qianyanjiang epochs,"'ECG','HEOR'",,,,1332,True,False,explicit_open
sub-41_ses-2.set,sub-41,ses-2,acebe434427c3b69fa1a0488979ee531cacb6cfe05cfa1c78b07e268f1ff874b,True,61,67,2000,4.0,500.0,0.0,3.998,average,61,"[""Fp1"", ""AF3"", ""AF7"", ""Fz"", ""F1"", ""F3"", ""F5"", ""F7"", ""FC1"", ""FC3"", ""FC5"", ""FT7"", ""Cz"", ""C1"", ""C3"", ""C5"", ""T7"", ""CP1"", ""CP3"", ""CP5"", ""TP7"", ""TP9"", ""Pz"", ""P1"", ""P3"", ""P5"", ""P7"", ""PO3"", ""PO7"", ""Oz"", ""O1"", ""Fpz"", ""Fp2"", ""AF4"", ""AF8"", ""F2"", ""F4"", ""F6"", ""F8"", ""FC2"", ""FC4"", ""FC6"", ""FT8"", ""C2"", ""C4"", ""C6"", ""T8"", ""CPz"", ""CP2"", ""CP4"", ""CP6"", ""TP8"", ""TP10"", ""P2"", ""P4"", ""P6"", ""P8"", ""POz"", ""PO4"", ""PO8"", ""O2""]",sub04_qianyanijjang_restOpeneyes_SD_61_epochs - 4-s epochs pruned with ICA,D:\data_for_capstone_project\Resting-State-EEG-Dataset-for-SD\03_ica,sub04_qianyanijjang_Openeyes_SD.eeg,D:\心理学\睡眠剥夺对EEG的影响\2018硕 徐丹\5EEG_REST\SD\,sub04_qianyanijjang_restOpeneyes_SD.vhdr,1 232950,63,S 33,0  300,sub04_qianyanijjang_restOpeneyes_SD_61_epochs,"'ECG','HEOR'",,,,1383,True,False,explicit_open
sub-42_ses-1.set,sub-42,ses-1,dd668c91be3bb15c92ff7fb0e01c827b862bcfb30633bb6d5a9b44a57a332831,True,61,71,2000,4.0,500.0,0.0,3.998,average,61,"[""Fp1"", ""AF3"", ""AF7"", ""Fz"", ""F1"", ""F3"", ""F5"", ""F7"", ""FC1"", ""FC3"", ""FC5"", ""FT7"", ""Cz"", ""C1"", ""C3"", ""C5"", ""T7"", ""CP1"", ""CP3"", ""CP5"", ""TP7"", ""TP9"", ""Pz"", ""P1"", ""P3"", ""P5"", ""P7"", ""PO3"", ""PO7"", ""Oz"", ""O1"", ""Fpz"", ""Fp2"", ""AF4"", ""AF8"", ""F2"", ""F4"", ""F6"", ""F8"", ""FC2"", ""FC4"", ""FC6"", ""FT8"", ""C2"", ""C4"", ""C6"", ""T8"", ""CPz"", ""CP2"", ""CP4"", ""CP6"", ""TP8"", ""TP10"", ""P2"", ""P4"", ""P6"", ""P8"", ""POz"", ""PO4"", ""PO8"", ""O2""]",yuhuongyan epochs - 4-s epochs pruned with ICA,D:\data_for_capstone_project\Resting-State-EEG-Dataset-for-SD\03_ica,sub06_yuhongyan_restOpen_ns.eeg',/Users/ruirui/Desktop/2018? ?/5EEG_REST/NS/,sub06_yuhongyan_restOpen_ns.vhdr,1 158920,63,S 33,0  300,yuhuongyan epochs,,,,,1477,True,False,explicit_open
sub-42_ses-2.set,sub-42,ses-2,9eb4a1fc735a5ac2bcea65654b351ce3c959fe9e4d8fe73d766f494ea51622c7,True,61,67,2000,4.0,500.0,0.0,3.998,average,61,"[""Fp1"", ""AF3"", ""AF7"", ""Fz"", ""F1"", ""F3"", ""F5"", ""F7"", ""FC1"", ""FC3"", ""FC5"", ""FT7"", ""Cz"", ""C1"", ""C3"", ""C5"", ""T7"", ""CP1"", ""CP3"", ""CP5"", ""TP7"", ""TP9"", ""Pz"", ""P1"", ""P3"", ""P5"", ""P7"", ""PO3"", ""PO7"", ""Oz"", ""O1"", ""Fpz"", ""Fp2"", ""AF4"", ""AF8"", ""F2"", ""F4"", ""F6"", ""F8"", ""FC2"", ""FC4"", ""FC6"", ""FT8"", ""C2"", ""C4"", ""C6"", ""T8"", ""CPz"", ""CP2"", ""CP4"", ""CP6"", ""TP8"", ""TP10"", ""P2"", ""P4"", ""P6"", ""P8"", ""POz"", ""PO4"", ""PO8"", ""O2""]",sub06_yuhongyan_restOpen_SD_61 epochs - 4-s epochs pruned with ICA,D:\data_for_capstone_project\Resting-State-EEG-Dataset-for-SD\03_ica,sub06_yuhongyan_restOpen_SD.eeg,D:\心理学\睡眠剥夺对EEG的影响\2018硕 徐丹\5EEG_REST\SD\,sub06_yuhongyan_restOpen_SD.vhdr,1 266900,63,S 33,0  300,sub06_yuhongyan_restOpen_SD_61 epochs,"'ECG','HEOR'",,,,1405,True,False,explicit_open
sub-43_ses-1.set,sub-43,ses-1,b22c145cc0cca23201b2117442db693e0f7f01688ef916e70011b8fa1f296dd4,True,61,70,2000,4.0,500.0,0.0,3.998,average,61,"[""Fp1"", ""AF3"", ""AF7"", ""Fz"", ""F1"", ""F3"", ""F5"", ""F7"", ""FC1"", ""FC3"", ""FC5"", ""FT7"", ""Cz"", ""C1"", ""C3"", ""C5"", ""T7"", ""CP1"", ""CP3"", ""CP5"", ""TP7"", ""TP9"", ""Pz"", ""P1"", ""P3"", ""P5"", ""P7"", ""PO3"", ""PO7"", ""Oz"", ""O1"", ""Fpz"", ""Fp2"", ""AF4"", ""AF8"", ""F2"", ""F4"", ""F6"", ""F8"", ""FC2"", ""FC4"", ""FC6"", ""FT8"", ""C2"", ""C4"", ""C6"", ""T8"", ""CPz"", ""CP2"", ""CP4"", ""CP6"", ""TP8"", ""TP10"", ""P2"", ""P4"", ""P6"", ""P8"", ""POz"", ""PO4"", ""PO8"", ""O2""]",dengmuxuan epochs - 4-s epochs pruned with ICA,D:\data_for_capstone_project\Resting-State-EEG-Dataset-for-SD\03_ica,sub07_sumuxuan_restOpen_NS.eeg,/Users/ruirui/Desktop/2018硕 徐丹/5EEG_REST/NS/,sub07_sumuxuan_restOpen_NS.vhdr,1 313310,63,S 33,0  300,dengmuxuan epochs,"'ECG','HEOR'",,,,1324,True,False,explicit_open
sub-43_ses-2.set,sub-43,ses-2,b4ad6905be1af9182ca1c86bbd9b14bae740f34a83a42b5d2cfe43a6a9ea2a27,True,61,70,20000,4.0,5000.0,0.0,3.9998,average,61,"[""Fp1"", ""Fp2"", ""F3"", ""F4"", ""C3"", ""C4"", ""P3"", ""P4"", ""O1"", ""O2"", ""F7"", ""F8"", ""T7"", ""T8"", ""P7"", ""P8"", ""Fz"", ""Cz"", ""Pz"", ""Oz"", ""FC1"", ""FC2"", ""CP1"", ""CP2"", ""FC5"", ""FC6"", ""CP5"", ""CP6"", ""TP9"", ""TP10"", ""POz"", ""F1"", ""F2"", ""C1"", ""C2"", ""P1"", ""P2"", ""AF3"", ""AF4"", ""FC3"", ""FC4"", ""CP3"", ""CP4"", ""PO3"", ""PO4"", ""F5"", ""F6"", ""C5"", ""C6"", ""P5"", ""P6"", ""AF7"", ""AF8"", ""FT7"", ""FT8"", ""TP7"", ""TP8"", ""PO7"", ""PO8"", ""Fpz"", ""CPz""]",sub07_dengmuxuan_REST_sd epochs - 4-s epochs pruned with ICA,D:\data_for_capstone_project\Resting-State-EEG-Dataset-for-SD\03_ica,sub07_dengmuxuan_REST_sd.eeg,D:\心理学\睡眠剥夺对EEG的影响\2018硕 徐丹\5EEG_REST\SD\,sub07_dengmuxuan_REST_sd.vhdr,1 1706400,64,S 33,0  300,sub07_dengmuxuan_REST_sd epochs,"'ECG','FT9','FT10'",,,,1357,False,False,none
sub-44_ses-1.set,sub-44,ses-1,0d7f64c326cde7d520156ba1056f42441c66c3226714193355b4e52a826f2916,True,61,73,2000,4.0,500.0,0.0,3.998,average,61,"[""Fp1"", ""AF3"", ""AF7"", ""Fz"", ""F1"", ""F3"", ""F5"", ""F7"", ""FC1"", ""FC3"", ""FC5"", ""FT7"", ""Cz"", ""C1"", ""C3"", ""C5"", ""T7"", ""CP1"", ""CP3"", ""CP5"", ""TP7"", ""TP9"", ""Pz"", ""P1"", ""P3"", ""P5"", ""P7"", ""PO3"", ""PO7"", ""Oz"", ""O1"", ""Fpz"", ""Fp2"", ""AF4"", ""AF8"", ""F2"", ""F4"", ""F6"", ""F8"", ""FC2"", ""FC4"", ""FC6"", ""FT8"", ""C2"", ""C4"", ""C6"", ""T8"", ""CPz"", ""CP2"", ""CP4"", ""CP6"", ""TP8"", ""TP10"", ""P2"", ""P4"", ""P6"", ""P8"", ""POz"", ""PO4"", ""PO8"", ""O2""]",kangrong_dele epochs - 4-s epochs pruned with ICA,D:\data_for_capstone_project\Resting-State-EEG-Dataset-for-SD\03_ica,sub08_kangrong_restOpen_NS.eeg,/Users/ruirui/Desktop/2018硕 徐丹/5EEG_REST/NS/,sub08_kangrong_restOpen_NS.vhdr,1 183960,63,S 33,0  300,kangrong_dele epochs,"'ECG','HEOR'",,,,1354,True,False,explicit_open
sub-44_ses-2.set,sub-44,ses-2,98f74fdce47b6f8290270ea3ed56b7137d071917aa42f01ba6ac21e521af91ec,True,61,56,20000,4.0,5000.0,0.0,3.9998,average,61,"[""Fp1"", ""Fp2"", ""F3"", ""F4"", ""C3"", ""C4"", ""P3"", ""P4"", ""O1"", ""O2"", ""F7"", ""F8"", ""T7"", ""T8"", ""P7"", ""P8"", ""Fz"", ""Cz"", ""Pz"", ""Oz"", ""FC1"", ""FC2"", ""CP1"", ""CP2"", ""FC5"", ""FC6"", ""CP5"", ""CP6"", ""TP9"", ""TP10"", ""POz"", ""F1"", ""F2"", ""C1"", ""C2"", ""P1"", ""P2"", ""AF3"", ""AF4"", ""FC3"", ""FC4"", ""CP3"", ""CP4"", ""PO3"", ""PO4"", ""F5"", ""F6"", ""C5"", ""C6"", ""P5"", ""P6"", ""AF7"", ""AF8"", ""FT7"", ""FT8"", ""TP7"", ""TP8"", ""PO7"", ""PO8"", ""Fpz"", ""CPz""]",sub08_kangrong_restOpen_SD epochs - 4-s epochs pruned with ICA,D:\data_for_capstone_project\Resting-State-EEG-Dataset-for-SD\03_ica,sub08_kangrong_restOpen_SD.eeg,D:\心理学\睡眠剥夺对EEG的影响\2018硕 徐丹\5EEG_REST\SD\,sub08_kangrong_restOpen_SD.vhdr,1 2191000,64,S 33,0  300,sub08_kangrong_restOpen_SD epochs,"'ECG','FT9','FT10'",,,,1363,True,False,explicit_open
sub-45_ses-1.set,sub-45,ses-1,2d7bc8158f7f8d4636bcd099262c343e2bb1457ca9818031f670c3cdf78c8eb1,True,61,68,2000,4.0,500.0,0.0,3.998,average,61,"[""Fp1"", ""AF3"", ""AF7"", ""Fz"", ""F1"", ""F3"", ""F5"", ""F7"", ""FC1"", ""FC3"", ""FC5"", ""FT7"", ""Cz"", ""C1"", ""C3"", ""C5"", ""T7"", ""CP1"", ""CP3"", ""CP5"", ""TP7"", ""TP9"", ""Pz"", ""P1"", ""P3"", ""P5"", ""P7"", ""PO3"", ""PO7"", ""Oz"", ""O1"", ""Fpz"", ""Fp2"", ""AF4"", ""AF8"", ""F2"", ""F4"", ""F6"", ""F8"", ""FC2"", ""FC4"", ""FC6"", ""FT8"", ""C2"", ""C4"", ""C6"", ""T8"", ""CPz"", ""CP2"", ""CP4"", ""CP6"", ""TP8"", ""TP10"", ""P2"", ""P4"", ""P6"", ""P8"", ""POz"", ""PO4"", ""PO8"", ""O2""]",sunxin epochs - 4-s epochs pruned with ICA,D:\data_for_capstone_project\Resting-State-EEG-Dataset-for-SD\03_ica,sub09_sunxin_restOpen.eeg,/Users/ruirui/Desktop/2018硕 徐丹/5EEG_REST/NS/,sub09_sunxin_restOpen_NS.vhdr,1 184380,63,S 33,0  300,sunxin epochs,"'ECG','HEOR'",,,,1314,True,False,explicit_open
sub-45_ses-2.set,sub-45,ses-2,13f5a485c8dcf03e9f1030ce0281bcec97fb441add052bb7364c1a2117413c8b,True,61,73,2000,4.0,500.0,0.0,3.998,average,61,"[""Fp1"", ""AF3"", ""AF7"", ""Fz"", ""F1"", ""F3"", ""F5"", ""F7"", ""FC1"", ""FC3"", ""FC5"", ""FT7"", ""Cz"", ""C1"", ""C3"", ""C5"", ""T7"", ""CP1"", ""CP3"", ""CP5"", ""TP7"", ""TP9"", ""Pz"", ""P1"", ""P3"", ""P5"", ""P7"", ""PO3"", ""PO7"", ""Oz"", ""O1"", ""Fpz"", ""Fp2"", ""AF4"", ""AF8"", ""F2"", ""F4"", ""F6"", ""F8"", ""FC2"", ""FC4"", ""FC6"", ""FT8"", ""C2"", ""C4"", ""C6"", ""T8"", ""CPz"", ""CP2"", ""CP4"", ""CP6"", ""TP8"", ""TP10"", ""P2"", ""P4"", ""P6"", ""P8"", ""POz"", ""PO4"", ""PO8"", ""O2""]",sub09_sunxin_restOpen_SD.vhdr epochs - 4-s epochs pruned with ICA,D:\data_for_capstone_project\Resting-State-EEG-Dataset-for-SD\03_ica,sub09_sunxin_restOpen_SD.eeg,D:\心理学\睡眠剥夺对EEG的影响\2018硕 徐丹\5EEG_REST\SD\,sub09_sunxin_restOpen_SD.vhdr,1 2360540,63,S 33,0  300,sub09_sunxin_restOpen_SD.vhdr epochs,"'ECG','HEOR'",,,,1358,True,False,explicit_open
sub-46_ses-1.set,sub-46,ses-1,282bb3abf50c4461b12240575f8f629b81fedda93720c7284e4aa72de67b02ce,True,61,70,2000,4.0,500.0,0.0,3.998,average,61,"[""Fp1"", ""AF3"", ""AF7"", ""Fz"", ""F1"", ""F3"", ""F5"", ""F7"", ""FC1"", ""FC3"", ""FC5"", ""FT7"", ""Cz"", ""C1"", ""C3"", ""C5"", ""T7"", ""CP1"", ""CP3"", ""CP5"", ""TP7"", ""TP9"", ""Pz"", ""P1"", ""P3"", ""P5"", ""P7"", ""PO3"", ""PO7"", ""Oz"", ""O1"", ""Fpz"", ""Fp2"", ""AF4"", ""AF8"", ""F2"", ""F4"", ""F6"", ""F8"", ""FC2"", ""FC4"", ""FC6"", ""FT8"", ""C2"", ""C4"", ""C6"", ""T8"", ""CPz"", ""CP2"", ""CP4"", ""CP6"", ""TP8"", ""TP10"", ""P2"", ""P4"", ""P6"", ""P8"", ""POz"", ""PO4"", ""PO8"", ""O2""]",yanwenhui epochs - 4-s epochs pruned with ICA,D:\data_for_capstone_project\Resting-State-EEG-Dataset-for-SD\03_ica,sub10_yanwenhui_RestOpen_NS.eeg,/Users/ruirui/Desktop/2018硕 徐丹/5EEG_REST/NS/,sub10_yanwenhui_RestOpen_NS.vhdr,1 198620,63,S 33,0  300,yanwenhui epochs,"'ECG','HEOR'",,,,1323,True,False,explicit_open
sub-46_ses-2.set,sub-46,ses-2,46ae93f5603fb080185fb38ed4a37e67f69036d3d2f19d64316ecc691b7b21c0,True,61,60,2000,4.0,500.0,0.0,3.998,average,61,"[""Fp1"", ""AF3"", ""AF7"", ""Fz"", ""F1"", ""F3"", ""F5"", ""F7"", ""FC1"", ""FC3"", ""FC5"", ""FT7"", ""Cz"", ""C1"", ""C3"", ""C5"", ""T7"", ""CP1"", ""CP3"", ""CP5"", ""TP7"", ""TP9"", ""Pz"", ""P1"", ""P3"", ""P5"", ""P7"", ""PO3"", ""PO7"", ""Oz"", ""O1"", ""Fpz"", ""Fp2"", ""AF4"", ""AF8"", ""F2"", ""F4"", ""F6"", ""F8"", ""FC2"", ""FC4"", ""FC6"", ""FT8"", ""C2"", ""C4"", ""C6"", ""T8"", ""CPz"", ""CP2"", ""CP4"", ""CP6"", ""TP8"", ""TP10"", ""P2"", ""P4"", ""P6"", ""P8"", ""POz"", ""PO4"", ""PO8"", ""O2""]",sub10_yanwenhui_rest.sd.vhdr - 4-s epochs pruned with ICA,D:\data_for_capstone_project\Resting-State-EEG-Dataset-for-SD\03_ica,sub10_yanwenhui_rest.sd.eeg,D:\心理学\睡眠剥夺对EEG的影响\2018硕 徐丹\5EEG_REST\SD\,sub10_yanwenhui_rest.sd.vhdr,1 147920,63,,,,"'ECG','HEOR'",,,,1237,False,False,none
sub-47_ses-1.set,sub-47,ses-1,0743b6ca0fc41bb27cef1898ce28ecc1598f198856f2ba99bfeee0532fa123c5,True,61,73,2000,4.0,500.0,0.0,3.998,average,61,"[""Fp1"", ""AF3"", ""AF7"", ""Fz"", ""F1"", ""F3"", ""F5"", ""F7"", ""FC1"", ""FC3"", ""FC5"", ""FT7"", ""Cz"", ""C1"", ""C3"", ""C5"", ""T7"", ""CP1"", ""CP3"", ""CP5"", ""TP7"", ""TP9"", ""Pz"", ""P1"", ""P3"", ""P5"", ""P7"", ""PO3"", ""PO7"", ""Oz"", ""O1"", ""Fpz"", ""Fp2"", ""AF4"", ""AF8"", ""F2"", ""F4"", ""F6"", ""F8"", ""FC2"", ""FC4"", ""FC6"", ""FT8"", ""C2"", ""C4"", ""C6"", ""T8"", ""CPz"", ""CP2"", ""CP4"", ""CP6"", ""TP8"", ""TP10"", ""P2"", ""P4"", ""P6"", ""P8"", ""POz"", ""PO4"", ""PO8"", ""O2""]",zhuhua epochs - 4-s epochs pruned with ICA,D:\data_for_capstone_project\Resting-State-EEG-Dataset-for-SD\03_ica,sub10_zhuhua_RestOpen_NS.eeg',/Users/ruirui/Desktop/2018? ?/5EEG_REST/NS/,sub11_zhuhua_RestOpen_NS.vhdr,1 21595200,64,S 33,0  300,zhuhua epochs,"'ECG','FT9','FT10'",,," EEG, 500",1671,True,False,explicit_open
sub-47_ses-2.set,sub-47,ses-2,a996ad9ac2403f03c5f2938cad726cc9761238dbd2625a4715f175d7e60434af,True,61,72,2000,4.0,500.0,0.0,3.998,average,61,"[""Fp1"", ""Fp2"", ""F3"", ""F4"", ""C3"", ""C4"", ""P3"", ""P4"", ""O1"", ""O2"", ""F7"", ""F8"", ""T7"", ""T8"", ""P7"", ""P8"", ""Fz"", ""Cz"", ""Pz"", ""Oz"", ""FC1"", ""FC2"", ""CP1"", ""CP2"", ""FC5"", ""FC6"", ""CP5"", ""CP6"", ""TP9"", ""TP10"", ""POz"", ""F1"", ""F2"", ""C1"", ""C2"", ""P1"", ""P2"", ""AF3"", ""AF4"", ""FC3"", ""FC4"", ""CP3"", ""CP4"", ""PO3"", ""PO4"", ""F5"", ""F6"", ""C5"", ""C6"", ""P5"", ""P6"", ""AF7"", ""AF8"", ""FT7"", ""FT8"", ""TP7"", ""TP8"", ""PO7"", ""PO8"", ""Fpz"", ""CPz""]", - 4-s epochs pruned with ICA,D:\data_for_capstone_project\Resting-State-EEG-Dataset-for-SD\03_ica,sub11_zhuhua_rest.sd.eeg,,,,0,,,,,,,,953,False,False,none
sub-48_ses-1.set,sub-48,ses-1,9f7fd15e8c5ef7b6b8e841786cd0b67317489de5c57de54697a6db7bfa7d6843,True,61,74,2000,4.0,500.0,0.0,3.998,average,61,"[""Fp1"", ""AF3"", ""AF7"", ""Fz"", ""F1"", ""F3"", ""F5"", ""F7"", ""FC1"", ""FC3"", ""FC5"", ""FT7"", ""Cz"", ""C1"", ""C3"", ""C5"", ""T7"", ""CP1"", ""CP3"", ""CP5"", ""TP7"", ""TP9"", ""Pz"", ""P1"", ""P3"", ""P5"", ""P7"", ""PO3"", ""PO7"", ""Oz"", ""O1"", ""Fpz"", ""Fp2"", ""AF4"", ""AF8"", ""F2"", ""F4"", ""F6"", ""F8"", ""FC2"", ""FC4"", ""FC6"", ""FT8"", ""C2"", ""C4"", ""C6"", ""T8"", ""CPz"", ""CP2"", ""CP4"", ""CP6"", ""TP8"", ""TP10"", ""P2"", ""P4"", ""P6"", ""P8"", ""POz"", ""PO4"", ""PO8"", ""O2""]",wujinyu epochs - 4-s epochs pruned with ICA,D:\data_for_capstone_project\Resting-State-EEG-Dataset-for-SD\03_ica,sub12_wuijnyu_restopen_NS.eeg,/Users/ruirui/Desktop/2018硕 徐丹/5EEG_REST/NS/,sub12_wuijnyu_restopen_NS.vhdr,1 216890,63,S 33,0  300,wujinyu epochs,"'ECG','HEOR'",,,,1317,True,False,explicit_open
sub-48_ses-2.set,sub-48,ses-2,43877fc819c98e2136fb3a3a65de18fbe015d2621f08d7335eeaa02e394d5ffe,True,61,71,2000,4.0,500.0,0.0,3.998,average,61,"[""Fp1"", ""AF3"", ""AF7"", ""Fz"", ""F1"", ""F3"", ""F5"", ""F7"", ""FC1"", ""FC3"", ""FC5"", ""FT7"", ""Cz"", ""C1"", ""C3"", ""C5"", ""T7"", ""CP1"", ""CP3"", ""CP5"", ""TP7"", ""TP9"", ""Pz"", ""P1"", ""P3"", ""P5"", ""P7"", ""PO3"", ""PO7"", ""Oz"", ""O1"", ""Fpz"", ""Fp2"", ""AF4"", ""AF8"", ""F2"", ""F4"", ""F6"", ""F8"", ""FC2"", ""FC4"", ""FC6"", ""FT8"", ""C2"", ""C4"", ""C6"", ""T8"", ""CPz"", ""CP2"", ""CP4"", ""CP6"", ""TP8"", ""TP10"", ""P2"", ""P4"", ""P6"", ""P8"", ""POz"", ""PO4"", ""PO8"", ""O2""]",sub12_wujinyu_rest_sd.vhdr epochs - 4-s epochs pruned with ICA,D:\data_for_capstone_project\Resting-State-EEG-Dataset-for-SD\03_ica,sub12_wujinyu_rest_sd.eeg                      ',,,,0,S 33,0  300,sub12_wujinyu_rest_sd.vhdr epochs,"'ECG','HEOR'",,,,1060,False,False,none
sub-49_ses-1.set,sub-49,ses-1,fa4935cd2636e72ab6e98ee5c07f62d248c3e16b04c4a89751bc9fe371c3c03c,True,61,73,2000,4.0,500.0,0.0,3.998,average,61,"[""Fp1"", ""AF3"", ""AF7"", ""Fz"", ""F1"", ""F3"", ""F5"", ""F7"", ""FC1"", ""FC3"", ""FC5"", ""FT7"", ""Cz"", ""C1"", ""C3"", ""C5"", ""T7"", ""CP1"", ""CP3"", ""CP5"", ""TP7"", ""TP9"", ""Pz"", ""P1"", ""P3"", ""P5"", ""P7"", ""PO3"", ""PO7"", ""Oz"", ""O1"", ""Fpz"", ""Fp2"", ""AF4"", ""AF8"", ""F2"", ""F4"", ""F6"", ""F8"", ""FC2"", ""FC4"", ""FC6"", ""FT8"", ""C2"", ""C4"", ""C6"", ""T8"", ""CPz"", ""CP2"", ""CP4"", ""CP6"", ""TP8"", ""TP10"", ""P2"", ""P4"", ""P6"", ""P8"", ""POz"", ""PO4"", ""PO8"", ""O2""]",lishuying epochs - 4-s epochs pruned with ICA,D:\data_for_capstone_project\Resting-State-EEG-Dataset-for-SD\03_ica,sub13_lishuying_RestOpen_NS.eeg,/Users/ruirui/Desktop/2018硕 徐丹/5EEG_REST/NS/,sub13_lishuying_RestOpen_NS.vhdr,1 183620,63,S 33,0  300,lishuying epochs,"'ECG','HEOR'",,,,1323,True,False,explicit_open
sub-49_ses-2.set,sub-49,ses-2,a109bff333e58e2a61ea540b6aae1c9844549cca2fb623388e53d19544bbc2c0,True,61,73,2000,4.0,500.0,0.0,3.998,average,61,"[""Fp1"", ""Fp2"", ""F3"", ""F4"", ""C3"", ""C4"", ""P3"", ""P4"", ""O1"", ""O2"", ""F7"", ""F8"", ""T7"", ""T8"", ""P7"", ""P8"", ""Fz"", ""Cz"", ""Pz"", ""Oz"", ""FC1"", ""FC2"", ""CP1"", ""CP2"", ""FC5"", ""FC6"", ""CP5"", ""CP6"", ""TP9"", ""TP10"", ""POz"", ""F1"", ""F2"", ""C1"", ""C2"", ""P1"", ""P2"", ""AF3"", ""AF4"", ""FC3"", ""FC4"", ""CP3"", ""CP4"", ""PO3"", ""PO4"", ""F5"", ""F6"", ""C5"", ""C6"", ""P5"", ""P6"", ""AF7"", ""AF8"", ""FT7"", ""FT8"", ""TP7"", ""TP8"", ""PO7"", ""PO8"", ""Fpz"", ""CPz""]",sub13_lishuying_restopen_sd epochs - 4-s epochs pruned with ICA,D:\data_for_capstone_project\Resting-State-EEG-Dataset-for-SD\03_ica,sub13_lishuying_restopen_sd.eeg                 ',,,,0,S 33,0  300,sub13_lishuying_restopen_sd epochs,"'ECG','FT9','FT10'",,,,1068,True,False,explicit_open
sub-50_ses-1.set,sub-50,ses-1,9bcc32ab95f6966764fd663cbf48ee61d5c7e99741a4546477370ed2cd7c2861,True,61,70,2000,4.0,500.0,0.0,3.998,average,61,"[""Fp1"", ""AF3"", ""AF7"", ""Fz"", ""F1"", ""F3"", ""F5"", ""F7"", ""FC1"", ""FC3"", ""FC5"", ""FT7"", ""Cz"", ""C1"", ""C3"", ""C5"", ""T7"", ""CP1"", ""CP3"", ""CP5"", ""TP7"", ""TP9"", ""Pz"", ""P1"", ""P3"", ""P5"", ""P7"", ""PO3"", ""PO7"", ""Oz"", ""O1"", ""Fpz"", ""Fp2"", ""AF4"", ""AF8"", ""F2"", ""F4"", ""F6"", ""F8"", ""FC2"", ""FC4"", ""FC6"", ""FT8"", ""C2"", ""C4"", ""C6"", ""T8"", ""CPz"", ""CP2"", ""CP4"", ""CP6"", ""TP8"", ""TP10"", ""P2"", ""P4"", ""P6"", ""P8"", ""POz"", ""PO4"", ""PO8"", ""O2""]",wangxide epochs resampled - 4-s epochs pruned with ICA,D:\data_for_capstone_project\Resting-State-EEG-Dataset-for-SD\03_ica,sub14_wangxide_restOpen.ns.eeg         ',/Users/ruirui/Desktop/2018? ?/5EEG_REST/NS/,sub14_wangxide_restOpen.ns.vhdr,1 1601000,64,S 33,0  300,wangxide epochs,"'ECG','FT9','FT10'",,," EEG, 500",1565,True,False,explicit_open
sub-50_ses-2.set,sub-50,ses-2,acc596873e4c0a721f55ce7851cb8a16b472ed2e25f308e6195ffcd49a7c47e9,True,61,72,2000,4.0,500.0,0.0,3.998,average,61,"[""Fp1"", ""Fp2"", ""F3"", ""F4"", ""C3"", ""C4"", ""P3"", ""P4"", ""O1"", ""O2"", ""F7"", ""F8"", ""T7"", ""T8"", ""P7"", ""P8"", ""Fz"", ""Cz"", ""Pz"", ""Oz"", ""FC1"", ""FC2"", ""CP1"", ""CP2"", ""FC5"", ""FC6"", ""CP5"", ""CP6"", ""TP9"", ""TP10"", ""POz"", ""F1"", ""F2"", ""C1"", ""C2"", ""P1"", ""P2"", ""AF3"", ""AF4"", ""FC3"", ""FC4"", ""CP3"", ""CP4"", ""PO3"", ""PO4"", ""F5"", ""F6"", ""C5"", ""C6"", ""P5"", ""P6"", ""AF7"", ""AF8"", ""FT7"", ""FT8"", ""TP7"", ""TP8"", ""PO7"", ""PO8"", ""Fpz"", ""CPz""]",wangxide resampled epochs - 4-s epochs pruned with ICA,D:\data_for_capstone_project\Resting-State-EEG-Dataset-for-SD\03_ica,sub14_wangxide_RESTopen_SD.eeg,/Users/ruirui/Desktop/2018硕 徐丹/5EEG_REST/SD/,sub14_wangxide_RESTopen_SD.vhdr,1 22520700,64,S 33,0  300,wangxide resampled epochs,"'ECG','FT9','FT10'",,," EEG, 500",1372,True,False,explicit_open
sub-51_ses-1.set,sub-51,ses-1,818945fc256dc70a461a0a3d03babd73da28c71320ff82bb48ba0d0e46abea52,True,61,70,2000,4.0,500.0,0.0,3.998,average,61,"[""Fp1"", ""AF3"", ""AF7"", ""Fz"", ""F1"", ""F3"", ""F5"", ""F7"", ""FC1"", ""FC3"", ""FC5"", ""FT7"", ""Cz"", ""C1"", ""C3"", ""C5"", ""T7"", ""CP1"", ""CP3"", ""CP5"", ""TP7"", ""TP9"", ""Pz"", ""P1"", ""P3"", ""P5"", ""P7"", ""PO3"", ""PO7"", ""Oz"", ""O1"", ""Fpz"", ""Fp2"", ""AF4"", ""AF8"", ""F2"", ""F4"", ""F6"", ""F8"", ""FC2"", ""FC4"", ""FC6"", ""FT8"", ""C2"", ""C4"", ""C6"", ""T8"", ""CPz"", ""CP2"", ""CP4"", ""CP6"", ""TP8"", ""TP10"", ""P2"", ""P4"", ""P6"", ""P8"", ""POz"", ""PO4"", ""PO8"", ""O2""]",panqianxu epochs - 4-s epochs pruned with ICA,D:\data_for_capstone_project\Resting-State-EEG-Dataset-for-SD\03_ica,sub15_panqianxxu_restopen_NS.eeg,/Users/ruirui/Desktop/2018硕 徐丹/5EEG_REST/NS/,sub15_panqianxxu_restopen_NS.vhdr,1 177650,63,S 33,0  300,panqianxu epochs,"'ECG','HEOR'",,,,1324,True,False,explicit_open
sub-51_ses-2.set,sub-51,ses-2,19779fb453d77b88ceadf6e0e41e4ab76a86408a98855a20b17af6c0c65ac297,True,61,67,2000,4.0,500.0,0.0,3.998,average,61,"[""Fp1"", ""Fp2"", ""F3"", ""F4"", ""C3"", ""C4"", ""P3"", ""P4"", ""O1"", ""O2"", ""F7"", ""F8"", ""T7"", ""T8"", ""P7"", ""P8"", ""Fz"", ""Cz"", ""Pz"", ""Oz"", ""FC1"", ""FC2"", ""CP1"", ""CP2"", ""FC5"", ""FC6"", ""CP5"", ""CP6"", ""TP9"", ""TP10"", ""POz"", ""F1"", ""F2"", ""C1"", ""C2"", ""P1"", ""P2"", ""AF3"", ""AF4"", ""FC3"", ""FC4"", ""CP3"", ""CP4"", ""PO3"", ""PO4"", ""F5"", ""F6"", ""C5"", ""C6"", ""P5"", ""P6"", ""AF7"", ""AF8"", ""FT7"", ""FT8"", ""TP7"", ""TP8"", ""PO7"", ""PO8"", ""Fpz"", ""CPz""]",sub36_panqianxu_restopen_sd.vhdr - 4-s epochs pruned with ICA,D:\data_for_capstone_project\Resting-State-EEG-Dataset-for-SD\03_ica,sub36_panqianxu_restopen_sd.eeg,D:\心理学\睡眠剥夺对EEG的影响\2018硕 徐丹\5EEG_REST\SD\,sub36_panqianxu_restopen_sd.vhdr,1 145420,64,,,,"'ECG','FT9','FT10'",,,,1254,True,False,explicit_open
sub-52_ses-1.set,sub-52,ses-1,a25f6ea5e29f2db89756508a32e44b36dfd1642222803be96dfe154f12c0b06e,True,61,72,2000,4.0,500.0,0.0,3.998,average,61,"[""Fp1"", ""AF3"", ""AF7"", ""Fz"", ""F1"", ""F3"", ""F5"", ""F7"", ""FC1"", ""FC3"", ""FC5"", ""FT7"", ""Cz"", ""C1"", ""C3"", ""C5"", ""T7"", ""CP1"", ""CP3"", ""CP5"", ""TP7"", ""TP9"", ""Pz"", ""P1"", ""P3"", ""P5"", ""P7"", ""PO3"", ""PO7"", ""Oz"", ""O1"", ""Fpz"", ""Fp2"", ""AF4"", ""AF8"", ""F2"", ""F4"", ""F6"", ""F8"", ""FC2"", ""FC4"", ""FC6"", ""FT8"", ""C2"", ""C4"", ""C6"", ""T8"", ""CPz"", ""CP2"", ""CP4"", ""CP6"", ""TP8"", ""TP10"", ""P2"", ""P4"", ""P6"", ""P8"", ""POz"", ""PO4"", ""PO8"", ""O2""]",wuyutong epochs - 4-s epochs pruned with ICA,D:\data_for_capstone_project\Resting-State-EEG-Dataset-for-SD\03_ica,sub16_wuyutong_restOpen_ns.eeg,/Users/ruirui/Desktop/2018硕 徐丹/5EEG_REST/NS/,sub16_wuyutong_restOpen_ns.vhdr,1 426660,63,S 33,0  300,wuyutong epochs,"'ECG','HEOR'",,,,1320,True,False,explicit_open
sub-52_ses-2.set,sub-52,ses-2,3234f94318b38f1abbca79ed67a62f3e1ac0a860c216254e867e4d79b9e6732b,True,61,79,2000,4.0,500.0,0.0,3.998,average,61,"[""Fp1"", ""AF3"", ""AF7"", ""Fz"", ""F1"", ""F3"", ""F5"", ""F7"", ""FC1"", ""FC3"", ""FC5"", ""FT7"", ""Cz"", ""C1"", ""C3"", ""C5"", ""T7"", ""CP1"", ""CP3"", ""CP5"", ""TP7"", ""TP9"", ""Pz"", ""P1"", ""P3"", ""P5"", ""P7"", ""PO3"", ""PO7"", ""Oz"", ""O1"", ""Fpz"", ""Fp2"", ""AF4"", ""AF8"", ""F2"", ""F4"", ""F6"", ""F8"", ""FC2"", ""FC4"", ""FC6"", ""FT8"", ""C2"", ""C4"", ""C6"", ""T8"", ""CPz"", ""CP2"", ""CP4"", ""CP6"", ""TP8"", ""TP10"", ""P2"", ""P4"", ""P6"", ""P8"", ""POz"", ""PO4"", ""PO8"", ""O2""]",sub16_wwuyutong_restopen_SD - 4-s epochs pruned with ICA,D:\data_for_capstone_project\Resting-State-EEG-Dataset-for-SD\03_ica,sub16_wwuyutong_restopen_SD.eeg,D:\心理学\睡眠剥夺对EEG的影响\2018硕 徐丹\5EEG_REST\SD\,sub16_wwuyutong_restopen_SD.vhdr,1 182390,63,,,,"'ECG','HEOR'",,,,1240,True,False,explicit_open
sub-53_ses-1.set,sub-53,ses-1,143148af693183dfc8ed8eb0414feb23d64c088a97160ec51adf8d3b3d8ec143,True,61,72,2000,4.0,500.0,0.0,3.998,average,61,"[""Fp1"", ""Fp2"", ""F3"", ""F4"", ""C3"", ""C4"", ""P3"", ""P4"", ""O1"", ""O2"", ""F7"", ""F8"", ""T7"", ""T8"", ""P7"", ""P8"", ""Fz"", ""Cz"", ""Pz"", ""Oz"", ""FC1"", ""FC2"", ""CP1"", ""CP2"", ""FC5"", ""FC6"", ""CP5"", ""CP6"", ""TP9"", ""TP10"", ""POz"", ""F1"", ""F2"", ""C1"", ""C2"", ""P1"", ""P2"", ""AF3"", ""AF4"", ""FC3"", ""FC4"", ""CP3"", ""CP4"", ""PO3"", ""PO4"", ""F5"", ""F6"", ""C5"", ""C6"", ""P5"", ""P6"", ""AF7"", ""AF8"", ""FT7"", ""FT8"", ""TP7"", ""TP8"", ""PO7"", ""PO8"", ""Fpz"", ""CPz""]",liusheng epochs resampled - 4-s epochs pruned with ICA,D:\data_for_capstone_project\Resting-State-EEG-Dataset-for-SD\03_ica,sub17_liusheng_restOpen_ns.eeg,/Users/ruirui/Desktop/2018硕 徐丹/5EEG_REST/NS/,sub17_liusheng_restOpen_ns.vhdr,1 2391600,64,S 33,0  300,liusheng epochs,"'ECG','FT9','FT10'",,," EEG, 500",1361,True,False,explicit_open
sub-53_ses-2.set,sub-53,ses-2,17ac4fe9906e79e1fae9c9aef73ede90d23e495c92fbedcb6e70ae6260cb65dd,True,61,72,2000,4.0,500.0,0.0,3.998,average,61,"[""Fp1"", ""Fp2"", ""F3"", ""F4"", ""C3"", ""C4"", ""P3"", ""P4"", ""O1"", ""O2"", ""F7"", ""F8"", ""T7"", ""T8"", ""P7"", ""P8"", ""Fz"", ""Cz"", ""Pz"", ""Oz"", ""FC1"", ""FC2"", ""CP1"", ""CP2"", ""FC5"", ""FC6"", ""CP5"", ""CP6"", ""TP9"", ""TP10"", ""POz"", ""F1"", ""F2"", ""C1"", ""C2"", ""P1"", ""P2"", ""AF3"", ""AF4"", ""FC3"", ""FC4"", ""CP3"", ""CP4"", ""PO3"", ""PO4"", ""F5"", ""F6"", ""C5"", ""C6"", ""P5"", ""P6"", ""AF7"", ""AF8"", ""FT7"", ""FT8"", ""TP7"", ""TP8"", ""PO7"", ""PO8"", ""Fpz"", ""CPz""]",sub17_liusheng_restopen_sd epochs - 4-s epochs pruned with ICA,D:\data_for_capstone_project\Resting-State-EEG-Dataset-for-SD\03_ica,sub17_liusheng_restopen_sd.eeg,D:\心理学\睡眠剥夺对EEG的影响\2018硕 徐丹\5EEG_REST\SD\,sub17_liusheng_restopen_sd.vhdr,1 157010,64,S 33,0  300,sub17_liusheng_restopen_sd epochs,"'ECG','FT9','FT10'",,,,1362,True,False,explicit_open
sub-54_ses-1.set,sub-54,ses-1,718104779c1e37c23a1d93bd5225ec9120a44ffec586d0f4092521bf35140031,True,61,71,2000,4.0,500.0,0.0,3.998,average,61,"[""Fp1"", ""AF3"", ""AF7"", ""Fz"", ""F1"", ""F3"", ""F5"", ""F7"", ""FC1"", ""FC3"", ""FC5"", ""FT7"", ""Cz"", ""C1"", ""C3"", ""C5"", ""T7"", ""CP1"", ""CP3"", ""CP5"", ""TP7"", ""TP9"", ""Pz"", ""P1"", ""P3"", ""P5"", ""P7"", ""PO3"", ""PO7"", ""Oz"", ""O1"", ""Fpz"", ""Fp2"", ""AF4"", ""AF8"", ""F2"", ""F4"", ""F6"", ""F8"", ""FC2"", ""FC4"", ""FC6"", ""FT8"", ""C2"", ""C4"", ""C6"", ""T8"", ""CPz"", ""CP2"", ""CP4"", ""CP6"", ""TP8"", ""TP10"", ""P2"", ""P4"", ""P6"", ""P8"", ""POz"", ""PO4"", ""PO8"", ""O2""]",shiyufeng epochs - 4-s epochs pruned with ICA,D:\data_for_capstone_project\Resting-State-EEG-Dataset-for-SD\03_ica,sub19_shiyufeng.eeg,/Users/ruirui/Desktop/2018硕 徐丹/5EEG_REST/NS/,sub19_shiyufeng_Rest.vhdr,1 175440,63,S 33,0  300,shiyufeng epochs,"'ECG','HEOR'",,,,1316,False,False,none
sub-54_ses-2.set,sub-54,ses-2,24478630f294e411287aeb8ae7eb2284be04b0be6e2128d22d1117f52ac907cf,True,61,63,2000,4.0,500.0,0.0,3.998,average,61,"[""Fp1"", ""AF3"", ""AF7"", ""Fz"", ""F1"", ""F3"", ""F5"", ""F7"", ""FC1"", ""FC3"", ""FC5"", ""FT7"", ""Cz"", ""C1"", ""C3"", ""C5"", ""T7"", ""CP1"", ""CP3"", ""CP5"", ""TP7"", ""TP9"", ""Pz"", ""P1"", ""P3"", ""P5"", ""P7"", ""PO3"", ""PO7"", ""Oz"", ""O1"", ""Fpz"", ""Fp2"", ""AF4"", ""AF8"", ""F2"", ""F4"", ""F6"", ""F8"", ""FC2"", ""FC4"", ""FC6"", ""FT8"", ""C2"", ""C4"", ""C6"", ""T8"", ""CPz"", ""CP2"", ""CP4"", ""CP6"", ""TP8"", ""TP10"", ""P2"", ""P4"", ""P6"", ""P8"", ""POz"", ""PO4"", ""PO8"", ""O2""]",sub19_shiyufeng_restopen_sdd.vhdr epochs - 4-s epochs pruned with ICA,D:\data_for_capstone_project\Resting-State-EEG-Dataset-for-SD\03_ica,sub19_shiyufeng_restopen_sdd.eeg,D:\心理学\睡眠剥夺对EEG的影响\2018硕 徐丹\5EEG_REST\SD\,sub19_shiyufeng_restopen_sdd.vhdr,1 176380,63,S 33,0  300,sub19_shiyufeng_restopen_sdd.vhdr epochs,"'ECG','HEOR'",,,,1369,True,False,explicit_open
sub-55_ses-1.set,sub-55,ses-1,a113d0bd3a07ebd948497cc5d33ed7cbd37d9e0c89b626d3ba094daf39ec7567,True,61,74,2000,4.0,500.0,0.0,3.998,average,61,"[""Fp1"", ""AF3"", ""AF7"", ""Fz"", ""F1"", ""F3"", ""F5"", ""F7"", ""FC1"", ""FC3"", ""FC5"", ""FT7"", ""Cz"", ""C1"", ""C3"", ""C5"", ""T7"", ""CP1"", ""CP3"", ""CP5"", ""TP7"", ""TP9"", ""Pz"", ""P1"", ""P3"", ""P5"", ""P7"", ""PO3"", ""PO7"", ""Oz"", ""O1"", ""Fpz"", ""Fp2"", ""AF4"", ""AF8"", ""F2"", ""F4"", ""F6"", ""F8"", ""FC2"", ""FC4"", ""FC6"", ""FT8"", ""C2"", ""C4"", ""C6"", ""T8"", ""CPz"", ""CP2"", ""CP4"", ""CP6"", ""TP8"", ""TP10"", ""P2"", ""P4"", ""P6"", ""P8"", ""POz"", ""PO4"", ""PO8"", ""O2""]",liufang epochs - 4-s epochs pruned with ICA,D:\data_for_capstone_project\Resting-State-EEG-Dataset-for-SD\03_ica,sub20_liufang_restOpen_ns.eeg,/Users/ruirui/Desktop/2018硕 徐丹/5EEG_REST/NS/,sub20_liufang_restOpen_ns.vhdr,1 189130,63,S 33,0  300,liufang epochs,"'ECG','HEOR'",,,,1317,True,False,explicit_open
sub-55_ses-2.set,sub-55,ses-2,b5359623bccf9dc1b35933be14574777a485809f83d14c6b1ec537804e691cf0,True,61,73,2000,4.0,500.0,0.0,3.998,average,61,"[""Fp1"", ""Fp2"", ""F3"", ""F4"", ""C3"", ""C4"", ""P3"", ""P4"", ""O1"", ""O2"", ""F7"", ""F8"", ""T7"", ""T8"", ""P7"", ""P8"", ""Fz"", ""Cz"", ""Pz"", ""Oz"", ""FC1"", ""FC2"", ""CP1"", ""CP2"", ""FC5"", ""FC6"", ""CP5"", ""CP6"", ""TP9"", ""TP10"", ""POz"", ""F1"", ""F2"", ""C1"", ""C2"", ""P1"", ""P2"", ""AF3"", ""AF4"", ""FC3"", ""FC4"", ""CP3"", ""CP4"", ""PO3"", ""PO4"", ""F5"", ""F6"", ""C5"", ""C6"", ""P5"", ""P6"", ""AF7"", ""AF8"", ""FT7"", ""FT8"", ""TP7"", ""TP8"", ""PO7"", ""PO8"", ""Fpz"", ""CPz""]",sub20_liufang_rest_sd.vhdr epochs - 4-s epochs pruned with ICA,D:\data_for_capstone_project\Resting-State-EEG-Dataset-for-SD\03_ica,sub20_liufang_rest_sd.eeg,D:\心理学\睡眠剥夺对EEG的影响\2018硕 徐丹\5EEG_REST\SD\,sub20_liufang_rest_sd.vhdr,1 163990,64,S 33,0  300,sub20_liufang_rest_sd.vhdr epochs,"'ECG','FT9','FT10'",,,,1357,False,False,none
sub-56_ses-1.set,sub-56,ses-1,1dc225d5928f21cb83cbe31d72a0275b7a0a74ccd2e86f9ad6750536dc455b0a,True,61,72,2000,4.0,500.0,0.0,3.998,average,61,"[""Fp1"", ""AF3"", ""AF7"", ""Fz"", ""F1"", ""F3"", ""F5"", ""F7"", ""FC1"", ""FC3"", ""FC5"", ""FT7"", ""Cz"", ""C1"", ""C3"", ""C5"", ""T7"", ""CP1"", ""CP3"", ""CP5"", ""TP7"", ""TP9"", ""Pz"", ""P1"", ""P3"", ""P5"", ""P7"", ""PO3"", ""PO7"", ""Oz"", ""O1"", ""Fpz"", ""Fp2"", ""AF4"", ""AF8"", ""F2"", ""F4"", ""F6"", ""F8"", ""FC2"", ""FC4"", ""FC6"", ""FT8"", ""C2"", ""C4"", ""C6"", ""T8"", ""CPz"", ""CP2"", ""CP4"", ""CP6"", ""TP8"", ""TP10"", ""P2"", ""P4"", ""P6"", ""P8"", ""POz"", ""PO4"", ""PO8"", ""O2""]",denghai epochs - 4-s epochs pruned with ICA,D:\data_for_capstone_project\Resting-State-EEG-Dataset-for-SD\03_ica,sub21_denghai_Rest_ns.eeg,/Users/ruirui/Desktop/2018硕 徐丹/5EEG_REST/NS/,sub21_denghai_Rest_ns.vhdr,1 170360,63,S 33,0  300,denghai epochs,"'ECG','HEOR'",,,,1313,False,False,none
sub-56_ses-2.set,sub-56,ses-2,486ee5c93fee793da35e047a392c89a28405a7fa0ab3ca5dc2ca00b5ae6295a7,True,61,72,2000,4.0,500.0,0.0,3.998,average,61,"[""Fp1"", ""AF3"", ""AF7"", ""Fz"", ""F1"", ""F3"", ""F5"", ""F7"", ""FC1"", ""FC3"", ""FC5"", ""FT7"", ""Cz"", ""C1"", ""C3"", ""C5"", ""T7"", ""CP1"", ""CP3"", ""CP5"", ""TP7"", ""TP9"", ""Pz"", ""P1"", ""P3"", ""P5"", ""P7"", ""PO3"", ""PO7"", ""Oz"", ""O1"", ""Fpz"", ""Fp2"", ""AF4"", ""AF8"", ""F2"", ""F4"", ""F6"", ""F8"", ""FC2"", ""FC4"", ""FC6"", ""FT8"", ""C2"", ""C4"", ""C6"", ""T8"", ""CPz"", ""CP2"", ""CP4"", ""CP6"", ""TP8"", ""TP10"", ""P2"", ""P4"", ""P6"", ""P8"", ""POz"", ""PO4"", ""PO8"", ""O2""]",sub21_denghai_restopen_sd epochs - 4-s epochs pruned with ICA,D:\data_for_capstone_project\Resting-State-EEG-Dataset-for-SD\03_ica,sub21_denghai_restopen_sd.eeg,D:\心理学\睡眠剥夺对EEG的影响\2018硕 徐丹\5EEG_REST\SD\,sub21_denghai_restopen_sd.vhdr,1 194540,63,S 33,0  300,sub21_denghai_restopen_sd epochs,"'ECG','HEOR'",,,,1350,True,False,explicit_open
sub-57_ses-1.set,sub-57,ses-1,f3293a42d00c1d193b7e89f350f0263bbcf8b956a2feb627a369036d3a408370,True,61,71,2000,4.0,500.0,0.0,3.998,average,61,"[""Fp1"", ""AF3"", ""AF7"", ""Fz"", ""F1"", ""F3"", ""F5"", ""F7"", ""FC1"", ""FC3"", ""FC5"", ""FT7"", ""Cz"", ""C1"", ""C3"", ""C5"", ""T7"", ""CP1"", ""CP3"", ""CP5"", ""TP7"", ""TP9"", ""Pz"", ""P1"", ""P3"", ""P5"", ""P7"", ""PO3"", ""PO7"", ""Oz"", ""O1"", ""Fpz"", ""Fp2"", ""AF4"", ""AF8"", ""F2"", ""F4"", ""F6"", ""F8"", ""FC2"", ""FC4"", ""FC6"", ""FT8"", ""C2"", ""C4"", ""C6"", ""T8"", ""CPz"", ""CP2"", ""CP4"", ""CP6"", ""TP8"", ""TP10"", ""P2"", ""P4"", ""P6"", ""P8"", ""POz"", ""PO4"", ""PO8"", ""O2""]",shuixingyu_restopen.set - 4-s epochs pruned with ICA,D:\data_for_capstone_project\Resting-State-EEG-Dataset-for-SD\03_ica,sub23_shuiixngyu_restopen.eeg        ',F:\SD-mircostate-?\5EEG_REST\NS\,sub23_shuiixngyu_restopen.vhdr,1 166380,63,,,,,,,,1378,True,False,explicit_open
sub-57_ses-2.set,sub-57,ses-2,314a2b65e371024c2b84fed6be2368e87e35eb89200811af79936574d57bbe05,True,61,56,2000,4.0,500.0,0.0,3.998,average,61,"[""Fp1"", ""Fp2"", ""F3"", ""F4"", ""C3"", ""C4"", ""P3"", ""P4"", ""O1"", ""O2"", ""F7"", ""F8"", ""T7"", ""T8"", ""P7"", ""P8"", ""Fz"", ""Cz"", ""Pz"", ""Oz"", ""FC1"", ""FC2"", ""CP1"", ""CP2"", ""FC5"", ""FC6"", ""CP5"", ""CP6"", ""TP9"", ""TP10"", ""POz"", ""F1"", ""F2"", ""C1"", ""C2"", ""P1"", ""P2"", ""AF3"", ""AF4"", ""FC3"", ""FC4"", ""CP3"", ""CP4"", ""PO3"", ""PO4"", ""F5"", ""F6"", ""C5"", ""C6"", ""P5"", ""P6"", ""AF7"", ""AF8"", ""FT7"", ""FT8"", ""TP7"", ""TP8"", ""PO7"", ""PO8"", ""Fpz"", ""CPz""]",sub23_shuixxingyu_restopen_sd.vhdr - 4-s epochs pruned with ICA,D:\data_for_capstone_project\Resting-State-EEG-Dataset-for-SD\03_ica,sub23_shuixxingyu_restopen_sd.eeg,D:\心理学\睡眠剥夺对EEG的影响\2018硕 徐丹\5EEG_REST\SD\,sub23_shuixxingyu_restopen_sd.vhdr,1 125720,64,,,,"'ECG','FT9','FT10'",,,,1258,True,False,explicit_open
sub-58_ses-1.set,sub-58,ses-1,89f6b00574343ba3aad14d0c5f7f285708c4cc3e026e072ee304d6199ad16a3f,True,61,72,2000,4.0,500.0,0.0,3.998,average,61,"[""Fp1"", ""AF3"", ""AF7"", ""Fz"", ""F1"", ""F3"", ""F5"", ""F7"", ""FC1"", ""FC3"", ""FC5"", ""FT7"", ""Cz"", ""C1"", ""C3"", ""C5"", ""T7"", ""CP1"", ""CP3"", ""CP5"", ""TP7"", ""TP9"", ""Pz"", ""P1"", ""P3"", ""P5"", ""P7"", ""PO3"", ""PO7"", ""Oz"", ""O1"", ""Fpz"", ""Fp2"", ""AF4"", ""AF8"", ""F2"", ""F4"", ""F6"", ""F8"", ""FC2"", ""FC4"", ""FC6"", ""FT8"", ""C2"", ""C4"", ""C6"", ""T8"", ""CPz"", ""CP2"", ""CP4"", ""CP6"", ""TP8"", ""TP10"", ""P2"", ""P4"", ""P6"", ""P8"", ""POz"", ""PO4"", ""PO8"", ""O2""]",pengkaiqin epochs - 4-s epochs pruned with ICA,D:\data_for_capstone_project\Resting-State-EEG-Dataset-for-SD\03_ica,sub24_pengkaiqin_restopen_ns.eeg,/Users/ruirui/Desktop/2018硕 徐丹/5EEG_REST/NS/,sub24_pengkaiqin_restopen_ns.vhdr,1 165960,63,S 33,0  300,pengkaiqin epochs,"'ECG','HEOR'",,,,1326,True,False,explicit_open
sub-58_ses-2.set,sub-58,ses-2,508a568ca236c4eb6c4e38ba0f976c433eec442879aae4b8a7d6ec606c2007b3,True,61,62,2000,4.0,500.0,0.0,3.998,average,61,"[""Fp1"", ""AF3"", ""AF7"", ""Fz"", ""F1"", ""F3"", ""F5"", ""F7"", ""FC1"", ""FC3"", ""FC5"", ""FT7"", ""Cz"", ""C1"", ""C3"", ""C5"", ""T7"", ""CP1"", ""CP3"", ""CP5"", ""TP7"", ""TP9"", ""Pz"", ""P1"", ""P3"", ""P5"", ""P7"", ""PO3"", ""PO7"", ""Oz"", ""O1"", ""Fpz"", ""Fp2"", ""AF4"", ""AF8"", ""F2"", ""F4"", ""F6"", ""F8"", ""FC2"", ""FC4"", ""FC6"", ""FT8"", ""C2"", ""C4"", ""C6"", ""T8"", ""CPz"", ""CP2"", ""CP4"", ""CP6"", ""TP8"", ""TP10"", ""P2"", ""P4"", ""P6"", ""P8"", ""POz"", ""PO4"", ""PO8"", ""O2""]",sub24_pengkaiqin_restopen_sd.vhdr - 4-s epochs pruned with ICA,D:\data_for_capstone_project\Resting-State-EEG-Dataset-for-SD\03_ica,sub24_pengkaiqin_restopen_sd.eeg,D:\心理学\睡眠剥夺对EEG的影响\2018硕 徐丹\5EEG_REST\SD\,sub24_pengkaiqin_restopen_sd.vhdr,1 132410,63,,,,"'ECG','HEOR'",,,,1247,True,False,explicit_open
sub-59_ses-1.set,sub-59,ses-1,8db7c4aeb95860e0738f271f406e9f911da871c93c26778d6dec0c8ef0026ec5,True,61,71,2000,4.0,500.0,0.0,3.998,average,61,"[""Fp1"", ""AF3"", ""AF7"", ""Fz"", ""F1"", ""F3"", ""F5"", ""F7"", ""FC1"", ""FC3"", ""FC5"", ""FT7"", ""Cz"", ""C1"", ""C3"", ""C5"", ""T7"", ""CP1"", ""CP3"", ""CP5"", ""TP7"", ""TP9"", ""Pz"", ""P1"", ""P3"", ""P5"", ""P7"", ""PO3"", ""PO7"", ""Oz"", ""O1"", ""Fpz"", ""Fp2"", ""AF4"", ""AF8"", ""F2"", ""F4"", ""F6"", ""F8"", ""FC2"", ""FC4"", ""FC6"", ""FT8"", ""C2"", ""C4"", ""C6"", ""T8"", ""CPz"", ""CP2"", ""CP4"", ""CP6"", ""TP8"", ""TP10"", ""P2"", ""P4"", ""P6"", ""P8"", ""POz"", ""PO4"", ""PO8"", ""O2""]",zhangxingyu epochs - 4-s epochs pruned with ICA,D:\data_for_capstone_project\Resting-State-EEG-Dataset-for-SD\03_ica,sub27_zhangxingyu_restopen.ns.eeg,/Users/ruirui/Desktop/2018硕 徐丹/5EEG_REST/NS/,sub27_zhangxingyu_restopen.ns.vhdr,1 176490,63,S 33,0  300,zhangxingyu epochs,"'ECG','HEOR'",,,,1329,True,False,explicit_open
sub-59_ses-2.set,sub-59,ses-2,50c67c9a43e59bd7e90b869a2ae2814916928f9f68a08f72e7a750dc47050bae,True,61,61,2000,4.0,500.0,0.0,3.998,average,61,"[""Fp1"", ""Fp2"", ""F3"", ""F4"", ""C3"", ""C4"", ""P3"", ""P4"", ""O1"", ""O2"", ""F7"", ""F8"", ""T7"", ""T8"", ""P7"", ""P8"", ""Fz"", ""Cz"", ""Pz"", ""Oz"", ""FC1"", ""FC2"", ""CP1"", ""CP2"", ""FC5"", ""FC6"", ""CP5"", ""CP6"", ""TP9"", ""TP10"", ""POz"", ""F1"", ""F2"", ""C1"", ""C2"", ""P1"", ""P2"", ""AF3"", ""AF4"", ""FC3"", ""FC4"", ""CP3"", ""CP4"", ""PO3"", ""PO4"", ""F5"", ""F6"", ""C5"", ""C6"", ""P5"", ""P6"", ""AF7"", ""AF8"", ""FT7"", ""FT8"", ""TP7"", ""TP8"", ""PO7"", ""PO8"", ""Fpz"", ""CPz""]",sub27_zhangxingyu_restopen_sd.vhdr - 4-s epochs pruned with ICA,D:\data_for_capstone_project\Resting-State-EEG-Dataset-for-SD\03_ica,sub27_zhangxingyu_restopen_sd.eeg,D:\心理学\睡眠剥夺对EEG的影响\2018硕 徐丹\5EEG_REST\SD\,sub27_zhangxingyu_restopen_sd.vhdr,1 144110,64,,,,"'ECG','FT9','FT10'",,,,1258,True,False,explicit_open
sub-60_ses-1.set,sub-60,ses-1,99776e4a58e3b361c7c8bea01c32b38f4caa69d3efb91a7130adf82cd265f024,True,61,60,2000,4.0,500.0,0.0,3.998,average,61,"[""Fp1"", ""AF3"", ""AF7"", ""Fz"", ""F1"", ""F3"", ""F5"", ""F7"", ""FC1"", ""FC3"", ""FC5"", ""FT7"", ""Cz"", ""C1"", ""C3"", ""C5"", ""T7"", ""CP1"", ""CP3"", ""CP5"", ""TP7"", ""TP9"", ""Pz"", ""P1"", ""P3"", ""P5"", ""P7"", ""PO3"", ""PO7"", ""Oz"", ""O1"", ""Fpz"", ""Fp2"", ""AF4"", ""AF8"", ""F2"", ""F4"", ""F6"", ""F8"", ""FC2"", ""FC4"", ""FC6"", ""FT8"", ""C2"", ""C4"", ""C6"", ""T8"", ""CPz"", ""CP2"", ""CP4"", ""CP6"", ""TP8"", ""TP10"", ""P2"", ""P4"", ""P6"", ""P8"", ""POz"", ""PO4"", ""PO8"", ""O2""]",jiangxibei - 4-s epochs pruned with ICA,D:\data_for_capstone_project\Resting-State-EEG-Dataset-for-SD\03_ica,sub30_jiangxibei_restopen_NS.eeg',D:\PSY\EEG microstate\2018 xudan\5EEG_REST\NS\,sub30_jiangxibei_restopen_NS.vhdr,1 124490,63,,,,"'ECG','HEOR'",,,,1229,True,False,explicit_open
sub-60_ses-2.set,sub-60,ses-2,4435fb3e309d9f42e9564b844d3ff2939ade02483de1d20cc9139df0a757b4f0,True,61,67,2000,4.0,500.0,0.0,3.998,average,61,"[""Fp1"", ""AF3"", ""AF7"", ""Fz"", ""F1"", ""F3"", ""F5"", ""F7"", ""FC1"", ""FC3"", ""FC5"", ""FT7"", ""Cz"", ""C1"", ""C3"", ""C5"", ""T7"", ""CP1"", ""CP3"", ""CP5"", ""TP7"", ""TP9"", ""Pz"", ""P1"", ""P3"", ""P5"", ""P7"", ""PO3"", ""PO7"", ""Oz"", ""O1"", ""Fpz"", ""Fp2"", ""AF4"", ""AF8"", ""F2"", ""F4"", ""F6"", ""F8"", ""FC2"", ""FC4"", ""FC6"", ""FT8"", ""C2"", ""C4"", ""C6"", ""T8"", ""CPz"", ""CP2"", ""CP4"", ""CP6"", ""TP8"", ""TP10"", ""P2"", ""P4"", ""P6"", ""P8"", ""POz"", ""PO4"", ""PO8"", ""O2""]",sub30_jiangxibei_rest_sd.vhdr epochs - 4-s epochs pruned with ICA,D:\data_for_capstone_project\Resting-State-EEG-Dataset-for-SD\03_ica,sub30_jiangxibei_rest_sd.eeg,D:\心理学\睡眠剥夺对EEG的影响\2018硕 徐丹\5EEG_REST\SD\,sub30_jiangxibei_rest_sd.vhdr,1 184790,63,S 33,0  300,sub30_jiangxibei_rest_sd.vhdr epochs,"'ECG','HEOR'",,,,1357,False,False,none
sub-61_ses-1.set,sub-61,ses-1,cb38461fb9661eabeba26e00d5ca11649c6fc17b17e73220635705204b8a57d7,True,61,74,2000,4.0,500.0,0.0,3.998,average,61,"[""Fp1"", ""AF3"", ""AF7"", ""Fz"", ""F1"", ""F3"", ""F5"", ""F7"", ""FC1"", ""FC3"", ""FC5"", ""FT7"", ""Cz"", ""C1"", ""C3"", ""C5"", ""T7"", ""CP1"", ""CP3"", ""CP5"", ""TP7"", ""TP9"", ""Pz"", ""P1"", ""P3"", ""P5"", ""P7"", ""PO3"", ""PO7"", ""Oz"", ""O1"", ""Fpz"", ""Fp2"", ""AF4"", ""AF8"", ""F2"", ""F4"", ""F6"", ""F8"", ""FC2"", ""FC4"", ""FC6"", ""FT8"", ""C2"", ""C4"", ""C6"", ""T8"", ""CPz"", ""CP2"", ""CP4"", ""CP6"", ""TP8"", ""TP10"", ""P2"", ""P4"", ""P6"", ""P8"", ""POz"", ""PO4"", ""PO8"", ""O2""]",zhangtianyi epochs - 4-s epochs pruned with ICA,D:\data_for_capstone_project\Resting-State-EEG-Dataset-for-SD\03_ica,sub31_zhangtianyi_restopen_ns.eeg,/Users/ruirui/Desktop/2018硕 徐丹/5EEG_REST/NS/,sub31_zhangtianyi_restopen_ns.vhdr,1 163790,63,S 33,0  300,zhangtianyi epochs,"'ECG','HEOR'",,,,1329,True,False,explicit_open
sub-61_ses-2.set,sub-61,ses-2,bd82bbaae0ba17b05207640d31c26ebcb5ba556732659db52190ee16663e3acb,True,61,74,2000,4.0,500.0,0.0,3.998,average,61,"[""Fp1"", ""AF3"", ""AF7"", ""Fz"", ""F1"", ""F3"", ""F5"", ""F7"", ""FC1"", ""FC3"", ""FC5"", ""FT7"", ""Cz"", ""C1"", ""C3"", ""C5"", ""T7"", ""CP1"", ""CP3"", ""CP5"", ""TP7"", ""TP9"", ""Pz"", ""P1"", ""P3"", ""P5"", ""P7"", ""PO3"", ""PO7"", ""Oz"", ""O1"", ""Fpz"", ""Fp2"", ""AF4"", ""AF8"", ""F2"", ""F4"", ""F6"", ""F8"", ""FC2"", ""FC4"", ""FC6"", ""FT8"", ""C2"", ""C4"", ""C6"", ""T8"", ""CPz"", ""CP2"", ""CP4"", ""CP6"", ""TP8"", ""TP10"", ""P2"", ""P4"", ""P6"", ""P8"", ""POz"", ""PO4"", ""PO8"", ""O2""]",sub31_zhangtianyi_restopen_sd.vhdr epochs - 4-s epochs pruned with ICA,D:\data_for_capstone_project\Resting-State-EEG-Dataset-for-SD\03_ica,sub31_zhangtianyi_restopen_sd.eeg,D:\心理学\睡眠剥夺对EEG的影响\2018硕 徐丹\5EEG_REST\SD\,sub31_zhangtianyi_restopen_sd.vhdr,1 165070,63,S 33,0  300,sub31_zhangtianyi_restopen_sd.vhdr epochs,"'ECG','HEOR'",,,,1372,True,False,explicit_open
sub-62_ses-1.set,sub-62,ses-1,61d01f861e17b920911e122e7cc35863b4ec8ee9915f933a452e5affa5f6ee5a,True,61,71,2000,4.0,500.0,0.0,3.998,average,61,"[""Fp1"", ""AF3"", ""AF7"", ""Fz"", ""F1"", ""F3"", ""F5"", ""F7"", ""FC1"", ""FC3"", ""FC5"", ""FT7"", ""Cz"", ""C1"", ""C3"", ""C5"", ""T7"", ""CP1"", ""CP3"", ""CP5"", ""TP7"", ""TP9"", ""Pz"", ""P1"", ""P3"", ""P5"", ""P7"", ""PO3"", ""PO7"", ""Oz"", ""O1"", ""Fpz"", ""Fp2"", ""AF4"", ""AF8"", ""F2"", ""F4"", ""F6"", ""F8"", ""FC2"", ""FC4"", ""FC6"", ""FT8"", ""C2"", ""C4"", ""C6"", ""T8"", ""CPz"", ""CP2"", ""CP4"", ""CP6"", ""TP8"", ""TP10"", ""P2"", ""P4"", ""P6"", ""P8"", ""POz"", ""PO4"", ""PO8"", ""O2""]",tianhanlei epochs - 4-s epochs pruned with ICA,D:\data_for_capstone_project\Resting-State-EEG-Dataset-for-SD\03_ica,sub32_tianhanlei_restopen_ns.eeg,/Users/ruirui/Desktop/2018硕 徐丹/5EEG_REST/NS/,sub32_tianhanlei_restopen_ns.vhdr,1 178390,63,S 33,0  300,tianhanlei epochs,"'ECG','HEOR'",,,,1326,True,False,explicit_open
sub-62_ses-2.set,sub-62,ses-2,78df431fa5fe71ce4e844222f403158ef214009e6edc46e68a3fef41a82e8972,True,61,66,2000,4.0,500.0,0.0,3.998,average,61,"[""Fp1"", ""AF3"", ""AF7"", ""Fz"", ""F1"", ""F3"", ""F5"", ""F7"", ""FC1"", ""FC3"", ""FC5"", ""FT7"", ""Cz"", ""C1"", ""C3"", ""C5"", ""T7"", ""CP1"", ""CP3"", ""CP5"", ""TP7"", ""TP9"", ""Pz"", ""P1"", ""P3"", ""P5"", ""P7"", ""PO3"", ""PO7"", ""Oz"", ""O1"", ""Fpz"", ""Fp2"", ""AF4"", ""AF8"", ""F2"", ""F4"", ""F6"", ""F8"", ""FC2"", ""FC4"", ""FC6"", ""FT8"", ""C2"", ""C4"", ""C6"", ""T8"", ""CPz"", ""CP2"", ""CP4"", ""CP6"", ""TP8"", ""TP10"", ""P2"", ""P4"", ""P6"", ""P8"", ""POz"", ""PO4"", ""PO8"", ""O2""]",sub32_tianhanlei_rest_sd.vhdr - 4-s epochs pruned with ICA,D:\data_for_capstone_project\Resting-State-EEG-Dataset-for-SD\03_ica,sub32_tianhanlei_rest_sd.eeg,D:\心理学\睡眠剥夺对EEG的影响\2018硕 徐丹\5EEG_REST\SD\,sub32_tianhanlei_rest_sd.vhdr,1 141790,63,,,,"'ECG','HEOR'",,,,1239,False,False,none
sub-63_ses-1.set,sub-63,ses-1,1258c45d7041166e8fe47d056eec3f157156ec09de8722e507df3e137c502e1a,True,61,68,2000,4.0,500.0,0.0,3.998,average,61,"[""Fp1"", ""AF3"", ""AF7"", ""Fz"", ""F1"", ""F3"", ""F5"", ""F7"", ""FC1"", ""FC3"", ""FC5"", ""FT7"", ""Cz"", ""C1"", ""C3"", ""C5"", ""T7"", ""CP1"", ""CP3"", ""CP5"", ""TP7"", ""TP9"", ""Pz"", ""P1"", ""P3"", ""P5"", ""P7"", ""PO3"", ""PO7"", ""Oz"", ""O1"", ""Fpz"", ""Fp2"", ""AF4"", ""AF8"", ""F2"", ""F4"", ""F6"", ""F8"", ""FC2"", ""FC4"", ""FC6"", ""FT8"", ""C2"", ""C4"", ""C6"", ""T8"", ""CPz"", ""CP2"", ""CP4"", ""CP6"", ""TP8"", ""TP10"", ""P2"", ""P4"", ""P6"", ""P8"", ""POz"", ""PO4"", ""PO8"", ""O2""]",xieyuqian epochs - 4-s epochs pruned with ICA,D:\data_for_capstone_project\Resting-State-EEG-Dataset-for-SD\03_ica,sub33_xieyuqian_restopen_NS.eeg,/Users/ruirui/Desktop/2018硕 徐丹/5EEG_REST/NS/,sub33_xieyuqian_restopen_NS.vhdr,1 181020,63,S 33,0  300,xieyuqian epochs,"'ECG','HEOR'",,,,1323,True,False,explicit_open
sub-63_ses-2.set,sub-63,ses-2,f7c249860a9fc34322ba548eb5340c1096aab01fc15260b82282b775c2d19d92,True,61,73,2000,4.0,500.0,0.0,3.998,average,61,"[""Fp1"", ""AF3"", ""AF7"", ""Fz"", ""F1"", ""F3"", ""F5"", ""F7"", ""FC1"", ""FC3"", ""FC5"", ""FT7"", ""Cz"", ""C1"", ""C3"", ""C5"", ""T7"", ""CP1"", ""CP3"", ""CP5"", ""TP7"", ""TP9"", ""Pz"", ""P1"", ""P3"", ""P5"", ""P7"", ""PO3"", ""PO7"", ""Oz"", ""O1"", ""Fpz"", ""Fp2"", ""AF4"", ""AF8"", ""F2"", ""F4"", ""F6"", ""F8"", ""FC2"", ""FC4"", ""FC6"", ""FT8"", ""C2"", ""C4"", ""C6"", ""T8"", ""CPz"", ""CP2"", ""CP4"", ""CP6"", ""TP8"", ""TP10"", ""P2"", ""P4"", ""P6"", ""P8"", ""POz"", ""PO4"", ""PO8"", ""O2""]",sub33_xieyuqian_rest_sd.vhdr epochs - 4-s epochs pruned with ICA,D:\data_for_capstone_project\Resting-State-EEG-Dataset-for-SD\03_ica,sub33_xieyuqian_rest_sd.eeg,D:\心理学\睡眠剥夺对EEG的影响\2018硕 徐丹\5EEG_REST\SD\,sub33_xieyuqian_rest_sd.vhdr,1 170950,63,S 33,0  300,sub33_xieyuqian_rest_sd.vhdr epochs,"'ECG','HEOR'",,,,1354,False,False,none
sub-64_ses-1.set,sub-64,ses-1,9c4d369baed59ffc79649cf7370b7f17b815d6ba6dac63513c5866940c0b77ff,True,61,69,2000,4.0,500.0,0.0,3.998,average,61,"[""Fp1"", ""AF3"", ""AF7"", ""Fz"", ""F1"", ""F3"", ""F5"", ""F7"", ""FC1"", ""FC3"", ""FC5"", ""FT7"", ""Cz"", ""C1"", ""C3"", ""C5"", ""T7"", ""CP1"", ""CP3"", ""CP5"", ""TP7"", ""TP9"", ""Pz"", ""P1"", ""P3"", ""P5"", ""P7"", ""PO3"", ""PO7"", ""Oz"", ""O1"", ""Fpz"", ""Fp2"", ""AF4"", ""AF8"", ""F2"", ""F4"", ""F6"", ""F8"", ""FC2"", ""FC4"", ""FC6"", ""FT8"", ""C2"", ""C4"", ""C6"", ""T8"", ""CPz"", ""CP2"", ""CP4"", ""CP6"", ""TP8"", ""TP10"", ""P2"", ""P4"", ""P6"", ""P8"", ""POz"", ""PO4"", ""PO8"", ""O2""]",leiyuhao epochs - 4-s epochs pruned with ICA,D:\data_for_capstone_project\Resting-State-EEG-Dataset-for-SD\03_ica,sub34_leiyuhao_restopen_ns.eeg,/Users/ruirui/Desktop/2018硕 徐丹/5EEG_REST/NS/,sub34_leiyuhao_restopen_ns.vhdr,1 184410,63,S 33,0  300,leiyuhao epochs,"'ECG','HEOR'",,,,1320,True,False,explicit_open
sub-64_ses-2.set,sub-64,ses-2,d16cde1c4726437ae4035e555b6be48905bb8bc7843a92f737ce2df013535411,True,61,70,2000,4.0,500.0,0.0,3.998,average,61,"[""Fp1"", ""AF3"", ""AF7"", ""Fz"", ""F1"", ""F3"", ""F5"", ""F7"", ""FC1"", ""FC3"", ""FC5"", ""FT7"", ""Cz"", ""C1"", ""C3"", ""C5"", ""T7"", ""CP1"", ""CP3"", ""CP5"", ""TP7"", ""TP9"", ""Pz"", ""P1"", ""P3"", ""P5"", ""P7"", ""PO3"", ""PO7"", ""Oz"", ""O1"", ""Fpz"", ""Fp2"", ""AF4"", ""AF8"", ""F2"", ""F4"", ""F6"", ""F8"", ""FC2"", ""FC4"", ""FC6"", ""FT8"", ""C2"", ""C4"", ""C6"", ""T8"", ""CPz"", ""CP2"", ""CP4"", ""CP6"", ""TP8"", ""TP10"", ""P2"", ""P4"", ""P6"", ""P8"", ""POz"", ""PO4"", ""PO8"", ""O2""]",sub34_leiyuhao_restopen_sd.vhdr epochs - 4-s epochs pruned with ICA,D:\data_for_capstone_project\Resting-State-EEG-Dataset-for-SD\03_ica,sub34_leiyuhao_restopen_sd.eeg,D:\心理学\睡眠剥夺对EEG的影响\2018硕 徐丹\5EEG_REST\SD\,sub34_leiyuhao_restopen_sd.vhdr,1 172870,63,S 33,0  300,sub34_leiyuhao_restopen_sd.vhdr epochs,"'ECG','HEOR'",,,,1363,True,False,explicit_open
sub-65_ses-1.set,sub-65,ses-1,3a0a9fcb59b83a35d7e175fa0f395e9e30e9af7be4ab2d196e6f9df38ff9a5a7,True,61,74,2000,4.0,500.0,0.0,3.998,average,61,"[""Fp1"", ""AF3"", ""AF7"", ""Fz"", ""F1"", ""F3"", ""F5"", ""F7"", ""FC1"", ""FC3"", ""FC5"", ""FT7"", ""Cz"", ""C1"", ""C3"", ""C5"", ""T7"", ""CP1"", ""CP3"", ""CP5"", ""TP7"", ""TP9"", ""Pz"", ""P1"", ""P3"", ""P5"", ""P7"", ""PO3"", ""PO7"", ""Oz"", ""O1"", ""Fpz"", ""Fp2"", ""AF4"", ""AF8"", ""F2"", ""F4"", ""F6"", ""F8"", ""FC2"", ""FC4"", ""FC6"", ""FT8"", ""C2"", ""C4"", ""C6"", ""T8"", ""CPz"", ""CP2"", ""CP4"", ""CP6"", ""TP8"", ""TP10"", ""P2"", ""P4"", ""P6"", ""P8"", ""POz"", ""PO4"", ""PO8"", ""O2""]",duolan epochs - 4-s epochs pruned with ICA,D:\data_for_capstone_project\Resting-State-EEG-Dataset-for-SD\03_ica,sub35_duolan_rest_ns.eeg   ',/Users/ruirui/Desktop/2018? ?/5EEG_REST/NS/,sub35_duolan_rest_ns.vhdr,1 188990,64,S 33,0  300,duolan epochs,"'ECG','FT9','FT10'",,,,1523,False,False,none
sub-65_ses-2.set,sub-65,ses-2,50ed2f90a69ccc10abb5281c8750689b6fecac2905dc85465d1d8d526c924cad,True,61,55,2000,4.0,500.0,0.0,3.998,average,61,"[""Fp1"", ""AF3"", ""AF7"", ""Fz"", ""F1"", ""F3"", ""F5"", ""F7"", ""FC1"", ""FC3"", ""FC5"", ""FT7"", ""Cz"", ""C1"", ""C3"", ""C5"", ""T7"", ""CP1"", ""CP3"", ""CP5"", ""TP7"", ""TP9"", ""Pz"", ""P1"", ""P3"", ""P5"", ""P7"", ""PO3"", ""PO7"", ""Oz"", ""O1"", ""Fpz"", ""Fp2"", ""AF4"", ""AF8"", ""F2"", ""F4"", ""F6"", ""F8"", ""FC2"", ""FC4"", ""FC6"", ""FT8"", ""C2"", ""C4"", ""C6"", ""T8"", ""CPz"", ""CP2"", ""CP4"", ""CP6"", ""TP8"", ""TP10"", ""P2"", ""P4"", ""P6"", ""P8"", ""POz"", ""PO4"", ""PO8"", ""O2""]",sub35_duolan_restopen_sd.vhdr - 4-s epochs pruned with ICA,D:\data_for_capstone_project\Resting-State-EEG-Dataset-for-SD\03_ica,sub35_duolan_restopen_sd.eeg,D:\心理学\睡眠剥夺对EEG的影响\2018硕 徐丹\5EEG_REST\SD\,sub35_duolan_restopen_sd.vhdr,1 118920,63,,,,"'ECG','HEOR'",,,,1239,True,False,explicit_open
sub-66_ses-1.set,sub-66,ses-1,897f0d958fde88cfd5a76e0dd45f9ac7e72d8cdab7768bfc5cefb16847b07d60,True,61,65,2000,4.0,500.0,0.0,3.998,average,61,"[""Fp1"", ""AF3"", ""AF7"", ""Fz"", ""F1"", ""F3"", ""F5"", ""F7"", ""FC1"", ""FC3"", ""FC5"", ""FT7"", ""Cz"", ""C1"", ""C3"", ""C5"", ""T7"", ""CP1"", ""CP3"", ""CP5"", ""TP7"", ""TP9"", ""Pz"", ""P1"", ""P3"", ""P5"", ""P7"", ""PO3"", ""PO7"", ""Oz"", ""O1"", ""Fpz"", ""Fp2"", ""AF4"", ""AF8"", ""F2"", ""F4"", ""F6"", ""F8"", ""FC2"", ""FC4"", ""FC6"", ""FT8"", ""C2"", ""C4"", ""C6"", ""T8"", ""CPz"", ""CP2"", ""CP4"", ""CP6"", ""TP8"", ""TP10"", ""P2"", ""P4"", ""P6"", ""P8"", ""POz"", ""PO4"", ""PO8"", ""O2""]",renyuke epochs - 4-s epochs pruned with ICA,D:\data_for_capstone_project\Resting-State-EEG-Dataset-for-SD\03_ica,sub39_renyuke_restopen_ns.eeg',/Users/ruirui/Desktop/2018? ?/5EEG_REST/NS/,sub39_renyuke_restopen_ns.vhdr,1 176130,64,S 33,0  300,renyuke epochs,"'ECG','FT9','FT10'",,,,1530,True,False,explicit_open
sub-66_ses-2.set,sub-66,ses-2,70008b86f2961841239efc1477fa21c348d049b1f8fd857686f791b0e8c22413,True,61,69,2000,4.0,500.0,0.0,3.998,average,61,"[""Fp1"", ""Fp2"", ""F3"", ""F4"", ""C3"", ""C4"", ""P3"", ""P4"", ""O1"", ""O2"", ""F7"", ""F8"", ""T7"", ""T8"", ""P7"", ""P8"", ""Fz"", ""Cz"", ""Pz"", ""Oz"", ""FC1"", ""FC2"", ""CP1"", ""CP2"", ""FC5"", ""FC6"", ""CP5"", ""CP6"", ""TP9"", ""TP10"", ""POz"", ""F1"", ""F2"", ""C1"", ""C2"", ""P1"", ""P2"", ""AF3"", ""AF4"", ""FC3"", ""FC4"", ""CP3"", ""CP4"", ""PO3"", ""PO4"", ""F5"", ""F6"", ""C5"", ""C6"", ""P5"", ""P6"", ""AF7"", ""AF8"", ""FT7"", ""FT8"", ""TP7"", ""TP8"", ""PO7"", ""PO8"", ""Fpz"", ""CPz""]",sub39_renyukke_rest_sd.vhdr epochs - 4-s epochs pruned with ICA,D:\data_for_capstone_project\Resting-State-EEG-Dataset-for-SD\03_ica,sub39_renyukke_rest_sd.eeg,D:\心理学\睡眠剥夺对EEG的影响\2018硕 徐丹\5EEG_REST\SD\,sub39_renyukke_rest_sd.vhdr,1 511100,64,S 33,0  300,sub39_renyukke_rest_sd.vhdr epochs,"'ECG','FT9','FT10'",,,,1360,False,False,none
sub-67_ses-1.set,sub-67,ses-1,318e6cd5c4a4223a5824ad47c97aed4d11bb39d7c41809d1a1d9f86d03e9ad73,True,61,74,2000,4.0,500.0,0.0,3.998,average,61,"[""Fp1"", ""Fp2"", ""F3"", ""F4"", ""C3"", ""C4"", ""P3"", ""P4"", ""O1"", ""O2"", ""F7"", ""F8"", ""T7"", ""T8"", ""P7"", ""P8"", ""Fz"", ""Cz"", ""Pz"", ""Oz"", ""FC1"", ""FC2"", ""CP1"", ""CP2"", ""FC5"", ""FC6"", ""CP5"", ""CP6"", ""TP9"", ""TP10"", ""POz"", ""F1"", ""F2"", ""C1"", ""C2"", ""P1"", ""P2"", ""AF3"", ""AF4"", ""FC3"", ""FC4"", ""CP3"", ""CP4"", ""PO3"", ""PO4"", ""F5"", ""F6"", ""C5"", ""C6"", ""P5"", ""P6"", ""AF7"", ""AF8"", ""FT7"", ""FT8"", ""TP7"", ""TP8"", ""PO7"", ""PO8"", ""Fpz"", ""CPz""]",yupengyuan epochs - 4-s epochs pruned with ICA,D:\data_for_capstone_project\Resting-State-EEG-Dataset-for-SD\03_ica,sub40_yupengyuan_rest_ns.eeg,/Users/ruirui/Desktop/2018硕 徐丹/5EEG_REST/NS/,sub40_yupengyuan_rest_ns.vhdr,1 198710,64,S 33,0  300,yupengyuan epochs,"'ECG','FT9','FT10'",,,,1331,False,False,none
sub-67_ses-2.set,sub-67,ses-2,c80f5237b320b376cedb46faac85f4f169a1fad94cc45516bbad466e491f2367,True,61,72,2000,4.0,500.0,0.0,3.998,average,61,"[""Fp1"", ""AF3"", ""AF7"", ""Fz"", ""F1"", ""F3"", ""F5"", ""F7"", ""FC1"", ""FC3"", ""FC5"", ""FT7"", ""Cz"", ""C1"", ""C3"", ""C5"", ""T7"", ""CP1"", ""CP3"", ""CP5"", ""TP7"", ""TP9"", ""Pz"", ""P1"", ""P3"", ""P5"", ""P7"", ""PO3"", ""PO7"", ""Oz"", ""O1"", ""Fpz"", ""Fp2"", ""AF4"", ""AF8"", ""F2"", ""F4"", ""F6"", ""F8"", ""FC2"", ""FC4"", ""FC6"", ""FT8"", ""C2"", ""C4"", ""C6"", ""T8"", ""CPz"", ""CP2"", ""CP4"", ""CP6"", ""TP8"", ""TP10"", ""P2"", ""P4"", ""P6"", ""P8"", ""POz"", ""PO4"", ""PO8"", ""O2""]",sub40_yupengyuan_restopen_sd.vhdr epochs - 4-s epochs pruned with ICA,D:\data_for_capstone_project\Resting-State-EEG-Dataset-for-SD\03_ica,sub40_yupengyuan_restopen_sd.eeg,D:\心理学\睡眠剥夺对EEG的影响\2018硕 徐丹\5EEG_REST\SD\,sub40_yupengyuan_restopen_sd.vhdr,1 178130,63,S 33,0  300,sub40_yupengyuan_restopen_sd.vhdr epochs,"'ECG','HEOR'",,,,1369,True,False,explicit_open
sub-68_ses-1.set,sub-68,ses-1,4f2f5f86ede782e9e030cfbbded8ab9c0e22891914dbc396c67af843a5fdaba0,True,61,73,2000,4.0,500.0,0.0,3.998,average,61,"[""Fp1"", ""AF3"", ""AF7"", ""Fz"", ""F1"", ""F3"", ""F5"", ""F7"", ""FC1"", ""FC3"", ""FC5"", ""FT7"", ""Cz"", ""C1"", ""C3"", ""C5"", ""T7"", ""CP1"", ""CP3"", ""CP5"", ""TP7"", ""TP9"", ""Pz"", ""P1"", ""P3"", ""P5"", ""P7"", ""PO3"", ""PO7"", ""Oz"", ""O1"", ""Fpz"", ""Fp2"", ""AF4"", ""AF8"", ""F2"", ""F4"", ""F6"", ""F8"", ""FC2"", ""FC4"", ""FC6"", ""FT8"", ""C2"", ""C4"", ""C6"", ""T8"", ""CPz"", ""CP2"", ""CP4"", ""CP6"", ""TP8"", ""TP10"", ""P2"", ""P4"", ""P6"", ""P8"", ""POz"", ""PO4"", ""PO8"", ""O2""]",sunyuting epochs - 4-s epochs pruned with ICA,D:\data_for_capstone_project\Resting-State-EEG-Dataset-for-SD\03_ica,sub41_sunyuting_restopen_ns.eeg,/Users/ruirui/Desktop/2018硕 徐丹/5EEG_REST/NS/,sub41_sunyuting_restopen_ns.vhdr,1 180040,63,S 33,0  300,sunyuting epochs,"'ECG','HEOR'",,,,1323,True,False,explicit_open
sub-68_ses-2.set,sub-68,ses-2,b9d731341b56e4b3d7b2bc2c4b585f1e939f9b12f007254f7c1bb80728c76345,True,61,73,2000,4.0,500.0,0.0,3.998,average,61,"[""Fp1"", ""Fp2"", ""F3"", ""F4"", ""C3"", ""C4"", ""P3"", ""P4"", ""O1"", ""O2"", ""F7"", ""F8"", ""T7"", ""T8"", ""P7"", ""P8"", ""Fz"", ""Cz"", ""Pz"", ""Oz"", ""FC1"", ""FC2"", ""CP1"", ""CP2"", ""FC5"", ""FC6"", ""CP5"", ""CP6"", ""TP9"", ""TP10"", ""POz"", ""F1"", ""F2"", ""C1"", ""C2"", ""P1"", ""P2"", ""AF3"", ""AF4"", ""FC3"", ""FC4"", ""CP3"", ""CP4"", ""PO3"", ""PO4"", ""F5"", ""F6"", ""C5"", ""C6"", ""P5"", ""P6"", ""AF7"", ""AF8"", ""FT7"", ""FT8"", ""TP7"", ""TP8"", ""PO7"", ""PO8"", ""Fpz"", ""CPz""]",sub41sunyuting_Restopen.vhdr epochs - 4-s epochs pruned with ICA,D:\data_for_capstone_project\Resting-State-EEG-Dataset-for-SD\03_ica,sub41sunyuting_Restopen.eeg,D:\心理学\睡眠剥夺对EEG的影响\2018硕 徐丹\5EEG_REST\SD\,sub41sunyuting_Restopen.vhdr,1 196140,64,S 33,0  300,sub41sunyuting_Restopen.vhdr epochs,"'ECG','FT9','FT10'",,,,1363,True,False,explicit_open
sub-69_ses-1.set,sub-69,ses-1,4e3ea341752e5e44cdd318ec95beaec9ca3399b64ef3366d7d38778e4ba0df31,True,61,73,2000,4.0,500.0,0.0,3.998,average,61,"[""Fp1"", ""AF3"", ""AF7"", ""Fz"", ""F1"", ""F3"", ""F5"", ""F7"", ""FC1"", ""FC3"", ""FC5"", ""FT7"", ""Cz"", ""C1"", ""C3"", ""C5"", ""T7"", ""CP1"", ""CP3"", ""CP5"", ""TP7"", ""TP9"", ""Pz"", ""P1"", ""P3"", ""P5"", ""P7"", ""PO3"", ""PO7"", ""Oz"", ""O1"", ""Fpz"", ""Fp2"", ""AF4"", ""AF8"", ""F2"", ""F4"", ""F6"", ""F8"", ""FC2"", ""FC4"", ""FC6"", ""FT8"", ""C2"", ""C4"", ""C6"", ""T8"", ""CPz"", ""CP2"", ""CP4"", ""CP6"", ""TP8"", ""TP10"", ""P2"", ""P4"", ""P6"", ""P8"", ""POz"", ""PO4"", ""PO8"", ""O2""]",chenqiuting epochs - 4-s epochs pruned with ICA,D:\data_for_capstone_project\Resting-State-EEG-Dataset-for-SD\03_ica,sub443_chenqiuting_rest_ns.eeg,/Users/ruirui/Desktop/2018硕 徐丹/5EEG_REST/NS/,sub443_chenqiuting_rest_ns.vhdr,1 175980,63,S 33,0  300,chenqiuting epochs,"'ECG','HEOR'",,,,1326,False,False,none
sub-69_ses-2.set,sub-69,ses-2,891d1f947eb203cb40da6c56734e622d080ae7ba9a33c5dd8350b73452ac1654,True,61,70,2000,4.0,500.0,0.0,3.998,average,61,"[""Fp1"", ""Fp2"", ""F3"", ""F4"", ""C3"", ""C4"", ""P3"", ""P4"", ""O1"", ""O2"", ""F7"", ""F8"", ""T7"", ""T8"", ""P7"", ""P8"", ""Fz"", ""Cz"", ""Pz"", ""Oz"", ""FC1"", ""FC2"", ""CP1"", ""CP2"", ""FC5"", ""FC6"", ""CP5"", ""CP6"", ""TP9"", ""TP10"", ""POz"", ""F1"", ""F2"", ""C1"", ""C2"", ""P1"", ""P2"", ""AF3"", ""AF4"", ""FC3"", ""FC4"", ""CP3"", ""CP4"", ""PO3"", ""PO4"", ""F5"", ""F6"", ""C5"", ""C6"", ""P5"", ""P6"", ""AF7"", ""AF8"", ""FT7"", ""FT8"", ""TP7"", ""TP8"", ""PO7"", ""PO8"", ""Fpz"", ""CPz""]",sub43_chenqiuting_rest_sd.vhdr epochs - 4-s epochs pruned with ICA,D:\data_for_capstone_project\Resting-State-EEG-Dataset-for-SD\03_ica,sub43_chenqiuting_rest_sd.eeg,D:\心理学\睡眠剥夺对EEG的影响\2018硕 徐丹\5EEG_REST\SD\,sub43_chenqiuting_rest_sd.vhdr,1 175810,64,S 33,0  300,sub43_chenqiuting_rest_sd.vhdr epochs,"'ECG','FT9','FT10'",,,,1369,False,False,none
sub-70_ses-1.set,sub-70,ses-1,52aa29333145924e1d70b6797a700ceadf28f6fef60cdb000dbabf8ba931e85f,True,61,70,2000,4.0,500.0,0.0,3.998,average,61,"[""Fp1"", ""AF3"", ""AF7"", ""Fz"", ""F1"", ""F3"", ""F5"", ""F7"", ""FC1"", ""FC3"", ""FC5"", ""FT7"", ""Cz"", ""C1"", ""C3"", ""C5"", ""T7"", ""CP1"", ""CP3"", ""CP5"", ""TP7"", ""TP9"", ""Pz"", ""P1"", ""P3"", ""P5"", ""P7"", ""PO3"", ""PO7"", ""Oz"", ""O1"", ""Fpz"", ""Fp2"", ""AF4"", ""AF8"", ""F2"", ""F4"", ""F6"", ""F8"", ""FC2"", ""FC4"", ""FC6"", ""FT8"", ""C2"", ""C4"", ""C6"", ""T8"", ""CPz"", ""CP2"", ""CP4"", ""CP6"", ""TP8"", ""TP10"", ""P2"", ""P4"", ""P6"", ""P8"", ""POz"", ""PO4"", ""PO8"", ""O2""]",sub21_wangzhewei_S.vhdr epochs - 4-s epochs pruned with ICA,D:\data_for_capstone_project\Resting-State-EEG-Dataset-for-SD\03_ica,21_wangzhewei_S.eeg                         ',D:\???\?????EEG??\2020 ???\EEG????\,sub21_wangzhewei_S.vhdr,1 1194670,64,S 33,0  300,sub21_wangzhewei_S.vhdr epochs,"'IO','HEOG','VEOG'",,,,1548,False,False,none
sub-70_ses-2.set,sub-70,ses-2,de47cbb772598e11e54a29e4887784f501168eddee65920d5b94e10504356171,True,61,69,2000,4.0,500.0,0.0,3.998,average,61,"[""Fp1"", ""AF3"", ""AF7"", ""Fz"", ""F1"", ""F3"", ""F5"", ""F7"", ""FC1"", ""FC3"", ""FC5"", ""FT7"", ""Cz"", ""C1"", ""C3"", ""C5"", ""T7"", ""CP1"", ""CP3"", ""CP5"", ""TP7"", ""TP9"", ""Pz"", ""P1"", ""P3"", ""P5"", ""P7"", ""PO3"", ""PO7"", ""Oz"", ""O1"", ""Fpz"", ""Fp2"", ""AF4"", ""AF8"", ""F2"", ""F4"", ""F6"", ""F8"", ""FC2"", ""FC4"", ""FC6"", ""FT8"", ""C2"", ""C4"", ""C6"", ""T8"", ""CPz"", ""CP2"", ""CP4"", ""CP6"", ""TP8"", ""TP10"", ""P2"", ""P4"", ""P6"", ""P8"", ""POz"", ""PO4"", ""PO8"", ""O2""]",sub21_wangzhewei_D.vhdr epochs - 4-s epochs pruned with ICA,D:\data_for_capstone_project\Resting-State-EEG-Dataset-for-SD\03_ica,21_wwangzhewei_D.eeg                        ',D:\???\?????EEG??\2020 ???\EEG????\,sub21_wangzhewei_D.vhdr,1 1127780,64,S 33,0  300,sub21_wangzhewei_D.vhdr epochs,"'IO','HEOG','VEOG'",,,,1548,False,False,none
sub-71_ses-1.set,sub-71,ses-1,bc9957f8e4c32f6544ee5b53f48d459d24a964a83fcada1f5a7df9004b7ce206,True,61,70,2000,4.0,500.0,0.0,3.998,average,61,"[""Fp1"", ""AF3"", ""AF7"", ""Fz"", ""F1"", ""F3"", ""F5"", ""F7"", ""FC1"", ""FC3"", ""FC5"", ""FT7"", ""Cz"", ""C1"", ""C3"", ""C5"", ""T7"", ""CP1"", ""CP3"", ""CP5"", ""TP7"", ""TP9"", ""Pz"", ""P1"", ""P3"", ""P5"", ""P7"", ""PO3"", ""PO7"", ""Oz"", ""O1"", ""Fpz"", ""Fp2"", ""AF4"", ""AF8"", ""F2"", ""F4"", ""F6"", ""F8"", ""FC2"", ""FC4"", ""FC6"", ""FT8"", ""C2"", ""C4"", ""C6"", ""T8"", ""CPz"", ""CP2"", ""CP4"", ""CP6"", ""TP8"", ""TP10"", ""P2"", ""P4"", ""P6"", ""P8"", ""POz"", ""PO4"", ""PO8"", ""O2""]",sub22_jiayidaer_S.vhdr epochs - 4-s epochs pruned with ICA,D:\data_for_capstone_project\Resting-State-EEG-Dataset-for-SD\03_ica,22_jiayidaer_S.eeg                         ',D:\???\?????EEG??\2020 ???\EEG????\,sub22_jiayidaer_S.vhdr,1 1158620,64,S 33,0  300,sub22_jiayidaer_S.vhdr epochs,"'IO','HEOG','VEOG'",,,,1545,False,False,none
sub-71_ses-2.set,sub-71,ses-2,a29c6a479eaa8dd1ab139823d00f16874d761bdef9af8c33763eeff577f09d3c,True,61,72,2000,4.0,500.0,0.0,3.998,average,61,"[""Fp1"", ""AF3"", ""AF7"", ""Fz"", ""F1"", ""F3"", ""F5"", ""F7"", ""FC1"", ""FC3"", ""FC5"", ""FT7"", ""Cz"", ""C1"", ""C3"", ""C5"", ""T7"", ""CP1"", ""CP3"", ""CP5"", ""TP7"", ""TP9"", ""Pz"", ""P1"", ""P3"", ""P5"", ""P7"", ""PO3"", ""PO7"", ""Oz"", ""O1"", ""Fpz"", ""Fp2"", ""AF4"", ""AF8"", ""F2"", ""F4"", ""F6"", ""F8"", ""FC2"", ""FC4"", ""FC6"", ""FT8"", ""C2"", ""C4"", ""C6"", ""T8"", ""CPz"", ""CP2"", ""CP4"", ""CP6"", ""TP8"", ""TP10"", ""P2"", ""P4"", ""P6"", ""P8"", ""POz"", ""PO4"", ""PO8"", ""O2""]",sub22_jiayidaer_D.vhdr epochs - 4-s epochs pruned with ICA,D:\data_for_capstone_project\Resting-State-EEG-Dataset-for-SD\03_ica,22_jiayidaer_D.eeg                         ',D:\???\?????EEG??\2020 ???\EEG????\,sub22_jiayidaer_D.vhdr,1 1094440,64,S 33,0  300,sub22_jiayidaer_D.vhdr epochs,"'IO','HEOG','VEOG'",,,,1545,False,False,none
