subject,SessionOrder,visit_pair,accuracy_source,delta_accuracy_source_vs_source,accuracy_bn_only,delta_accuracy_bn_only_vs_source,accuracy_tent_literal,delta_accuracy_tent_literal_vs_source,accuracy_tent_det,delta_accuracy_tent_det_vs_source,balanced_accuracy_source,delta_balanced_accuracy_source_vs_source,balanced_accuracy_bn_only,delta_balanced_accuracy_bn_only_vs_source,balanced_accuracy_tent_literal,delta_balanced_accuracy_tent_literal_vs_source,balanced_accuracy_tent_det,delta_balanced_accuracy_tent_det_vs_source,f1_source,delta_f1_source_vs_source,f1_bn_only,delta_f1_bn_only_vs_source,f1_tent_literal,delta_f1_tent_literal_vs_source,f1_tent_det,delta_f1_tent_det_vs_source,roc_auc_source,delta_roc_auc_source_vs_source,roc_auc_bn_only,delta_roc_auc_bn_only_vs_source,roc_auc_tent_literal,delta_roc_auc_tent_literal_vs_source,roc_auc_tent_det,delta_roc_auc_tent_det_vs_source,last_H_marg_source,last_dominant_share_source,last_H_cond_source,last_mean_max_conf_source,last_q1_source,last_pred_positive_frac_source,last_true_positive_frac_source,last_batch_balanced_accuracy_source,delta_H_marg_source,delta_dominant_share_source,delta_H_cond_source,delta_mean_max_conf_source,last_H_marg_bn_only,last_dominant_share_bn_only,last_H_cond_bn_only,last_mean_max_conf_bn_only,last_q1_bn_only,last_pred_positive_frac_bn_only,last_true_positive_frac_bn_only,last_batch_balanced_accuracy_bn_only,delta_H_marg_bn_only,delta_dominant_share_bn_only,delta_H_cond_bn_only,delta_mean_max_conf_bn_only,last_H_marg_tent_literal,last_dominant_share_tent_literal,last_H_cond_tent_literal,last_mean_max_conf_tent_literal,last_q1_tent_literal,last_pred_positive_frac_tent_literal,last_true_positive_frac_tent_literal,last_batch_balanced_accuracy_tent_literal,delta_H_marg_tent_literal,delta_dominant_share_tent_literal,delta_H_cond_tent_literal,delta_mean_max_conf_tent_literal,last_H_marg_tent_det,last_dominant_share_tent_det,last_H_cond_tent_det,last_mean_max_conf_tent_det,last_q1_tent_det,last_pred_positive_frac_tent_det,last_true_positive_frac_tent_det,last_batch_balanced_accuracy_tent_det,delta_H_marg_tent_det,delta_dominant_share_tent_det,delta_H_cond_tent_det,delta_mean_max_conf_tent_det,delta_last_H_marg_bn_only_vs_source,delta_last_H_marg_tent_literal_vs_source,delta_last_H_marg_tent_det_vs_source,delta_last_dominant_share_bn_only_vs_source,delta_last_dominant_share_tent_literal_vs_source,delta_last_dominant_share_tent_det_vs_source,delta_last_H_cond_bn_only_vs_source,delta_last_H_cond_tent_literal_vs_source,delta_last_H_cond_tent_det_vs_source,delta_last_mean_max_conf_bn_only_vs_source,delta_last_mean_max_conf_tent_literal_vs_source,delta_last_mean_max_conf_tent_det_vs_source,pred_disagreement_vs_source_bn_only,pred_disagreement_vs_source_tent_literal,pred_disagreement_vs_source_tent_det,pred_disagreement_literal_vs_det,n_windows
sub-01,NS->SD,ses-1->ses-2,0.4878048780487805,0.0,0.5067750677506775,0.01897018970189701,0.5013550135501355,0.013550135501354976,0.5094850948509485,0.02168021680216803,0.4448470209339775,0.0,0.5053676865271068,0.06052066559312935,0.499194847020934,0.054347826086956486,0.5084541062801932,0.06360708534621567,0.1306959403479702,0.0,0.468321226795803,0.33762528644783285,0.4589164434649708,0.3282205031170006,0.47268907563025203,0.3419931352822818,0.38083735909822863,0.0,0.5056360708534622,0.12479871175523355,0.5147611379495438,0.13392377885131518,0.5058149937376991,0.12497763463947048,0.5374626023633297,0.7456004244035505,0.4971229741840988,0.7513183864807202,0.2543995755964495,0.06060606060606061,1.0,,-0.09023139917251057,0.0827508812627374,-0.005336968605219039,0.0010817434778084278,0.692863665855396,0.5102917417587544,0.5403185295633851,0.7134423643195381,0.5102917417587544,0.5303030303030303,1.0,,0.0017468916584478429,-0.015837962253664812,0.028708076029510105,-0.02674808163525692,0.6927449502836991,0.5118397877297619,0.5384161411841233,0.7220370018798293,0.5073593395451704,0.5,1.0,,0.002392042525300194,-0.017510965998305667,0.03461465832170688,-0.02865929943491763,0.6928334927887025,0.5105448785082748,0.5393606866479256,0.7141310735252883,0.5096383835259599,0.5454545454545454,1.0,,0.0017167185917543366,-0.015584825504144343,0.027750233114050577,-0.02605937242950666,0.1554010634920664,0.15528234792036943,0.1553708904253729,-0.2353086826447961,-0.23376063667378855,-0.23505554589527566,0.04319555537928632,0.0412931670000245,0.04223771246382679,-0.03787602216118213,-0.029281384600890914,-0.037187312955431984,0.3333333333333333,0.3387533875338753,0.33604336043360433,0.11111111111111112,369
sub-02,NS->SD,ses-1->ses-2,0.5895522388059702,0.0,0.5522388059701492,-0.037313432835821,0.5373134328358209,-0.052238805970149294,0.5472636815920398,-0.04228855721393043,0.5935267857142857,0.0,0.5517857142857142,-0.04174107142857153,0.5370535714285714,-0.05647321428571439,0.546577380952381,-0.04694940476190479,0.6100301755922495,0.0,0.5360427715179172,-0.07398740407433224,0.5226212686567164,-0.08740890693553305,0.52823174789587,-0.08179842769637946,0.5894345238095239,0.0,0.5229910714285715,-0.0664434523809524,0.5239583333333333,-0.06547619047619058,0.521875,-0.0675595238095239,0.6168054852637628,0.6620676922417866,0.4051401074027153,0.8159223265829496,0.6620676922417866,0.6979166666666666,1.0,,0.0343847247764677,-0.05706718098959603,0.07433231841246656,-0.02715038632940529,0.690454492987393,0.5247241964243585,0.42678083360833363,0.7974859295403197,0.5169639407977229,0.5729166666666666,1.0,,-0.0013394282871947993,-0.0012672902121266816,-0.02824817319147055,0.022206800365286956,0.6914622888864748,0.5239709362819364,0.42453173233135866,0.7949761587539493,0.5162179866771718,0.5625,1.0,,0.0003715415248451981,-0.006582941864811194,-0.006643911727639747,-0.009147508176586902,0.6906187579683912,0.525188632216062,0.4262283704479379,0.797474416852007,0.5150102560619416,0.5729166666666666,1.0,,-0.0011751633061966398,-0.0008028544204231972,-0.028800636351866304,0.022195287676974356,0.07364900772363026,0.07465680362271199,0.07381327270462845,-0.1373434958174281,-0.13809675595985027,-0.13687906002572459,0.021640726205618355,0.01939162492864338,0.0210882630452226,-0.018436397042629893,-0.020946167829000273,-0.01844790973094257,0.24129353233830844,0.2562189054726368,0.236318407960199,0.0845771144278607,402
sub-03,NS->SD,ses-1->ses-2,0.7389277389277389,0.0,0.44289044289044294,-0.29603729603729595,0.48018648018648014,-0.25874125874125875,0.4452214452214452,-0.2937062937062937,0.741258969341161,0.0,0.4438682322243966,-0.2973907371167644,0.4808871493803,-0.26037181996086095,0.44624918460534896,-0.295009784735812,0.7626210331377505,0.0,0.4626040454495975,-0.30001698768815305,0.4898950814443772,-0.2727259516933733,0.4660973346571724,-0.29652369848057814,0.8397912589693411,0.0,0.4647749510763209,-0.37501630789302026,0.46647097195042403,-0.3733202870189171,0.4671885192433138,-0.37260273972602737,0.38630757519260533,0.8371978981627358,0.34851405520574846,0.8480665038029352,0.8371978981627358,0.8888888888888888,1.0,,-0.22478407703895495,0.173514247193806,-0.09144373000356788,0.07484098466390303,0.6864244196498084,0.5485741169088417,0.6112772257940129,0.6552242922286192,0.5072890830536684,0.5555555555555555,1.0,,-0.006344594579770435,0.036998935444797966,0.08098863246079067,-0.06036579038482156,0.6920877444620045,0.5205969851877954,0.5807197327262141,0.6620076704356405,0.4920473024249077,0.5555555555555555,1.0,,-0.000760690292472536,0.011914707687942117,0.05464414250622982,-0.05546419815962308,0.6859933243725788,0.5488337075544728,0.6101036410007592,0.656910760121213,0.5106575062705411,0.5555555555555555,1.0,,-0.006775689857000093,0.037258526090429046,0.07981504766753694,-0.05867932249222781,0.30011684445720305,0.30578016926939916,0.2996857491799734,-0.2886237812538941,-0.3166009129749404,-0.288364190608263,0.2627631705882644,0.23220567752046567,0.26158958579501074,-0.19284221157431602,-0.18605883336729478,-0.19115574368172228,0.31002331002331,0.3006993006993007,0.30769230769230765,0.14685314685314685,429
sub-04,NS->SD,ses-1->ses-2,0.7474747474747474,0.0,0.47474747474747475,-0.27272727272727265,0.4545454545454546,-0.2929292929292928,0.47979797979797983,-0.26767676767676757,0.4368279569892473,0.0,0.4475806451612903,0.010752688172043001,0.4368279569892473,0.0,0.45026881720430106,0.013440860215053752,0.8538689053008165,0.0,0.6305138891232333,-0.22335501617758324,0.6097464502020539,-0.24412245509876263,0.6354411007693699,-0.2184278045314466,0.6908602150537635,0.0,0.46102150537634407,-0.22983870967741943,0.4274193548387097,-0.2634408602150538,0.46102150537634407,-0.22983870967741943,,,,,,,,,,,,,,,,,,,,,,,,,,,,,,,,,,,,,,,,,,,,,,,,,,,,,,,,,,,,,0.31313131313131315,0.3333333333333333,0.3080808080808081,0.08585858585858586,198
sub-05,NS->SD,ses-1->ses-2,0.3863636363636364,0.0,0.5404040404040403,0.15404040404040392,0.5353535353535354,0.14898989898989895,0.5404040404040403,0.15404040404040392,0.3907768848067356,0.0,0.5401454267125909,0.1493685419058553,0.5347876004592423,0.14401071565250673,0.5401454267125909,0.1493685419058553,0.14166525673377947,0.0,0.5518226114879298,0.41015735475415027,0.5560466417697376,0.4143813850359581,0.5518226114879298,0.41015735475415027,0.28465365480290855,0.0,0.5387676999617299,0.25411404515882136,0.5198622273249139,0.2352085725220054,0.5366628396479143,0.25200918484500573,0.4936106603083891,0.798099252084891,0.4852470365139458,0.798099252084891,0.201900747915109,0.0,1.0,,-0.17852747483024586,0.20351258401448524,-0.12077068929709038,0.12293414445593953,0.6908653389487202,0.5277899470594194,0.667320973169256,0.5910017655955421,0.5272755324840545,0.4444444444444444,1.0,,-0.001349104802398508,0.011647229186362703,0.1139436283163201,-0.12833592813048098,0.6924070628075961,0.5152707133028241,0.6464472108704427,0.6276814507113563,0.5137545830673642,0.5555555555555555,1.0,,0.00014566577498672148,-0.002735417071057252,0.09682671388927622,-0.09680216723871933,0.6913598501459136,0.5251131852467855,0.6674689316742893,0.5915196736653646,0.5236323939429389,0.4444444444444444,1.0,,-0.0008545936052050488,0.008970467373728752,0.11409158682135352,-0.12781802006065845,0.19725467864033103,0.198796402499207,0.19774918983752449,-0.27030930502547157,-0.2828285387820668,-0.27298606683810545,0.1820739366553102,0.16120017435649686,0.18222189516034354,-0.2070974864893489,-0.17041780137353468,-0.20657957841952634,0.3207070707070707,0.34595959595959597,0.3207070707070707,0.1717171717171717,396
sub-06,NS->SD,ses-1->ses-2,0.5676328502415459,0.0,0.48067632850241543,-0.08695652173913043,0.4734299516908212,-0.09420289855072467,0.47826086956521735,-0.08937198067632851,0.5788992117117117,0.0,0.4837415540540541,-0.09515765765765755,0.4759290540540541,-0.10297015765765755,0.4814893018018018,-0.09740990990990989,0.6178544530220298,0.0,0.48418491484184917,-0.13366953818018062,0.47308467613811117,-0.14476977688391862,0.4830917874396135,-0.13476266558241629,0.7057291666666666,0.0,0.48205236486486486,-0.22367680180180177,0.48240427927927926,-0.22332488738738737,0.484375,-0.22135416666666663,0.5620447596839773,0.7096767597443735,0.4176576503706408,0.7893288038127745,0.7096767597443735,0.75,1.0,,-0.09862041968570534,0.08793714359247436,-0.19447712418100094,0.13370804771936187,0.6924589676063665,0.5180878919830624,0.5021198262602448,0.7504384279842876,0.49344339985691477,0.4895833333333333,1.0,,0.0017905724524635014,-0.01617185452778358,-0.07395829374486433,0.055558226852250904,0.691375039711526,0.5200914034576272,0.5159641713416576,0.7368579905669321,0.48056349143977667,0.4583333333333333,1.0,,-0.00024271061626416715,-0.0069278881152664935,-0.06768604489653922,0.05426577811158495,0.692589316080826,0.5162134961477326,0.5009384151324004,0.7512878178677056,0.4958967294175333,0.4895833333333333,1.0,,0.0019209209269229384,-0.01804625036311336,-0.07513970487270855,0.05640761673566885,0.13041420792238922,0.12933028002754876,0.1305445563968487,-0.19158886776131112,-0.18958535628674633,-0.1934632635966409,0.08446217588960397,0.09830652097101683,0.08328076476175966,-0.03889037582848687,-0.05247081324584235,-0.038040985945068884,0.26570048309178745,0.2777777777777778,0.26811594202898553,0.1256038647342995,414
sub-07,NS->SD,ses-1->ses-2,0.8549618320610688,0.0,0.5038167938931298,-0.35114503816793896,0.5241730279898219,-0.3307888040712469,0.5038167938931298,-0.35114503816793896,0.8527077497665733,0.0,0.5029956427015251,-0.3497121070650482,0.5237706193588546,-0.32893713040771866,0.5029956427015251,-0.3497121070650482,0.8678550256920841,0.0,0.5227056208320101,-0.34514940486007395,0.5372234164983823,-0.3306316091937017,0.5227056208320101,-0.34514940486007395,0.9277933395580454,0.0,0.5104263927793339,-0.41736694677871156,0.5159508247743542,-0.41184251478369127,0.5111266728913789,-0.4166666666666665,0.4149844949900416,0.8372968385616938,0.3607496692939531,0.8372968385616938,0.8372968385616938,1.0,1.0,,-0.2441150781704731,0.2232313979572306,-0.24496953062558535,0.17545137965741256,0.689646272814552,0.5384403020143509,0.6000992354007118,0.6895392288764318,0.5384403020143509,0.5833333333333334,1.0,,-0.0027868133419931183,0.021977292994658153,0.052825281445589935,-0.017229995379845302,0.688949244531616,0.5390555088718733,0.6206485359480873,0.659815214574337,0.5265477672219276,0.5833333333333334,1.0,,-0.00369798907702353,0.026500972666932892,0.06798538493406676,-0.04047128067274267,0.6894587635244456,0.5395414841671785,0.5999612039068537,0.689069826155901,0.5395414841671785,0.5833333333333334,1.0,,-0.002974322632099735,0.023078475147485733,0.052687249951732,-0.01769939810037613,0.27466177782451046,0.2739647495415744,0.274474268534404,-0.2988565365473429,-0.29824132968982053,-0.2977553543945153,0.23934956610675867,0.25989886665413425,0.23921153461290062,-0.14775760968526197,-0.17748162398735678,-0.14822701240579284,0.3511450381679389,0.3358778625954198,0.3511450381679389,0.15267175572519084,393
sub-08,SD->NS,ses-2->ses-1,0.4881889763779528,0.0,0.5144356955380577,0.026246719160104903,0.5144356955380578,0.026246719160105014,0.5144356955380577,0.026246719160104903,0.4805210918114144,0.0,0.513978494623656,0.03345740281224158,0.5136062861869314,0.03308519437551699,0.513978494623656,0.03345740281224158,0.21800596741495085,0.0,0.497736011967511,0.2797300445525601,0.4902140847762042,0.2722081173612534,0.497736011967511,0.2797300445525601,0.44342431761786605,0.0,0.4937965260545905,0.050372208436724464,0.48254755996691473,0.03912324234904868,0.4948717948717949,0.05144747725392884,0.6038698442767544,0.7004108180602392,0.6038698442767544,0.7004108180602392,0.3987756421168645,0.3333333333333333,0.0,,0.08389925117848211,-0.08472518026246689,0.16647247656627864,-0.10710354173594776,0.6459735561821398,0.6344406406084696,0.6459735561821398,0.6344406406084696,0.6344406406084696,1.0,0.0,,-0.04424418011394634,0.10405189161732172,0.14762159410708542,-0.11270686745410785,0.671053229971244,0.6029683152834574,0.671053229971244,0.6029683152834574,0.5444403290748596,0.6666666666666666,0.0,,-0.019367611192375067,0.0710912464807431,0.18461462586333569,-0.15325018701454005,0.6475635034661447,0.6312636931737264,0.6475635034661447,0.6312636931737264,0.6312636931737264,1.0,0.0,,-0.04265423282994144,0.10087494418257847,0.1492115413910903,-0.11588381488885109,0.04210371190538542,0.06718338569448956,0.04369365918939028,-0.06597017745176958,-0.09744250277678179,-0.06914712488651276,0.04210371190538542,0.06718338569448956,0.04369365918939028,-0.06597017745176958,-0.09744250277678179,-0.06914712488651276,0.3097112860892388,0.32545931758530183,0.3097112860892388,0.13648293963254596,381
sub-09,SD->NS,ses-2->ses-1,0.4461942257217848,0.0,0.4803149606299213,0.034120734908136496,0.46981627296587924,0.023622047244094446,0.4776902887139108,0.031496062992125984,0.4779693486590038,0.0,0.4828002665333999,0.004830917874396101,0.4703898050974513,-0.007579543561552493,0.48038480759620183,0.002415458937198023,0.5800462912470765,0.0,0.47252930010002303,-0.10751699114705349,0.45162693853016195,-0.12841935271691457,0.4712377948715099,-0.10880849637556661,0.2330501415958687,0.0,0.4551890721306014,0.2221389305347327,0.459103781442612,0.2260536398467433,0.4551057804431118,0.22205563884724308,0.05613742123038837,0.9895974953969319,0.050022434100822084,0.9895974953969319,0.9895974953969319,1.0,0.0,,-0.5716739951824464,0.33433304422845445,-0.5307130646668915,0.29392987495909134,0.6926358544477823,0.514055918653806,0.6464632354252852,0.6150120685497921,0.48814385433991747,0.5333333333333333,0.0,,0.0002837715828752548,-0.004545102377111698,0.1019845970820595,-0.11574811983543136,0.6842194622106362,0.5651553452014922,0.6178092894236302,0.6627686123053232,0.4724145233631134,0.39999999999999997,0.0,,-0.008182632782719764,0.046811325700643135,0.059325791954713734,-0.051481521649596594,0.6925160334943844,0.5164850254853567,0.6458601522441653,0.6168214619159699,0.48975288271904,0.5333333333333333,0.0,,0.0001639506294772349,-0.002115995545561115,0.10138151390093975,-0.11393872646925352,0.636498433217394,0.6280820409802479,0.6363786122639961,-0.4755415767431259,-0.4244421501954396,-0.4731124699115752,0.5964408013244631,0.5677868553228081,0.5958377181433432,-0.3745854268471398,-0.3268288830916086,-0.372776033480962,0.33858267716535434,0.3595800524934383,0.3359580052493438,0.11811023622047244,381
sub-10,SD->NS,ses-2->ses-1,0.6047619047619047,0.0,0.4761904761904762,-0.1285714285714285,0.48333333333333334,-0.12142857142857139,0.4785714285714286,-0.12619047619047613,0.6061781315914813,0.0,0.47553922569231816,-0.1306389058991631,0.4825814792134449,-0.12359665237803635,0.4778866435326938,-0.12829148805878748,0.5609915510919815,0.0,0.49706230385347533,-0.06392924723850618,0.5079552609162623,-0.0530362901757192,0.5001226843332106,-0.0608688667587709,0.6645573926651699,0.0,0.47982581479213443,-0.18473157787303546,0.4852010614411104,-0.17935633122405947,0.47730829420970267,-0.18724909845546722,0.6628298184057703,0.6117001672585806,0.6075719384963711,0.6720036288102468,0.49956957300504046,0.46666666666666673,0.0,,-0.025652881979500664,0.07580870063975449,-0.03699645538970479,0.05282614935810367,0.6899060370875563,0.5374141116937001,0.6121782604569064,0.6637482146422068,0.5263699074586232,0.6,0.0,,-0.00035096890921212004,0.002218941568086552,0.03321316176334608,-0.02574311740075545,0.6895011455899134,0.540839825073878,0.6288395367652527,0.6281256576379141,0.521204004685084,0.4000000000000001,0.0,,0.0023724970937247423,-0.005468754625568802,0.03072351131793738,-0.03903879333908363,0.6888537735745356,0.5429905970891317,0.6106818876827186,0.664947497844696,0.530504024028778,0.6,0.0,,-0.0014032324222327253,0.007795426963518093,0.03171678898915814,-0.02454383419826626,0.027076218681786002,0.026671327184143112,0.026023955168765323,-0.07428605556488044,-0.07086034218470261,-0.0687095701694489,0.004606321960535231,0.021267598268881582,0.0031099491863474382,-0.008255414168039987,-0.04387797117233272,-0.0070561309655508,0.2714285714285714,0.2738095238095238,0.2738095238095238,0.12857142857142856,420
sub-11,SD->NS,ses-2->ses-1,0.48205128205128206,0.0,0.5102564102564102,0.02820512820512816,0.5,0.01794871794871794,0.5076923076923077,0.025641025641025605,0.4797190656565657,0.0,0.51010101010101,0.030381944444444364,0.5002367424242424,0.02051767676767674,0.5074968434343434,0.027777777777777735,0.5463211173680201,0.0,0.5186134852801519,-0.027707632087868195,0.4961827646038173,-0.050138352764202865,0.5172699849170437,-0.029051132450976458,0.4879261363636364,0.0,0.5071022727272726,0.019176136363636187,0.495501893939394,0.007575757575757569,0.508443813131313,0.02051767676767663,0.627855178700031,0.6474038415277997,0.5296870222861622,0.7211518930271268,0.6270096627995372,0.6666666666666666,0.0,,-0.04955855349630015,0.06872318661165384,-0.010891627252481792,0.006476889292874451,0.6910103302192159,0.5287867954502872,0.45629361598863283,0.7803320304919907,0.5235745803644628,0.53125,0.0,,-7.519697875983204e-05,0.0006615486277041782,-0.04965845723161947,0.041864059464842285,0.6909766207496412,0.5287737697508419,0.4676699243713139,0.7648359105466321,0.5244141540946051,0.5208333333333334,0.0,,-0.0020256570760459613,0.021866657421317843,-0.04571603965033061,0.028268797672960016,0.690918918515056,0.5301575458627971,0.455231386452248,0.7809763833550581,0.5228506838611793,0.5416666666666666,0.0,,-0.0001666086829196963,0.0020322990402140326,-0.05072068676800431,0.04250841232790966,0.06315515151918483,0.06312144204961012,0.063063739815025,-0.11861704607751256,-0.11863007177695784,-0.11724629566500266,-0.07339340629752933,-0.062017097914848274,-0.07445563583391418,0.05918013746486395,0.04368401751950535,0.05982449032793136,0.18205128205128207,0.22307692307692306,0.17948717948717952,0.09487179487179487,390
sub-12,SD->NS,ses-2->ses-1,0.4281842818428185,0.0,0.4986449864498645,0.07046070460704601,0.5040650406504065,0.07588075880758799,0.5040650406504065,0.07588075880758799,0.42530568846358313,0.0,0.4973418394471026,0.07203615098351945,0.5019936204146731,0.07668793195108997,0.5031897926634769,0.07788410419989372,0.45798849468574243,0.0,0.522772201946472,0.06478370726072957,0.5337503719583823,0.07576187727263983,0.5253985409559251,0.06741004627018266,0.4202551834130781,0.0,0.5145312776891724,0.09427609427609429,0.5093921672869042,0.08913698387382607,0.5138224348750664,0.0935672514619883,0.6870076817628888,0.5467473842700322,0.6273903872614224,0.6389045017957687,0.5029088415702184,0.52,0.0,,-0.0020675859012590316,0.007855485336234183,-0.022494592775685145,0.024810214793930457,0.6925638338333391,0.5168532196680705,0.5940656238292045,0.6773966912428538,0.4968583381175995,0.48,0.0,,0.0003298497839914205,-0.003519710237160282,0.0032323728964048413,-0.002549662959451471,0.6926112725774006,0.5156710462768873,0.6082780590344345,0.664518112440904,0.4973424203197161,0.52,0.0,,0.0004250961029569715,-1.662606683872081e-05,0.019776928145416577,-0.018704764808838575,0.6923858408578578,0.5191918839017551,0.5932965479728588,0.6780577080448468,0.4966425727804502,0.48,0.0,,0.0001518568085103015,-0.0011810460034757941,0.002463297040059135,-0.001888646157458429,0.005556152070450238,0.005603590814511783,0.005378159094968971,-0.029894164601961704,-0.03107633799314491,-0.02755550036827714,-0.03332476343221791,-0.01911232822698783,-0.03409383928856358,0.0384921894470851,0.025613610645135232,0.03915320624907803,0.17886178861788618,0.19512195121951217,0.17886178861788618,0.0921409214092141,369
sub-13,SD->NS,ses-2->ses-1,0.789598108747045,0.0,0.5153664302600472,-0.2742316784869977,0.5177304964539008,-0.27186761229314416,0.508274231678487,-0.281323877068558,0.7865338164251208,0.0,0.5157004830917874,-0.27083333333333337,0.5184178743961353,-0.2681159420289855,0.5086553945249598,-0.277878421900161,0.6314370814370814,0.0,0.5147138769468776,-0.11672320449020379,0.5270927792292305,-0.10434430220785096,0.5082650392164573,-0.12317204222062417,0.7259125067096082,0.0,0.509326355340848,-0.21658615136876014,0.5180488459473968,-0.2078636607622114,0.5081857219538378,-0.21772678475577034,0.4737189016179954,0.8135569035075605,0.4443815245982667,0.8135569035075605,0.1864430964924395,0.0,0.0,,0.19782749628535182,-0.10440717988503441,0.24812882813073098,-0.1085300791093952,0.6888912110689372,0.5454341555014253,0.5296911707863595,0.7384981901074449,0.5212903727466861,0.4583333333333333,0.0,,-0.0019320621625080376,0.01352465474822869,0.014560624965131589,0.0018684223371868332,0.6874210218647422,0.5518051143735647,0.5341574307911723,0.7335908065239588,0.5084064404169718,0.5,0.0,,-0.0023560895768343824,0.015173219493590295,0.03301343259914913,-0.01564315679327895,0.6882762549955131,0.5486491449798147,0.5280814691648338,0.739424705815812,0.5226298567528526,0.4583333333333333,0.0,,-0.0025470182359321747,0.01673964422661811,0.01295092334360585,0.002794938045553863,0.21517230945094185,0.21370212024674679,0.21455735337751775,-0.2681227480061352,-0.26175178913399577,-0.26490775852774584,0.08530964618809284,0.0897759061929056,0.0836999445665671,-0.0750587134001156,-0.07996609698360169,-0.0741321976917485,0.4491725768321513,0.4609929078014184,0.45626477541371163,0.14184397163120568,423
sub-14,SD->NS,ses-2->ses-1,0.7825059101654847,0.0,0.5342789598108747,-0.24822695035460995,0.5153664302600472,-0.2671394799054374,0.5319148936170213,-0.2505910165484634,0.7813212608987258,0.0,0.5341716968477531,-0.24714956405097266,0.5153252850435949,-0.2659959758551309,0.5318242790073776,-0.24949698189134817,0.7345476513510047,0.0,0.524270957598877,-0.21027669375212776,0.5108364288960988,-0.22371122245490593,0.5229759563038757,-0.21157169504712903,0.9425217974513749,0.0,0.5255533199195171,-0.41696847753185773,0.519852448021462,-0.42266934942991286,0.5248826291079812,-0.41763916834339365,0.5819334873713986,0.7297146852527346,0.5409354974467814,0.7338947362843014,0.2702853147472654,0.09523809523809523,0.0,,-0.10901715004126333,0.19868560552242256,-0.12100944973204752,0.1334228690358855,0.6925908553779457,0.5150062335389002,0.5680587904075588,0.7042919645706812,0.5150062335389002,0.4761904761904762,0.0,,0.00013269348839091885,-0.0008868067636199258,-0.03160082086289658,0.038090592327838145,0.6916830927655463,0.5258177976523127,0.6134643942109985,0.6593096103696596,0.4866080663743473,0.5238095238095238,0.0,,-0.0014144521799216436,0.02108196725714066,0.010146836080519658,0.002219241223342383,0.6926096139464569,0.515871229980673,0.5672276476693322,0.705567734227294,0.515871229980673,0.4761904761904762,0.0,,0.00015145205690225705,-2.1810321846893466e-05,-0.032431963601123215,0.039366361984450905,0.11065736800654713,0.10974960539414769,0.11067612657505832,-0.21470845171383446,-0.2038968876004219,-0.2138434552720616,0.027123292960777423,0.07252889676421714,0.026292150222550825,-0.029602771713620135,-0.07458512591464173,-0.028327002057007333,0.30023640661938533,0.3333333333333333,0.30260047281323876,0.1536643026004728,423
sub-15,SD->NS,ses-2->ses-1,0.541095890410959,0.0,0.4748858447488584,-0.06621004566210054,0.4885844748858448,-0.05251141552511418,0.4748858447488584,-0.06621004566210054,0.5410958904109588,0.0,0.4748858447488584,-0.06621004566210043,0.4885844748858448,-0.05251141552511407,0.4748858447488584,-0.06621004566210043,0.5917001556786503,0.0,0.4648679472346042,-0.12683220844404614,0.49502717759179277,-0.09667297808685754,0.4648679472346042,-0.12683220844404614,0.5298054669418902,0.0,0.4994683180083818,-0.030337148933508418,0.49677863263901917,-0.033026834302871066,0.49965597047601173,-0.0301494964658785,0.6179042336505792,0.6479068803105124,0.5071042027547104,0.70943909314142,0.5441007030873422,0.5185185185185185,0.0,,0.033670484962732006,-0.018099181558850635,-0.009597304229953973,-0.010355998867588053,0.6814551719646653,0.5542047668703635,0.5518938650825359,0.6943496968693849,0.5504078715253113,0.5185185185185185,0.0,,-0.010746711495568495,0.03507359625550802,0.06734301473919146,-0.05581129262770479,0.679752790971309,0.5481004368877486,0.5302734694639085,0.7214912610523715,0.5475000106023934,0.5555555555555556,0.0,,-0.012948903123571812,0.036284287683749285,0.022968090095889293,-0.007003808790142507,0.6830437683415624,0.5491771726375293,0.5529146724486463,0.6941838169860705,0.5478750870966165,0.5185185185185185,0.0,,-0.00915811511867141,0.03004600202267386,0.0683638221053019,-0.05597717251101938,0.06355093831408609,0.0618485573207298,0.06513953469098321,-0.0937021134401489,-0.09980644342276379,-0.09872970767298306,0.04478966232782555,0.023169266709198166,0.045810469693935985,-0.015089396272035094,0.012052167910951539,-0.015255276155349495,0.2990867579908676,0.3219178082191781,0.2990867579908676,0.15981735159817353,438
sub-16,SD->NS,ses-2->ses-1,0.5563218390804597,0.0,0.4850574712643678,-0.07126436781609191,0.4942528735632184,-0.06206896551724134,0.4827586206896552,-0.07356321839080454,0.5573630136986302,0.0,0.4855403348554033,-0.07182267884322685,0.4946410451547438,-0.0627219685438864,0.4832572298325723,-0.07410578386605787,0.47665934280974237,0.0,0.4473661877917197,-0.029293155018022654,0.4658092092881763,-0.010850133521566052,0.44327157439478077,-0.033387768414961605,0.558853373921867,0.0,0.47012937595129384,-0.08872399797057312,0.47742262810755953,-0.08143074581430743,0.4753297818366311,-0.08352359208523585,0.6134832806295122,0.6733177145943046,0.5730496499166243,0.6987693374976516,0.3669078980262081,0.2916666666666667,0.0,,-0.06238915495280295,0.10830992832779884,-0.042082931991641,0.04306791039804617,0.6887705345319634,0.5398509226118525,0.5876676187776568,0.6717905349408587,0.4761541886255145,0.4583333333333333,0.0,,0.0011405633505126762,-0.009759999171365052,0.02749833592033372,-0.03582397287633891,0.6907623961183392,0.5293536530807614,0.5896748737397143,0.6752038868144155,0.47438604415704805,0.4166666666666667,0.0,,0.0027228247188202013,-0.014282225534164658,0.04315048073241443,-0.04757754650199786,0.6879673062560657,0.5424147232746085,0.5859702035109043,0.6730395142609874,0.4695958560332656,0.4583333333333333,0.0,,0.00033733507461501205,-0.007196198508609086,0.025800920653581156,-0.03457499355621015,0.07528725390245117,0.07727911548882704,0.07448402562655354,-0.13346679198245204,-0.14396406151354313,-0.13090299131969607,0.014617968861032504,0.016625223823089952,0.012920553594280015,-0.026978802556792858,-0.023565450683236122,-0.025729823236664173,0.20919540229885059,0.2597701149425287,0.20689655172413793,0.135632183908046,435
sub-17,SD->NS,ses-2->ses-1,0.728310502283105,0.0,0.4383561643835616,-0.2899543378995434,0.4520547945205479,-0.2762557077625571,0.4406392694063927,-0.2876712328767123,0.728310502283105,0.0,0.4383561643835616,-0.2899543378995434,0.4520547945205479,-0.2762557077625571,0.4406392694063926,-0.2876712328767124,0.7768619451350375,0.0,0.43913872556809147,-0.337723219566946,0.4550855203029116,-0.3217764248321259,0.4401604369346304,-0.33670150820040706,0.9300681803965721,0.0,0.4357290298367424,-0.49433915055982974,0.44586226308875965,-0.4842059173078125,0.4372928004003253,-0.4927753799962468,0.6710035147720399,0.5721724007873693,0.4801383935250936,0.7443349285491019,0.5458849347067168,0.6296296296296297,0.0,,0.35062422604243676,-0.29955196728567696,0.21528895876486395,-0.14135849645309562,0.6780560630216487,0.5836084249323769,0.418876097794235,0.7994971665590397,0.5836084249323769,0.7037037037037037,0.0,,-0.014276760424882943,0.06492356123258274,-0.051793485046525645,0.023137346785882047,0.6834651464739907,0.5672799526186685,0.4060374900226815,0.808872024143326,0.5672799526186685,0.7037037037037037,0.0,,-0.008393612116383417,0.047578167011831964,-0.07812539297524562,0.04445459223912892,0.6785173233376969,0.5817465305296571,0.4188487551118267,0.7986579903881648,0.5817465305296571,0.7037037037037037,0.0,,-0.013815500108834847,0.06306166682986292,-0.05182082772893407,0.02229817061500705,0.00705254824960877,0.012461631701950804,0.007513808565656976,0.01143602414500755,-0.004892448168700825,0.009574129742287774,-0.06126229573085856,-0.07410090350241205,-0.0612896384132669,0.0551622380099378,0.06453709559422416,0.05432306183906288,0.32648401826484014,0.3356164383561644,0.3287671232876712,0.12100456621004567,438
sub-18,SD->NS,ses-2->ses-1,0.5431235431235432,0.0,0.4755244755244756,-0.06759906759906759,0.48251748251748255,-0.06060606060606061,0.4755244755244756,-0.06759906759906759,0.5446836268754077,0.0,0.47426614481408996,-0.07041748206131776,0.4814090019569471,-0.06327462491846064,0.47416829745596867,-0.07051532941943905,0.5671093838723896,0.0,0.43219768369708395,-0.13491170017530568,0.44613919408982733,-0.1209701897825623,0.4289714259908,-0.1381379578815896,0.5659491193737769,0.0,0.4620352250489237,-0.1039138943248532,0.4961513372472277,-0.06979778212654919,0.46647097195042403,-0.09947814742335287,0.6881376749054966,0.5388201419953946,0.6618601203263138,0.586279508140352,0.5202998839042804,0.5185185185185185,0.0,,-0.0040625111693358695,0.02452072383904898,-0.006397582249177081,0.001542135866151891,0.6926853257978557,0.5125169948571259,0.6153841400555625,0.6532150720832525,0.4998711795994529,0.48148148148148145,0.0,,0.0029548018408708243,-0.025785832769340915,-0.008623254033268099,0.0124753235183932,0.692412296933948,0.5191191415543909,0.6267856536249453,0.6343747694735175,0.4945805329415533,0.5185185185185185,0.0,,0.0014689915308542616,-0.012494583062275688,-0.006252759989192835,0.003336391791149418,0.692421144265854,0.5173794777580984,0.6143255965260962,0.6543930949712241,0.49825609130439935,0.48148148148148145,0.0,,0.0026906203088692773,-0.020923349868368264,-0.009681797562734388,0.013653346406364841,0.00454765089235909,0.004274622028451414,0.004283469360357395,-0.026303147138268756,-0.019701000441003758,-0.02144066423729618,-0.04647598027075128,-0.03507446670136849,-0.04753452380021761,0.06693556394290046,0.04809526133316544,0.0681135868308721,0.2307692307692308,0.28438228438228436,0.23543123543123545,0.1421911421911422,429
sub-19,SD->NS,ses-2->ses-1,0.5,0.0,0.48148148148148145,-0.018518518518518545,0.47222222222222215,-0.027777777777777846,0.48148148148148157,-0.018518518518518434,0.5,0.0,0.48148148148148145,-0.018518518518518545,0.47222222222222215,-0.027777777777777846,0.48148148148148157,-0.018518518518518434,0.0,0.0,0.45858035705446437,0.45858035705446437,0.44598671926201633,0.44598671926201633,0.45601774219721963,0.45601774219721963,0.2250514403292181,0.0,0.46752829218107,0.24247685185185192,0.4700360082304527,0.24498456790123463,0.471386316872428,0.2463348765432099,0.43741257556438784,0.8322064603368441,0.42664519299571585,0.8322064603368441,0.16779353966315588,0.0,0.0,,0.09839590103863431,-0.05114381331441109,0.11124003655631413,-0.05114381331441109,0.6907734920206797,0.52588801831007,0.6264882393952059,0.6540991266568502,0.5120561172564825,0.5,0.0,,-0.0008674124534498265,0.0012657375385363896,0.005435093660103603,-0.0009987099717060726,0.6923243974511527,0.5158272584279379,0.6320595105828519,0.6386979507903258,0.4928566279510657,0.5833333333333334,0.0,,-2.0892039784207544e-05,-0.0030531842882434526,0.0028482423199360785,-0.006032043136656284,0.6906909363397706,0.5288369314124187,0.6260626682837384,0.6545001249760389,0.5081823288152615,0.5,0.0,,-0.0009499681343588436,0.0042146506408850355,0.005009522548635996,-0.0005977116525173187,0.2533609164562919,0.25491182188676487,0.2532783607753828,-0.30631844202677405,-0.3163792019089062,-0.30336952892442537,0.19984304639949008,0.20541431758713607,0.1994174752880225,-0.17810733367999387,-0.19350850954651833,-0.17770633536080516,0.4583333333333333,0.4537037037037037,0.4537037037037037,0.16666666666666666,432
sub-20,SD->NS,ses-2->ses-1,0.6456876456876457,0.0,0.48484848484848486,-0.16083916083916083,0.5128205128205128,-0.13286713286713292,0.4871794871794872,-0.15850815850815847,0.6555359707533621,0.0,0.48103538320929623,-0.1745005875440659,0.5085520302911607,-0.14698394046220142,0.4832876354615485,-0.1722483352918136,0.7217735955082056,0.0,0.40997402647073483,-0.3117995690374708,0.4335125448028674,-0.28826105070533825,0.4112238702402637,-0.31054972526794195,0.886081733907821,0.0,0.44157200678939806,-0.4445097271184229,0.4616790703747225,-0.42440266353309847,0.4468599033816425,-0.43922183052617847,0.6917638645294802,0.523293615380923,0.6735421493118027,0.5665233244498571,0.523293615380923,0.5666666666666667,0.0,,0.15588577649447719,-0.2493454639489452,0.2083440885702955,-0.211914701325198,0.6897686893706162,0.534821543097496,0.6438982876752583,0.616217898329099,0.469961874683698,0.3,0.0,,-0.0012083431081184963,0.0024285037380953702,0.011794725124694668,-0.023304997974385826,0.6915257738359343,0.5232864220937093,0.6573032374957527,0.6026819348335266,0.4767135779062907,0.3,0.0,,0.0013380950047541622,-0.015115852778156599,0.007189205570479085,-0.013914980615178743,0.6892597260127018,0.5361864084998768,0.6427814353313069,0.6184913689891497,0.466214087108771,0.3,0.0,,-0.001717306466032964,0.0037933691404759737,0.010677872780743392,-0.021031527314335108,-0.0019951751588640487,-0.00023809069354596701,-0.0025041385167784425,0.011527927716572961,-7.193287213658195e-06,0.01289279311895375,-0.029643861636544422,-0.016238911816049972,-0.030760713980495735,0.04969457387924192,0.03615861038366952,0.0519680445392926,0.40326340326340326,0.4358974358974359,0.4009324009324009,0.14685314685314688,429
sub-21,SD->NS,ses-2->ses-1,0.6692913385826772,0.0,0.5013123359580053,-0.1679790026246719,0.4829396325459318,-0.1863517060367454,0.49868766404199477,-0.17060367454068243,0.6689814814814815,0.0,0.5013640873015873,-0.16761739417989419,0.48292824074074076,-0.18605324074074076,0.49871858465608465,-0.17026289682539686,0.6829481792717087,0.0,0.49860832177850584,-0.18433985749320286,0.4829598907572457,-0.199988288514463,0.4972589502001266,-0.18568922907158208,0.7189980158730158,0.0,0.46875,-0.2502480158730158,0.4801587301587302,-0.23883928571428564,0.46891534391534395,-0.25008267195767186,0.689113569295955,0.5408491125977811,0.5106075571627708,0.7287234407901245,0.47321336176631323,0.3870967741935483,0.0,,0.02445056334533487,-0.07175927052085955,0.06009987292144122,-0.05622920965802758,0.6925494237678177,0.5150624304529159,0.5179769792428134,0.7223074021198417,0.512864788853994,0.4516129032258065,0.0,,0.0011641404185412558,-0.007047651730122155,0.10273308702398336,-0.07166969301993882,0.6918889208180646,0.5228141272360439,0.500238009923578,0.7426895511947492,0.507719058513401,0.4946236559139785,0.0,,0.0017244057176734422,-0.010834980801890715,0.08407653970855854,-0.060429940692878915,0.6923407244717742,0.5188389701408244,0.5172161975178042,0.7230624387000678,0.5128147931849605,0.4623655913978495,0.0,,0.000955441122497828,-0.003271112042213679,0.10197230529897429,-0.07091465643971269,0.003435854471862676,0.0027753515221096148,0.003227155175819174,-0.025786682144865236,-0.0180349853617372,-0.02201014245695676,0.0073694220800425425,-0.010369547239192811,0.0066086403550333905,-0.006416038670282842,0.013966110404624699,-0.00566100209005671,0.23097112860892388,0.24934383202099739,0.23359580052493437,0.14173228346456693,381
sub-22,SD->NS,ses-2->ses-1,0.7397260273972602,0.0,0.4885844748858448,-0.25114155251141546,0.4611872146118721,-0.2785388127853881,0.4863013698630137,-0.25342465753424653,0.7397260273972602,0.0,0.4885844748858447,-0.2511415525114155,0.4611872146118721,-0.2785388127853881,0.48630136986301364,-0.2534246575342466,0.7400895198364302,0.0,0.5209835611923225,-0.21910595864410776,0.4986031850407981,-0.24148633479563214,0.5198773398999674,-0.2202121799364628,0.8121598799024207,0.0,0.48201663851879656,-0.3301432413836241,0.4580596734847064,-0.3541002064177143,0.4800775630199537,-0.332082316882467,0.6823993398807536,0.566542647227093,0.6490977149476852,0.611180119768337,0.43345735277290703,0.25925925925925924,0.0,,0.028623239768265012,-0.0723467906247135,0.062145101893774014,-0.07405875350728082,0.6844482087911951,0.5605209170392266,0.594993676767713,0.6502961481886881,0.542974570421157,0.5185185185185185,0.0,,-0.003993408915932288,0.01664240120616911,0.02729186511435309,-0.04977124253788064,0.6825412490805188,0.5717800199571582,0.5877166215464528,0.6744099287661137,0.5343499928022976,0.6666666666666666,0.0,,-0.005506703957435799,0.027876556437048634,0.002055140000300363,-0.007371933475412725,0.6837119044003646,0.5621470919361821,0.5939898330637872,0.6505115032196045,0.5458222009517529,0.5185185185185185,0.0,,-0.004729713306762713,0.01826857610312464,0.026288021410427336,-0.049555887506964304,0.002048868910441426,0.0001419091997652,0.001312564519610926,-0.0060217301878664475,0.005237372730065193,-0.004395555290910957,-0.054104038179972225,-0.061381093401232434,-0.055107881883898036,0.03911602842035111,0.06322980899777675,0.03933138345126752,0.2785388127853881,0.3150684931506849,0.2808219178082192,0.12100456621004567,438
sub-23,NS->SD,ses-1->ses-2,0.5450450450450451,0.0,0.5022522522522522,-0.04279279279279291,0.5045045045045046,-0.04054054054054057,0.5067567567567567,-0.03828828828828845,0.5450450450450451,0.0,0.5022522522522522,-0.04279279279279291,0.5045045045045046,-0.04054054054054057,0.5067567567567567,-0.03828828828828845,0.3210428252079494,0.0,0.5202704194260486,0.19922759421809916,0.528333068488797,0.2072902432808476,0.5288685357183809,0.20782571051043147,0.5982468955441929,0.0,0.48953007061115167,-0.10871682493304119,0.502191380569759,-0.09605551497443388,0.49342585829072316,-0.1048210372534697,0.6607502242376665,0.6211845248937607,0.5873507603604384,0.6907003492116929,0.3788154751062393,0.20000000000000004,1.0,,0.06839482981732777,-0.0862397171847988,0.04251290370652374,-0.037262601682838646,0.6907334917862583,0.5286661587655545,0.4885834253266887,0.7632446569701035,0.5086964565018813,0.5,1.0,,0.002101971548258197,-0.01761134738226248,-0.020561707755068437,0.02437663822868974,0.6857814418436424,0.552567346394062,0.5333445824830507,0.7315909460186959,0.5001803403099377,0.5,1.0,,-0.0006973560927517145,9.341865637298626e-05,0.027764159485131928,-0.009521737971954288,0.6903961892799336,0.528387988358736,0.4873891318052026,0.7637753682831924,0.5126685105264187,0.5,1.0,,0.0017646690419335458,-0.01788951778908084,-0.021756001276554488,0.024907349541778496,0.02998326754859182,0.02503121760597593,0.02964596504226713,-0.0925183661282063,-0.06861717849969873,-0.09279653653502473,-0.09876733503374974,-0.05400617787738771,-0.09996162855523583,0.07254430775841059,0.04089059680700302,0.07307501907149949,0.37162162162162166,0.40090090090090086,0.38063063063063063,0.15990990990990991,444
sub-24,SD->NS,ses-2->ses-1,0.755868544600939,0.0,0.43427230046948356,-0.32159624413145543,0.4366197183098592,-0.3192488262910798,0.431924882629108,-0.323943661971831,0.7526455026455027,0.0,0.4355820105820105,-0.31706349206349216,0.43802910052910055,-0.3146164021164021,0.4332671957671957,-0.319378306878307,0.6761904761904761,0.0,0.4788041468905835,-0.19738632929989264,0.4842169036436552,-0.1919735725468209,0.47778288859285983,-0.1984075875976163,0.8332010582010582,0.0,0.43928571428571433,-0.39391534391534383,0.4506613756613757,-0.38253968253968246,0.43664021164021166,-0.3965608465608465,0.574501129201376,0.7302455569927891,0.5504334077767731,0.7302455569927891,0.2697544430072109,0.0,0.0,,-0.04286489197313884,0.04983865768493464,-0.001931357713658081,0.01321908012808611,0.6635924959915203,0.6170978583395481,0.48924386450878615,0.758768276621898,0.6170978583395481,0.625,0.0,,-0.022689371831591882,0.06323929053420822,-0.010440568022635969,0.016699196460346382,0.6493948992733082,0.6463200164337953,0.5262305424158135,0.7337879923482736,0.6463200164337953,0.7916666666666666,0.0,,-0.03541539929833596,0.09262112687186648,0.017354451572383467,-0.0053882874781265855,0.6620592686463646,0.6201246439789733,0.4876393685748473,0.7592756887897849,0.6201246439789733,0.625,0.0,,-0.02422259917674759,0.06626607617363334,-0.012045063956574767,0.017206608628233273,0.08909136679014429,0.07489377007193221,0.08755813944498858,-0.11314769865324104,-0.08392554055899382,-0.11012091301381588,-0.06118954326798692,-0.024202865360959613,-0.06279403920192578,0.028522719629108906,0.0035424353554844856,0.029030131796995762,0.5234741784037559,0.5446009389671361,0.5258215962441315,0.11737089201877933,426
sub-25,SD->NS,ses-2->ses-1,0.7397260273972602,0.0,0.49771689497716903,-0.2420091324200912,0.4817351598173516,-0.25799086757990863,0.502283105022831,-0.2374429223744292,0.7397260273972602,0.0,0.49771689497716903,-0.2420091324200912,0.4817351598173516,-0.25799086757990863,0.502283105022831,-0.2374429223744292,0.7399510389020731,0.0,0.48946792086264385,-0.2504831180394293,0.46975934830819227,-0.2701916905938809,0.4917141797617392,-0.24823685914033394,0.7818227309689122,0.0,0.48551948458122224,-0.29630324638768996,0.4903358979170576,-0.2914868330518546,0.48695815349971855,-0.29486457746919364,0.5511401836273223,0.7246757554649204,0.501098649730413,0.7496322864597594,0.3115015044394467,0.1851851851851852,0.0,,-0.08751360099971721,0.08389235943926639,0.004000531060823949,-0.012403321424412916,0.6921670906751499,0.5209469830755282,0.40501050024445656,0.8095073101490184,0.5069646418301595,0.5185185185185185,0.0,,0.0026568285056904895,-0.021351689321974215,0.015858625924958753,-0.004620192054083557,0.6899348419181722,0.5392013699553596,0.41310523636891777,0.8226637785448002,0.5205990395797588,0.5555555555555556,0.0,,0.0019193490692402209,-0.007305725218126706,0.049742785409999025,-0.010119846014142064,0.6920733313714301,0.5227257769891164,0.40365963125180043,0.810201975435053,0.5047361282761106,0.5185185185185185,0.0,,0.002563069201970617,-0.019572895408386026,0.014507756932302699,-0.003925526768048952,0.1410269070478276,0.13879465829084991,0.1409331477441078,-0.20372877238939213,-0.18547438550956075,-0.20194997847580398,-0.0960881494859564,-0.08799341336149519,-0.09743901847861253,0.05987502368925901,0.07303149208504078,0.06056968897529358,0.2922374429223744,0.3127853881278539,0.2876712328767123,0.15296803652968036,438
sub-26,SD->NS,ses-2->ses-1,0.5079365079365079,0.0,0.5170068027210885,0.009070294784580546,0.5011337868480726,-0.006802721088435271,0.5147392290249434,0.006802721088435493,0.5101814142910034,0.0,0.5169690238183389,0.006787609527335481,0.5010181414291004,-0.009163272861902994,0.5146859187955078,0.0045045045045044585,0.23088023088023088,0.0,0.5212716433151628,0.29039141243493194,0.511097415972806,0.2802171850925751,0.5201072135793045,0.28922698269907354,0.47679871652474387,0.0,0.5001234110823152,0.0233246945575713,0.5047513266691349,0.027952610144391044,0.4996297667530545,0.022831050228310612,0.6531809738462575,0.6071805462793067,0.6491071736100152,0.6086181705748593,0.39281945372069327,0.07407407407407407,0.0,,-0.0033221371700716076,0.0019310771108225582,-0.00176902310469218,-0.005524182450716138,0.6926523316142698,0.5136188114130938,0.66788469581719,0.5968426488063954,0.489960875776079,0.4444444444444444,0.0,,-0.00022383557265892584,0.0027878120610559387,0.009203279308422537,-0.004237415855405491,0.6923312042260182,0.5173943727104753,0.6640438667944802,0.602271576722463,0.49616315850505127,0.48148148148148145,0.0,,-0.000778491935786311,0.013407438510546007,-0.0027844129948269014,0.011240551869074541,0.6926902037799154,0.5132813332257448,0.6674923733462438,0.5975988716990859,0.49032179845703977,0.4444444444444444,0.0,,-0.00018596340701330463,0.002450333873706819,0.008810956837476272,-0.003481192962714911,0.03947135776801225,0.03915023037976073,0.03950922993365791,-0.09356173486621289,-0.08978617356883145,-0.09389921305356197,0.01877752220717477,0.014936693184465,0.01838519973622854,-0.01177552176846397,-0.006346593852396332,-0.011019298875773464,0.34467120181405897,0.3786848072562359,0.3469387755102041,0.17233560090702948,441
sub-27,SD->NS,ses-2->ses-1,0.3356009070294785,0.0,0.47392290249433106,0.13832199546485258,0.5056689342403629,0.17006802721088438,0.47392290249433106,0.13832199546485258,0.3340429470566457,0.0,0.47359002838454894,0.13954708132790322,0.5053992348512897,0.17135628779464396,0.47359002838454894,0.13954708132790322,0.44681888419935883,0.0,0.49999999999999994,0.05318111580064111,0.5262660647086371,0.07944718050927829,0.49999999999999994,0.05318111580064111,0.2056645686782673,0.0,0.4699494014562508,0.26428483277798354,0.4780328273478958,0.27236825866962855,0.46828335184499564,0.2626187831667284,0.4748450648904317,0.7650570626612062,0.454993660053217,0.7783579009550589,0.7650570626612062,0.9259259259259259,0.0,,-0.20116368086670658,0.19204886710590305,-0.112280972223968,0.09256593353779019,0.6859510611152643,0.5583897055023246,0.5609515419777522,0.6966449575567687,0.5583897055023246,0.6296296296296297,0.0,,-0.006562155834412109,0.0416650787018524,0.03175657220774836,-0.02534421965430263,0.6880121407433135,0.5485165687622847,0.5836879201652924,0.6902650909291373,0.5485165687622847,0.6296296296296297,0.0,,-0.0034318516735562334,0.02153337787900389,0.04480971299844825,-0.021735219867777118,0.6852036684062431,0.5611251750616012,0.5597982989911111,0.6977517270241623,0.5611251750616012,0.6296296296296297,0.0,,-0.007309548543433316,0.044400548261128936,0.030603329221107256,-0.024237450186909076,0.21110599622483256,0.2131670758528818,0.21035860351581143,-0.20666735715888163,-0.2165404938989215,-0.203931887599605,0.1059578819245352,0.12869426011207535,0.1048046389378941,-0.08171294339829016,-0.08809281002592151,-0.08060617393089653,0.2698412698412698,0.31972789115646255,0.2698412698412698,0.13151927437641722,441
sub-28,SD->NS,ses-2->ses-1,0.5521628498727735,0.0,0.47582697201017815,-0.07633587786259538,0.46055979643765904,-0.09160305343511449,0.4809160305343511,-0.07124681933842242,0.595542911332385,0.0,0.46886360044254777,-0.12667931088983725,0.4540066382171645,-0.1415362731152205,0.47336810494705234,-0.12217480638533268,0.6487550814751385,0.0,0.4078563049151285,-0.24089877656001002,0.39420289855072466,-0.25455218292441384,0.41017549492125766,-0.23857958655388084,0.8465307412675834,0.0,0.47147147147147145,-0.375059269796112,0.4728149201833412,-0.37371582108424223,0.47368421052631576,-0.37284653074126767,0.6166949064982,0.6862610081831614,0.5654561775599446,0.7021241406599681,0.604135400056839,0.6,0.0,,0.33733737577590556,-0.20300607925795097,0.41373829223518244,-0.2278280544167501,0.6844320523782524,0.5519188958453014,0.3882831840483007,0.8169904591593271,0.5519188958453014,0.5333333333333333,0.0,,-0.0030717498705249793,0.0008382195548619631,-0.0009088381594299274,-0.003451105880473445,0.6907798018596715,0.5277100075036287,0.4292901444347472,0.7939403823266428,0.5277100075036287,0.5333333333333333,0.0,,0.0015334357107375334,-0.007911764808037939,0.02390562630856245,-0.012172052490253327,0.6852160545319789,0.5473954478123536,0.3892284104654502,0.8171627164663127,0.5473954478123536,0.5333333333333333,0.0,,-0.002287747716798664,-0.0036852284780858704,3.638825771966799e-05,-0.003278848573487888,0.06773714588005242,0.07408489536147145,0.06852114803377884,-0.13434211233785998,-0.15855100067953265,-0.13886556037080777,-0.1771729935116439,-0.13616603312519737,-0.1762277670944944,0.11486631849935902,0.09181624166667468,0.11503857580634458,0.4325699745547074,0.4529262086513995,0.4325699745547074,0.12213740458015267,393
sub-29,NS->SD,ses-1->ses-2,0.20547945205479454,0.0,0.5342465753424658,0.3287671232876712,0.5570776255707762,0.35159817351598166,0.5319634703196348,0.3264840182648402,0.20833333333333334,0.0,0.534471971971972,0.3261386386386387,0.5574324324324323,0.349099099099099,0.5322822822822824,0.323948948948949,0.0,0.0,0.5296803652968037,0.5296803652968037,0.5489697443922795,0.5489697443922795,0.5238687025702473,0.5238687025702473,0.013325825825825824,0.0,0.534034034034034,0.5207082082082082,0.5452952952952953,0.5319694694694694,0.5314064064064065,0.5180805805805806,0.15276921875993207,0.9543297634882038,0.1341419030525007,0.9543297634882038,0.04567023651179625,0.0,1.0,,-0.47540890397338287,0.285257823462113,-0.3024023906007392,0.1644552232149484,0.6912681841745655,0.5230127019186814,0.5411172613889629,0.7218449431161087,0.5230127019186814,0.5333333333333333,1.0,,0.0017436345726301965,-0.015872815495822572,0.010243117136520615,-0.00015576605607444302,0.6907629052020193,0.5225216296811899,0.5269077936829859,0.7278418195744356,0.5225216296811899,0.5,1.0,,0.00033548713631925686,-0.006961637444328502,-0.02205598776002604,0.020621852867770924,0.6915053423878902,0.520985327164332,0.539989512151683,0.7228917419910431,0.518793112039566,0.5,1.0,,0.0019807927859547547,-0.017900190250171977,0.009115367899240704,0.0008910328188600861,0.5384989654146334,0.5379936864420872,0.5387361236279581,-0.4313170615695223,-0.4318081338070139,-0.43334443632387176,0.40697535833646215,0.39276589063048517,0.40584760909918227,-0.23248482037209506,-0.22648794391376814,-0.23143802149716064,0.3972602739726027,0.4109589041095891,0.3904109589041096,0.11643835616438357,438
sub-30,NS->SD,ses-1->ses-2,0.7420091324200913,0.0,0.5068493150684932,-0.23515981735159808,0.4885844748858448,-0.2534246575342465,0.5068493150684932,-0.23515981735159808,0.7420091324200913,0.0,0.5068493150684931,-0.2351598173515982,0.4885844748858448,-0.2534246575342465,0.5068493150684931,-0.2351598173515982,0.7398090080541097,0.0,0.5100074070177109,-0.2298016010363988,0.5097363188224988,-0.23007268923161084,0.5100074070177109,-0.2298016010363988,0.8578845311815849,0.0,0.49433915055982985,-0.36354538062175507,0.49246262588353035,-0.3654219052980546,0.49533996372052297,-0.36254456746106195,0.6806923697071015,0.5681239816325682,0.5804643904726575,0.6759124180233037,0.5597443379185818,0.6296296296296297,1.0,,0.1352837133852864,-0.14040632794839678,0.11457406913365488,-0.10710385709643122,0.6862077444023571,0.5447860576764301,0.5578714113438498,0.710147438639844,0.5426304512829693,0.48148148148148145,1.0,,-0.003634629022205127,0.010332374454096516,-0.00934494747585074,0.02687317605509802,0.679268040628075,0.5710258149300461,0.5753056852724079,0.6909459722400815,0.5514575438229022,0.5185185185185185,1.0,,-0.008372847231634154,0.02473461735752173,0.0066845445307914435,0.00041278274902315876,0.6856148597695012,0.547246802184317,0.5565004561473053,0.7110681649711398,0.5448309817799816,0.48148148148148145,1.0,,-0.0042275136550609105,0.012793118961983282,-0.010715902672395175,0.027793902386393825,0.005515374695255648,-0.001424329079026454,0.004922490062399754,-0.023337923956138096,0.0029018332974779515,-0.020877179448251182,-0.022592979128807755,-0.005158705200249636,-0.023963934325352265,0.03423502061654027,0.015033554216777767,0.035155746947836075,0.28995433789954334,0.3310502283105023,0.28995433789954334,0.1232876712328767,438
sub-31,NS->SD,ses-1->ses-2,0.4791666666666667,0.0,0.4583333333333333,-0.02083333333333337,0.4398148148148148,-0.03935185185185186,0.45601851851851855,-0.02314814814814814,0.47343880635410635,0.0,0.45803588655218985,-0.015402919801916493,0.4392565438291851,-0.034182262524921236,0.4556884687118143,-0.017750337642292058,0.10278460278460277,0.0,0.4425943056840374,0.33980970289943463,0.4128782847487575,0.3100936819641547,0.4390144340190594,0.3362298312344566,0.11524856903980964,0.0,0.4586790147276352,0.3434304456878256,0.4466525178468069,0.33140394880699725,0.4588076403627243,0.3435590713229147,0.3323387056078509,0.8474091977612782,0.3123487351817253,0.8593579024808217,0.15259080223872193,0.09523809523809523,1.0,,-0.2944226056912413,0.18263068594526324,-0.28620455251573923,0.17280308701585803,0.6890264735909875,0.5290663987398148,0.5946433054726896,0.6884268018461409,0.4769394277107148,0.42857142857142855,1.0,,-0.0019293090195492042,-0.003228336766672594,0.05675425059488617,-0.029806390997865046,0.6902269734783303,0.5372258485073135,0.593642471325265,0.6805860034766651,0.46277415149268647,0.3333333333333333,1.0,,-0.00019236619280604828,0.0012693113891319256,0.03420912306875986,-0.022098503064452896,0.6890408771775197,0.5286336328302111,0.5933481385631586,0.6892999893143062,0.4752672030812218,0.42857142857142855,1.0,,-0.0019149054330170519,-0.0036611026762762844,0.05545908368535507,-0.028933203529699563,0.35668776798313656,0.3578882678704794,0.3567021715696688,-0.31834279902146345,-0.31018334925396474,-0.31877556493106707,0.28229457029096433,0.28129373614353975,0.2809994033814333,-0.17093110063468075,-0.17877189900415658,-0.17005791316651542,0.40046296296296297,0.3912037037037037,0.39814814814814814,0.14583333333333334,432
sub-32,NS->SD,ses-1->ses-2,0.7293233082706766,0.0,0.5488721804511278,-0.18045112781954875,0.5388471177944862,-0.19047619047619035,0.5463659147869674,-0.1829573934837092,0.7280542986425339,0.0,0.5478506787330316,-0.1802036199095023,0.5382730015082956,-0.1897812971342383,0.5452865761689291,-0.18276772247360484,0.7106276630612914,0.0,0.5240537240537241,-0.18657393900756736,0.5234277331292256,-0.1871999299320658,0.5201181247692875,-0.1905095382920039,0.8452488687782805,0.0,0.5720965309200604,-0.27315233785822013,0.5624434389140271,-0.2828054298642534,0.5700603318250378,-0.27518853695324275,0.4025187514189202,0.7659083008766174,0.4025187514189202,0.7659083008766174,0.7659083008766174,1.0,1.0,,-0.16366026978753145,0.06998901032299425,-0.05410551051288128,-0.030735037347767502,0.6619880827726964,0.6169525682926178,0.6619880827726964,0.6169525682926178,0.549602876106898,0.6666666666666666,1.0,,-0.028994877303742245,0.09163443907164037,0.07344134916970173,-0.05750889959745109,0.6613776891042372,0.6141851743062338,0.6613776891042372,0.6141851743062338,0.6141851743062338,1.0,1.0,,-0.03006484408576497,0.08967516307408611,0.073163995652145,-0.061166855661819376,0.6631603611894122,0.6150868733723959,0.6631603611894122,0.6150868733723959,0.5465136766433716,0.6666666666666666,1.0,,-0.02782259888702643,0.0897687441514184,0.07461362758641754,-0.05937459451767305,0.2594693313537762,0.25885893768531704,0.26064160977049206,-0.14895573258399963,-0.15172312657038367,-0.15082142750422156,0.2594693313537762,0.25885893768531704,0.26064160977049206,-0.14895573258399963,-0.15172312657038367,-0.15082142750422156,0.21553884711779447,0.24060150375939848,0.21804511278195485,0.10275689223057644,399
sub-33,NS->SD,ses-1->ses-2,0.6804597701149425,0.0,0.48735632183908045,-0.19310344827586207,0.47816091954022993,-0.20229885057471259,0.48735632183908045,-0.19310344827586207,0.6782724505327246,0.0,0.4872209538305429,-0.19105149670218163,0.4780568239472349,-0.20021562658548964,0.4872209538305429,-0.19105149670218163,0.5105711078632397,0.0,0.47378462925908177,-0.0367864786041579,0.46783796401009464,-0.04273314385314503,0.47378462925908177,-0.0367864786041579,0.9386732623033992,0.0,0.49010654490106553,-0.44856671740233367,0.49055048198883816,-0.44812278031456104,0.4899162861491629,-0.4487569761542363,0.687202458015788,0.5482677612453699,0.6611968720818804,0.6079861465841532,0.4517322387546301,0.3333333333333333,1.0,,0.30484402391287424,-0.31762013294307206,0.30533527439017877,-0.2580153851013165,0.692291146804525,0.520418764402469,0.6124876749588545,0.6630781777203083,0.4900762898226579,0.4166666666666667,1.0,,-0.0004867047713849419,0.008973907368878523,-0.01390227534880332,0.015650563252468903,0.6901619557188944,0.5383539109801253,0.6131902032633434,0.6619556307171782,0.46164608901987475,0.4583333333333333,1.0,,-0.0022849402849760927,0.021455873890469473,-0.014626457402538021,0.013954400861014923,0.692144123782875,0.5217041519160072,0.6113857229963288,0.6644766153767705,0.48903222164760035,0.4166666666666667,1.0,,-0.0006337277930348698,0.010259294882416725,-0.015004227311328963,0.017049000908931095,0.005088688788736917,0.0029594977031063285,0.004941665767086989,-0.027848996842900875,-0.009913850265244606,-0.026563609329362747,-0.048709197123025905,-0.04800666881853699,-0.04981114908555162,0.05509203113615513,0.05396948413302505,0.05649046879261732,0.3218390804597701,0.35862068965517246,0.3218390804597701,0.15172413793103448,435
sub-34,NS->SD,ses-1->ses-2,0.6758620689655173,0.0,0.46896551724137936,-0.2068965517241379,0.503448275862069,-0.1724137931034483,0.46896551724137936,-0.2068965517241379,0.6740233384069,0.0,0.46914637239979706,-0.20487696600710292,0.5036466260781329,-0.17037671232876705,0.46914637239979706,-0.20487696600710292,0.7454839157146756,0.0,0.45577200129980144,-0.2897119144148742,0.4906269769919755,-0.25485693872270015,0.45577200129980144,-0.2897119144148742,0.8017503805175038,0.0,0.4961948249619481,-0.3055555555555557,0.5050735667174023,-0.29667681380010147,0.494736174530695,-0.3070142059868088,0.1497624866598721,0.9650411605834961,0.1255853917563886,0.9650411605834961,0.9650411605834961,1.0,1.0,,-0.5241696146898566,0.3766832985080934,-0.34412126302712265,0.20309945476280214,0.6918104195694731,0.5237473588850763,0.5562930792258133,0.7102141498967454,0.4762526411149237,0.3703703703703704,1.0,,8.604619216075655e-05,-0.0013101678543736932,0.08422631388080165,-0.05144986863538011,0.6925980249610122,0.5155035828550657,0.5680107223031671,0.6924148524800936,0.504353970013283,0.48148148148148145,1.0,,0.001238065254538882,-0.012195965338226719,0.09599211302326204,-0.07281706759143465,0.6913160407136574,0.5285517692014023,0.5539645761080457,0.7130017730372923,0.47144823079859766,0.3703703703703704,1.0,,-0.00040833266365484605,0.0034942424619522905,0.08189781076303411,-0.04866224549483311,0.542047932909601,0.5428355383011401,0.5415535540537852,-0.4412938016984198,-0.4495375777284304,-0.43648939138209375,0.43070768746942467,0.44242533054677846,0.4283791843516571,-0.25482701068675073,-0.2726263081034025,-0.2520393875462038,0.35402298850574715,0.34252873563218394,0.35402298850574715,0.12183908045977011,435
sub-35,NS->SD,ses-1->ses-2,0.3767123287671233,0.0,0.5251141552511416,0.14840182648401828,0.5159817351598174,0.13926940639269408,0.5251141552511416,0.14840182648401828,0.3767123287671233,0.0,0.5251141552511416,0.14840182648401828,0.5159817351598174,0.13926940639269408,0.5251141552511416,0.14840182648401828,0.2955319089512638,0.0,0.5322133804892425,0.2366814715379787,0.5123193963045077,0.21678748735324394,0.5302980678119722,0.2347661588607084,0.3931319196847438,0.0,0.5263651717020079,0.1332332520172641,0.5179833614812034,0.12485144179645957,0.5239882404453619,0.13085632076061804,0.6424133725826296,0.6348601176782891,0.6083300045924136,0.6691750988916114,0.3978171177484371,0.3333333333333333,1.0,,-0.04085847840582776,0.07361833647505762,0.22113677822540426,-0.15427952183246682,0.688159049375232,0.5448336612295221,0.48754034603565793,0.7718089189794327,0.5448336612295221,0.6296296296296297,1.0,,-0.004408617205277447,0.03168837568739913,-0.024327086661276753,0.025844666084999024,0.6876088436704295,0.5520822223689822,0.5024798810448772,0.7521366747441115,0.5520822223689822,0.6296296296296297,1.0,,-0.0039639209926827235,0.0254950621424036,-0.00674198128212572,0.0015301281776003057,0.6885938541158326,0.5423931602250647,0.4869116854532316,0.7716502115406372,0.5423931602250647,0.6296296296296297,1.0,,-0.003973812464676689,0.029247874682941617,-0.024955747243703048,0.02568595864620334,0.04574567679260233,0.045195471087799866,0.04618048153320298,-0.09002645644876694,-0.0827778953093069,-0.09246695745322442,-0.12078965855675566,-0.10585012354753642,-0.121418319139182,0.10263382008782129,0.08296157585250008,0.10247511264902576,0.24429223744292236,0.27168949771689493,0.2442922374429224,0.13242009132420093,438
sub-36,NS->SD,ses-1->ses-2,0.5770114942528736,0.0,0.5080459770114943,-0.06896551724137923,0.5218390804597702,-0.055172413793103336,0.5057471264367815,-0.07126436781609202,0.5756912734652461,0.0,0.5078006088280062,-0.06789066463723992,0.5214992389649924,-0.05419203450025367,0.5054857940131913,-0.0702054794520548,0.4756316806008439,0.0,0.4880438506337787,0.012412170032934822,0.4954366941229625,0.01980501352211861,0.48442935092919454,0.00879767032835066,0.6426306443429731,0.0,0.507420091324201,-0.13521055301877216,0.5074835109081685,-0.13514713343480467,0.5050101471334348,-0.13762049720953828,0.6143888548707023,0.6738200111625096,0.4923448008687883,0.7536440614300469,0.3261799888374905,0.20833333333333334,1.0,,-0.020114247970191013,0.023758837679755136,0.13232833785702833,-0.07385747953655179,0.6930839137078543,0.5049537627298074,0.422812634159553,0.7829122278490104,0.4994393255910836,0.5416666666666666,1.0,,0.000961542155443936,-0.016873342381586554,-0.007275950535982845,-0.008263622807135107,0.689289909528194,0.5379673170973547,0.41742468007753275,0.7912044966166528,0.4932953323974895,0.5,1.0,,-0.0015762212682278731,0.005722697627788875,-0.03362749142215702,0.010176063978481883,0.6930420210975431,0.5062919936220472,0.4221367522896702,0.7822825462014104,0.49509785072101903,0.5416666666666666,1.0,,0.0009196495451327577,-0.015535111489346795,-0.00795183240586563,-0.008893304454735093,0.078695058837152,0.07490105465749175,0.07865316622684082,-0.16886624843270215,-0.13585269406515488,-0.16752801754046232,-0.06953216670923529,-0.07492012079125554,-0.07020804857911811,0.02926816641896346,0.0375604351866059,0.028638484771363437,0.2298850574712644,0.2528735632183908,0.22758620689655173,0.14022988505747128,435
sub-37,NS->SD,ses-1->ses-2,0.4918032786885245,0.0,0.4918032786885245,0.0,0.5136612021857924,0.02185792349726784,0.4918032786885245,0.0,0.5063058087084599,0.0,0.4943385805026235,-0.011967228205836344,0.5214029273681303,0.01509711865967045,0.4943385805026235,-0.011967228205836344,0.496788370520622,0.0,0.4549700717646157,-0.041818298756006345,0.49249421820634076,-0.004294152314281263,0.4549700717646157,-0.041818298756006345,0.5190094817269632,0.0,0.5129338120224616,-0.006075669704501574,0.5146828684525454,-0.0043266132744177455,0.5147749240541287,-0.004234557672834427,0.6229837246064959,0.6847399858136972,0.3633256058054776,0.8205465697274917,0.6847399858136972,0.7368421052631579,1.0,,-0.06110208494899553,0.1382161672227085,-0.25208795110435994,0.1629487635780191,0.6889123216832868,0.5321165516711118,0.5404988636038314,0.7178736595731032,0.5301083509336438,0.49122807017543857,1.0,,-0.0032872101595906957,0.01389845540305897,-0.028106834691224658,0.01435583508410084,0.6852422442253685,0.5483270721477375,0.5564824063168111,0.7030346409270639,0.5393525743693637,0.5964912280701754,1.0,,-0.006117649964143139,0.022680320245981767,-0.022471070751317084,0.013751510391828833,0.6886220747463853,0.5330683940596748,0.5394901101984609,0.7184409181538381,0.5318290323280451,0.49122807017543857,1.0,,-0.003577457096492006,0.014850297791621947,-0.029115588096595018,0.014923093664835685,0.06592859707679088,0.06225851961887263,0.06563835013988939,-0.1526234341425854,-0.13641291366595976,-0.15167159175402245,0.17717325779835374,0.1931568005113335,0.1761645043929833,-0.10267291015438851,-0.11751192880042782,-0.10210565157365359,0.13661202185792348,0.19672131147540983,0.13661202185792348,0.12568306010928962,366
sub-38,NS->SD,ses-1->ses-2,0.6223776223776224,0.0,0.48951048951048953,-0.13286713286713286,0.5081585081585082,-0.11421911421911424,0.4918414918414918,-0.1305361305361306,0.6236632759520084,0.0,0.4888171622326552,-0.13484611371935323,0.507433489827856,-0.11622978612415247,0.49113197704746997,-0.13253129890453846,0.514817956093124,0.0,0.5363444712347755,0.021526515141651492,0.5541726161844559,0.03935466009133193,0.5392478517796012,0.024429895686477243,0.7245696400625979,0.0,0.48304642670839854,-0.2415232133541994,0.4842201356285864,-0.24034950443401154,0.4874152321335421,-0.23715440792905584,0.6854108100704606,0.5517644292364517,0.6528871800641011,0.6071081863095363,0.48783896304666996,0.5416666666666666,1.0,,0.042015735740694615,-0.06510080466978252,0.027097961999434112,-0.0233666916222622,0.6842033235788764,0.5589304305613041,0.6001962895659657,0.6621736225982507,0.5439090542495251,0.5833333333333334,1.0,,0.0015894651094624142,-0.006546473052973549,-0.02102644741627831,0.017665109829977155,0.6840252926748036,0.55441972737511,0.6104518976215054,0.6622164137661457,0.55441972737511,0.5833333333333334,1.0,,0.0005504933275763957,-0.011668126021201411,-0.022390659098625882,0.027122225845232606,0.6835907902116038,0.5597516812073687,0.5988630742041391,0.6631825210837027,0.5478072074862818,0.5833333333333334,1.0,,0.0009769317421897499,-0.00572522240690887,-0.02235966277810497,0.01867400831542909,-0.0012074864915841976,-0.0013855173956569544,-0.001820019858856714,0.007166001324852345,0.0026552981386582797,0.007987251970916986,-0.052690890498135357,-0.042435282442595645,-0.05402410585996198,0.05506543628871441,0.05510822745660937,0.056074334774166346,0.3286713286713287,0.34265734265734266,0.331002331002331,0.16083916083916083,429
sub-40,SD->NS,ses-2->ses-1,0.8554778554778556,0.0,0.48951048951048953,-0.36596736596736607,0.49417249417249415,-0.36130536130536145,0.48951048951048953,-0.36596736596736607,0.8577625570776256,0.0,0.48943248532289624,-0.36833007175472937,0.4943900848010436,-0.363372472276582,0.48943248532289624,-0.36833007175472937,0.8794674859190987,0.0,0.4806044530182461,-0.3988630329008526,0.4937332074318375,-0.3857342784872612,0.4806044530182461,-0.3988630329008526,0.9842791911285061,0.0,0.4776255707762557,-0.5066536203522505,0.4833007175472928,-0.5009784735812133,0.4778212654924984,-0.5064579256360078,0.3722555108160754,0.7913813018705563,0.3048665136733396,0.8621494341244857,0.21415463514730826,0.2222222222222222,0.0,,0.12542699880772298,-0.10921873846092651,0.11929378312380055,-0.05017086370780455,0.6903967842193911,0.5364320955791132,0.49062367517619804,0.7472146265036255,0.4834210562381755,0.5185185185185185,0.0,,0.0019383798077252286,-0.011917277963086096,0.08690348122551263,-0.06885566381269774,0.6924982546380893,0.5159026065634357,0.49105890220150733,0.7592240783075491,0.48409739343656427,0.48148148148148145,0.0,,0.0032715299177819013,-0.026433774181188863,0.07807058519199211,-0.044833884084558386,0.6902273744737908,0.5374873042693017,0.48928089769364674,0.7484545233590459,0.4836958988431703,0.5185185185185185,0.0,,0.0017689700621247677,-0.010862069272897531,0.08556070374296137,-0.06761576695727718,0.3181412734033157,0.32024274382201395,0.3179718636577154,-0.25494920629144313,-0.27547869530712066,-0.25389399760125464,0.18575716150285843,0.18619238852816772,0.18441438402030713,-0.11493480762086028,-0.10292535581693663,-0.1136949107654398,0.40792540792540793,0.4032634032634032,0.40792540792540793,0.14452214452214454,429
sub-41,NS->SD,ses-1->ses-2,0.47794117647058826,0.0,0.5318627450980392,0.053921568627450955,0.517156862745098,0.03921568627450972,0.5269607843137254,0.049019607843137136,0.47584541062801927,0.0,0.5310765015502199,0.05523109092220063,0.5160069219121782,0.04016151128415896,0.5261013771721105,0.0502559665440912,0.3789302739797789,0.0,0.5001203814454633,0.12119010746568443,0.471405999869851,0.09247572589007208,0.49280845622309033,0.11387818224331142,0.5102026101377173,0.0,0.523325401975629,0.013122791837911763,0.5102747133895739,7.210325185658117e-05,0.518278174345663,0.008075564207945751,0.5308982569691195,0.7431278261873456,0.4031757775265247,0.7949303620391422,0.7431278261873456,0.7777777777777777,1.0,,-0.1302402641016248,0.13800344807613227,-0.17586539527316739,0.10543928486812448,0.6889643637452695,0.5400990711318122,0.5464860992218107,0.70780787203047,0.4786879883872139,0.5555555555555555,1.0,,-0.0004524502085327213,0.004091725128495871,-0.023615150684691204,0.023259213362406512,0.6857594541938908,0.55982832196686,0.5354521345258727,0.7166515464584032,0.47520681139495635,0.4444444444444444,1.0,,-0.004357279319097536,0.02693165032865689,-0.033762302594751416,0.021222752635367215,0.6880825103364504,0.5437934282753203,0.5449134891365719,0.7067583153645197,0.4728427843915091,0.5555555555555555,1.0,,-0.001334303617351799,0.007786082272003947,-0.025187760769930068,0.022209656696456175,0.15806610677614996,0.15486119722477132,0.15718425336733088,-0.20302875505553342,-0.18329950422048558,-0.19933439791202534,0.14331032169528596,0.13227635699934798,0.14173771161004717,-0.08712249000867223,-0.07827881558073901,-0.08817204667462253,0.2107843137254902,0.23529411764705885,0.2058823529411765,0.09803921568627451,408
sub-42,SD->NS,ses-2->ses-1,0.4323671497584541,0.0,0.5169082125603865,0.08454106280193247,0.5,0.06763285024154592,0.5193236714975846,0.08695652173913054,0.4326606404596735,0.0,0.5159414196622522,0.08328077920257865,0.4983883399901899,0.06572769953051638,0.5182888375026277,0.08562819704295416,0.4355839092681198,0.0,0.4920059027882348,0.05642199352011501,0.46246861418745416,0.026884704919334368,0.49325859411726203,0.05767468484914223,0.36290379090463176,0.0,0.49947445869245327,0.1365706677878215,0.5105458622381053,0.1476420713334735,0.5018569126199987,0.1389531217153669,0.45984912340157197,0.7360205125241053,0.4092866401488437,0.7879166588896798,0.5895083475680578,0.5714285714285714,0.0,,-0.22097880270942669,0.16094645128946405,0.046269275173726455,-0.04346346324525233,0.6897340429974412,0.5340928987023376,0.5161222960963392,0.7205532776812712,0.4718227909789199,0.38095238095238093,0.0,,-0.0027134091888422196,0.01620075094961933,0.07987138084084429,-0.07242690477990739,0.6872437552976929,0.5499931818229102,0.5214934974883921,0.7080549813718314,0.45000681817708976,0.3333333333333333,0.0,,-0.005350373027901052,0.03413964209992285,0.08334840328715303,-0.08235818879570833,0.6890764314264342,0.5383892544500885,0.5144355879001273,0.7225864924313057,0.46814215493698913,0.38095238095238093,0.0,,-0.003371020759849408,0.02049710669737015,0.07818467264463246,-0.0703936900298729,0.22988491959586926,0.2273946318961209,0.2292273080248622,-0.20192761382176772,-0.18602733070119504,-0.19763125807401682,0.1068356559474955,0.11220685733954844,0.10514894775128364,-0.06736338120840857,-0.07986167751784834,-0.06533016645837408,0.2246376811594203,0.23671497584541065,0.2222222222222222,0.10144927536231885,414
sub-45,SD->NS,ses-2->ses-1,0.491725768321513,0.0,0.5035460992907801,0.011820330969267101,0.5177304964539008,0.0260047281323878,0.5011820330969267,0.00945626477541367,0.5019137792103142,0.0,0.504767660488853,0.0028538812785388057,0.518802041364491,0.016888262154176825,0.502484555466022,0.0005707762557077833,0.3023569023569024,0.0,0.4949821867630087,0.19262528440610632,0.5112697036394763,0.20891280128257395,0.49104658747857216,0.18868968512166978,0.4368788611334944,0.0,0.5037604082728983,0.06688154713940386,0.5084609186140209,0.07158205748052648,0.5065135643298415,0.06963470319634713,0.5528592495612433,0.7418244493504366,0.5327533804672243,0.7418244493504366,0.2581755506495635,0.0,0.0,,-0.036030053118000525,0.01950126373230887,0.06198826428095292,-0.019928686485097085,0.6778669222400543,0.5809561181813478,0.5683139196603165,0.6969773937016726,0.41904388181865215,0.5,0.0,,-0.013296580805257604,0.05745565824690857,0.13516920595798207,-0.0992117325598277,0.6866036828918235,0.5552694176634153,0.6034702252944878,0.6720687275131544,0.46879003196954727,0.5833333333333334,0.0,,-0.004005453858646368,0.023521411315111134,0.16423034781345267,-0.12178816089969284,0.6766344076851972,0.5852340540538231,0.5673129403328003,0.6960617285221815,0.41476594594617683,0.5,0.0,,-0.014529095360114522,0.061733594119383874,0.1341682266304659,-0.10012739773931874,0.12500767267881097,0.13374443333058017,0.1237751581239539,-0.16086833116908872,-0.18655503168702126,-0.15659039529661345,0.03556053919309221,0.07071684482726348,0.03455955986557602,-0.04484705564876401,-0.06975572183728218,-0.045762720828255055,0.2718676122931442,0.2955082742316785,0.2695035460992908,0.1347517730496454,423
sub-46,NS->SD,ses-1->ses-2,0.6205128205128205,0.0,0.4743589743589743,-0.14615384615384625,0.4974358974358974,-0.12307692307692314,0.47179487179487173,-0.1487179487179488,0.601984126984127,0.0,0.47380952380952374,-0.12817460317460322,0.4968253968253968,-0.10515873015873017,0.47103174603174597,-0.130952380952381,0.46145970454877866,0.0,0.45059722222222226,-0.0108624823265564,0.47371903951597655,0.012259334967197888,0.4463021708683474,-0.015157533680431268,0.585,0.0,0.48396825396825394,-0.10103174603174603,0.5058730158730159,-0.07912698412698405,0.48500000000000004,-0.09999999999999992,0.6755962915285085,0.5865152747858139,0.5491776733981655,0.7211298559393201,0.41348472521418617,0.38095238095238093,1.0,,0.09099583962386626,-0.12092680329390404,0.0007798008666976738,-0.0033987305138171533,0.6926347771664293,0.5149321777834778,0.5022002151107522,0.7553240497197423,0.489664210095292,0.4880952380952381,1.0,,0.0006545387026823205,-0.0040828621935188325,-0.0737335950761397,0.06235226195505154,0.6917866058314783,0.5243196505609723,0.4978777369748449,0.7557413245861729,0.49805986513161943,0.5238095238095237,1.0,,-0.00033587300440000395,0.0057770379685929685,-0.061608731231010405,0.04590568024044236,0.6925027461792093,0.517001185255746,0.501054400454659,0.755598997298096,0.48963981347956825,0.4880952380952381,1.0,,0.0005225077154623244,-0.0020138547212506333,-0.07487940973223295,0.0626272095334051,0.017038485637920764,0.0161903143029698,0.01690645465070073,-0.07158309700233612,-0.062195624224841595,-0.06951408953006788,-0.04697745828741329,-0.05129993642332059,-0.04812327294350649,0.03419419378042221,0.03461146864685283,0.03446914135877588,0.25384615384615383,0.26666666666666666,0.2512820512820513,0.12307692307692308,390
sub-47,NS->SD,ses-1->ses-2,0.45287356321839084,0.0,0.6275862068965518,0.17471264367816092,0.6114942528735632,0.15862068965517234,0.6206896551724138,0.16781609195402297,0.45601851851851855,0.0,0.6258878741755454,0.16986935565702682,0.6099695585996956,0.15395104008117705,0.6189117199391172,0.16289320142059865,0.6215857535812525,0.0,0.5020766918327993,-0.1195090617484531,0.4996940741884388,-0.12189167939281365,0.486236629916077,-0.13534912366517543,0.0,0.0,0.6930492135971589,0.6930492135971589,0.6659056316590563,0.6659056316590563,0.6844875697615422,0.6844875697615422,0.5481506343716503,0.7357233514388403,0.482852649795253,0.7676461736361185,0.7357233514388403,0.9166666666666666,1.0,,0.5325503276423325,-0.26159839270015556,0.46738866355958003,-0.22967557050287724,0.6856381496215063,0.5571010417770594,0.6041480573885679,0.6669098692170033,0.44289895822294056,0.3333333333333333,1.0,,0.07308085372552005,-0.14049797793874555,0.06033199203550338,-0.05579695890992298,0.685184525612658,0.5615766250217954,0.5915455164530122,0.6787787827973565,0.43842337497820455,0.375,1.0,,0.06284864863098698,-0.123782833761652,0.07044276689462071,-0.058208600031017944,0.683039922079918,0.5675171906283746,0.601594149656875,0.6706579520832747,0.43248280937162537,0.3333333333333333,1.0,,0.07048262618393182,-0.13008182908743038,0.05777808430381043,-0.05204887604365164,0.13748751524985592,0.13703389124100762,0.1348892877082677,-0.17862230966178083,-0.17414672641704487,-0.1682061608104657,0.12129540759331492,0.10869286665775924,0.11874149986162197,-0.10073630441911519,-0.08886739083876205,-0.09698822155284381,0.703448275862069,0.6827586206896551,0.7149425287356322,0.1425287356321839,435
sub-48,NS->SD,ses-1->ses-2,0.5494252873563218,0.0,0.4827586206896552,-0.0666666666666666,0.503448275862069,-0.04597701149425282,0.4827586206896552,-0.0666666666666666,0.5557035909148585,0.0,0.48210886943281306,-0.07359472148204549,0.5030452988199466,-0.05265829209491191,0.4820137038446897,-0.07368988707016882,0.6473188133556925,0.0,0.4600635978375543,-0.18725521551813823,0.4882300768281136,-0.15908873652757893,0.4573565448671124,-0.1899622684885801,0.6056338028169014,0.0,0.5152899378251491,-0.09034386499175229,0.5102778835173202,-0.0953559192995812,0.5116102017510468,-0.09402360106585461,0.6225764814404303,0.6604247800562354,0.5227182229639781,0.7182021465241198,0.4971130705394205,0.6666666666666666,1.0,,-0.03794699124629471,0.037345283775634695,-0.035226794452418275,0.019963062346158966,0.6922719182340377,0.5190039140482744,0.5428138337460124,0.7191740950303419,0.49281770895634375,0.4761904761904761,1.0,,0.00034098493003413094,-0.004961924976669252,-0.0014146649770205484,0.012213592290035677,0.6926342069602596,0.5159720351830835,0.5493836798458818,0.7030975590681745,0.48402796481691657,0.5238095238095238,1.0,,9.049742129877784e-05,-0.000689782471107736,-0.010483124316694514,0.01177437824939953,0.6921677206230261,0.5193858309870675,0.5424517528424285,0.7193699159792492,0.4886626296100163,0.4761904761904761,1.0,,0.00023678731902247266,-0.004580008037876134,-0.0017767458806044838,0.012409413238942957,0.06969543679360735,0.07005772551982925,0.0695912391825958,-0.141420866007961,-0.14445274487315185,-0.14103894906916792,0.020095610782034368,0.026665456881903693,0.01973352987845045,0.0009719485062220645,-0.01510458745594534,0.0011677694551293083,0.35632183908045983,0.367816091954023,0.36091954022988504,0.14942528735632185,435
sub-49,NS->SD,ses-1->ses-2,0.9885844748858448,0.0,0.6141552511415526,-0.3744292237442922,0.5821917808219178,-0.406392694063927,0.6027397260273972,-0.38584474885844755,0.9885844748858448,0.0,0.6141552511415526,-0.3744292237442922,0.5821917808219177,-0.4063926940639271,0.6027397260273972,-0.38584474885844755,0.9887840860995224,0.0,0.5446498647059657,-0.44413422139355674,0.5130737887348057,-0.4757102973647167,0.5249603569716413,-0.46382372912788106,1.0,0.0,0.6561581284793895,-0.3438418715206105,0.6435228623256396,-0.3564771376743604,0.6495902921123412,-0.3504097078876588,0.11084929769112113,0.9763008334018566,0.1016845311336747,0.9763008334018566,0.9763008334018566,1.0,1.0,,-0.42351128021345996,0.20959837195739428,-0.4076211897571573,0.20559732076987902,0.6911433168905713,0.5266886981273139,0.598172564791971,0.6804657248711145,0.4947845360471142,0.48148148148148145,1.0,,0.04663079537941802,-0.12205227597237185,0.07487025418159839,-0.06254627578029477,0.6920225206479452,0.5220742909996597,0.5993656770570283,0.6817790203624302,0.5050087880205225,0.48148148148148145,1.0,,0.044114659513840894,-0.11936094345852595,0.06431009832730572,-0.05197747585932829,0.6906299125626333,0.5267690778882416,0.5974118475345596,0.6812349883494554,0.4858203933194831,0.48148148148148145,1.0,,0.04611739105147994,-0.12197189621144422,0.07410953692418691,-0.06177701230195387,0.5802940191994501,0.581173222956824,0.5797806148715121,-0.4496121352745427,-0.45422654240219684,-0.449531755513615,0.4964880336582963,0.49768114592335355,0.49572731640088485,-0.29583510853074213,-0.2945218130394264,-0.2950658450524012,0.37442922374429227,0.4063926940639269,0.3858447488584475,0.10273972602739727,438
sub-50,SD->NS,ses-2->ses-1,0.5271867612293145,0.0,0.6122931442080378,0.0851063829787233,0.6312056737588653,0.10401891252955076,0.6146572104018913,0.08747044917257674,0.5240107310529846,0.0,0.6115694164989939,0.08755868544600931,0.6305499664654595,0.1065392354124749,0.6138832997987927,0.08987256874580818,0.674046578226012,0.0,0.6434917801718337,-0.030554798054178267,0.6557904482088479,-0.018256130017164085,0.6481308800403804,-0.025915698185631553,0.5140174379610999,0.0,0.6352783366867873,0.12126089872568746,0.6431924882629109,0.12917505030181098,0.6322602280348759,0.11824279007377603,0.1783535422972308,0.9380256881316503,0.13261429217659665,0.9382422682311798,0.9380256881316503,0.9444444444444445,0.0,,-0.03612817308125771,0.0010666440551479288,-0.018886942170085203,-0.008663933620684702,0.6893959000595622,0.5393117111590173,0.6015213404763736,0.6607375103566381,0.5393117111590173,0.4444444444444444,0.0,,0.04209547634085309,-0.08455744390893316,0.05846376502621028,-0.05942095810961393,0.6888471300311271,0.5380966795815362,0.5835324450051816,0.6946296493212382,0.5380966795815362,0.49999999999999994,0.0,,0.02880994517189765,-0.07191766323780435,0.01745649499337576,-0.0019886483205482364,0.6886080030408374,0.5439550595151054,0.6007521027948939,0.6599383304516474,0.5439550595151054,0.4444444444444444,0.0,,0.04130757932212836,-0.07991409555284512,0.057694527344730684,-0.060220138014604685,0.5110423577623314,0.5104935877338963,0.5102544607436066,-0.398713976972633,-0.39992900855011415,-0.39407062861654496,0.468907048299777,0.450918152828585,0.46813781061829723,-0.27750475787454176,-0.24361261890994168,-0.27830393777953244,0.34515366430260047,0.3546099290780142,0.3380614657210402,0.09692671394799053,423
sub-51,SD->NS,ses-2->ses-1,0.8345498783454987,0.0,0.5717761557177615,-0.2627737226277371,0.5863746958637469,-0.24817518248175174,0.5766423357664233,-0.25790754257907533,0.8341506751954514,0.0,0.569225302061123,-0.2649253731343284,0.5837242359630418,-0.2504264392324096,0.5739872068230277,-0.26016346837242366,0.8324844292729668,0.0,0.5083552961736593,-0.3241291330993076,0.5213311207671082,-0.31115330850585865,0.5110847757906581,-0.3213996534823087,0.9329779673063255,0.0,0.628500355366027,-0.30447761194029854,0.6242359630419333,-0.30874200426439224,0.6304193319118693,-0.30255863539445627,0.44172658437233503,0.7761706499796776,0.40816597786315545,0.8214574113695159,0.23837946634739635,0.16666666666666666,0.0,,-0.13947949770962714,0.04461020629646051,-0.07289652642594656,0.05320200236100292,0.6227628424492625,0.6743002259689902,0.5085665548364552,0.7510426035150886,0.3256997740310099,0.2222222222222222,0.0,,-0.0699692420056085,0.16125084515402302,-0.00909589575350983,0.01627665963800003,0.6480158792269025,0.6377064055996016,0.5372392824698962,0.7159618934124915,0.36229359440039843,0.27777777777777773,0.0,,-0.04452196108898099,0.12120852726366138,0.012407102317904687,-0.014288281831896824,0.6194934239233764,0.6784559829781452,0.5050592263426467,0.7537045754078361,0.3215440170218547,0.2222222222222222,0.0,,-0.07323866053149453,0.16540660216317823,-0.012603224247318376,0.018938631530747634,0.18103625807692747,0.20628929485456748,0.17776683955104133,-0.10187042401068735,-0.13846424438007598,-0.09771466700153231,0.10040057697329974,0.1290733046067407,0.09689324847949121,-0.07041480785442733,-0.10549551795702439,-0.0677528359616798,0.29683698296836986,0.29197080291970806,0.2968369829683698,0.11678832116788322,411
sub-52,NS->SD,ses-1->ses-2,0.6335540838852097,0.0,0.49889624724061815,-0.13465783664459158,0.5121412803532008,-0.1214128035320089,0.5011037527593819,-0.13245033112582782,0.636867088607595,0.0,0.49853492733239574,-0.13833216127519926,0.5113982653539616,-0.1254688232536334,0.500644631973746,-0.13622245663384902,0.6183115969666954,0.0,0.5123748099208222,-0.10593678704587317,0.5305031446540881,-0.08780845231260725,0.5156956221588319,-0.10261597480786344,0.7158931082981717,0.0,0.5029301453352086,-0.21296296296296302,0.5318799812470698,-0.18401312705110184,0.502051101734646,-0.2138420065635257,0.6794677725404336,0.5658147229088677,0.6546097139900812,0.6069372428788079,0.5645781874656677,0.7111111111111111,1.0,,0.004217509158422339,-0.01326438354121314,-0.013191779680720384,0.014838861508501852,0.6926603323012598,0.5141028920809428,0.6401019350261699,0.6298356307877434,0.505649589167701,0.5111111111111111,1.0,,0.0021189171794860537,-0.01992451463205121,-0.02128759966652982,0.024005358981796454,0.6909472888071128,0.5294987910323673,0.6449121887150535,0.6220772458447351,0.5182677394813962,0.48888888888888893,1.0,,-0.0006927290824739751,0.004602318495098105,-0.019926218015602865,0.025385360036873122,0.6927215776687378,0.5139675388733546,0.6395637007112586,0.6305522173643112,0.5045751071638532,0.5111111111111111,1.0,,0.0021801625469640338,-0.020059867839639384,-0.02182583398144126,0.024721945558364194,0.013192559760826228,0.011479516266679202,0.013253805128304208,-0.051711830827924854,-0.036315931876500396,-0.05184718403551314,-0.01450777896391131,-0.009697525275027652,-0.0150460132788226,0.022898387908935502,0.015140002965927213,0.023614974485503315,0.2582781456953642,0.27593818984547464,0.2560706401766004,0.17880794701986755,453
sub-53,NS->SD,ses-1->ses-2,0.4953703703703704,0.0,0.4583333333333333,-0.03703703703703709,0.4305555555555556,-0.06481481481481483,0.46064814814814814,-0.034722222222222265,0.4953703703703704,0.0,0.4583333333333333,-0.03703703703703709,0.4305555555555556,-0.06481481481481483,0.46064814814814814,-0.034722222222222265,0.34070886754939855,0.0,0.4541313023375056,0.11342243478810704,0.4280604479234616,0.08735158037406304,0.4578997161778619,0.11719084862846335,0.4703575102880659,0.0,0.4232253086419753,-0.04713220164609061,0.4314557613168724,-0.03890174897119347,0.4245756172839507,-0.04578189300411517,0.6722358813723789,0.5763350869917,0.5452390612762282,0.7206755822602039,0.42366491300829995,0.4166666666666667,1.0,,0.02071084498506659,-0.06078138002582515,-0.0182035024626504,0.012198791664559394,0.6918816929559672,0.5247477807570249,0.5024779220248078,0.7448194543054948,0.506633026447768,0.4583333333333333,1.0,,0.0023692983009700277,-0.01216120106012871,-0.031221531786628214,0.01575782479873548,0.6911192919017258,0.523986748730143,0.5229084972624731,0.7406142087032398,0.523986748730143,0.5416666666666666,1.0,,0.00405370648796551,-0.02090667754722138,-0.015128556662604672,0.012269780738279223,0.692078269919393,0.5228317052436372,0.5007442210775395,0.746502195019275,0.5069965926619867,0.4583333333333333,1.0,,0.002565875264395926,-0.014077276573516428,-0.032955232733896465,0.017440565512515604,0.019645811583588357,0.018883410529346945,0.019842388547014145,-0.05158730623467511,-0.05234833826155705,-0.053503381748062795,-0.042761139251420444,-0.022330564013755105,-0.04449484019868877,0.024143872045290893,0.0199386264430359,0.025826612759071055,0.24074074074074078,0.25,0.24305555555555558,0.1087962962962963,432
sub-54,NS->SD,ses-1->ses-2,0.6246719160104988,0.0,0.49606299212598426,-0.1286089238845145,0.5223097112860892,-0.1023622047244096,0.49606299212598426,-0.1286089238845145,0.6252480158730159,0.0,0.49582506613756605,-0.12942294973544988,0.5222387566137566,-0.1030092592592593,0.49582506613756605,-0.12942294973544988,0.6493739000385834,0.0,0.4779175846593227,-0.1714563153792607,0.5153117339163851,-0.13406216612219835,0.4779175846593227,-0.1714563153792607,0.6841104497354497,0.0,0.4723875661375661,-0.21172288359788355,0.48470568783068785,-0.1994047619047618,0.47213955026455023,-0.21197089947089942,0.5704870030000498,0.7336752521254684,0.3810276569210231,0.8238697188996499,0.7336752521254684,0.7849462365591396,1.0,,-0.1141635170110659,0.1855870047809496,-0.23804978844372748,0.18115410732696213,0.6923064905768199,0.5180212419419999,0.5085830273371014,0.7331859046312911,0.5056746050975817,0.5483870967741935,1.0,,0.0041342725951810655,-0.024421721322572105,-0.04076957400975937,0.02368501297032999,0.69186516235162,0.5211836858427211,0.5135556195558634,0.7355089236366292,0.5154820824147112,0.6021505376344086,1.0,,0.0030869440972668047,-0.016438262016382283,-0.0491444587298294,0.041489621454108803,0.6921574598097489,0.5186981353908777,0.5078970211935899,0.7332186530874942,0.5048763868749462,0.5483870967741935,1.0,,0.0039852418281100714,-0.0237448278736944,-0.04145558015327069,0.023717761426533184,0.12181948757677008,0.12137815935157015,0.12167045680969901,-0.21565401018346841,-0.21249156628274724,-0.21497711673459063,0.12755537041607828,0.1325279626348403,0.12686936427256684,-0.09068381426835881,-0.08836079526302065,-0.09065106581215565,0.21259842519685038,0.24934383202099739,0.21259842519685038,0.14173228346456693,381
sub-55,NS->SD,ses-1->ses-2,0.8616780045351474,0.0,0.6122448979591836,-0.24943310657596385,0.6099773242630385,-0.2517006802721089,0.6145124716553289,-0.24716553287981857,0.8625817598420338,0.0,0.612705170924349,-0.24987658891768483,0.6103603603603603,-0.25222139948167344,0.6149574231766013,-0.2476243366654325,0.8839822582337552,0.0,0.62807119263476,-0.25591106559899524,0.6226843698224466,-0.26129788841130863,0.6294676456441163,-0.2545146125896389,0.9695174626681475,0.0,0.6510551647537949,-0.31846229791435265,0.6434653831914106,-0.326052079476737,0.6494508206836973,-0.32006664198445023,0.25463503608296983,0.9014059702555338,0.2398272083213352,0.9014059702555338,0.9014059702555338,1.0,1.0,,-0.3272108865409771,0.2346623109964033,-0.3107824659495735,0.20260876215373477,0.6559286287977641,0.6044428094669624,0.5778902517151017,0.6965636092203634,0.6044428094669624,0.7777777777777777,1.0,,-0.030686897595984013,0.05213613008877641,0.00830497267304157,0.001514412748360024,0.6757101442299734,0.578082427934364,0.5605312957281863,0.7113330728477902,0.578082427934364,0.48148148148148145,1.0,,-0.013875510022355653,0.04668333685926714,-0.007864296018570008,0.026000287807417217,0.6564116605737084,0.6025206435609747,0.5776646361634238,0.6964881409097602,0.6025206435609747,0.7777777777777777,1.0,,-0.030203865820039828,0.05021396418278864,0.00807935712136365,0.0014389444377566434,0.4012935927147943,0.4210751081470036,0.40177662449073853,-0.29696316078857143,-0.3233235423211698,-0.29888532669455914,0.33806304339376647,0.3207040874068511,0.3378374278420886,-0.2048423610351704,-0.19007289740774358,-0.20491782934577363,0.2766439909297052,0.3061224489795918,0.27891156462585037,0.1541950113378685,441
sub-56,NS->SD,ses-1->ses-2,0.4930555555555556,0.0,0.44675925925925924,-0.046296296296296335,0.45601851851851855,-0.037037037037037035,0.4444444444444444,-0.04861111111111116,0.4930555555555556,0.0,0.44675925925925924,-0.046296296296296335,0.45601851851851855,-0.037037037037037035,0.4444444444444445,-0.048611111111111105,0.4739057239057239,0.0,0.45251700680272106,-0.02138871710300283,0.459805179215144,-0.014100544690579864,0.44874859296236486,-0.02515713094335903,0.5023791152263374,0.0,0.43987911522633744,-0.062499999999999944,0.44978137860082307,-0.05259773662551431,0.4411008230452675,-0.06127829218106989,0.6545956982281087,0.6156943192084631,0.5476409858622383,0.7110024938980738,0.384305680791537,0.2916666666666667,1.0,,-0.010206970971494478,0.03511816554237157,-0.07644399702593191,0.06705666438210756,0.6857242463564521,0.5588694444547097,0.5434837101083653,0.706452197705706,0.47389914902547997,0.4583333333333333,1.0,,-0.0029219357609937178,0.018891650064688292,0.012579487741081141,-0.02113996955146528,0.6865790081047836,0.5537616878282279,0.516629244271133,0.7182198917338004,0.5126533502868066,0.4583333333333333,1.0,,-0.0018899237026004008,0.0132018436609845,-0.013944080536634743,-0.005096301150236589,0.6852792930575289,0.5606464482843876,0.5424236950053684,0.7079436406493187,0.47574546188116074,0.4583333333333333,1.0,,-0.003366889059917111,0.02066865389436619,0.011519472638084172,-0.019648526607852546,0.031128548128343425,0.03198330987667486,0.03068359482942018,-0.05682487475375342,-0.06193263138023519,-0.05504787092407548,-0.004157275753873035,-0.031011741591105313,-0.005217290856869949,-0.004550296192367798,0.007217397835726613,-0.0030588532487551,0.1898148148148148,0.23148148148148148,0.19212962962962962,0.1273148148148148,432
sub-57,NS->SD,ses-1->ses-2,0.7821522309711285,0.0,0.4829396325459318,-0.2992125984251967,0.45144356955380577,-0.33070866141732275,0.4776902887139108,-0.30446194225721773,0.778755868544601,0.0,0.4803403755868545,-0.2984154929577465,0.4502850435949027,-0.3284708249496983,0.4743879946344735,-0.3043678739101275,0.7498217161260641,0.0,0.4388091519793758,-0.31101256414668826,0.41484062128685634,-0.33498109483920774,0.4294546647487824,-0.32036705137728166,0.8465794768611669,0.0,0.4901911468812877,-0.3563883299798792,0.46956740442655936,-0.3770120724346075,0.4906941649899396,-0.35588531187122724,0.6388099942333003,0.6552803052796258,0.5301859552269929,0.7189872761567434,0.6552803052796258,0.7361111111111112,1.0,,-0.030728650427607158,0.04937173772810233,-0.11152515812458667,0.08638345217332244,0.6928389304000399,0.5108985485728933,0.5601115748469389,0.7051993574132212,0.48910145142710665,0.4305555555555556,1.0,,0.001538744578069388,-0.017686214757203667,-0.030343964032933417,0.02605247084284205,0.6924183001543508,0.5163419115156608,0.5740062486847372,0.6873103606922086,0.4961688672612783,0.4444444444444445,1.0,,0.00047922916368277796,-0.006102672115149403,-0.025133953879394804,0.01815615952364169,0.6927834665260032,0.5103844876478737,0.5594281108254973,0.7051823247198222,0.48961551235212636,0.4166666666666667,1.0,,0.0014832807040326967,-0.01820027568222334,-0.031027428054374934,0.02603543814944309,0.05402893616673954,0.05360830592105048,0.053973472292702884,-0.14438175670673248,-0.138938393763965,-0.14489581763175208,0.029925619619945998,0.0438202934577443,0.029242155598504405,-0.013787918743522254,-0.03167691546453477,-0.013804951436921176,0.31496062992125984,0.3517060367454068,0.32020997375328086,0.15748031496062995,381
sub-58,NS->SD,ses-1->ses-2,0.6243781094527364,0.0,0.49253731343283585,-0.13184079601990056,0.5,-0.12437810945273642,0.49751243781094523,-0.1268656716417912,0.6276881720430108,0.0,0.4930555555555555,-0.13463261648745523,0.5022401433691757,-0.1254480286738351,0.49880525686977295,-0.1288829151732378,0.5493511272382844,0.0,0.4745241145158549,-0.07482701272242948,0.4946130294926947,-0.05473809774558969,0.4841643949719825,-0.0651867322663019,0.7001194743130227,0.0,0.5072431302270012,-0.1928763440860215,0.5123954599761051,-0.18772401433691754,0.5090352449223418,-0.19108422939068093,0.6125586639499794,0.6953749160178834,0.5221039816973571,0.7330301662493083,0.5367462601719631,0.6888888888888888,1.0,,-0.006032029657881373,0.07927235789983471,-0.06731794666739042,0.08865781367211538,0.68976305314531,0.5330311088926263,0.6052197902463567,0.6531329554816087,0.5324270444611708,0.5444444444444444,1.0,,-0.002431281577045308,0.012135876960302197,-0.007994055931998275,0.0054774017829913495,0.6897944377071182,0.5334678088625272,0.6085460810298018,0.6491234082314703,0.5334678088625272,0.5777777777777778,1.0,,-0.0025278372090302335,0.013308427934922892,-0.016529675615464517,0.020758545774474963,0.6893931500353455,0.5350173614091344,0.6044367269835068,0.6540654912590981,0.5337965698705779,0.5555555555555555,1.0,,-0.002801184687009628,0.014122129476810278,-0.008777119194848323,0.006409937560480731,0.07720438919533057,0.07723577375713886,0.07683448608536614,-0.1623438071252571,-0.16190710715535617,-0.160357554608749,0.08311580854899969,0.08644209933244473,0.08233274528614976,-0.07989721076769962,-0.08390675801783798,-0.0789646749902102,0.2661691542288557,0.3233830845771144,0.26119402985074625,0.1417910447761194,402
sub-59,NS->SD,ses-1->ses-2,0.6464646464646465,0.0,0.47979797979797983,-0.16666666666666669,0.4823232323232323,-0.1641414141414142,0.47979797979797983,-0.16666666666666669,0.6517355499114909,0.0,0.4783344878011237,-0.17340106211036715,0.4822211960286307,-0.16951435388286012,0.4783344878011237,-0.17340106211036715,0.6505952233224961,0.0,0.4489329268292683,-0.2016622964932278,0.45993588488006165,-0.19065933844243443,0.4489329268292683,-0.2016622964932278,0.7482490571846379,0.0,0.46332640652659124,-0.2849226506580466,0.4701762487493266,-0.27807280843531124,0.4647117678750097,-0.2835372893096282,0.5770714697611595,0.7332221923888415,0.4459218004223488,0.7712163668254326,0.7332221923888415,0.8160919540229884,1.0,,-0.10992041887334314,0.17935320851660663,-0.20728869471934783,0.1598460805420389,0.6900339043488067,0.5381628343856882,0.5113241394532481,0.7431893924615164,0.4618371656143117,0.4252873563218391,1.0,,-0.0025930055254328086,0.023221088055489097,-0.04498018457776395,0.03259189408031645,0.6915958597411204,0.5198656165137373,0.517554961744299,0.7425815191162729,0.48013438348626264,0.4252873563218391,1.0,,-0.0004956084203966796,-0.0009690573032217209,-0.03341746252443548,0.021677412842025696,0.6902769896346852,0.536492722044731,0.5106019710955221,0.7437359576766518,0.46350727795526897,0.4252873563218391,1.0,,-0.002349920239554345,0.021550975714531868,-0.04570235293549002,0.033138459295451894,0.11296243458764721,0.11452438997996084,0.11320551987352567,-0.19505935800315322,-0.21335657587510415,-0.19672947034411048,0.06540233903089926,0.07163316132195024,0.06468017067317328,-0.028026974363916213,-0.028634847709159694,-0.027480409148780804,0.2474747474747475,0.2904040404040404,0.2474747474747475,0.11363636363636365,396
sub-60,NS->SD,ses-1->ses-2,0.39107611548556437,0.0,0.5013123359580053,0.11023622047244092,0.49343832020997375,0.10236220472440938,0.5091863517060368,0.1181102362204724,0.39357379767827533,0.0,0.5006633499170813,0.10708955223880595,0.49262023217247103,0.0990464344941957,0.5084162520729685,0.11484245439469315,0.3763497267759563,0.0,0.520337392173471,0.14398766539751467,0.5139392683776031,0.13758954160164677,0.5289228159457168,0.15257308916976048,0.36069651741293535,0.0,0.49087893864013266,0.1301824212271973,0.4971807628524047,0.13648424543946935,0.491044776119403,0.13034825870646766,0.6426438683730898,0.6418389847709073,0.5993160191083474,0.6418389847709073,0.35816101522909277,0.0,1.0,,-0.040551947624147454,0.08407854216380246,0.01149118567624737,-0.03848613436437313,0.6885402661124642,0.5314216663440069,0.6230564859440116,0.655892863869667,0.529482376244333,0.7777777777777777,1.0,,-0.002956009386024657,0.006903648531685236,0.06649290151737582,-0.054413566986719765,0.6675758872506513,0.5695121785004934,0.6274892386170908,0.6629403200414447,0.5597179565164777,0.5555555555555555,1.0,,-0.024813359107986283,0.052416636841371655,0.053433954692121234,-0.03572333260025414,0.6880459401910576,0.5326035900248421,0.622361829450553,0.657504219147894,0.5302588757541445,0.7777777777777777,1.0,,-0.003450335307431366,0.008085572212520598,0.06579824502391707,-0.05280221170849272,0.04589639773937437,0.024932018877561468,0.04540207181796774,-0.11041731842690039,-0.07232680627041388,-0.10923539474606514,0.02374046683566422,0.028173219508743408,0.02304581034220554,0.01405387909875977,0.02110133527053737,0.015665234376986747,0.1732283464566929,0.2020997375328084,0.1706036745406824,0.12073490813648295,381
sub-61,SD->NS,ses-2->ses-1,0.5878378378378378,0.0,0.5,-0.08783783783783783,0.4954954954954955,-0.09234234234234234,0.4977477477477478,-0.09009009009009,0.5878378378378378,0.0,0.5,-0.08783783783783783,0.4954954954954955,-0.09234234234234234,0.4977477477477478,-0.09009009009009,0.5958902707405702,0.0,0.5065929843795527,-0.08929728636101752,0.4934357730489882,-0.10245449769158199,0.5074817203676264,-0.08840855037294382,0.5969685902118335,0.0,0.5079133187241295,-0.08905527148770398,0.4989043097151206,-0.09806428049671284,0.5057828098368639,-0.0911857803749696,0.6738764821699421,0.5761256265143554,0.613677722319439,0.6494824178516864,0.5285931460559369,0.4666666666666666,0.0,,0.01482681760770673,-0.02646610010415318,0.013852166745124128,-0.011812782846391237,0.69125714506653,0.5248440587272246,0.5641277753548349,0.690449324871103,0.5248440587272246,0.6333333333333333,0.0,,-0.0006418578510955323,0.00014251468237487983,-0.013988797023477809,0.006731586926616721,0.6870526687266993,0.5539840505768855,0.5820962937916577,0.6740183148533107,0.5539840505768855,0.6666666666666666,0.0,,-0.004170948705585727,0.025879029044881447,0.00788637649875327,-0.015319862822070726,0.6908799958454379,0.5277833111584186,0.5631345386110621,0.6919975854456424,0.5267616294324399,0.6333333333333333,0.0,,-0.0010190070721875315,0.0030817671135688895,-0.014982033767250566,0.008279847501156215,0.017380662896587906,0.01317618655675723,0.017003513675495796,-0.05128156778713078,-0.022141575937469904,-0.048342315355936805,-0.04954994696460402,-0.03158142852778123,-0.05054318370837685,0.04096690701941663,0.024535897001624285,0.042515167593956016,0.15990990990990991,0.21396396396396397,0.16216216216216217,0.1509009009009009,444
sub-62,NS->SD,ses-1->ses-2,0.6472019464720195,0.0,0.5109489051094891,-0.13625304136253036,0.48905109489051096,-0.1581508515815085,0.5109489051094891,-0.13625304136253036,0.6550007113387396,0.0,0.5093185374875516,-0.14568217385118798,0.4869469341300327,-0.1680537772087069,0.5089628681177977,-0.14603784322094193,0.7040661259454177,0.0,0.47787467700258396,-0.22619144894283377,0.44649621212121215,-0.2575699138242056,0.47225,-0.23181612594541773,0.7524541186513017,0.0,0.4883340446720729,-0.2641200739792288,0.49480722720159337,-0.25764689144970837,0.48506188647033716,-0.2673922321809646,0.5307085734092355,0.7552545964717865,0.5147072654649877,0.7552545964717865,0.7552545964717865,1.0,1.0,,-0.1592208671749384,0.22389673604629934,-0.1306648056000261,0.1341585818833361,0.6877059280299319,0.5427722334861755,0.6317826437271211,0.6613635917504629,0.4673961301644643,0.3333333333333333,1.0,,-0.004050934190613753,0.023375171275498968,0.023347423537101508,-0.003882181791899105,0.6763163550262249,0.5871435850858688,0.6613045356119601,0.5953603237867355,0.49478351573149365,0.6666666666666666,1.0,,-0.015144524363576458,0.06410605557418118,0.05051464774542495,-0.051961826432185866,0.6870201496907953,0.5448891247312228,0.6299712589776303,0.6642211700479189,0.46355583022038144,0.3333333333333333,1.0,,-0.004736712529750535,0.025492062520546217,0.02153603878761068,-0.0010246034944429994,0.15699735462069642,0.1456077816169894,0.15631157628155978,-0.21248236298561096,-0.16811101138591766,-0.21036547174056375,0.11707537826213343,0.14659727014697244,0.1152639935126426,-0.09389100472132361,-0.15989427268505096,-0.09103342642386758,0.28223844282238447,0.3381995133819951,0.28710462287104627,0.1435523114355231,411
sub-63,NS->SD,ses-1->ses-2,0.4380952380952381,0.0,0.5119047619047619,0.07380952380952377,0.4761904761904761,0.038095238095238015,0.5119047619047619,0.07380952380952377,0.44033258365705713,0.0,0.5125400395283854,0.07220745587132832,0.4782934641859197,0.037960880528862595,0.5127444966946091,0.07241191303755196,0.4077945346209164,0.0,0.5138805472138805,0.10608601259296413,0.46111376546159155,0.053319230840675136,0.5112443270338006,0.10344979241288421,0.43440332583657054,0.0,0.501056362025489,0.06665303618891844,0.482927826620323,0.04852450078375248,0.49846657125332244,0.0640632454167519,0.6790245646678358,0.5806880896842038,0.5645182487786934,0.687506796585189,0.4792628227560609,0.40740740740740744,1.0,,-0.0037695865341344317,0.015574007342500548,0.01991750402996571,-0.02742703299089851,0.671779898211442,0.5872768649348507,0.4865037723880861,0.7588101360532972,0.4127231350651494,0.3333333333333333,1.0,,-0.01910741528265525,0.05640961913956777,0.013640049408671454,-0.004991379446841582,0.6771221685032343,0.5740134298663448,0.4621089266423459,0.7777859002213786,0.428542209237262,0.3333333333333333,1.0,,-0.015000574245808695,0.05205205914077212,-0.01136419830375777,0.013696866408550981,0.6695996366609097,0.5911230421452611,0.4822183661655779,0.7632499666953528,0.40887695785473893,0.3333333333333333,1.0,,-0.02128767683318748,0.060255796349978206,0.009354643186163211,-0.0005515488047859914,-0.007244666456393767,-0.0019023961646015275,-0.00942492800692607,0.006588775250646828,-0.0066746598178589744,0.0104349524610573,-0.07801447639060727,-0.10240932213634751,-0.0822998826131155,0.07130333946810818,0.09027910363618963,0.07574317011016385,0.18333333333333332,0.21904761904761905,0.18333333333333332,0.15,420
sub-64,NS->SD,ses-1->ses-2,0.5251798561151079,0.0,0.5179856115107914,-0.007194244604316502,0.5107913669064748,-0.014388489208633115,0.5179856115107914,-0.007194244604316502,0.5265700483091788,0.0,0.5180469289164942,-0.008523119392684575,0.5109385783298827,-0.015631469979296098,0.5180469289164942,-0.008523119392684575,0.38606828035719415,0.0,0.515483116974707,0.1294148366175128,0.5004205267254148,0.11435224636822067,0.515483116974707,0.1294148366175128,0.5134575569358177,0.0,0.5182884748102139,0.004830917874396157,0.5082815734989649,-0.005175983436852882,0.5147688060731538,0.0013112491373360458,0.5800417048424017,0.6832633875310421,0.5088250341079005,0.7545150679846605,0.4585413771371047,0.3888888888888889,1.0,,-0.04015981612152723,-0.002697600614434729,0.09189993660331434,-0.062158496371315174,0.6870117519421752,0.5460242939492067,0.5400498249005078,0.7032565329637793,0.5406912776331106,0.5555555555555555,1.0,,-0.002163128292909285,0.010541728232055902,0.08263300359194298,-0.07153931482591562,0.6880468747729559,0.5459271561768321,0.5611585217352713,0.6816647061043316,0.5343564475576082,0.5,1.0,,-0.001246899236793923,0.006220500922710166,0.08931241750181818,-0.07708489899394204,0.6876686841724123,0.5451648293270005,0.5394394469568503,0.7034399087230364,0.5353710411323441,0.5555555555555555,1.0,,-0.00150619606267229,0.009682263609849731,0.08202262564828539,-0.07135593906665842,0.10697004709977354,0.1080051699305542,0.10762697933001064,-0.1372390935818354,-0.13733623135421003,-0.1380985582040416,0.031224790792607315,0.05233348762737078,0.030614412848949835,-0.05125853502088118,-0.0728503618803289,-0.05107515926162409,0.21822541966426856,0.2589928057553957,0.21822541966426856,0.1750599520383693,417
sub-65,SD->NS,ses-2->ses-1,0.5555555555555556,0.0,0.5219638242894057,-0.03359173126614989,0.5271317829457365,-0.028423772609819098,0.5193798449612403,-0.036175710594315236,0.5208026208026207,0.0,0.5218673218673219,0.0010647010647011346,0.527927927927928,0.007125307125307234,0.5196150696150696,-0.0011875511875510947,0.3505455086002199,0.0,0.48065206994780946,0.13010656134758958,0.48931043721836565,0.13876492861814577,0.47920963616863294,0.12866412756841306,0.4805896805896806,0.0,0.542014742014742,0.06142506142506138,0.5308763308763308,0.05028665028665019,0.5411957411957412,0.06060606060606061,0.5768759691710753,0.7069728794818123,0.5428326782430603,0.7072269383197028,0.29302712051818763,0.10000000000000002,0.0,,-0.06980700641020854,0.06676705309946558,-0.025072302420610464,0.012500265282384756,0.6908667100677898,0.5278590592245261,0.5863235361710025,0.6889194898307324,0.49882264410456023,0.5333333333333333,0.0,,0.0002973338022315512,-0.004456626958077914,0.08006320660711685,-0.058514757228840586,0.680790305097228,0.5757653877139092,0.5784350276075931,0.6911095047990482,0.4911991809805234,0.4333333333333333,0.0,,-0.008258744199923377,0.03480009490194791,0.041844717603685355,-0.02845843719199666,0.6909766459765804,0.5279233825703462,0.5857677213315057,0.6893471591174603,0.5001326290269693,0.5333333333333333,0.0,,0.00040726971102219195,-0.004392303612257842,0.07950739176761994,-0.05808708794211267,0.11399074089671446,0.10391433592615273,0.11410067680550506,-0.17911382025728617,-0.13120749176790314,-0.1790494969114661,0.04349085792794227,0.03560234936453288,0.042935043088445424,-0.01830744848897048,-0.016117433520654645,-0.017879779202242596,0.23514211886304912,0.2713178294573643,0.23772609819121449,0.16795865633074936,387
sub-66,NS->SD,ses-1->ses-2,0.6218905472636815,0.0,0.5223880597014926,-0.09950248756218893,0.5298507462686567,-0.09203980099502485,0.5223880597014925,-0.09950248756218905,0.620364176885916,0.0,0.5221107395020439,-0.09825343738387216,0.529654403567447,-0.09070977331846908,0.5221107395020439,-0.09825343738387216,0.6457605612778027,0.0,0.5323640530162269,-0.11339650826157577,0.5396534453879308,-0.10610711588987187,0.5321264690507077,-0.11363409222709497,0.6706057227796358,0.0,0.5112597547380157,-0.15934596804162016,0.5241917502787068,-0.14641397250092902,0.5110367892976588,-0.15956893348197698,0.6587286737335433,0.6224788253506025,0.5591175353167888,0.7212309295932452,0.6224788253506025,0.8666666666666667,1.0,,-0.016737143897876727,0.05948779786316057,-0.03994274918516866,0.06007049616115786,0.6893122327668012,0.5365602930386861,0.5826886498903091,0.6786409795284271,0.5333395938078562,0.7333333333333334,1.0,,-0.0030307378806578487,0.019252951804082857,0.01655576499742728,-0.00685429630102589,0.6907304742412101,0.529456120232741,0.6083709372162341,0.6586600954333941,0.5265531286597251,0.7333333333333334,1.0,,-0.0014991224100220357,0.00906616014350825,0.02730087240706423,-0.014162261042899157,0.6891284731593413,0.5377042002975941,0.5824926470577799,0.6788043789565563,0.5327564743657907,0.7333333333333334,1.0,,-0.0032144974881176034,0.020396859062990786,0.016359762164898022,-0.006690896872896701,0.030583559033257934,0.03200180050766688,0.03039979942579807,-0.08591853231191637,-0.09302270511786148,-0.08477462505300837,0.023571114573520346,0.04925340189944538,0.02337511174099116,-0.04258995006481814,-0.0625708341598511,-0.042426550636688876,0.16915422885572137,0.23134328358208955,0.1691542288557214,0.13681592039800994,402
sub-67,SD->NS,ses-2->ses-1,0.23287671232876714,0.0,0.4954337899543379,0.2625570776255708,0.5068493150684932,0.273972602739726,0.4977168949771689,0.2648401826484018,0.23611111111111113,0.0,0.49468218218218213,0.258571071071071,0.5058183183183184,0.2697072072072072,0.4969344344344344,0.26082332332332325,0.3758561955612843,0.0,0.46200897867564533,0.08615278311436103,0.4624988420089744,0.0866426464476901,0.46315141464395193,0.08729521908266763,0.017580080080080076,0.0,0.5052552552552553,0.4876751751751752,0.5078203203203203,0.49024024024024027,0.5080080080080079,0.4904279279279279,0.14455223735575146,0.9626136064529419,0.0901322961641811,0.9626136064529419,0.9626136064529419,1.0,0.0,,-0.5356431754667628,0.3985046825992565,-0.5058168000418052,0.2846093445705871,0.6904117683427525,0.5327961011789739,0.601790818257602,0.6613678141497076,0.4735790844696264,0.4666666666666666,0.0,,-0.00041485444943452815,0.0027187770804933584,0.07796624724094396,-0.07399421098816672,0.6880832039093914,0.5493735744617879,0.595315437905975,0.6755990856947998,0.45062642553821214,0.3,0.0,,-0.0025408543866621094,0.018699563956276182,0.06354933329055597,-0.04741674720426089,0.6898201604970433,0.5344955254656574,0.6006806928585874,0.6625099191131691,0.4683822662569583,0.4666666666666666,0.0,,-0.001006462295143858,0.004418201367176744,0.07685612184192951,-0.0728521060247052,0.5458595309870011,0.5435309665536399,0.5452679231412918,-0.429817505273968,-0.413240031991154,-0.42811808098728454,0.5116585220934209,0.5051831417417939,0.5105483966944063,-0.30124579230323434,-0.28701452075814216,-0.3001036873397728,0.34474885844748854,0.3881278538812785,0.3470319634703196,0.17808219178082188,438
sub-68,SD->NS,ses-2->ses-1,0.4634703196347032,0.0,0.5091324200913242,0.045662100456621,0.5068493150684933,0.04337899543379009,0.504566210045662,0.041095890410958846,0.4634703196347032,0.0,0.5091324200913242,0.045662100456621,0.5068493150684931,0.04337899543378987,0.504566210045662,0.041095890410958846,0.5941002726376219,0.0,0.5127111877614895,-0.08138908487613239,0.5244854519074552,-0.06961482073016667,0.5103979582191133,-0.08370231441850862,0.3481578782760993,0.0,0.5120410333395884,0.1638831550634891,0.5146681678864077,0.1665102896103084,0.5110402201788954,0.1628823419027961,0.27552271432946546,0.9205336990179839,0.20988737089547904,0.9205336990179839,0.9205336990179839,1.0,0.0,,-0.3457641004941519,0.23395111904203614,-0.2747720688846826,0.1606257527945908,0.6910637794897329,0.5294517974058787,0.5745626497834951,0.6906226939625211,0.5004730688201057,0.5555555555555555,0.0,,0.00024549701075760044,-0.0015118690789677573,0.06350481331648239,-0.047273646684415215,0.692099347409551,0.5195965255714124,0.5559726303453045,0.7027273485092101,0.5033452468751757,0.48148148148148145,0.0,,0.0019076874173788265,-0.013122535847489644,0.04447596940898413,-0.041213621051240455,0.6907993147297046,0.5301762104586318,0.5731681438664276,0.6917407410564246,0.5027765005275056,0.5555555555555555,0.0,,-1.896774927064489e-05,-0.0007874560262145872,0.062110307399414776,-0.046155599590511666,0.4155410651602674,0.4165766330800856,0.4152766004002391,-0.3910819016121052,-0.4009371734465714,-0.39035748855935204,0.3646752788880161,0.3460852594498255,0.3632807729709485,-0.2299110050554628,-0.21780635050877373,-0.2287929579615593,0.3150684931506849,0.2945205479452055,0.3105022831050228,0.14383561643835616,438
sub-69,NS->SD,ses-1->ses-2,0.7925407925407925,0.0,0.5128205128205128,-0.2797202797202797,0.5128205128205128,-0.2797202797202797,0.5104895104895105,-0.28205128205128194,0.7927919112850619,0.0,0.5118721461187214,-0.28091976516634043,0.5118721461187214,-0.28091976516634043,0.5094911937377691,-0.2833007175472928,0.789894991015274,0.0,0.4828670935849904,-0.30702789743028364,0.4817627038250046,-0.30813228719026947,0.47878925120772947,-0.3111057398075446,0.8730593607305935,0.0,0.4957599478147423,-0.37729941291585123,0.49556425309849966,-0.3774951076320939,0.4927592954990215,-0.38030006523157206,0.4056434985309401,0.8577710448039904,0.20943990777345098,0.9092579293582174,0.8577710448039904,0.888888888888889,1.0,,-0.21860893411898666,0.188306374488295,-0.32830345153944046,0.18053830354215783,0.6926899600112337,0.5141486581414938,0.42309972731729745,0.8147388905700711,0.5141486581414938,0.5555555555555555,1.0,,0.000561562885987484,-0.006928021340475728,-0.056732473303099586,0.04790398715865903,0.6926176882348097,0.5148494215682149,0.4248543282567649,0.8179435884166094,0.49744735606428647,0.5,1.0,,0.0009006853323469954,-0.010561913445902404,-0.04471035502444424,0.044865805125381374,0.6928941202022431,0.5095957967763146,0.4224783480543919,0.8142922269180417,0.5095957967763146,0.5555555555555555,1.0,,0.0007657230769967752,-0.011480882705654949,-0.057353852566005135,0.04745732350662971,0.2870464614802936,0.2869741897038696,0.28725062167130294,-0.34362238666249656,-0.34292162323577546,-0.34817524802767574,0.21365981954384647,0.2154144204833139,0.2130384402809409,-0.09451903878814627,-0.09131434094160795,-0.09496570244017566,0.3076923076923077,0.3123543123543124,0.31002331002331,0.10955710955710957,429
sub-70,NS->SD,ses-1->ses-2,0.8177458033573143,0.0,0.5347721822541966,-0.28297362110311763,0.5179856115107914,-0.2997601918465229,0.5347721822541966,-0.28297362110311763,0.817287784679089,0.0,0.5347135955831608,-0.28257418909592824,0.5182539682539683,-0.2990338164251207,0.5347135955831608,-0.28257418909592824,0.8047159104069673,0.0,0.5284590258603576,-0.2762568845466097,0.532595063991031,-0.27212084641593637,0.5284590258603576,-0.2762568845466097,0.9060731538992407,0.0,0.5378191856452726,-0.36825396825396806,0.5522429261559695,-0.3538302277432712,0.5366459627329193,-0.3694271911663214,0.6192715294857137,0.6674628674983979,0.5956638147670869,0.6687345405419668,0.6674628674983979,0.9333333333333332,1.0,,0.1702556702095003,-0.07896903164478186,0.15196638672424304,-0.07839524330985588,0.6852560551750941,0.5600300172964733,0.6455908315844378,0.6248301406701406,0.5600300172964733,0.6666666666666666,1.0,,-0.0073250013415366855,0.04353141219665609,0.00820180815580677,-0.00498389707257348,0.6823540940102791,0.5715586185455322,0.6577778431429128,0.6114166895548503,0.5715586185455322,0.8666666666666667,1.0,,-0.009677589405678533,0.048525449757774695,0.015224389160867732,-0.006204217548171687,0.685693920007381,0.5588868618011474,0.645480195604335,0.6247251590092976,0.5588868618011474,0.6666666666666666,1.0,,-0.006887136509249843,0.04238825670133032,0.008091172175704023,-0.005088878733416384,0.0659845256893804,0.0630825645245654,0.06642239052166732,-0.10743285020192461,-0.09590424895286564,-0.10857600569725046,0.0499270168173509,0.062114028375825914,0.04981638083724815,-0.04390439987182615,-0.0573178509871165,-0.0440093815326692,0.3021582733812949,0.328537170263789,0.3021582733812949,0.14628297362110312,417
sub-71,NS->SD,ses-1->ses-2,0.7511737089201879,0.0,0.5,-0.25117370892018787,0.5422535211267605,-0.20892018779342736,0.5,-0.25117370892018787,0.7544973544973544,0.0,0.5,-0.25449735449735444,0.5419312169312169,-0.21256613756613751,0.5,-0.25449735449735444,0.645522691324218,0.0,0.503613644039176,-0.14190904728504206,0.5553995038238368,-0.09012318750038117,0.5034407430502834,-0.1420819482739346,0.862169312169312,0.0,0.513558201058201,-0.348611111111111,0.5208333333333334,-0.34133597883597866,0.5134259259259258,-0.3487433862433862,0.6640395638679533,0.6050137919058519,0.5320451858238736,0.7090633037805674,0.492438527631748,0.5833333333333334,1.0,,0.3355866121555508,-0.2505318070595119,0.2229588674719982,-0.14648229518479639,0.6890217178772818,0.5425371156694988,0.5704101011938373,0.6939734293458363,0.5425371156694988,0.5416666666666666,1.0,,-0.003884495598590313,0.03167426504660398,-0.048054632245264885,0.053261310677044094,0.6855084445785216,0.5604344151603678,0.5861958074770818,0.6870227265171707,0.5604344151603678,0.6666666666666666,1.0,,-0.006154001806559968,0.037830324416669704,-0.02085866586832393,0.03059868378719936,0.6889743247946095,0.543644861318171,0.5700692564730562,0.6939894448344907,0.543644861318171,0.5416666666666666,1.0,,-0.003931888681262448,0.03278201069527616,-0.048395476966045924,0.05327732616569847,0.024982154009328572,0.021468880710568294,0.024934760926656252,-0.06247667623635311,-0.04457937674548407,-0.06136893058768089,0.03836491536996367,0.054150621653208164,0.03802407064918256,-0.015089874434731088,-0.0220405772633967,-0.015073858946076713,0.3779342723004695,0.3826291079812207,0.3826291079812207,0.1737089201877934,426
