session_block_order,batch_index,subject,seed,arm,session,block,block_span,is_final_batch_of_block,batch_n,rng_seed,rng_seed_payload,rng_seed_restored,model_training_flag_during_forward,dropout_active_during_forward,batch_mean_entropy,batch_marginal_q1,batch_pred_positive_frac,batch_mean_max_conf,batch_entropy_loss,batch_grad_norm,affine_drift_l2,affine_norm_l2,H_cond,q1,H_marg,dominant_share,mean_max_conf,pred_positive_frac,true_positive_frac,batch_accuracy,batch_balanced_accuracy
metadata_order,0,sub-01,0,tent_literal,ses-1,0,69,False,32,488329378,EEGTTA-PHASE1|v1|metadata_order|tent_literal|sub-01|0|0,1165772547,True,True,0.5799545049667358,0.5022885799407959,0.5,0.7026073932647705,0.5799545049667358,0.07396645843982697,0.008498222567141056,6.52688455581665,0.5799544723926123,0.502288568764925,0.6931367054293855,0.502288568764925,0.7026074528694153,0.5,0.0,0.5,nan
metadata_order,1,sub-01,0,tent_literal,ses-1,0,69,False,32,556621600,EEGTTA-PHASE1|v1|metadata_order|tent_literal|sub-01|0|1,488329378,True,True,0.6088635921478271,0.5069695711135864,0.53125,0.6741453409194946,0.6088635921478271,0.05335612967610359,0.014989769086241722,6.528935432434082,0.608863591831546,0.5069695459678769,0.6930500282717189,0.5069695459678769,0.6741453176364303,0.53125,0.0,0.46875,nan
metadata_order,2,sub-01,0,tent_literal,ses-1,0,69,True,5,1253614782,EEGTTA-PHASE1|v1|metadata_order|tent_literal|sub-01|0|2,556621600,True,True,0.6121626496315002,0.46606922149658203,0.6000000238418579,0.665631890296936,0.6121626496315002,0.1114737018942833,0.019496453925967216,6.530402660369873,0.6121626515582056,0.4660691797733307,0.6908428088498513,0.5339308202266693,0.6656318843364716,0.6,0.0,0.4,nan
metadata_order,3,sub-01,0,tent_literal,ses-2,1,54,False,32,823443717,EEGTTA-PHASE1|v1|metadata_order|tent_literal|sub-01|0|3,1253614782,True,True,0.5893280506134033,0.4799462556838989,0.375,0.6782546043395996,0.5893280506134033,0.06953546404838562,0.023911593481898308,6.531994819641113,0.5893280074448437,0.479946228209883,0.6923426572581893,0.520053771790117,0.6782546206377447,0.375,1.0,0.375,nan
metadata_order,4,sub-01,0,tent_literal,ses-2,1,54,True,22,1827781330,EEGTTA-PHASE1|v1|metadata_order|tent_literal|sub-01|0|4,823443717,True,True,0.6313673257827759,0.5059343576431274,0.5454545617103577,0.6403900980949402,0.6313673257827759,0.04631172865629196,0.028362108394503593,6.5337419509887695,0.6313672949905644,0.5059343840588223,0.6930767450778954,0.5059343840588223,0.6403900283304128,0.5454545454545454,1.0,0.5454545454545454,nan
metadata_order,0,sub-02,0,tent_literal,ses-1,0,70,False,32,50385786,EEGTTA-PHASE1|v1|metadata_order|tent_literal|sub-02|0|0,1051116656,True,True,0.5095816254615784,0.4627639055252075,0.4375,0.7601915597915649,0.5095816254615784,0.11176907271146774,0.008530626073479652,6.534054756164551,0.509581594568421,0.4627639240352437,0.6903715608799494,0.5372360759647563,0.760191582259722,0.4375,0.0,0.5625,nan
metadata_order,1,sub-02,0,tent_literal,ses-1,0,70,False,32,609733348,EEGTTA-PHASE1|v1|metadata_order|tent_literal|sub-02|0|1,50385786,True,True,0.5518852472305298,0.5127521753311157,0.4375,0.7281231880187988,0.5518852472305298,0.09266860783100128,0.014466156251728535,6.535904407501221,0.55188528762477,0.5127522135153413,0.6928219073917892,0.5127522135153413,0.7281231870874763,0.4375,0.0,0.5625,nan
metadata_order,2,sub-02,0,tent_literal,ses-1,0,70,True,6,1090946637,EEGTTA-PHASE1|v1|metadata_order|tent_literal|sub-02|0|2,609733348,True,True,0.5717120170593262,0.5444059371948242,0.5,0.7260755300521851,0.5717120170593262,0.1215045228600502,0.019046725705266,6.537550926208496,0.5717119799975725,0.5444059645136198,0.6891982002993717,0.5444059645136198,0.7260755226016045,0.5,0.0,0.5,nan
metadata_order,3,sub-02,0,tent_literal,ses-2,1,64,False,32,250188236,EEGTTA-PHASE1|v1|metadata_order|tent_literal|sub-02|0|3,1090946637,True,True,0.545979380607605,0.49346309900283813,0.5,0.7214734554290771,0.545979380607605,0.08867382258176804,0.023731311783194542,6.539087295532227,0.5459793976689927,0.4934630820644088,0.6930617155329672,0.5065369179355912,0.7214734760927968,0.5,1.0,0.5,nan
metadata_order,4,sub-02,0,tent_literal,ses-2,1,64,True,32,243982109,EEGTTA-PHASE1|v1|metadata_order|tent_literal|sub-02|0|4,250188236,True,True,0.5886876583099365,0.4883705973625183,0.53125,0.6853392124176025,0.5886876583099365,0.08891519159078598,0.028699597343802452,6.5403337478637695,0.5886876805664281,0.48837057559285313,0.6928766691428401,0.5116294244071469,0.6853392304619774,0.53125,1.0,0.53125,nan
metadata_order,0,sub-03,0,tent_literal,ses-1,0,73,False,32,520803158,EEGTTA-PHASE1|v1|metadata_order|tent_literal|sub-03|0|0,221574189,True,True,0.5402445197105408,0.5204105973243713,0.53125,0.7257688045501709,0.5402445197105408,0.0808127373456955,0.008548573590815067,6.590975761413574,0.5402444932010315,0.5204106031451374,0.6923137635647454,0.5204106031451374,0.7257687950041145,0.53125,0.0,0.46875,nan
metadata_order,1,sub-03,0,tent_literal,ses-1,0,73,False,32,808353208,EEGTTA-PHASE1|v1|metadata_order|tent_literal|sub-03|0|1,520803158,True,True,0.5634162425994873,0.5242629051208496,0.53125,0.7048577070236206,0.5634162425994873,0.08232204616069794,0.014046766795217991,6.592630863189697,0.5634162695875469,0.5242628939449787,0.6919693420075488,0.5242628939449787,0.7048577442765236,0.53125,0.0,0.46875,nan
metadata_order,2,sub-03,0,tent_literal,ses-1,0,73,True,9,1078709466,EEGTTA-PHASE1|v1|metadata_order|tent_literal|sub-03|0|2,808353208,True,True,0.49108707904815674,0.561731219291687,0.6666666865348816,0.7679604887962341,0.49108707904815674,0.17292219400405884,0.019996603950858116,6.594038009643555,0.4910871174645021,0.561731250749694,0.6855062044986187,0.561731250749694,0.7679604904519187,0.6666666666666666,0.0,0.3333333333333333,nan
metadata_order,3,sub-03,0,tent_literal,ses-2,1,70,False,32,1616251132,EEGTTA-PHASE1|v1|metadata_order|tent_literal|sub-03|0|3,1078709466,True,True,0.5592167377471924,0.48210766911506653,0.40625,0.7189642786979675,0.5592167377471924,0.09092818945646286,0.02516924776136875,6.595617294311523,0.5592167899178251,0.48210766282863915,0.6925067723818155,0.5178923371713609,0.7189642775338143,0.40625,1.0,0.40625,nan
metadata_order,4,sub-03,0,tent_literal,ses-2,1,70,False,32,625813260,EEGTTA-PHASE1|v1|metadata_order|tent_literal|sub-03|0|4,1616251132,True,True,0.5911507606506348,0.47994521260261536,0.46875,0.6884722113609314,0.5911507606506348,0.0710482969880104,0.029929721727967262,6.597282886505127,0.5911507592949787,0.4799452186562121,0.6923425762312472,0.5200547813437879,0.6884722239337862,0.46875,1.0,0.46875,nan
metadata_order,5,sub-03,0,tent_literal,ses-2,1,70,True,6,891611305,EEGTTA-PHASE1|v1|metadata_order|tent_literal|sub-03|0|5,625813260,True,True,0.6213501691818237,0.4661080241203308,0.6666666865348816,0.640109658241272,0.6213501691818237,0.10373260080814362,0.034426748752593994,6.5987348556518555,0.6213501207035242,0.4661080166697502,0.6908480850041796,0.5338919833302498,0.6401096060872078,0.6666666666666666,1.0,0.6666666666666666,nan
metadata_order,0,sub-04,0,tent_literal,ses-1,0,4,True,4,1213167577,EEGTTA-PHASE1|v1|metadata_order|tent_literal|sub-04|0|0,1035878991,True,True,0.5647174119949341,0.7092609405517578,1.0,0.7092609405517578,0.5647174119949341,0.325109601020813,0.008516104891896248,6.649303436279297,0.5647174784776396,0.7092608958482742,0.6028121387707923,0.7092608958482742,0.7092608958482742,1.0,0.0,0.0,nan
metadata_order,1,sub-04,0,tent_literal,ses-2,1,62,False,32,266595629,EEGTTA-PHASE1|v1|metadata_order|tent_literal|sub-04|0|1,1213167577,True,True,0.5502840280532837,0.5040124654769897,0.46875,0.7166515588760376,0.5502840280532837,0.09014120697975159,0.013726816512644291,6.649572372436523,0.5502840056730065,0.5040124896913767,0.6931149800672731,0.5040124896913767,0.7166515868157148,0.46875,1.0,0.46875,nan
metadata_order,2,sub-04,0,tent_literal,ses-2,1,62,True,30,1999513350,EEGTTA-PHASE1|v1|metadata_order|tent_literal|sub-04|0|2,266595629,True,True,0.5331058502197266,0.4947904944419861,0.40000003576278687,0.7323852181434631,0.5331058502197266,0.1076398640871048,0.01827154867351055,6.650509834289551,0.5331058718591251,0.4947904552022616,0.6930929008638438,0.5052095447977384,0.7323851898312569,0.4,1.0,0.4,nan
metadata_order,0,sub-05,0,tent_literal,ses-1,0,65,False,32,814839391,EEGTTA-PHASE1|v1|metadata_order|tent_literal|sub-05|0|0,585129939,True,True,0.5671430230140686,0.49548909068107605,0.46875,0.7209038138389587,0.5671430230140686,0.08177502453327179,0.008511541411280632,6.601095199584961,0.5671430296299323,0.49548910232260823,0.6931064836121501,0.5045108976773918,0.7209038245491683,0.46875,0.0,0.53125,nan
metadata_order,1,sub-05,0,tent_literal,ses-1,0,65,False,32,1961028387,EEGTTA-PHASE1|v1|metadata_order|tent_literal|sub-05|0|1,814839391,True,True,0.5946159362792969,0.5080032348632812,0.40625,0.6712847948074341,0.5946159362792969,0.061479147523641586,0.014375175349414349,6.603218078613281,0.5946159553250512,0.50800323439762,0.6930190715675674,0.50800323439762,0.6712848213501275,0.40625,0.0,0.59375,nan
metadata_order,2,sub-05,0,tent_literal,ses-1,0,65,True,1,1806776402,EEGTTA-PHASE1|v1|metadata_order|tent_literal|sub-05|0|2,1961028387,True,True,0.6230219602584839,0.3149729371070862,0.0,0.6850270628929138,0.6230219602584839,0.3832077085971832,0.018216820433735847,6.603975772857666,0.6230219681397675,0.3149729371070862,0.6230219681397675,0.6850270628929138,0.6850270628929138,0.0,0.0,1.0,nan
metadata_order,3,sub-05,0,tent_literal,ses-2,1,67,False,32,1614226907,EEGTTA-PHASE1|v1|metadata_order|tent_literal|sub-05|0|3,1806776402,True,True,0.5809552073478699,0.5073615312576294,0.5,0.6943554878234863,0.5809552073478699,0.06942848861217499,0.022526156157255173,6.604733467102051,0.5809551854767883,0.5073615717701614,0.6930387911659472,0.5073615717701614,0.6943555031903088,0.5,1.0,0.5,nan
metadata_order,4,sub-05,0,tent_literal,ses-2,1,67,False,32,122940979,EEGTTA-PHASE1|v1|metadata_order|tent_literal|sub-05|0|4,1614226907,True,True,0.5768004655838013,0.5530092716217041,0.71875,0.6994057893753052,0.5768004655838013,0.12070676684379578,0.026681896299123764,6.605351448059082,0.5768004489273582,0.5530092315748334,0.6875166477019903,0.5530092315748334,0.6994057884439826,0.71875,1.0,0.71875,nan
metadata_order,5,sub-05,0,tent_literal,ses-2,1,67,True,3,1869510603,EEGTTA-PHASE1|v1|metadata_order|tent_literal|sub-05|0|5,122940979,True,True,0.5925419926643372,0.49772581458091736,0.3333333432674408,0.6989226341247559,0.5925419926643372,0.1608879268169403,0.03086910955607891,6.605906009674072,0.5925419529267749,0.4977258046468099,0.6931368365952704,0.5022741953531902,0.6989226341247559,0.3333333333333333,1.0,0.3333333333333333,nan
metadata_order,0,sub-06,0,tent_literal,ses-1,0,74,False,32,1785221091,EEGTTA-PHASE1|v1|metadata_order|tent_literal|sub-06|0|0,692576586,True,True,0.6392912864685059,0.5191503763198853,0.625,0.6412359476089478,0.6392912864685059,0.043032608926296234,0.008495123125612736,6.44824743270874,0.6392913285557407,0.5191503660753369,0.6924135280854306,0.5191503660753369,0.641235931776464,0.625,0.0,0.375,nan
metadata_order,1,sub-06,0,tent_literal,ses-1,0,74,False,32,1174400133,EEGTTA-PHASE1|v1|metadata_order|tent_literal|sub-06|0|1,1785221091,True,True,0.6470233201980591,0.5322246551513672,0.65625,0.6195018291473389,0.6470233201980591,0.04746087267994881,0.015475180931389332,6.450760364532471,0.6470232477376354,0.5322246891446412,0.6910688792006943,0.5322246891446412,0.619501858484,0.65625,0.0,0.34375,nan
metadata_order,2,sub-06,0,tent_literal,ses-1,0,74,True,10,1639869479,EEGTTA-PHASE1|v1|metadata_order|tent_literal|sub-06|0|2,1174400133,True,True,0.6643019318580627,0.4829716682434082,0.4000000059604645,0.6028957962989807,0.6643019318580627,0.041840583086013794,0.02076639235019684,6.452922821044922,0.6643018873881699,0.48297169208526614,0.692567141862094,0.5170283079147339,0.6028958201408386,0.4,0.0,0.6,nan
metadata_order,3,sub-06,0,tent_literal,ses-2,1,64,False,32,1107646415,EEGTTA-PHASE1|v1|metadata_order|tent_literal|sub-06|0|3,1639869479,True,True,0.6300554871559143,0.5258949995040894,0.625,0.6435284614562988,0.6300554871559143,0.057532187551259995,0.026213381439447403,6.454941749572754,0.6300555195857626,0.525894979480654,0.6918054804748677,0.525894979480654,0.64352842932567,0.625,1.0,0.625,nan
metadata_order,4,sub-06,0,tent_literal,ses-2,1,64,True,32,990223799,EEGTTA-PHASE1|v1|metadata_order|tent_literal|sub-06|0|4,1107646415,True,True,0.6174296736717224,0.49150851368904114,0.4375,0.6573431491851807,0.6174296736717224,0.05767417699098587,0.031210394576191902,6.4568095207214355,0.6174297098271866,0.49150851741433144,0.6930029630739121,0.5084914825856686,0.6573432199656963,0.4375,1.0,0.4375,nan
metadata_order,0,sub-07,0,tent_literal,ses-1,0,63,False,32,1881441752,EEGTTA-PHASE1|v1|metadata_order|tent_literal|sub-07|0|0,915619371,True,True,0.40250086784362793,0.5131056308746338,0.5625,0.8148247003555298,0.40250086784362793,0.12316840887069702,0.008529908955097198,8.07276439666748,0.40250085160958904,0.5131056255777366,0.692803626371415,0.5131056255777366,0.8148247429053299,0.5625,0.0,0.4375,nan
metadata_order,1,sub-07,0,tent_literal,ses-1,0,63,True,31,1670241152,EEGTTA-PHASE1|v1|metadata_order|tent_literal|sub-07|0|1,1881441752,True,True,0.4234500825405121,0.48506489396095276,0.4516128897666931,0.8057385087013245,0.4234500825405121,0.13863420486450195,0.013573667034506798,8.074793815612793,0.4234501052080625,0.48506490408533043,0.6927010000170102,0.5149350959146696,0.8057385014610425,0.45161290322580644,0.0,0.5483870967741935,nan
metadata_order,2,sub-07,0,tent_literal,ses-2,1,68,False,32,492265677,EEGTTA-PHASE1|v1|metadata_order|tent_literal|sub-07|0|2,1670241152,True,True,0.35554027557373047,0.5323622226715088,0.625,0.8496555089950562,0.35554027557373047,0.20384784042835236,0.017736483365297318,8.076769828796387,0.35554025626478036,0.5323621983407065,0.6910510918579607,0.5323621983407065,0.8496554588200524,0.625,1.0,0.625,nan
metadata_order,3,sub-07,0,tent_literal,ses-2,1,68,False,32,382340348,EEGTTA-PHASE1|v1|metadata_order|tent_literal|sub-07|0|3,492265677,True,True,0.4102734327316284,0.49669551849365234,0.5625,0.8051645755767822,0.4102734327316284,0.11034034192562103,0.022287661209702492,8.078553199768066,0.4102734596566696,0.49669551518309163,0.693125341161148,0.5033044848169084,0.8051645639861817,0.5625,1.0,0.5625,nan
metadata_order,4,sub-07,0,tent_literal,ses-2,1,68,True,4,1218871346,EEGTTA-PHASE1|v1|metadata_order|tent_literal|sub-07|0|4,382340348,True,True,0.5666159987449646,0.48123836517333984,0.5,0.7315942049026489,0.5666159987449646,0.3490486145019531,0.025820689275860786,8.080461502075195,0.5666159849731094,0.48123838752508163,0.6924430190579625,0.5187616124749184,0.7315942123532295,0.5,1.0,0.5,nan
metadata_order,0,sub-08,0,tent_literal,ses-2,0,62,False,32,549632534,EEGTTA-PHASE1|v1|metadata_order|tent_literal|sub-08|0|0,330451456,True,True,0.5559711456298828,0.4434790313243866,0.46875,0.707218587398529,0.5559711456298828,0.08818228542804718,0.008519945666193962,6.72250509262085,0.5559711772624014,0.44347900175489485,0.6867442565512407,0.5565209982451051,0.707218594616279,0.46875,1.0,0.46875,nan
metadata_order,1,sub-08,0,tent_literal,ses-2,0,62,True,30,692299857,EEGTTA-PHASE1|v1|metadata_order|tent_literal|sub-08|0|1,549632534,True,True,0.5732048153877258,0.40776851773262024,0.40000003576278687,0.7032277584075928,0.5732048153877258,0.16229888796806335,0.015387923456728458,6.723910331726074,0.573204745105076,0.40776852940519653,0.6760360705657373,0.5922314705948035,0.7032277050117651,0.4,1.0,0.4,nan
metadata_order,2,sub-08,0,tent_literal,ses-1,1,65,False,32,302833255,EEGTTA-PHASE1|v1|metadata_order|tent_literal|sub-08|0|2,692299857,True,True,0.5429646968841553,0.4601374864578247,0.375,0.7271541357040405,0.5429646968841553,0.11948621273040771,0.02113337069749832,6.725518703460693,0.5429646619345487,0.4601374724879861,0.6899657631211653,0.5398625275120139,0.7271541310474277,0.375,0.0,0.625,nan
metadata_order,3,sub-08,0,tent_literal,ses-1,1,65,False,32,966562614,EEGTTA-PHASE1|v1|metadata_order|tent_literal|sub-08|0|3,302833255,True,True,0.5547326803207397,0.45119619369506836,0.34375,0.7087246775627136,0.5547326803207397,0.10851726680994034,0.026984523981809616,6.727232933044434,0.554732686321943,0.4511961950920522,0.6883759648053032,0.5488038049079478,0.7087246649898589,0.34375,0.0,0.65625,nan
metadata_order,4,sub-08,0,tent_literal,ses-1,1,65,True,1,1123638746,EEGTTA-PHASE1|v1|metadata_order|tent_literal|sub-08|0|4,966562614,True,True,0.6762189269065857,0.5917401909828186,1.0,0.5917401909828186,0.6762189269065857,0.17820023000240326,0.03014514595270157,6.729008674621582,0.6762189154192773,0.5917401909828186,0.6762189154192773,0.5917401909828186,0.5917401909828186,1.0,0.0,0.0,nan
metadata_order,0,sub-09,0,tent_literal,ses-2,0,58,False,32,1592403408,EEGTTA-PHASE1|v1|metadata_order|tent_literal|sub-09|0|0,176017912,True,True,0.571094274520874,0.5256670713424683,0.5625,0.7134755849838257,0.571094274520874,0.10391703993082047,0.00856632087379694,6.903215408325195,0.5710942660232001,0.5256670797243714,0.6918290032978148,0.5256670797243714,0.7134756175801158,0.5625,1.0,0.5625,nan
metadata_order,1,sub-09,0,tent_literal,ses-2,0,58,True,26,1256385477,EEGTTA-PHASE1|v1|metadata_order|tent_literal|sub-09|0|1,1592403408,True,True,0.5600932240486145,0.5195258855819702,0.46153849363327026,0.7070203423500061,0.5600932240486145,0.061108727008104324,0.014010799117386341,6.904520511627197,0.5600932165188354,0.5195258867282134,0.692384466124067,0.5195258867282134,0.7070202770141455,0.46153846153846156,1.0,0.46153846153846156,nan
metadata_order,2,sub-09,0,tent_literal,ses-1,1,69,False,32,1662959152,EEGTTA-PHASE1|v1|metadata_order|tent_literal|sub-09|0|2,1256385477,True,True,0.4696648120880127,0.5157855749130249,0.4375,0.7619751691818237,0.4696648120880127,0.16690640151500702,0.01844663918018341,6.905661582946777,0.4696648019799534,0.5157855968573131,0.6926487275997051,0.5157855968573131,0.7619751993915997,0.4375,0.0,0.5625,nan
metadata_order,3,sub-09,0,tent_literal,ses-1,1,69,False,32,1318577891,EEGTTA-PHASE1|v1|metadata_order|tent_literal|sub-09|0|3,1662959152,True,True,0.5239343643188477,0.5610359907150269,0.59375,0.7252209782600403,0.5239343643188477,0.1137181892991066,0.022694885730743408,6.907088756561279,0.5239343676638127,0.5610359564998362,0.6856777887125283,0.5610359564998362,0.7252210273763922,0.59375,0.0,0.40625,nan
metadata_order,4,sub-09,0,tent_literal,ses-1,1,69,True,5,2004090872,EEGTTA-PHASE1|v1|metadata_order|tent_literal|sub-09|0|4,1318577891,True,True,0.5915988087654114,0.4461246430873871,0.4000000059604645,0.716305673122406,0.5915988087654114,0.19465184211730957,0.026456087827682495,6.908671855926514,0.5915988254587254,0.4461246430873871,0.6873307868071299,0.5538753569126129,0.7163056194782257,0.4,0.0,0.6,nan
metadata_order,0,sub-10,0,tent_literal,ses-2,0,71,False,32,1854316664,EEGTTA-PHASE1|v1|metadata_order|tent_literal|sub-10|0|0,1048504905,True,True,0.6520878076553345,0.49269750714302063,0.375,0.6114535927772522,0.6520878076553345,0.043156806379556656,0.008486952632665634,6.3295745849609375,0.6520877828371958,0.49269749969244003,0.6930405237465156,0.50730250030756,0.6114535629749298,0.375,1.0,0.375,nan
metadata_order,1,sub-10,0,tent_literal,ses-2,0,71,False,32,1679568688,EEGTTA-PHASE1|v1|metadata_order|tent_literal|sub-10|0|1,1854316664,True,True,0.6623988747596741,0.4852306544780731,0.40625,0.5956428050994873,0.6623988747596741,0.0297208521515131,0.01448063738644123,6.330216407775879,0.6623988425205964,0.4852306433022022,0.6927108493000627,0.5147693566977978,0.5956428200006485,0.40625,1.0,0.40625,nan
metadata_order,2,sub-10,0,tent_literal,ses-2,0,71,True,7,1826597555,EEGTTA-PHASE1|v1|metadata_order|tent_literal|sub-10|0|2,1679568688,True,True,0.6568641662597656,0.495912104845047,0.4285714626312256,0.6145542860031128,0.6568641662597656,0.0582931824028492,0.020331386476755142,6.330442428588867,0.656864193386192,0.49591208355767386,0.6931137580659104,0.5040879164423262,0.6145543115479606,0.42857142857142855,1.0,0.42857142857142855,nan
metadata_order,3,sub-10,0,tent_literal,ses-1,1,69,False,32,1590865035,EEGTTA-PHASE1|v1|metadata_order|tent_literal|sub-10|0|3,1826597555,True,True,0.6207000017166138,0.49723154306411743,0.46875,0.6528109312057495,0.6207000017166138,0.05205654725432396,0.026513421908020973,6.33046293258667,0.6207000100926076,0.4972315221093595,0.693131851541957,0.5027684778906405,0.6528109521605074,0.46875,0.0,0.53125,nan
metadata_order,4,sub-10,0,tent_literal,ses-1,1,69,False,32,285358210,EEGTTA-PHASE1|v1|metadata_order|tent_literal|sub-10|0|4,1590865035,True,True,0.6045832633972168,0.5159006118774414,0.5625,0.6877148151397705,0.6045832633972168,0.07413911819458008,0.032341551035642624,6.330361843109131,0.6045832864866749,0.5159006104804575,0.692641436467863,0.5159006104804575,0.6877147755585611,0.5625,0.0,0.4375,nan
metadata_order,5,sub-10,0,tent_literal,ses-1,1,69,True,5,1268053514,EEGTTA-PHASE1|v1|metadata_order|tent_literal|sub-10|0|5,285358210,True,True,0.6691821813583374,0.47054624557495117,0.4000000059604645,0.6028005480766296,0.6691821813583374,0.03927573189139366,0.03765968605875969,6.330341339111328,0.6691821427770451,0.4705462694168091,0.6914111312141835,0.5294537305831909,0.6028005599975585,0.4,0.0,0.6,nan
metadata_order,0,sub-11,0,tent_literal,ses-2,0,66,False,32,720737825,EEGTTA-PHASE1|v1|metadata_order|tent_literal|sub-11|0|0,207903834,True,True,0.5505839586257935,0.5019406676292419,0.5,0.7088354825973511,0.5505839586257935,0.07597403973340988,0.008536888286471367,6.614849090576172,0.550583972243652,0.5019406795036048,0.693139648067161,0.5019406795036048,0.708835466997698,0.5,1.0,0.5,nan
metadata_order,1,sub-11,0,tent_literal,ses-2,0,66,False,32,2020265192,EEGTTA-PHASE1|v1|metadata_order|tent_literal|sub-11|0|1,720737825,True,True,0.5727760791778564,0.5264559388160706,0.5,0.7041771411895752,0.5727760791778564,0.08746031671762466,0.014670368283987045,6.616860389709473,0.572776088551751,0.5264559322968125,0.6917466939427853,0.5264559322968125,0.7041770806536078,0.5,1.0,0.5,nan
metadata_order,2,sub-11,0,tent_literal,ses-2,0,66,True,2,920663778,EEGTTA-PHASE1|v1|metadata_order|tent_literal|sub-11|0|2,2020265192,True,True,0.5154261589050293,0.6844102740287781,0.5,0.709184467792511,0.5154261589050293,0.20664992928504944,0.019026102498173714,6.618593215942383,0.5154260892143238,0.6844102591276169,0.6235003258502229,0.6844102591276169,0.7091844826936722,0.5,1.0,0.5,nan
metadata_order,3,sub-11,0,tent_literal,ses-1,1,64,False,32,1246318130,EEGTTA-PHASE1|v1|metadata_order|tent_literal|sub-11|0|3,920663778,True,True,0.5876550078392029,0.5122769474983215,0.5,0.6825985908508301,0.5876550078392029,0.0713379979133606,0.02376139536499977,6.620390892028809,0.5876550250996795,0.512276969384402,0.6928457023078173,0.512276969384402,0.6825985913164914,0.5,0.0,0.5,nan
metadata_order,4,sub-11,0,tent_literal,ses-1,1,64,True,32,2106147178,EEGTTA-PHASE1|v1|metadata_order|tent_literal|sub-11|0|4,1246318130,True,True,0.5546061396598816,0.5435612201690674,0.5625,0.714139997959137,0.5546061396598816,0.10257668793201447,0.028168687596917152,6.6220245361328125,0.5546061296282292,0.5435612332075834,0.6893472027614798,0.5435612332075834,0.7141399811953306,0.5625,0.0,0.4375,nan
metadata_order,0,sub-12,0,tent_literal,ses-2,0,66,False,32,1183037689,EEGTTA-PHASE1|v1|metadata_order|tent_literal|sub-12|0|0,738929836,True,True,0.5389281511306763,0.5024285316467285,0.5,0.726563572883606,0.5389281511306763,0.07742208242416382,0.008556821383535862,6.79985237121582,0.5389281511259596,0.5024285421241075,0.6931353848798687,0.5024285421241075,0.7265635400544852,0.5,1.0,0.5,nan
metadata_order,1,sub-12,0,tent_literal,ses-2,0,66,False,32,1190273283,EEGTTA-PHASE1|v1|metadata_order|tent_literal|sub-12|0|1,1183037689,True,True,0.5615257024765015,0.5474749803543091,0.65625,0.7128191590309143,0.5615257024765015,0.14175957441329956,0.013582643121480942,6.801346778869629,0.5615256627347163,0.5474750003049849,0.6886326314336539,0.5474750003049849,0.7128191167284967,0.65625,1.0,0.65625,nan
metadata_order,2,sub-12,0,tent_literal,ses-2,0,66,True,2,1595618378,EEGTTA-PHASE1|v1|metadata_order|tent_literal|sub-12|0|2,1190273283,True,True,0.4264276325702667,0.4650062918663025,0.5,0.8450859785079956,0.4264276325702667,0.221366748213768,0.018359072506427765,6.803173065185547,0.42642757236645634,0.4650062955915928,0.6906960585416558,0.5349937044084072,0.8450860343873501,0.5,1.0,0.5,nan
metadata_order,3,sub-12,0,tent_literal,ses-1,1,57,False,32,1491738748,EEGTTA-PHASE1|v1|metadata_order|tent_literal|sub-12|0|3,1595618378,True,True,0.500457227230072,0.5120518207550049,0.53125,0.765459418296814,0.500457227230072,0.12276103347539902,0.023366492241621017,6.804943561553955,0.5004571892211492,0.5120518588810228,0.6928566578193915,0.5120518588810228,0.7654594621271826,0.53125,0.0,0.46875,nan
metadata_order,4,sub-12,0,tent_literal,ses-1,1,57,True,25,1781155999,EEGTTA-PHASE1|v1|metadata_order|tent_literal|sub-12|0|4,1491738748,True,True,0.6000385284423828,0.5195201635360718,0.5600000023841858,0.670327365398407,0.6000385284423828,0.08125317841768265,0.02796650491654873,6.806578636169434,0.6000385268137446,0.519520199894905,0.6923849104471351,0.519520199894905,0.6703273981809617,0.56,0.0,0.44,nan
metadata_order,0,sub-13,0,tent_literal,ses-2,0,69,False,32,884530202,EEGTTA-PHASE1|v1|metadata_order|tent_literal|sub-13|0|0,2036531527,True,True,0.4946156442165375,0.5112155079841614,0.53125,0.7574290037155151,0.4946156442165375,0.11341841518878937,0.008573063649237156,7.2980756759643555,0.4946156247082357,0.5112154956441373,0.6928955847740035,0.5112154956441373,0.7574290309567004,0.53125,1.0,0.53125,nan
metadata_order,1,sub-13,0,tent_literal,ses-2,0,69,False,32,1623375485,EEGTTA-PHASE1|v1|metadata_order|tent_literal|sub-13|0|1,884530202,True,True,0.5307427048683167,0.49229925870895386,0.46875,0.7307701110839844,0.5307427048683167,0.11716864258050919,0.014657226391136646,7.299604892730713,0.5307426963298852,0.4922992344654631,0.6930285722909282,0.5077007655345369,0.7307701167010237,0.46875,1.0,0.46875,nan
metadata_order,2,sub-13,0,tent_literal,ses-2,0,69,True,5,385999512,EEGTTA-PHASE1|v1|metadata_order|tent_literal|sub-13|0|2,1623375485,True,True,0.5518307685852051,0.5140935778617859,0.4000000059604645,0.6748791337013245,0.5518307685852051,0.13207918405532837,0.019535686820745468,7.3013811111450195,0.5518307804557636,0.5140935584902764,0.6927498711570657,0.5140935584902764,0.6748791292309761,0.4,1.0,0.4,nan
metadata_order,3,sub-13,0,tent_literal,ses-1,1,72,False,32,64618202,EEGTTA-PHASE1|v1|metadata_order|tent_literal|sub-13|0|3,385999512,True,True,0.4921882450580597,0.4670345187187195,0.46875,0.7569832801818848,0.4921882450580597,0.11057814955711365,0.02448234148323536,7.303040027618408,0.4921882469534133,0.46703453522059135,0.6909721594602056,0.5329654647794086,0.7569832823064644,0.46875,0.0,0.53125,nan
metadata_order,4,sub-13,0,tent_literal,ses-1,1,72,False,32,1595001975,EEGTTA-PHASE1|v1|metadata_order|tent_literal|sub-13|0|4,64618202,True,True,0.47345080971717834,0.5111507177352905,0.53125,0.7749615907669067,0.47345080971717834,0.16775698959827423,0.02893250063061714,7.30452823638916,0.47345080515185495,0.5111506724933861,0.6928984849486497,0.5111506724933861,0.7749615503271343,0.53125,0.0,0.46875,nan
metadata_order,5,sub-13,0,tent_literal,ses-1,1,72,True,8,1809304650,EEGTTA-PHASE1|v1|metadata_order|tent_literal|sub-13|0|5,1595001975,True,True,0.5329039692878723,0.43490198254585266,0.5,0.7384618520736694,0.5329039692878723,0.1271204948425293,0.03319241851568222,7.306222915649414,0.5329039643306739,0.4349019890651107,0.6846475699480694,0.5650980109348893,0.7384619051590562,0.5,0.0,0.5,nan
metadata_order,0,sub-14,0,tent_literal,ses-2,0,70,False,32,754793226,EEGTTA-PHASE1|v1|metadata_order|tent_literal|sub-14|0|0,816216325,True,True,0.5288997292518616,0.502560019493103,0.5,0.7326921224594116,0.5288997292518616,0.09115424007177353,0.00856369361281395,6.685913562774658,0.5288997154720674,0.5025600711815059,0.6931340725737634,0.5025600711815059,0.7326921750791371,0.5,1.0,0.5,nan
metadata_order,1,sub-14,0,tent_literal,ses-2,0,70,False,32,39964232,EEGTTA-PHASE1|v1|metadata_order|tent_literal|sub-14|0|1,754793226,True,True,0.5768356323242188,0.5165172815322876,0.5625,0.6972032785415649,0.5768356323242188,0.0790388435125351,0.015376987867057323,6.687331199645996,0.5768356780375368,0.5165172661654651,0.6926014411123758,0.5165172661654651,0.6972032901830971,0.5625,1.0,0.5625,nan
metadata_order,2,sub-14,0,tent_literal,ses-2,0,70,True,6,1965108021,EEGTTA-PHASE1|v1|metadata_order|tent_literal|sub-14|0|2,39964232,True,True,0.5253404378890991,0.516040563583374,0.5,0.7506181001663208,0.5253404378890991,0.17259712517261505,0.0204441137611866,6.688024997711182,0.5253403857979644,0.5160405412316322,0.6926324943272371,0.5160405412316322,0.7506180827816328,0.5,1.0,0.5,nan
metadata_order,3,sub-14,0,tent_literal,ses-1,1,71,False,32,1056113670,EEGTTA-PHASE1|v1|metadata_order|tent_literal|sub-14|0|3,1965108021,True,True,0.5573840737342834,0.5277852416038513,0.53125,0.7191199064254761,0.5573840737342834,0.07076454162597656,0.025669749826192856,6.688905715942383,0.5573840607998893,0.5277852390427142,0.6916023458738807,0.5277852390427142,0.7191198978107423,0.53125,0.0,0.46875,nan
metadata_order,4,sub-14,0,tent_literal,ses-1,1,71,False,32,454568498,EEGTTA-PHASE1|v1|metadata_order|tent_literal|sub-14|0|4,1056113670,True,True,0.5342518091201782,0.5034816265106201,0.46875,0.7275811433792114,0.5342518091201782,0.1440800130367279,0.03009566105902195,6.689667701721191,0.5342518004347803,0.503481603693217,0.6931229372354786,0.503481603693217,0.7275812146253884,0.46875,0.0,0.53125,nan
metadata_order,5,sub-14,0,tent_literal,ses-1,1,71,True,7,1970646791,EEGTTA-PHASE1|v1|metadata_order|tent_literal|sub-14|0|5,454568498,True,True,0.6474987268447876,0.47826269268989563,0.7142857313156128,0.6106127500534058,0.6474987268447876,0.08127123862504959,0.03383225202560425,6.690600872039795,0.6474986406916582,0.4782626565013613,0.6922018584396528,0.5217373434986388,0.6106127394097192,0.7142857142857143,0.0,0.2857142857142857,nan
metadata_order,0,sub-15,0,tent_literal,ses-2,0,73,False,32,1613566784,EEGTTA-PHASE1|v1|metadata_order|tent_literal|sub-15|0|0,1638393336,True,True,0.36142849922180176,0.501287579536438,0.46875,0.8326238393783569,0.36142849922180176,0.11893665045499802,0.008612418547272682,10.741484642028809,0.3614284978665137,0.5012876373220934,0.6931438645365335,0.5012876373220934,0.832623811395024,0.46875,1.0,0.46875,nan
metadata_order,1,sub-15,0,tent_literal,ses-2,0,73,False,32,152093908,EEGTTA-PHASE1|v1|metadata_order|tent_literal|sub-15|0|1,1613566784,True,True,0.35412833094596863,0.5169224739074707,0.5625,0.8323098421096802,0.35412833094596863,0.13171465694904327,0.013645359314978123,10.743328094482422,0.3541283299312497,0.516922421952069,0.6925743344379136,0.516922421952069,0.832309856812179,0.5625,1.0,0.5625,nan
metadata_order,2,sub-15,0,tent_literal,ses-2,0,73,True,9,34726478,EEGTTA-PHASE1|v1|metadata_order|tent_literal|sub-15|0|2,152093908,True,True,0.4090625047683716,0.5714601874351501,0.6666666865348816,0.8088027238845825,0.4090625047683716,0.26304543018341064,0.017085861414670944,10.743767738342285,0.4090625116334364,0.5714602214187229,0.6828989975205171,0.5714602214187229,0.8088026832782715,0.6666666666666666,1.0,0.6666666666666666,nan
metadata_order,3,sub-15,0,tent_literal,ses-1,1,73,False,32,1470987293,EEGTTA-PHASE1|v1|metadata_order|tent_literal|sub-15|0|3,34726478,True,True,0.21716515719890594,0.46206849813461304,0.40625,0.9180948734283447,0.21716515719890594,0.22967854142189026,0.019976992160081863,10.744871139526367,0.21716514580671115,0.46206851349256794,0.6902668186638257,0.537931486507432,0.9180949064991637,0.40625,0.0,0.59375,nan
metadata_order,4,sub-15,0,tent_literal,ses-1,1,73,False,32,1299980722,EEGTTA-PHASE1|v1|metadata_order|tent_literal|sub-15|0|4,1470987293,True,True,0.270011305809021,0.5115835666656494,0.53125,0.8810231685638428,0.270011305809021,0.07239487022161484,0.023097490891814232,10.746208190917969,0.2700113099190067,0.5115835480719397,0.6928787993777299,0.5115835480719397,0.8810231238276174,0.53125,0.0,0.46875,nan
metadata_order,5,sub-15,0,tent_literal,ses-1,1,73,True,9,568166994,EEGTTA-PHASE1|v1|metadata_order|tent_literal|sub-15|0|5,1299980722,True,True,0.38482752442359924,0.6407601833343506,0.7777777910232544,0.8249667286872864,0.38482752442359924,0.2921523153781891,0.02610895223915577,10.747190475463867,0.38482751680707067,0.6407601473909179,0.6529795788948363,0.6407601473909179,0.8249667315170276,0.7777777777777778,0.0,0.2222222222222222,nan
metadata_order,0,sub-16,0,tent_literal,ses-2,0,73,False,32,534239490,EEGTTA-PHASE1|v1|metadata_order|tent_literal|sub-16|0|0,888903012,True,True,0.4985576272010803,0.43116119503974915,0.40625,0.7542803287506104,0.4985576272010803,0.1487693339586258,0.008566210977733135,7.082155227661133,0.4985576203641962,0.4311611854354851,0.6836394450171221,0.5688388145645149,0.7542803793330677,0.40625,1.0,0.40625,nan
metadata_order,1,sub-16,0,tent_literal,ses-2,0,73,False,32,1201080584,EEGTTA-PHASE1|v1|metadata_order|tent_literal|sub-16|0|1,534239490,True,True,0.4420246481895447,0.45023539662361145,0.4375,0.801604151725769,0.4420246481895447,0.1391468644142151,0.015006402507424355,7.08449125289917,0.44202464744710923,0.45023537080851384,0.6881859338229528,0.5497646291914862,0.801604181266157,0.4375,1.0,0.4375,nan
metadata_order,2,sub-16,0,tent_literal,ses-2,0,73,True,9,432925415,EEGTTA-PHASE1|v1|metadata_order|tent_literal|sub-16|0|2,1201080584,True,True,0.5520730018615723,0.47274547815322876,0.5555555820465088,0.716099202632904,0.5520730018615723,0.12069478631019592,0.02016095258295536,7.086158752441406,0.552072982729541,0.47274547525578076,0.6916608257589412,0.5272545247442193,0.7160992055303521,0.5555555555555556,1.0,0.5555555555555556,nan
metadata_order,3,sub-16,0,tent_literal,ses-1,1,72,False,32,831614135,EEGTTA-PHASE1|v1|metadata_order|tent_literal|sub-16|0|3,432925415,True,True,0.5016345977783203,0.45244908332824707,0.4375,0.751882791519165,0.5016345977783203,0.14041747152805328,0.025675375014543533,7.087890148162842,0.5016346194166278,0.45244907718733884,0.6886181585524573,0.5475509228126612,0.7518828013853636,0.4375,0.0,0.5625,nan
metadata_order,4,sub-16,0,tent_literal,ses-1,1,72,False,32,623087990,EEGTTA-PHASE1|v1|metadata_order|tent_literal|sub-16|0|4,831614135,True,True,0.5744374394416809,0.4924154281616211,0.53125,0.6965471506118774,0.5744374394416809,0.06943057477474213,0.030494503676891327,7.089766979217529,0.5744374532975716,0.4924154562759213,0.6930321255403201,0.5075845437240787,0.6965472007286735,0.53125,0.0,0.46875,nan
metadata_order,5,sub-16,0,tent_literal,ses-1,1,72,True,8,1731476115,EEGTTA-PHASE1|v1|metadata_order|tent_literal|sub-16|0|5,623087990,True,True,0.5073409080505371,0.45035549998283386,0.5,0.7284654974937439,0.5073409080505371,0.14413748681545258,0.034718532115221024,7.091549396514893,0.5073408578152427,0.45035550091415644,0.6882098970265218,0.5496444990858436,0.7284654816612601,0.5,0.0,0.5,nan
metadata_order,0,sub-17,0,tent_literal,ses-2,0,73,False,32,746816044,EEGTTA-PHASE1|v1|metadata_order|tent_literal|sub-17|0|0,1682222856,True,True,0.4958149194717407,0.4606989920139313,0.375,0.7461452484130859,0.4958149194717407,0.11278149485588074,0.008558292873203754,7.127125263214111,0.49581491642542963,0.46069899991562124,0.6900548545346044,0.5393010000843788,0.7461452181596542,0.375,1.0,0.375,nan
metadata_order,1,sub-17,0,tent_literal,ses-2,0,73,False,32,1140559705,EEGTTA-PHASE1|v1|metadata_order|tent_literal|sub-17|0|1,746816044,True,True,0.5050137042999268,0.4399878680706024,0.34375,0.7555215954780579,0.5050137042999268,0.19171485304832458,0.013860811479389668,7.128556251525879,0.5050137215968239,0.43998785864096135,0.6859268719181213,0.5600121413590387,0.7555216011824086,0.34375,1.0,0.34375,nan
metadata_order,2,sub-17,0,tent_literal,ses-2,0,73,True,9,1049169666,EEGTTA-PHASE1|v1|metadata_order|tent_literal|sub-17|0|2,1140559705,True,True,0.5538681149482727,0.42496687173843384,0.5555555820465088,0.7176039814949036,0.5538681149482727,0.21985560655593872,0.018641272559762,7.129421710968018,0.5538680508638945,0.42496687670548755,0.6818445939476101,0.5750331232945125,0.7176039632823732,0.5555555555555556,1.0,0.5555555555555556,nan
metadata_order,3,sub-17,0,tent_literal,ses-1,1,73,False,32,1971109536,EEGTTA-PHASE1|v1|metadata_order|tent_literal|sub-17|0|3,1049169666,True,True,0.5036916732788086,0.4453687071800232,0.4375,0.748241126537323,0.5036916732788086,0.11851003021001816,0.0237867534160614,7.13064432144165,0.5036917107983652,0.4453687210334465,0.6871660932649769,0.5546312789665535,0.7482411015080288,0.4375,0.0,0.5625,nan
metadata_order,4,sub-17,0,tent_literal,ses-1,1,73,False,32,245168941,EEGTTA-PHASE1|v1|metadata_order|tent_literal|sub-17|0|4,1971109536,True,True,0.435122549533844,0.5425798892974854,0.53125,0.7875280380249023,0.435122549533844,0.09152683615684509,0.028905048966407776,7.132199764251709,0.4351225405521504,0.5425799213180036,0.6895166855316487,0.5425799213180036,0.7875280693343192,0.53125,0.0,0.46875,nan
metadata_order,5,sub-17,0,tent_literal,ses-1,1,73,True,9,681355541,EEGTTA-PHASE1|v1|metadata_order|tent_literal|sub-17|0|5,245168941,True,True,0.32167407870292664,0.5834733247756958,0.6666666865348816,0.8676350116729736,0.32167407870292664,0.22342897951602936,0.032259974628686905,7.13385009765625,0.3216741082720061,0.5834732804780489,0.679146137371884,0.5834732804780489,0.8676349500068076,0.6666666666666666,0.0,0.3333333333333333,nan
metadata_order,0,sub-18,0,tent_literal,ses-2,0,70,False,32,843073837,EEGTTA-PHASE1|v1|metadata_order|tent_literal|sub-18|0|0,1130657316,True,True,0.6438252925872803,0.4560498893260956,0.40625,0.628065288066864,0.6438252925872803,0.07217426598072052,0.008495016023516655,6.438649654388428,0.6438252994985311,0.45604988979175687,0.689278965912054,0.5439501102082431,0.628065291326493,0.40625,1.0,0.40625,nan
metadata_order,1,sub-18,0,tent_literal,ses-2,0,70,False,32,924536147,EEGTTA-PHASE1|v1|metadata_order|tent_literal|sub-18|0|1,843073837,True,True,0.6551183462142944,0.493840754032135,0.4375,0.6173141002655029,0.6551183462142944,0.035712577402591705,0.01438005082309246,6.441211223602295,0.655118318300127,0.49384075589478016,0.6930713060650509,0.5061592441052198,0.6173141021281481,0.4375,1.0,0.4375,nan
metadata_order,2,sub-18,0,tent_literal,ses-2,0,70,True,6,196714952,EEGTTA-PHASE1|v1|metadata_order|tent_literal|sub-18|0|2,924536147,True,True,0.6671968698501587,0.4419785141944885,0.1666666716337204,0.5957177877426147,0.6671968698501587,0.08651067316532135,0.02005668915808201,6.443181991577148,0.6671968104227098,0.44197848935921985,0.6863989961219317,0.5580215106407802,0.5957177927096685,0.16666666666666666,1.0,0.16666666666666666,nan
metadata_order,3,sub-18,0,tent_literal,ses-1,1,73,False,32,2045812745,EEGTTA-PHASE1|v1|metadata_order|tent_literal|sub-18|0|3,196714952,True,True,0.6487210392951965,0.4534478783607483,0.34375,0.6303563117980957,0.6487210392951965,0.07351219654083252,0.02585550956428051,6.445103645324707,0.6487210111971167,0.4534478522837162,0.6888066920553022,0.5465521477162838,0.6303562596440315,0.34375,0.0,0.65625,nan
metadata_order,4,sub-18,0,tent_literal,ses-1,1,73,False,32,1963310934,EEGTTA-PHASE1|v1|metadata_order|tent_literal|sub-18|0|4,2045812745,True,True,0.6730364561080933,0.4630318880081177,0.28125,0.5836076736450195,0.6730364561080933,0.06481289863586426,0.03152184560894966,6.446785926818848,0.6730364729341551,0.4630318973213434,0.6904114035918966,0.5369681026786566,0.5836076829582453,0.28125,0.0,0.71875,nan
metadata_order,5,sub-18,0,tent_literal,ses-1,1,73,True,9,1853507422,EEGTTA-PHASE1|v1|metadata_order|tent_literal|sub-18|0|5,1963310934,True,True,0.644180417060852,0.48051056265830994,0.5555555820465088,0.6313750147819519,0.644180417060852,0.06782940030097961,0.03706163913011551,6.448413848876953,0.6441804322813685,0.48051055437988704,0.6923873110920751,0.5194894456201129,0.6313749800125757,0.5555555555555556,0.0,0.4444444444444444,nan
metadata_order,0,sub-19,0,tent_literal,ses-2,0,72,False,32,65308311,EEGTTA-PHASE1|v1|metadata_order|tent_literal|sub-19|0|0,612720132,True,True,0.6313815712928772,0.47614815831184387,0.4375,0.6476107835769653,0.6313815712928772,0.0631943866610527,0.008536694571375847,6.499372482299805,0.6313815463618253,0.4761481489986181,0.6920089270282717,0.5238518510013819,0.6476107705384493,0.4375,1.0,0.4375,nan
metadata_order,1,sub-19,0,tent_literal,ses-2,0,72,False,32,104014164,EEGTTA-PHASE1|v1|metadata_order|tent_literal|sub-19|0|1,65308311,True,True,0.6092839241027832,0.447873055934906,0.375,0.6688700914382935,0.6092839241027832,0.0996430441737175,0.015438070520758629,6.501859188079834,0.609283961109408,0.4478730270639062,0.6877028505062265,0.5521269729360938,0.6688701128587127,0.375,1.0,0.375,nan
metadata_order,2,sub-19,0,tent_literal,ses-2,0,72,True,8,1029962646,EEGTTA-PHASE1|v1|metadata_order|tent_literal|sub-19|0|2,104014164,True,True,0.6470133066177368,0.411440372467041,0.25,0.6311607360839844,0.6470133066177368,0.14994581043720245,0.02043340913951397,6.503289699554443,0.647013294516361,0.4114403799176216,0.6773785083495929,0.5885596200823784,0.631160743534565,0.25,1.0,0.25,nan
metadata_order,3,sub-19,0,tent_literal,ses-1,1,72,False,32,1571659968,EEGTTA-PHASE1|v1|metadata_order|tent_literal|sub-19|0|3,1029962646,True,True,0.6222435832023621,0.4892032742500305,0.34375,0.6536843776702881,0.6222435832023621,0.047725871205329895,0.02521873079240322,6.504957675933838,0.6222436165794454,0.4892032281495631,0.6929140218736101,0.5107967718504369,0.6536844125948846,0.34375,0.0,0.65625,nan
metadata_order,4,sub-19,0,tent_literal,ses-1,1,72,False,32,693271852,EEGTTA-PHASE1|v1|metadata_order|tent_literal|sub-19|0|4,1571659968,True,True,0.6512460708618164,0.5061986446380615,0.59375,0.6235665678977966,0.6512460708618164,0.03534602001309395,0.02945382334291935,6.506538391113281,0.6512460903119266,0.506198629271239,0.6930703325817034,0.506198629271239,0.6235665534622967,0.59375,0.0,0.40625,nan
metadata_order,5,sub-19,0,tent_literal,ses-1,1,72,True,8,311061944,EEGTTA-PHASE1|v1|metadata_order|tent_literal|sub-19|0|5,693271852,True,True,0.6068393588066101,0.46744024753570557,0.5,0.6734523773193359,0.6068393588066101,0.09704998135566711,0.03359992057085037,6.507898807525635,0.6068393619273632,0.467440253123641,0.6910254052580888,0.532559746876359,0.6734523568302393,0.5,0.0,0.5,nan
metadata_order,0,sub-20,0,tent_literal,ses-2,0,69,False,32,322797774,EEGTTA-PHASE1|v1|metadata_order|tent_literal|sub-20|0|0,1413054492,True,True,0.6620312929153442,0.46407514810562134,0.3125,0.6073083877563477,0.6620312929153442,0.03852665796875954,0.00848658662289381,6.341768741607666,0.6620313221467288,0.4640751611441374,0.690563767023658,0.5359248388558626,0.6073083858937025,0.3125,1.0,0.3125,nan
metadata_order,1,sub-20,0,tent_literal,ses-2,0,69,False,32,1193566493,EEGTTA-PHASE1|v1|metadata_order|tent_literal|sub-20|0|1,322797774,True,True,0.6473813056945801,0.45359867811203003,0.40625,0.6190222501754761,0.6473813056945801,0.05005662888288498,0.01577295921742916,6.343406677246094,0.6473812415217494,0.4535986757837236,0.6888348123686885,0.5464013242162764,0.6190222227014601,0.40625,1.0,0.40625,nan
metadata_order,2,sub-20,0,tent_literal,ses-2,0,69,True,5,702816385,EEGTTA-PHASE1|v1|metadata_order|tent_literal|sub-20|0|2,1193566493,True,True,0.6259307265281677,0.45964810252189636,0.4000000059604645,0.6582335829734802,0.6259307265281677,0.06557208299636841,0.02127308025956154,6.345281600952148,0.6259306511875169,0.4596480816602707,0.689887081641276,0.5403519183397293,0.6582335740327835,0.4,1.0,0.4,nan
metadata_order,3,sub-20,0,tent_literal,ses-1,1,74,False,32,1874428797,EEGTTA-PHASE1|v1|metadata_order|tent_literal|sub-20|0|3,702816385,True,True,0.673646092414856,0.4813975989818573,0.3125,0.5875697731971741,0.673646092414856,0.023056484758853912,0.026656504720449448,6.347053527832031,0.6736460369377633,0.48139760084450245,0.6924549222960128,0.5186023991554976,0.5875697527080774,0.3125,0.0,0.6875,nan
metadata_order,4,sub-20,0,tent_literal,ses-1,1,74,False,32,950676618,EEGTTA-PHASE1|v1|metadata_order|tent_literal|sub-20|0|4,1874428797,True,True,0.6647930145263672,0.4883013665676117,0.4375,0.5977016687393188,0.6647930145263672,0.023468581959605217,0.0318378321826458,6.348956108093262,0.6647929712966476,0.48830136004835367,0.6928734392274913,0.5116986399516463,0.5977016976103187,0.4375,0.0,0.5625,nan
metadata_order,5,sub-20,0,tent_literal,ses-1,1,74,True,10,1315120257,EEGTTA-PHASE1|v1|metadata_order|tent_literal|sub-20|0|5,950676618,True,True,0.6720404028892517,0.4596010148525238,0.20000000298023224,0.5868132710456848,0.6720404028892517,0.049867868423461914,0.036850959062576294,6.350735664367676,0.6720403658479892,0.459601029753685,0.6898794660929383,0.540398970246315,0.5868132501840592,0.2,0.0,0.8,nan
metadata_order,0,sub-21,0,tent_literal,ses-2,0,64,False,32,484971273,EEGTTA-PHASE1|v1|metadata_order|tent_literal|sub-21|0|0,723658515,True,True,0.44974344968795776,0.5288214683532715,0.625,0.7835296988487244,0.44974344968795776,0.15576539933681488,0.008533252403140068,7.806734085083008,0.4497434726654263,0.5288214695738134,0.6914849050855645,0.5288214695738134,0.7835296939028922,0.625,1.0,0.625,nan
metadata_order,1,sub-21,0,tent_literal,ses-2,0,64,True,32,51934611,EEGTTA-PHASE1|v1|metadata_order|tent_literal|sub-21|0|1,484971273,True,True,0.4499034285545349,0.4976999759674072,0.5,0.7799750566482544,0.4499034285545349,0.13311243057250977,0.014335691928863525,7.807949066162109,0.44990340101347315,0.4976999615319073,0.6931366001687209,0.5023000384680927,0.7799750412814319,0.5,1.0,0.5,nan
metadata_order,2,sub-21,0,tent_literal,ses-1,1,63,False,32,1812413351,EEGTTA-PHASE1|v1|metadata_order|tent_literal|sub-21|0|2,51934611,True,True,0.49994903802871704,0.5612375736236572,0.65625,0.7452799081802368,0.49994903802871704,0.1270110011100769,0.019386254251003265,7.8093695640563965,0.4999490316301949,0.5612375647724548,0.6856282380719079,0.5612375647724548,0.7452799170314393,0.65625,0.0,0.34375,nan
metadata_order,3,sub-21,0,tent_literal,ses-1,1,63,True,31,218371979,EEGTTA-PHASE1|v1|metadata_order|tent_literal|sub-21|0|3,1812413351,True,True,0.4896564483642578,0.5356401801109314,0.5161290168762207,0.7505525946617126,0.4896564483642578,0.08310160785913467,0.023977460339665413,7.811063289642334,0.4896564389017923,0.5356402181449437,0.6906045745810532,0.5356402181449437,0.750552671991529,0.5161290322580645,0.0,0.4838709677419355,nan
metadata_order,0,sub-22,0,tent_literal,ses-2,0,73,False,32,535767108,EEGTTA-PHASE1|v1|metadata_order|tent_literal|sub-22|0|0,460794979,True,True,0.5007155537605286,0.574819803237915,0.65625,0.759972870349884,0.5007155537605286,0.16935482621192932,0.008581621572375298,7.111306190490723,0.5007155487704988,0.5748197776265442,0.6819090200539559,0.5748197776265442,0.759972873609513,0.65625,1.0,0.65625,nan
metadata_order,1,sub-22,0,tent_literal,ses-2,0,73,False,32,1887613420,EEGTTA-PHASE1|v1|metadata_order|tent_literal|sub-22|0|1,535767108,True,True,0.4329126477241516,0.5125737190246582,0.5,0.7952189445495605,0.4329126477241516,0.09740033745765686,0.014251490123569965,7.1126484870910645,0.43291262924334706,0.5125737139314879,0.6928309506606947,0.5125737139314879,0.7952189459174406,0.5,1.0,0.5,nan
metadata_order,2,sub-22,0,tent_literal,ses-2,0,73,True,9,934260021,EEGTTA-PHASE1|v1|metadata_order|tent_literal|sub-22|0|2,1887613420,True,True,0.562355637550354,0.4883999824523926,0.3333333432674408,0.7145158052444458,0.562355637550354,0.20719096064567566,0.01908172108232975,7.113827228546143,0.5623556325256988,0.48839996258417767,0.6928780346764796,0.5116000374158223,0.7145157853762308,0.3333333333333333,1.0,0.3333333333333333,nan
metadata_order,3,sub-22,0,tent_literal,ses-1,1,73,False,32,1447200773,EEGTTA-PHASE1|v1|metadata_order|tent_literal|sub-22|0|3,934260021,True,True,0.5230729579925537,0.5368421077728271,0.5625,0.7201173305511475,0.5230729579925537,0.06337203085422516,0.023858508095145226,7.115096569061279,0.5230729872447477,0.5368421413004398,0.6904300319502001,0.5368421413004398,0.7201173044741154,0.5625,0.0,0.4375,nan
metadata_order,4,sub-22,0,tent_literal,ses-1,1,73,False,32,1388448093,EEGTTA-PHASE1|v1|metadata_order|tent_literal|sub-22|0|4,1447200773,True,True,0.47891104221343994,0.4687312841415405,0.375,0.7733138799667358,0.47891104221343994,0.1265639364719391,0.028186475858092308,7.116575717926025,0.4789110381897243,0.4687312749447301,0.6911904376124247,0.5312687250552699,0.7733138742623851,0.375,0.0,0.625,nan
metadata_order,5,sub-22,0,tent_literal,ses-1,1,73,True,9,414086540,EEGTTA-PHASE1|v1|metadata_order|tent_literal|sub-22|0|5,1388448093,True,True,0.4705856740474701,0.443854957818985,0.4444444477558136,0.786365807056427,0.4705856740474701,0.2476000338792801,0.03159563988447189,7.117927551269531,0.47058567518101785,0.443854959267709,0.6868293330462789,0.556145040732291,0.7863658619009786,0.4444444444444444,0.0,0.5555555555555556,nan
metadata_order,0,sub-23,0,tent_literal,ses-1,0,74,False,32,544924430,EEGTTA-PHASE1|v1|metadata_order|tent_literal|sub-23|0|0,1926275648,True,True,0.47704535722732544,0.5694423913955688,0.59375,0.7624462842941284,0.47704535722732544,0.13140149414539337,0.008586886338889599,7.352262020111084,0.47704537330579844,0.5694423976128746,0.6834714402440207,0.5694423976128746,0.7624462967032741,0.59375,0.0,0.40625,nan
metadata_order,1,sub-23,0,tent_literal,ses-1,0,74,False,32,974247810,EEGTTA-PHASE1|v1|metadata_order|tent_literal|sub-23|0|1,544924430,True,True,0.4855673313140869,0.5296775102615356,0.59375,0.7641007304191589,0.4855673313140869,0.11623609066009521,0.014939692802727222,7.354574203491211,0.4855673252670666,0.5296775007154793,0.691384636698614,0.5296775007154793,0.7641007287893444,0.59375,0.0,0.40625,nan
metadata_order,2,sub-23,0,tent_literal,ses-1,0,74,True,10,283883065,EEGTTA-PHASE1|v1|metadata_order|tent_literal|sub-23|0|2,974247810,True,True,0.39311885833740234,0.5434085726737976,0.4000000059604645,0.8153587579727173,0.39311885833740234,0.20195548236370087,0.019731568172574043,7.3564910888671875,0.39311887524691513,0.5434085380285978,0.6893738297604484,0.5434085380285978,0.8153586853295565,0.4,0.0,0.6,nan
metadata_order,3,sub-23,0,tent_literal,ses-2,1,74,False,32,166162963,EEGTTA-PHASE1|v1|metadata_order|tent_literal|sub-23|0|3,283883065,True,True,0.5451694130897522,0.5388643741607666,0.53125,0.723527729511261,0.5451694130897522,0.08732497692108154,0.024681678041815758,7.358330726623535,0.5451694273539609,0.5388643906917423,0.6901232495481792,0.5388643906917423,0.7235277427826077,0.53125,1.0,0.53125,nan
metadata_order,4,sub-23,0,tent_literal,ses-2,1,74,False,32,788536506,EEGTTA-PHASE1|v1|metadata_order|tent_literal|sub-23|0|4,166162963,True,True,0.5110015869140625,0.5434250235557556,0.5625,0.7437220811843872,0.5110015869140625,0.13658910989761353,0.02982366271317005,7.360163688659668,0.5110015856768295,0.5434250283287838,0.6893709587067502,0.5434250283287838,0.7437220913125202,0.5625,1.0,0.5625,nan
metadata_order,5,sub-23,0,tent_literal,ses-2,1,74,True,10,787095323,EEGTTA-PHASE1|v1|metadata_order|tent_literal|sub-23|0|5,788536506,True,True,0.42955389618873596,0.4895203113555908,0.4000000059604645,0.8073440790176392,0.42955389618873596,0.1750718653202057,0.034375205636024475,7.361900329589844,0.429553858188068,0.48952030539512636,0.6929275164773483,0.5104796946048736,0.8073440253734588,0.4,1.0,0.4,nan
metadata_order,0,sub-24,0,tent_literal,ses-2,0,70,False,32,990016187,EEGTTA-PHASE1|v1|metadata_order|tent_literal|sub-24|0|0,1767334109,True,True,0.5354166626930237,0.582503080368042,0.65625,0.7262572050094604,0.5354166626930237,0.12862703204154968,0.008535378612577915,6.891293525695801,0.535416616432298,0.5825030957348645,0.6794712001843555,0.5825030957348645,0.7262572306208313,0.65625,1.0,0.65625,nan
metadata_order,1,sub-24,0,tent_literal,ses-2,0,70,False,32,1411569122,EEGTTA-PHASE1|v1|metadata_order|tent_literal|sub-24|0|1,990016187,True,True,0.5081024169921875,0.5672974586486816,0.5625,0.7406853437423706,0.5081024169921875,0.11770089715719223,0.014787890017032623,6.893930435180664,0.5081024372339206,0.567297482280992,0.6840617296647247,0.567297482280992,0.7406853871652856,0.5625,1.0,0.5625,nan
metadata_order,2,sub-24,0,tent_literal,ses-2,0,70,True,6,1793794141,EEGTTA-PHASE1|v1|metadata_order|tent_literal|sub-24|0|2,1411569122,True,True,0.5933921337127686,0.5313564538955688,0.5,0.6482819318771362,0.5933921337127686,0.1314697414636612,0.019812382757663727,6.8959269523620605,0.5933921293646942,0.53135646879673,0.6911794332736566,0.53135646879673,0.6482818971077601,0.5,1.0,0.5,nan
metadata_order,3,sub-24,0,tent_literal,ses-1,1,72,False,32,1001333210,EEGTTA-PHASE1|v1|metadata_order|tent_literal|sub-24|0|3,1793794141,True,True,0.5951693058013916,0.5801210403442383,0.6875,0.6831632852554321,0.5951693058013916,0.1327694207429886,0.02515466697514057,6.89781379699707,0.5951692755789406,0.5801210007630289,0.6802529143129152,0.5801210007630289,0.683163280133158,0.6875,0.0,0.3125,nan
metadata_order,4,sub-24,0,tent_literal,ses-1,1,72,False,32,1558832711,EEGTTA-PHASE1|v1|metadata_order|tent_literal|sub-24|0|4,1001333210,True,True,0.5814048051834106,0.6131161451339722,0.75,0.6880818605422974,0.5814048051834106,0.17384348809719086,0.03039824590086937,6.899637699127197,0.5814048553535976,0.6131161460652947,0.6673337683681704,0.6131161460652947,0.6880819005891681,0.75,0.0,0.25,nan
metadata_order,5,sub-24,0,tent_literal,ses-1,1,72,True,8,1293750696,EEGTTA-PHASE1|v1|metadata_order|tent_literal|sub-24|0|5,1558832711,True,True,0.5550092458724976,0.6609183549880981,0.875,0.7097144722938538,0.5550092458724976,0.23353861272335052,0.03513740003108978,6.901391983032227,0.5550092384582221,0.6609183512628078,0.6404244608124225,0.6609183512628078,0.7097144909203053,0.875,0.0,0.125,nan
metadata_order,0,sub-25,0,tent_literal,ses-2,0,73,False,32,711718451,EEGTTA-PHASE1|v1|metadata_order|tent_literal|sub-25|0|0,140312303,True,True,0.3586812913417816,0.5714899301528931,0.59375,0.8370945453643799,0.3586812913417816,0.20146600902080536,0.008581157773733139,8.456657409667969,0.3586812843021702,0.5714899317863456,0.6828904447384232,0.5714899317863456,0.8370945586320886,0.59375,1.0,0.59375,nan
metadata_order,1,sub-25,0,tent_literal,ses-2,0,73,False,32,476801283,EEGTTA-PHASE1|v1|metadata_order|tent_literal|sub-25|0|1,711718451,True,True,0.4631960391998291,0.47711485624313354,0.46875,0.7672020196914673,0.4631960391998291,0.14197079837322235,0.014692267403006554,8.458658218383789,0.46319605456407176,0.47711486244224943,0.6920993554875807,0.5228851375577506,0.7672020507452544,0.46875,1.0,0.46875,nan
metadata_order,2,sub-25,0,tent_literal,ses-2,0,73,True,9,1914876082,EEGTTA-PHASE1|v1|metadata_order|tent_literal|sub-25|0|2,476801283,True,True,0.28094473481178284,0.536223292350769,0.5555555820465088,0.9099803566932678,0.28094473481178284,0.2513054609298706,0.02028649114072323,8.460509300231934,0.280944739911807,0.5362233053892851,0.6905206244476925,0.5362233053892851,0.9099803767684433,0.5555555555555556,1.0,0.5555555555555556,nan
metadata_order,3,sub-25,0,tent_literal,ses-1,1,73,False,32,861980956,EEGTTA-PHASE1|v1|metadata_order|tent_literal|sub-25|0|3,1914876082,True,True,0.424926221370697,0.47919946908950806,0.46875,0.8006730675697327,0.424926221370697,0.126571923494339,0.024949580430984497,8.462318420410156,0.42492623916189276,0.4791994401603006,0.6922816042110127,0.5208005598396994,0.8006730517954566,0.46875,0.0,0.53125,nan
metadata_order,4,sub-25,0,tent_literal,ses-1,1,73,False,32,1208389485,EEGTTA-PHASE1|v1|metadata_order|tent_literal|sub-25|0|4,861980956,True,True,0.39170628786087036,0.5246416330337524,0.59375,0.8188405632972717,0.39170628786087036,0.10627645999193192,0.02950132265686989,8.464160919189453,0.39170630338110923,0.5246416335430695,0.6919322682688885,0.5246416335430695,0.8188405441615032,0.59375,0.0,0.40625,nan
metadata_order,5,sub-25,0,tent_literal,ses-1,1,73,True,9,1005410779,EEGTTA-PHASE1|v1|metadata_order|tent_literal|sub-25|0|5,1208389485,True,True,0.42423662543296814,0.5471845269203186,0.6666666865348816,0.8072914481163025,0.42423662543296814,0.23198772966861725,0.033862821757793427,8.465804100036621,0.4242365697250473,0.5471845260536712,0.6886877888855828,0.5471845260536712,0.8072914224919967,0.6666666666666666,0.0,0.3333333333333333,nan
metadata_order,0,sub-26,0,tent_literal,ses-2,0,74,False,32,1068014546,EEGTTA-PHASE1|v1|metadata_order|tent_literal|sub-26|0|0,559479379,True,True,0.6777646541595459,0.5016034841537476,0.4375,0.5649700164794922,0.6777646541595459,0.016419149935245514,0.008484558202326298,6.322578430175781,0.6777646025302966,0.5016035176813602,0.6931420380132212,0.5016035176813602,0.5649699680507183,0.4375,1.0,0.4375,nan
metadata_order,1,sub-26,0,tent_literal,ses-2,0,74,False,32,581333358,EEGTTA-PHASE1|v1|metadata_order|tent_literal|sub-26|0|1,1068014546,True,True,0.6694165468215942,0.5024873614311218,0.5625,0.5876490473747253,0.6694165468215942,0.017321614548563957,0.014777743257582188,6.324042797088623,0.6694165919470951,0.5024873549118638,0.693134806639992,0.5024873549118638,0.5876490501686931,0.5625,1.0,0.5625,nan
metadata_order,2,sub-26,0,tent_literal,ses-2,0,74,True,10,872532603,EEGTTA-PHASE1|v1|metadata_order|tent_literal|sub-26|0|2,581333358,True,True,0.6829863786697388,0.5127238035202026,0.6000000238418579,0.5526407361030579,0.6829863786697388,0.02173326164484024,0.019375978037714958,6.324680328369141,0.6829863742431294,0.5127237796783447,0.692823356465815,0.5127237796783447,0.5526407480239868,0.6,1.0,0.6,nan
metadata_order,3,sub-26,0,tent_literal,ses-1,1,73,False,32,452377830,EEGTTA-PHASE1|v1|metadata_order|tent_literal|sub-26|0|3,872532603,True,True,0.6752757430076599,0.5086476802825928,0.46875,0.574852705001831,0.6752757430076599,0.020800530910491943,0.024618342518806458,6.325300693511963,0.6752757184654565,0.5086476802825928,0.6929976083539751,0.5086476802825928,0.5748527124524117,0.46875,0.0,0.53125,nan
metadata_order,4,sub-26,0,tent_literal,ses-1,1,73,False,32,194654808,EEGTTA-PHASE1|v1|metadata_order|tent_literal|sub-26|0|4,452377830,True,True,0.6755013465881348,0.4977148175239563,0.40625,0.581916332244873,0.6755013465881348,0.014563518576323986,0.02957211621105671,6.326004981994629,0.6755013220050228,0.49771484173834324,0.6931367366270251,0.5022851582616568,0.5819163601845503,0.40625,0.0,0.59375,nan
metadata_order,5,sub-26,0,tent_literal,ses-1,1,73,True,9,1705780404,EEGTTA-PHASE1|v1|metadata_order|tent_literal|sub-26|0|5,194654808,True,True,0.6727173328399658,0.5112311840057373,0.4444444477558136,0.5812332630157471,0.6727173328399658,0.02467421442270279,0.034446779638528824,6.326976299285889,0.6727173425403534,0.5112311442693075,0.6928948821378709,0.5112311442693075,0.5812332100338407,0.4444444444444444,0.0,0.5555555555555556,nan
metadata_order,0,sub-27,0,tent_literal,ses-2,0,74,False,32,230714282,EEGTTA-PHASE1|v1|metadata_order|tent_literal|sub-27|0|0,191698940,True,True,0.4581080377101898,0.5424900054931641,0.59375,0.7653741836547852,0.4581080377101898,0.11796846985816956,0.0085724713280797,7.856263160705566,0.45810800586061645,0.5424900204889127,0.6895320183071687,0.5424900204889127,0.7653741761096171,0.59375,1.0,0.59375,nan
metadata_order,1,sub-27,0,tent_literal,ses-2,0,74,False,32,2024223730,EEGTTA-PHASE1|v1|metadata_order|tent_literal|sub-27|0|1,230714282,True,True,0.46686452627182007,0.5107638239860535,0.46875,0.7708508968353271,0.46686452627182007,0.12838920950889587,0.014468495734035969,7.858391761779785,0.466864523069755,0.5107638026820496,0.6929154437623881,0.5107638026820496,0.7708508995128796,0.46875,1.0,0.46875,nan
metadata_order,2,sub-27,0,tent_literal,ses-2,0,74,True,10,349591557,EEGTTA-PHASE1|v1|metadata_order|tent_literal|sub-27|0|2,2024223730,True,True,0.326595276594162,0.578807532787323,0.6000000238418579,0.8768707513809204,0.326595276594162,0.21286751329898834,0.020483436062932014,7.860107898712158,0.32659528991226033,0.5788075169082731,0.6806739840118823,0.5788075169082731,0.8768707314971834,0.6,1.0,0.6,nan
metadata_order,3,sub-27,0,tent_literal,ses-1,1,73,False,32,1218157221,EEGTTA-PHASE1|v1|metadata_order|tent_literal|sub-27|0|3,349591557,True,True,0.43818414211273193,0.52544105052948,0.4375,0.7760746479034424,0.43818414211273193,0.07229086011648178,0.026075290516018867,7.861884593963623,0.4381841449014067,0.5254410034249304,0.6918521321026343,0.5254410034249304,0.7760746391286375,0.4375,0.0,0.5625,nan
metadata_order,4,sub-27,0,tent_literal,ses-1,1,73,False,32,2022797983,EEGTTA-PHASE1|v1|metadata_order|tent_literal|sub-27|0|4,1218157221,True,True,0.4842246472835541,0.5101433992385864,0.46875,0.7515822649002075,0.4842246472835541,0.10449238121509552,0.031007682904601097,7.863614082336426,0.48422465790485747,0.5101434220268857,0.6929413884219255,0.5101434220268857,0.7515822979912627,0.46875,0.0,0.53125,nan
metadata_order,5,sub-27,0,tent_literal,ses-1,1,73,True,9,2062857464,EEGTTA-PHASE1|v1|metadata_order|tent_literal|sub-27|0|5,2022797983,True,True,0.5036094784736633,0.5510469079017639,0.5555555820465088,0.7651913166046143,0.5036094784736633,0.17613168060779572,0.03578777611255646,7.865326881408691,0.5036095172272925,0.5510468996233411,0.6879265171851735,0.5510468996233411,0.7651913182602988,0.5555555555555556,0.0,0.4444444444444444,nan
metadata_order,0,sub-28,0,tent_literal,ses-2,0,57,False,32,1172555651,EEGTTA-PHASE1|v1|metadata_order|tent_literal|sub-28|0|0,1062487159,True,True,0.4847279191017151,0.45677709579467773,0.40625,0.7662937641143799,0.4847279191017151,0.17298540472984314,0.00853016134351492,6.971094608306885,0.48472791825918077,0.4567771222209558,0.689406078619395,0.5432228777790442,0.7662937674904242,0.40625,1.0,0.40625,nan
metadata_order,1,sub-28,0,tent_literal,ses-2,0,57,True,25,887780502,EEGTTA-PHASE1|v1|metadata_order|tent_literal|sub-28|0|1,1172555651,True,True,0.4946635365486145,0.46071672439575195,0.35999998450279236,0.7517709136009216,0.4946635365486145,0.2173307090997696,0.014778072014451027,6.972149848937988,0.4946635619886584,0.4607167452760041,0.6900576493089827,0.5392832547239959,0.7517708998732269,0.36,1.0,0.36,nan
metadata_order,2,sub-28,0,tent_literal,ses-1,1,74,False,32,1004842721,EEGTTA-PHASE1|v1|metadata_order|tent_literal|sub-28|0|2,887780502,True,True,0.5290659666061401,0.491677463054657,0.46875,0.7385597229003906,0.5290659666061401,0.10250668972730637,0.020087052136659622,6.973474502563477,0.5290659289419382,0.49167746858438477,0.6930086451041417,0.5083225314156152,0.7385597210959531,0.46875,0.0,0.53125,nan
metadata_order,3,sub-28,0,tent_literal,ses-1,1,74,False,32,840530853,EEGTTA-PHASE1|v1|metadata_order|tent_literal|sub-28|0|3,1004842721,True,True,0.5557118654251099,0.4739096760749817,0.5,0.7012122273445129,0.5557118654251099,0.10035096853971481,0.02527538873255253,6.975066184997559,0.5557118983900327,0.47390966885723174,0.6917851513147214,0.5260903311427683,0.7012122308369726,0.5,0.0,0.5,nan
metadata_order,4,sub-28,0,tent_literal,ses-1,1,74,True,10,1058516894,EEGTTA-PHASE1|v1|metadata_order|tent_literal|sub-28|0|4,840530853,True,True,0.4984641671180725,0.5030321478843689,0.5,0.7341454029083252,0.4984641671180725,0.1064843088388443,0.03008117526769638,6.976749897003174,0.49846417186639436,0.5030321523547172,0.6931287925514343,0.5030321523547172,0.7341454103589058,0.5,0.0,0.5,nan
metadata_order,0,sub-29,0,tent_literal,ses-1,0,72,False,32,980056902,EEGTTA-PHASE1|v1|metadata_order|tent_literal|sub-29|0|0,51221386,True,True,0.4708688259124756,0.4397084712982178,0.34375,0.7610846757888794,0.4708688259124756,0.1810988336801529,0.008588618598878384,7.489899635314941,0.4708688232341197,0.4397084414376877,0.6858593148848845,0.5602915585623123,0.7610846534953453,0.34375,0.0,0.65625,nan
metadata_order,1,sub-29,0,tent_literal,ses-1,0,72,False,32,1654012606,EEGTTA-PHASE1|v1|metadata_order|tent_literal|sub-29|0|1,980056902,True,True,0.4119628369808197,0.4401469826698303,0.34375,0.801779568195343,0.4119628369808197,0.16832761466503143,0.015490110032260418,7.491250514984131,0.41196280984130046,0.44014695825171657,0.6859651971831392,0.5598530417482834,0.8017795777122956,0.34375,0.0,0.65625,nan
metadata_order,2,sub-29,0,tent_literal,ses-1,0,72,True,8,1485201854,EEGTTA-PHASE1|v1|metadata_order|tent_literal|sub-29|0|2,1654012606,True,True,0.4922458529472351,0.5647026896476746,0.625,0.7726140022277832,0.4922458529472351,0.23380663990974426,0.020244788378477097,7.492252349853516,0.49224587545991016,0.5647026849910617,0.6847507793780128,0.5647026849910617,0.7726139472797513,0.625,0.0,0.375,nan
metadata_order,3,sub-29,0,tent_literal,ses-2,1,74,False,32,1565453518,EEGTTA-PHASE1|v1|metadata_order|tent_literal|sub-29|0|3,1485201854,True,True,0.4345400631427765,0.5592002868652344,0.5625,0.801040530204773,0.4345400631427765,0.12235328555107117,0.024518122896552086,7.4937238693237305,0.4345400689096295,0.5592003280762583,0.6861213533098081,0.5592003280762583,0.8010405523236841,0.5625,1.0,0.5625,nan
metadata_order,4,sub-29,0,tent_literal,ses-2,1,74,False,32,603482740,EEGTTA-PHASE1|v1|metadata_order|tent_literal|sub-29|0|4,1565453518,True,True,0.4845345914363861,0.5326000452041626,0.59375,0.7468143701553345,0.4845345914363861,0.09860764443874359,0.028574159368872643,7.495255470275879,0.4845345849017377,0.5326000017230399,0.6910201518232713,0.5326000017230399,0.7468143801088445,0.59375,1.0,0.59375,nan
metadata_order,5,sub-29,0,tent_literal,ses-2,1,74,True,10,1078664073,EEGTTA-PHASE1|v1|metadata_order|tent_literal|sub-29|0|5,603482740,True,True,0.45506033301353455,0.5592374205589294,0.4000000059604645,0.7866925597190857,0.45506033301353455,0.1558746099472046,0.03266051039099693,7.496676445007324,0.4550603550536696,0.5592373833060265,0.686112534445681,0.5592373833060265,0.786692525446415,0.4,1.0,0.4,nan
metadata_order,0,sub-30,0,tent_literal,ses-1,0,73,False,32,496522816,EEGTTA-PHASE1|v1|metadata_order|tent_literal|sub-30|0|0,1533852330,True,True,0.663529634475708,0.5139347910881042,0.53125,0.5960129499435425,0.663529634475708,0.026553576812148094,0.008493222296237946,6.334829807281494,0.6635295791613303,0.5139348078519106,0.6927587725306688,0.5139348078519106,0.596012907102704,0.53125,0.0,0.46875,nan
metadata_order,1,sub-30,0,tent_literal,ses-1,0,73,False,32,116270286,EEGTTA-PHASE1|v1|metadata_order|tent_literal|sub-30|0|1,496522816,True,True,0.6709027886390686,0.5118236541748047,0.5625,0.5870686173439026,0.6709027886390686,0.019106721505522728,0.015097125433385372,6.336588382720947,0.6709027906203887,0.5118236318230629,0.6928675579570653,0.5118236318230629,0.5870685875415802,0.5625,0.0,0.4375,nan
metadata_order,2,sub-30,0,tent_literal,ses-1,0,73,True,9,1451455569,EEGTTA-PHASE1|v1|metadata_order|tent_literal|sub-30|0|2,116270286,True,True,0.68843013048172,0.5090426206588745,0.4444444477558136,0.5374433994293213,0.68843013048172,0.013714884407818317,0.020524250343441963,6.338494777679443,0.6884300912397832,0.5090426504611969,0.6929836325890445,0.5090426504611969,0.5374433431360457,0.4444444444444444,0.0,0.5555555555555556,nan
metadata_order,3,sub-30,0,tent_literal,ses-2,1,73,False,32,1284761891,EEGTTA-PHASE1|v1|metadata_order|tent_literal|sub-30|0|3,1451455569,True,True,0.6537786722183228,0.49473774433135986,0.46875,0.6146596670150757,0.6537786722183228,0.03254592418670654,0.025064174085855484,6.3397417068481445,0.6537786955129465,0.4947377508506179,0.6930917970052715,0.5052622491493821,0.6146596306934953,0.46875,1.0,0.46875,nan
metadata_order,4,sub-30,0,tent_literal,ses-2,1,73,False,32,361326060,EEGTTA-PHASE1|v1|metadata_order|tent_literal|sub-30|0|4,1284761891,True,True,0.6640183329582214,0.5336685180664062,0.53125,0.5946863889694214,0.6640183329582214,0.03452086076140404,0.029595067724585533,6.340868949890137,0.6640183604619168,0.533668520860374,0.6908783255452822,0.533668520860374,0.5946863936260343,0.53125,1.0,0.53125,nan
metadata_order,5,sub-30,0,tent_literal,ses-2,1,73,True,9,1602700375,EEGTTA-PHASE1|v1|metadata_order|tent_literal|sub-30|0|5,361326060,True,True,0.6702861189842224,0.4706476032733917,0.2222222238779068,0.5872491002082825,0.6702861189842224,0.038872916251420975,0.033409785479307175,6.341761112213135,0.670286124606903,0.47064759333928424,0.6914230619166788,0.5293524066607158,0.5872490737173293,0.2222222222222222,1.0,0.2222222222222222,nan
metadata_order,0,sub-31,0,tent_literal,ses-1,0,73,False,32,1075810264,EEGTTA-PHASE1|v1|metadata_order|tent_literal|sub-31|0|0,371926566,True,True,0.5797027349472046,0.5473840832710266,0.5625,0.6943812966346741,0.5797027349472046,0.07679050415754318,0.008533747866749763,6.715360641479492,0.5797026949648679,0.5473841251805425,0.6886499240963389,0.5473841251805425,0.6943813627585769,0.5625,0.0,0.4375,nan
metadata_order,1,sub-31,0,tent_literal,ses-1,0,73,False,32,51468078,EEGTTA-PHASE1|v1|metadata_order|tent_literal|sub-31|0|1,1075810264,True,True,0.6242989897727966,0.5095359086990356,0.5625,0.6521414518356323,0.6242989897727966,0.06721355020999908,0.014951693825423717,6.7169623374938965,0.6242989875524235,0.5095359347760677,0.6929653014288982,0.5095359347760677,0.6521414518356323,0.5625,0.0,0.4375,nan
metadata_order,2,sub-31,0,tent_literal,ses-1,0,73,True,9,1031728686,EEGTTA-PHASE1|v1|metadata_order|tent_literal|sub-31|0|2,51468078,True,True,0.5945377349853516,0.5081623196601868,0.6666666865348816,0.6785345077514648,0.5945377349853516,0.09689927101135254,0.020680895075201988,6.718235015869141,0.5945377071840547,0.5081623511181937,0.6930139266894222,0.5081623511181937,0.6785344696707196,0.6666666666666666,0.0,0.3333333333333333,nan
metadata_order,3,sub-31,0,tent_literal,ses-2,1,71,False,32,284710081,EEGTTA-PHASE1|v1|metadata_order|tent_literal|sub-31|0|3,1031728686,True,True,0.5573486089706421,0.4841495752334595,0.34375,0.6954451203346252,0.5573486089706421,0.132499098777771,0.024805881083011627,6.720057964324951,0.5573486237108358,0.4841495677828789,0.6926446239636526,0.5158504322171211,0.6954451352357864,0.34375,1.0,0.34375,nan
metadata_order,4,sub-31,0,tent_literal,ses-2,1,71,False,32,1536061992,EEGTTA-PHASE1|v1|metadata_order|tent_literal|sub-31|0|4,284710081,True,True,0.5880835056304932,0.48795250058174133,0.40625,0.6755703687667847,0.5880835056304932,0.11903748661279678,0.029021581634879112,6.721625328063965,0.5880834576592675,0.4879525192081928,0.6928568688783756,0.5120474807918072,0.6755703650414944,0.40625,1.0,0.40625,nan
metadata_order,5,sub-31,0,tent_literal,ses-2,1,71,True,7,1989587822,EEGTTA-PHASE1|v1|metadata_order|tent_literal|sub-31|0|5,1536061992,True,True,0.5651832818984985,0.4559463858604431,0.2857142984867096,0.6980359554290771,0.5651832818984985,0.11150481551885605,0.033262092620134354,6.723203182220459,0.5651832074446685,0.45594638479607447,0.6892607010119862,0.5440536152039255,0.6980359139186996,0.2857142857142857,1.0,0.2857142857142857,nan
metadata_order,0,sub-32,0,tent_literal,ses-1,0,68,False,32,1194507733,EEGTTA-PHASE1|v1|metadata_order|tent_literal|sub-32|0|0,1079040627,True,True,0.6331006288528442,0.45468974113464355,0.21875,0.6241968870162964,0.6331006288528442,0.07796981930732727,0.00851398054510355,6.3388261795043945,0.6331005634485634,0.45468977373093367,0.6890355089727822,0.5453102262690663,0.6241968916729093,0.21875,0.0,0.78125,nan
metadata_order,1,sub-32,0,tent_literal,ses-1,0,68,False,32,622024404,EEGTTA-PHASE1|v1|metadata_order|tent_literal|sub-32|0|1,1194507733,True,True,0.601554274559021,0.47177305817604065,0.28125,0.6572193503379822,0.601554274559021,0.09003757685422897,0.015806229785084724,6.338672161102295,0.6015542393240769,0.4717730530537665,0.6915528119747724,0.5282269469462335,0.6572193442843854,0.28125,0.0,0.71875,nan
metadata_order,2,sub-32,0,tent_literal,ses-1,0,68,True,4,1767727486,EEGTTA-PHASE1|v1|metadata_order|tent_literal|sub-32|0|2,622024404,True,True,0.6266011595726013,0.4536476135253906,0.5,0.6562994122505188,0.6266011595726013,0.09521546214818954,0.02138710394501686,6.338440418243408,0.6266011734792685,0.4536476284265518,0.6888439196232913,0.5463523715734482,0.65629942715168,0.5,0.0,0.5,nan
metadata_order,3,sub-32,0,tent_literal,ses-2,1,65,False,32,1951530767,EEGTTA-PHASE1|v1|metadata_order|tent_literal|sub-32|0|3,1767727486,True,True,0.6261569261550903,0.5453487634658813,0.46875,0.6408776640892029,0.6261569261550903,0.06907299160957336,0.026443518698215485,6.338376522064209,0.6261569155915834,0.545348796993494,0.6890284961491444,0.545348796993494,0.6408776566386223,0.46875,1.0,0.46875,nan
metadata_order,4,sub-32,0,tent_literal,ses-2,1,65,False,32,119440574,EEGTTA-PHASE1|v1|metadata_order|tent_literal|sub-32|0|4,1951530767,True,True,0.6048583984375,0.5737618803977966,0.65625,0.6635910272598267,0.6048583984375,0.09402268379926682,0.030912183225154877,6.3385396003723145,0.6048584086725426,0.5737619218416512,0.6822257206263531,0.5737619218416512,0.6635910565964878,0.65625,1.0,0.65625,nan
metadata_order,5,sub-32,0,tent_literal,ses-2,1,65,True,1,1056648591,EEGTTA-PHASE1|v1|metadata_order|tent_literal|sub-32|0|5,119440574,True,True,0.6895109415054321,0.5426132678985596,1.0,0.5426132678985596,0.6895109415054321,0.050017327070236206,0.03450072556734085,6.338781833648682,0.6895109899224332,0.5426132678985596,0.6895109899224332,0.5426132678985596,0.5426132678985596,1.0,1.0,1.0,nan
metadata_order,0,sub-33,0,tent_literal,ses-1,0,73,False,32,783998366,EEGTTA-PHASE1|v1|metadata_order|tent_literal|sub-33|0|0,578980366,True,True,0.6442474126815796,0.5072122812271118,0.5,0.6317375898361206,0.6442474126815796,0.045446157455444336,0.00853104516863823,6.3658127784729,0.6442473907088009,0.5072122327983379,0.6930431443481759,0.5072122327983379,0.6317375972867012,0.5,0.0,0.5,nan
metadata_order,1,sub-33,0,tent_literal,ses-1,0,73,False,32,2063985183,EEGTTA-PHASE1|v1|metadata_order|tent_literal|sub-33|0|1,783998366,True,True,0.6665154695510864,0.48236867785453796,0.5,0.5946574211120605,0.6665154695510864,0.024501636624336243,0.014392388984560966,6.366223335266113,0.6665154390864187,0.4823686806485057,0.6925253248035776,0.5176313193514943,0.594657433219254,0.5,0.0,0.5,nan
metadata_order,2,sub-33,0,tent_literal,ses-1,0,73,True,9,1468925832,EEGTTA-PHASE1|v1|metadata_order|tent_literal|sub-33|0|2,2063985183,True,True,0.6450865864753723,0.5632278919219971,0.6666666865348816,0.6221417188644409,0.6450865864753723,0.10214609652757645,0.018926016986370087,6.366491317749023,0.6450865892558469,0.5632278588083055,0.6851302093478684,0.5632278588083055,0.6221417519781325,0.6666666666666666,0.0,0.3333333333333333,nan
metadata_order,3,sub-33,0,tent_literal,ses-2,1,72,False,32,1086394822,EEGTTA-PHASE1|v1|metadata_order|tent_literal|sub-33|0|3,1468925832,True,True,0.6326891183853149,0.4922020137310028,0.4375,0.6459465622901917,0.6326891183853149,0.04507420212030411,0.023743202909827232,6.366918087005615,0.6326891261494212,0.4922019988298416,0.6930255579846822,0.5077980011701584,0.6459465473890305,0.4375,1.0,0.4375,nan
metadata_order,4,sub-33,0,tent_literal,ses-2,1,72,False,32,1120279354,EEGTTA-PHASE1|v1|metadata_order|tent_literal|sub-33|0|4,1086394822,True,True,0.6574389934539795,0.5029671788215637,0.40625,0.5980864763259888,0.6574389934539795,0.024695223197340965,0.02844364568591118,6.367359161376953,0.6574389773531972,0.5029672156088054,0.6931295717196497,0.5029672156088054,0.5980864246375859,0.40625,1.0,0.40625,nan
metadata_order,5,sub-33,0,tent_literal,ses-2,1,72,True,8,177196389,EEGTTA-PHASE1|v1|metadata_order|tent_literal|sub-33|0|5,1120279354,True,True,0.6651700735092163,0.4595320224761963,0.5,0.6024978160858154,0.6651700735092163,0.05360707640647888,0.03258044272661209,6.367948532104492,0.6651700291668546,0.4595320448279381,0.6898682844786739,0.5404679551720619,0.6024978384375572,0.5,1.0,0.5,nan
metadata_order,0,sub-34,0,tent_literal,ses-1,0,72,False,32,2051740342,EEGTTA-PHASE1|v1|metadata_order|tent_literal|sub-34|0|0,653610143,True,True,0.4638088345527649,0.48142606019973755,0.5,0.7662705779075623,0.4638088345527649,0.09678488969802856,0.008504183031618595,6.6126251220703125,0.4638088210027078,0.4814260808052495,0.6924570408325427,0.5185739191947505,0.7662705647526309,0.5,0.0,0.5,nan
metadata_order,1,sub-34,0,tent_literal,ses-1,0,72,False,32,1969418435,EEGTTA-PHASE1|v1|metadata_order|tent_literal|sub-34|0|1,2051740342,True,True,0.5227659940719604,0.48044562339782715,0.53125,0.7323107719421387,0.5227659940719604,0.10426714271306992,0.015154014341533184,6.613913059234619,0.5227660272080934,0.4804456296842545,0.6923822386978017,0.5195543703157455,0.7323107582051307,0.53125,0.0,0.46875,nan
metadata_order,2,sub-34,0,tent_literal,ses-1,0,72,True,8,429144280,EEGTTA-PHASE1|v1|metadata_order|tent_literal|sub-34|0|2,1969418435,True,True,0.487617552280426,0.42172130942344666,0.375,0.7760392427444458,0.487617552280426,0.23256394267082214,0.02119159698486328,6.6153950691223145,0.48761754011390945,0.4217213215306401,0.6808415176759122,0.5782786784693599,0.7760392902418971,0.375,0.0,0.625,nan
metadata_order,3,sub-34,0,tent_literal,ses-2,1,73,False,32,808069759,EEGTTA-PHASE1|v1|metadata_order|tent_literal|sub-34|0|3,429144280,True,True,0.4708172082901001,0.5048530697822571,0.46875,0.7731536626815796,0.4708172082901001,0.10881129652261734,0.027262592688202858,6.616908073425293,0.4708171994568684,0.5048530984422541,0.693100074691306,0.5048530984422541,0.7731536638239049,0.46875,1.0,0.46875,nan
metadata_order,4,sub-34,0,tent_literal,ses-2,1,73,False,32,593550586,EEGTTA-PHASE1|v1|metadata_order|tent_literal|sub-34|0|4,808069759,True,True,0.5294010043144226,0.48383012413978577,0.4375,0.7142259478569031,0.5294010043144226,0.11390680074691772,0.03341124206781387,6.618356704711914,0.5294009776631211,0.4838301206473261,0.692624159373304,0.5161698793526739,0.7142259513493627,0.4375,1.0,0.4375,nan
metadata_order,5,sub-34,0,tent_literal,ses-2,1,73,True,9,322638668,EEGTTA-PHASE1|v1|metadata_order|tent_literal|sub-34|0|5,593550586,True,True,0.6065608263015747,0.507814884185791,0.4444444477558136,0.6572631597518921,0.6065608263015747,0.09730824083089828,0.03905024379491806,6.619401931762695,0.6065608267870393,0.5078148759073682,0.6930250310154655,0.5078148759073682,0.6572631547848383,0.4444444444444444,1.0,0.4444444444444444,nan
metadata_order,0,sub-35,0,tent_literal,ses-1,0,73,False,32,382099457,EEGTTA-PHASE1|v1|metadata_order|tent_literal|sub-35|0|0,1828886213,True,True,0.48426082730293274,0.48238515853881836,0.4375,0.7686682939529419,0.48426082730293274,0.13005973398685455,0.008574100211262703,7.133528709411621,0.4842608172893639,0.4823851550463587,0.6925264866035026,0.5176148449536413,0.7686683197971433,0.4375,0.0,0.5625,nan
metadata_order,1,sub-35,0,tent_literal,ses-1,0,73,False,32,1928947486,EEGTTA-PHASE1|v1|metadata_order|tent_literal|sub-35|0|1,382099457,True,True,0.5267533659934998,0.5264879465103149,0.46875,0.7362604141235352,0.5267533659934998,0.07632426172494888,0.013994598761200905,7.135618686676025,0.5267533792297668,0.526487976196222,0.6917432977085727,0.526487976196222,0.7362604105146602,0.46875,0.0,0.53125,nan
metadata_order,2,sub-35,0,tent_literal,ses-1,0,73,True,9,1565189584,EEGTTA-PHASE1|v1|metadata_order|tent_literal|sub-35|0|2,1928947486,True,True,0.5414488315582275,0.4637772738933563,0.3333333432674408,0.7045969367027283,0.5414488315582275,0.12475752830505371,0.019860222935676575,7.137824535369873,0.5414488090872182,0.4637772921058867,0.6905207111719136,0.5362227078941133,0.7045969549152586,0.3333333333333333,0.0,0.6666666666666666,nan
metadata_order,3,sub-35,0,tent_literal,ses-2,1,73,False,32,1260651214,EEGTTA-PHASE1|v1|metadata_order|tent_literal|sub-35|0|3,1565189584,True,True,0.5385496020317078,0.5037175416946411,0.4375,0.7228360176086426,0.5385496020317078,0.0899883359670639,0.024907534942030907,7.139817237854004,0.5385495877261147,0.503717516316101,0.6931195404501649,0.503717516316101,0.72283600945957,0.4375,1.0,0.4375,nan
metadata_order,4,sub-35,0,tent_literal,ses-2,1,73,False,32,705746302,EEGTTA-PHASE1|v1|metadata_order|tent_literal|sub-35|0|4,1260651214,True,True,0.5177880525588989,0.5036485195159912,0.40625,0.7264167666435242,0.5177880525588989,0.07802287489175797,0.029786113649606705,7.141835689544678,0.5177880076443501,0.5036484983284026,0.6931205572435728,0.5036484983284026,0.7264167431276292,0.40625,1.0,0.40625,nan
metadata_order,5,sub-35,0,tent_literal,ses-2,1,73,True,9,1716677516,EEGTTA-PHASE1|v1|metadata_order|tent_literal|sub-35|0|5,705746302,True,True,0.5176783204078674,0.5430454611778259,0.5555555820465088,0.7562553882598877,0.5176783204078674,0.1517769694328308,0.03393632173538208,7.143640518188477,0.5176782870350879,0.5430454777346717,0.6894367629114154,0.5430454777346717,0.7562553120983971,0.5555555555555556,1.0,0.5555555555555556,nan
metadata_order,0,sub-36,0,tent_literal,ses-1,0,73,False,32,478956774,EEGTTA-PHASE1|v1|metadata_order|tent_literal|sub-36|0|0,1611060578,True,True,0.4017477035522461,0.4571014940738678,0.40625,0.8167675733566284,0.4017477035522461,0.1364627629518509,0.008518796414136887,7.216094493865967,0.4017476991943163,0.45710148038051557,0.6894620857184891,0.5428985196194844,0.8167676131270127,0.40625,0.0,0.59375,nan
metadata_order,1,sub-36,0,tent_literal,ses-1,0,73,False,32,878800417,EEGTTA-PHASE1|v1|metadata_order|tent_literal|sub-36|0|1,478956774,True,True,0.4434022903442383,0.46107789874076843,0.40625,0.7869406342506409,0.4434022903442383,0.14315557479858398,0.014497974887490273,7.21811580657959,0.443402293367796,0.46107788148219697,0.6901142504762916,0.538922118517803,0.7869406328827608,0.40625,0.0,0.59375,nan
metadata_order,2,sub-36,0,tent_literal,ses-1,0,73,True,9,1275512786,EEGTTA-PHASE1|v1|metadata_order|tent_literal|sub-36|0|2,878800417,True,True,0.5703312754631042,0.3972136080265045,0.1111111119389534,0.6873518824577332,0.5703312754631042,0.28060397505760193,0.01996440626680851,7.220034599304199,0.5703312538789684,0.39721357491281295,0.6718656808949384,0.602786425087187,0.687351879146364,0.1111111111111111,0.0,0.8888888888888888,nan
metadata_order,3,sub-36,0,tent_literal,ses-2,1,72,False,32,705909101,EEGTTA-PHASE1|v1|metadata_order|tent_literal|sub-36|0|3,1275512786,True,True,0.40403327345848083,0.4594792127609253,0.5,0.8074221611022949,0.40403327345848083,0.1220305934548378,0.024953246116638184,7.222051620483398,0.40403325180576316,0.4594792320567649,0.6898597112234747,0.5405207679432351,0.807422138081165,0.5,1.0,0.5,nan
metadata_order,4,sub-36,0,tent_literal,ses-2,1,72,False,32,654292441,EEGTTA-PHASE1|v1|metadata_order|tent_literal|sub-36|0|4,705909101,True,True,0.2991553544998169,0.4730331003665924,0.46875,0.8668167591094971,0.2991553544998169,0.17188580334186554,0.029570018872618675,7.223857879638672,0.2991553366144578,0.47303309792187065,0.6916920470029488,0.5269669020781294,0.8668167466530576,0.46875,1.0,0.46875,nan
metadata_order,5,sub-36,0,tent_literal,ses-2,1,72,True,8,2068748854,EEGTTA-PHASE1|v1|metadata_order|tent_literal|sub-36|0|5,654292441,True,True,0.4121575355529785,0.5139086246490479,0.625,0.7750862836837769,0.4121575355529785,0.1871686577796936,0.03279661014676094,7.225401878356934,0.41215751073441487,0.5139086008421145,0.6927602322929455,0.5139086008421145,0.775086292589549,0.625,1.0,0.625,nan
metadata_order,0,sub-37,0,tent_literal,ses-1,0,71,False,32,2094674531,EEGTTA-PHASE1|v1|metadata_order|tent_literal|sub-37|0|0,1769783749,True,True,0.5996083617210388,0.5397674441337585,0.59375,0.6688628196716309,0.5996083617210388,0.08589157462120056,0.00851493515074253,6.54047155380249,0.5996083558719387,0.5397674778942019,0.6899809328421882,0.5397674778942019,0.6688628566917032,0.59375,0.0,0.40625,nan
metadata_order,1,sub-37,0,tent_literal,ses-1,0,71,False,32,1885205275,EEGTTA-PHASE1|v1|metadata_order|tent_literal|sub-37|0|1,2094674531,True,True,0.5951646566390991,0.4952925443649292,0.5,0.6771992444992065,0.5951646566390991,0.07675427943468094,0.013385692611336708,6.541707992553711,0.5951646886779943,0.495292535983026,0.6931028594702129,0.504707464016974,0.6771992305293679,0.5,0.0,0.5,nan
metadata_order,2,sub-37,0,tent_literal,ses-1,0,71,True,7,72842775,EEGTTA-PHASE1|v1|metadata_order|tent_literal|sub-37|0|2,1885205275,True,True,0.6696212291717529,0.5566104054450989,0.7142857313156128,0.599511444568634,0.6696212291717529,0.12060953676700592,0.01781523786485195,6.542730808258057,0.6696211763950208,0.556610392672675,0.6867239429589418,0.556610392672675,0.5995113892214639,0.7142857142857143,0.0,0.2857142857142857,nan
metadata_order,3,sub-37,0,tent_literal,ses-2,1,51,False,32,774464699,EEGTTA-PHASE1|v1|metadata_order|tent_literal|sub-37|0|3,72842775,True,True,0.5860574841499329,0.5021893382072449,0.4375,0.6977647542953491,0.5860574841499329,0.0739947259426117,0.022373028099536896,6.5442304611206055,0.5860574490386983,0.5021893600933254,0.6931375939340743,0.5021893600933254,0.6977647473104298,0.4375,1.0,0.4375,nan
metadata_order,4,sub-37,0,tent_literal,ses-2,1,51,True,19,706020121,EEGTTA-PHASE1|v1|metadata_order|tent_literal|sub-37|0|4,774464699,True,True,0.5630155801773071,0.48653823137283325,0.5263158082962036,0.6922084093093872,0.5630155801773071,0.15550194680690765,0.026715759187936783,6.545444488525391,0.5630155544604287,0.4865382533324392,0.692784699513642,0.5134617466675608,0.6922083716643485,0.5263157894736842,1.0,0.5263157894736842,nan
metadata_order,0,sub-38,0,tent_literal,ses-1,0,71,False,32,283107794,EEGTTA-PHASE1|v1|metadata_order|tent_literal|sub-38|0|0,1908560047,True,True,0.5839812755584717,0.563469648361206,0.59375,0.6959291696548462,0.5839812755584717,0.11305107176303864,0.008515344001352787,6.709499835968018,0.5839812900672765,0.563469662098214,0.6850686065474907,0.563469662098214,0.69592917826958,0.59375,0.0,0.40625,nan
metadata_order,1,sub-38,0,tent_literal,ses-1,0,71,False,32,839949845,EEGTTA-PHASE1|v1|metadata_order|tent_literal|sub-38|0|1,283107794,True,True,0.5670735836029053,0.5425984859466553,0.625,0.7119810581207275,0.5670735836029053,0.12151246517896652,0.01445608027279377,6.711915493011475,0.5670735707029024,0.5425984702305868,0.6895135179229803,0.5425984702305868,0.7119810216827318,0.625,0.0,0.375,nan
metadata_order,2,sub-38,0,tent_literal,ses-1,0,71,True,7,1729500393,EEGTTA-PHASE1|v1|metadata_order|tent_literal|sub-38|0|2,839949845,True,True,0.5279906988143921,0.5477859377861023,0.4285714626312256,0.7348182797431946,0.5279906988143921,0.12654516100883484,0.019203295931220055,6.713409423828125,0.5279906612206748,0.5477858696665082,0.6885732239226674,0.5477858696665082,0.7348182456833976,0.42857142857142855,0.0,0.5714285714285714,nan
metadata_order,3,sub-38,0,tent_literal,ses-2,1,72,False,32,693826407,EEGTTA-PHASE1|v1|metadata_order|tent_literal|sub-38|0|3,1729500393,True,True,0.560880720615387,0.5109981298446655,0.5,0.7042563557624817,0.560880720615387,0.06461132317781448,0.02393047884106636,6.714950084686279,0.560880717141574,0.5109981421846896,0.6929052427849909,0.5109981421846896,0.7042563769500703,0.5,1.0,0.5,nan
metadata_order,4,sub-38,0,tent_literal,ses-2,1,72,False,32,2075153713,EEGTTA-PHASE1|v1|metadata_order|tent_literal|sub-38|0|4,693826407,True,True,0.591917872428894,0.5464973449707031,0.59375,0.6661393046379089,0.591917872428894,0.0838862732052803,0.028812190517783165,6.7166547775268555,0.5919179016274363,0.5464973044581711,0.6888169279355107,0.5464973044581711,0.6661392855457962,0.59375,1.0,0.59375,nan
metadata_order,5,sub-38,0,tent_literal,ses-2,1,72,True,8,68649428,EEGTTA-PHASE1|v1|metadata_order|tent_literal|sub-38|0|5,2075153713,True,True,0.5607252717018127,0.5095971822738647,0.5,0.7153904438018799,0.5607252717018127,0.11087343841791153,0.03332364559173584,6.718271255493164,0.5607252758320042,0.5095971748232841,0.6929629577178048,0.5095971748232841,0.7153903916478157,0.5,1.0,0.5,nan
metadata_order,0,sub-40,0,tent_literal,ses-2,0,70,False,32,1594269808,EEGTTA-PHASE1|v1|metadata_order|tent_literal|sub-40|0|0,1057386875,True,True,0.5290612578392029,0.4668954312801361,0.375,0.7324209809303284,0.5290612578392029,0.14626063406467438,0.008526015095412731,6.681098461151123,0.529061257152796,0.4668954408261925,0.6909537527055476,0.5331045591738075,0.732420971384272,0.375,1.0,0.375,nan
metadata_order,1,sub-40,0,tent_literal,ses-2,0,70,False,32,529549740,EEGTTA-PHASE1|v1|metadata_order|tent_literal|sub-40|0|1,1594269808,True,True,0.5738741159439087,0.5144011974334717,0.53125,0.6764204502105713,0.5738741159439087,0.06322222948074341,0.014232143759727478,6.682420253753662,0.573874145309455,0.5144012424862012,0.692732331619931,0.5144012424862012,0.6764203977072611,0.53125,1.0,0.53125,nan
metadata_order,2,sub-40,0,tent_literal,ses-2,0,70,True,6,624012145,EEGTTA-PHASE1|v1|metadata_order|tent_literal|sub-40|0|2,529549740,True,True,0.6226417422294617,0.5821895599365234,0.6666666865348816,0.6632894277572632,0.6226417422294617,0.19106300175189972,0.01775454729795456,6.6835408210754395,0.6226417001274654,0.5821895549694697,0.6795754251428728,0.5821895549694697,0.663289432724317,0.6666666666666666,1.0,0.6666666666666666,nan
metadata_order,3,sub-40,0,tent_literal,ses-1,1,73,False,32,533381015,EEGTTA-PHASE1|v1|metadata_order|tent_literal|sub-40|0|3,624012145,True,True,0.5986700057983398,0.5576444864273071,0.625,0.6762428283691406,0.5986700057983398,0.09754917770624161,0.02137279510498047,6.684953689575195,0.5986700338624329,0.5576445134356618,0.6864865997374875,0.5576445134356618,0.6762428795918822,0.625,0.0,0.375,nan
metadata_order,4,sub-40,0,tent_literal,ses-1,1,73,False,32,1327836208,EEGTTA-PHASE1|v1|metadata_order|tent_literal|sub-40|0|4,533381015,True,True,0.5538808703422546,0.494842529296875,0.40625,0.7025373578071594,0.5538808703422546,0.10680368542671204,0.02494063600897789,6.686337471008301,0.5538808486633279,0.4948425074107945,0.6930939801568956,0.5051574925892055,0.7025373498909175,0.40625,0.0,0.59375,nan
metadata_order,5,sub-40,0,tent_literal,ses-1,1,73,True,9,2022246295,EEGTTA-PHASE1|v1|metadata_order|tent_literal|sub-40|0|5,1327836208,True,True,0.6143673658370972,0.47724035382270813,0.4444444477558136,0.6566798686981201,0.6143673658370972,0.1271514892578125,0.028296465054154396,6.687600612640381,0.6143673525779748,0.47724035051133895,0.6921108192057982,0.522759649488661,0.6566798289616903,0.4444444444444444,0.0,0.5555555555555556,nan
metadata_order,0,sub-41,0,tent_literal,ses-1,0,69,False,32,1661759970,EEGTTA-PHASE1|v1|metadata_order|tent_literal|sub-41|0|0,1327024324,True,True,0.48559871315956116,0.4384305477142334,0.4375,0.7718987464904785,0.48559871315956116,0.17629235982894897,0.008586208336055279,7.560816764831543,0.4855987290803543,0.43843055644538254,0.6855463104530056,0.5615694435546175,0.7718987712869421,0.4375,0.0,0.5625,nan
metadata_order,1,sub-41,0,tent_literal,ses-1,0,69,False,32,1961215137,EEGTTA-PHASE1|v1|metadata_order|tent_literal|sub-41|0|1,1661759970,True,True,0.4722323417663574,0.4359259605407715,0.40625,0.7796815633773804,0.4722323417663574,0.19376081228256226,0.014371540397405624,7.562488079071045,0.4722323376842766,0.43592595343943685,0.684913591414616,0.5640740465605631,0.7796815518522635,0.40625,0.0,0.59375,nan
metadata_order,2,sub-41,0,tent_literal,ses-1,0,69,True,5,924672617,EEGTTA-PHASE1|v1|metadata_order|tent_literal|sub-41|0|2,1961215137,True,True,0.5045214891433716,0.4867962896823883,0.4000000059604645,0.780523419380188,0.5045214891433716,0.24767357110977173,0.01933654211461544,7.564230918884277,0.5045214278452004,0.4867962449789047,0.6927984617298052,0.5132037550210953,0.7805234342813492,0.4,0.0,0.6,nan
metadata_order,3,sub-41,0,tent_literal,ses-2,1,67,False,32,116777679,EEGTTA-PHASE1|v1|metadata_order|tent_literal|sub-41|0|3,924672617,True,True,0.4890308678150177,0.45019856095314026,0.46875,0.7565240263938904,0.4890308678150177,0.15443401038646698,0.024594971910119057,7.565954685211182,0.4890308723999894,0.450198566832114,0.6881785806058978,0.549801433167886,0.7565240167896263,0.46875,1.0,0.46875,nan
metadata_order,4,sub-41,0,tent_literal,ses-2,1,67,False,32,2062532530,EEGTTA-PHASE1|v1|metadata_order|tent_literal|sub-41|0|4,116777679,True,True,0.45854848623275757,0.40755099058151245,0.40625,0.7867134809494019,0.45854848623275757,0.1866711676120758,0.030153760686516762,7.5676589012146,0.4585484776833869,0.4075509943650104,0.6759547889692978,0.5924490056349896,0.7867134585394524,0.40625,1.0,0.40625,nan
metadata_order,5,sub-41,0,tent_literal,ses-2,1,67,True,3,1109674970,EEGTTA-PHASE1|v1|metadata_order|tent_literal|sub-41|0|5,2062532530,True,True,0.530219554901123,0.42573612928390503,0.3333333432674408,0.7288417816162109,0.530219554901123,0.41723954677581787,0.03511352464556694,7.569087028503418,0.5302194942978781,0.42573608954747516,0.6820760060883617,0.5742639104525249,0.7288417220115662,0.3333333333333333,1.0,0.3333333333333333,nan
metadata_order,0,sub-42,0,tent_literal,ses-2,0,67,False,32,1418544163,EEGTTA-PHASE1|v1|metadata_order|tent_literal|sub-42|0|0,1575637346,True,True,0.28686225414276123,0.5215932726860046,0.53125,0.8849552869796753,0.28686225414276123,0.13893082737922668,0.008595922961831093,8.962417602539062,0.28686224972250796,0.5215933028744075,0.6922143490075616,0.5215933028744075,0.8849552940441754,0.53125,1.0,0.53125,nan
metadata_order,1,sub-42,0,tent_literal,ses-2,0,67,False,32,1094749980,EEGTTA-PHASE1|v1|metadata_order|tent_literal|sub-42|0|1,1418544163,True,True,0.31997179985046387,0.4361187219619751,0.375,0.8556301593780518,0.31997179985046387,0.2660796642303467,0.01371202152222395,8.964271545410156,0.3199717925020946,0.43611873570625903,0.6849631983682307,0.563881264293741,0.8556301121061551,0.375,1.0,0.375,nan
metadata_order,2,sub-42,0,tent_literal,ses-2,0,67,True,3,429343889,EEGTTA-PHASE1|v1|metadata_order|tent_literal|sub-42|0|2,1094749980,True,True,0.4801572263240814,0.49511754512786865,0.3333333432674408,0.7834349870681763,0.4801572263240814,0.6294264197349548,0.01702534221112728,8.965675354003906,0.4801571952866079,0.4951175202926,0.6930995025860245,0.5048824797074001,0.7834349324305853,0.3333333333333333,1.0,0.3333333333333333,nan
metadata_order,3,sub-42,0,tent_literal,ses-1,1,71,False,32,848532252,EEGTTA-PHASE1|v1|metadata_order|tent_literal|sub-42|0|3,429343889,True,True,0.42639368772506714,0.5170023441314697,0.59375,0.7906407117843628,0.42639368772506714,0.10596999526023865,0.020847279578447342,8.967172622680664,0.42639365299658327,0.5170024077352195,0.692568905346351,0.5170024077352195,0.7906407748404831,0.59375,0.0,0.40625,nan
metadata_order,4,sub-42,0,tent_literal,ses-1,1,71,False,32,833400971,EEGTTA-PHASE1|v1|metadata_order|tent_literal|sub-42|0|4,848532252,True,True,0.4503028988838196,0.4823257327079773,0.46875,0.7750071287155151,0.4503028988838196,0.14008256793022156,0.0248880572617054,8.968684196472168,0.4503029150154327,0.48232574950088747,0.6925222921258339,0.5176742504991125,0.7750071193731856,0.46875,0.0,0.53125,nan
metadata_order,5,sub-42,0,tent_literal,ses-1,1,71,True,7,1262253742,EEGTTA-PHASE1|v1|metadata_order|tent_literal|sub-42|0|5,833400971,True,True,0.2751106917858124,0.46319878101348877,0.5714285969734192,0.8706982731819153,0.2751106917858124,0.13576540350914001,0.02860872447490692,8.970270156860352,0.27511076882862534,0.46319875879479305,0.6904360669186531,0.536801241205207,0.8706982357959662,0.5714285714285714,0.0,0.42857142857142855,nan
metadata_order,0,sub-45,0,tent_literal,ses-2,0,73,False,32,1734936128,EEGTTA-PHASE1|v1|metadata_order|tent_literal|sub-45|0|0,215162282,True,True,0.4114319384098053,0.5099451541900635,0.59375,0.7997055053710938,0.4114319384098053,0.10369771718978882,0.008596004918217659,7.712462425231934,0.4114319399421588,0.5099451135174604,0.6929493569491239,0.5099451135174604,0.7997055274172453,0.59375,1.0,0.59375,nan
metadata_order,1,sub-45,0,tent_literal,ses-2,0,73,False,32,49093278,EEGTTA-PHASE1|v1|metadata_order|tent_literal|sub-45|0|1,1734936128,True,True,0.4703335762023926,0.5023313760757446,0.5,0.7794607877731323,0.4703335762023926,0.13520793616771698,0.015162673778831959,7.7142109870910645,0.47033353144500833,0.5023314115242101,0.693136309561162,0.5023314115242101,0.7794607448740862,0.5,1.0,0.5,nan
metadata_order,2,sub-45,0,tent_literal,ses-2,0,73,True,9,414932977,EEGTTA-PHASE1|v1|metadata_order|tent_literal|sub-45|0|2,49093278,True,True,0.4772765338420868,0.4314393103122711,0.3333333432674408,0.749480128288269,0.4772765338420868,0.24828994274139404,0.019215214997529984,7.715534687042236,0.4772765513173469,0.4314392838213179,0.6837163526255493,0.5685607161786821,0.7494801249768999,0.3333333333333333,1.0,0.3333333333333333,nan
metadata_order,3,sub-45,0,tent_literal,ses-1,1,68,False,32,382768270,EEGTTA-PHASE1|v1|metadata_order|tent_literal|sub-45|0|3,414932977,True,True,0.46852391958236694,0.5243047475814819,0.53125,0.7680373191833496,0.46852391958236694,0.12430398911237717,0.023609686642885208,7.716940402984619,0.4685239211369367,0.5243046893447172,0.6919652790078037,0.5243046893447172,0.7680373140901793,0.53125,0.0,0.46875,nan
metadata_order,4,sub-45,0,tent_literal,ses-1,1,68,False,32,186279920,EEGTTA-PHASE1|v1|metadata_order|tent_literal|sub-45|0|4,382768270,True,True,0.44626545906066895,0.4852293133735657,0.46875,0.7819277048110962,0.44626545906066895,0.09834554046392441,0.02808075025677681,7.718360900878906,0.4462654329559728,0.485229318983329,0.6927107710364337,0.514770681016671,0.7819277066519135,0.46875,0.0,0.53125,nan
metadata_order,5,sub-45,0,tent_literal,ses-1,1,68,True,4,1037249185,EEGTTA-PHASE1|v1|metadata_order|tent_literal|sub-45|0|5,186279920,True,True,0.5773359537124634,0.42909252643585205,0.5,0.6683019995689392,0.5773359537124634,0.1856456845998764,0.032533273100852966,7.719756603240967,0.5773360396486459,0.42909252643585205,0.683057460869863,0.570907473564148,0.6683019697666168,0.5,0.0,0.5,nan
metadata_order,0,sub-46,0,tent_literal,ses-1,0,70,False,32,1369302818,EEGTTA-PHASE1|v1|metadata_order|tent_literal|sub-46|0|0,1943654078,True,True,0.5347691774368286,0.46410852670669556,0.40625,0.7212777137756348,0.5347691774368286,0.1163778081536293,0.00856727920472622,7.597787857055664,0.5347691650107125,0.4641085360199213,0.6905685690109644,0.5358914639800787,0.7212776746600866,0.40625,0.0,0.59375,nan
metadata_order,1,sub-46,0,tent_literal,ses-1,0,70,False,32,655423260,EEGTTA-PHASE1|v1|metadata_order|tent_literal|sub-46|0|1,1369302818,True,True,0.4904794991016388,0.4970482885837555,0.46875,0.7682437896728516,0.4904794991016388,0.08426488190889359,0.01461445540189743,7.601012229919434,0.4904794774647661,0.49704828613903373,0.693129755229297,0.5029517138609663,0.7682437362382188,0.46875,0.0,0.53125,nan
metadata_order,2,sub-46,0,tent_literal,ses-1,0,70,True,6,1595785241,EEGTTA-PHASE1|v1|metadata_order|tent_literal|sub-46|0|2,655423260,True,True,0.43205177783966064,0.4376847445964813,0.3333333432674408,0.805344820022583,0.43205177783966064,0.2702260911464691,0.02021734230220318,7.603501796722412,0.4320517584720658,0.4376847445964813,0.6853605669166264,0.5623152554035187,0.8053448299566904,0.3333333333333333,0.0,0.6666666666666666,nan
metadata_order,3,sub-46,0,tent_literal,ses-2,1,60,False,32,939795394,EEGTTA-PHASE1|v1|metadata_order|tent_literal|sub-46|0|3,1595785241,True,True,0.5094864964485168,0.4867797791957855,0.46875,0.7591342926025391,0.5094864964485168,0.1163845881819725,0.025721106678247452,7.60578727722168,0.5094865039697075,0.48677978746127337,0.6927975917814699,0.5132202125387266,0.7591342545347288,0.46875,1.0,0.46875,nan
metadata_order,4,sub-46,0,tent_literal,ses-2,1,60,True,28,1134494536,EEGTTA-PHASE1|v1|metadata_order|tent_literal|sub-46|0|4,939795394,True,True,0.48243212699890137,0.4885793924331665,0.535714328289032,0.7657111287117004,0.48243212699890137,0.10803777724504471,0.0312128197401762,7.608199596405029,0.4824321098580714,0.4885793573090008,0.6928862957132373,0.5114206426909992,0.7657110829438482,0.5357142857142857,1.0,0.5357142857142857,nan
metadata_order,0,sub-47,0,tent_literal,ses-1,0,73,False,32,527189597,EEGTTA-PHASE1|v1|metadata_order|tent_literal|sub-47|0|0,1303141066,True,True,0.5558047890663147,0.3261718153953552,0.125,0.7063443064689636,0.5558047890663147,0.27858778834342957,0.008492688648402691,6.879556655883789,0.5558047909715551,0.326171821099706,0.6314343700152798,0.673828178900294,0.7063443417428061,0.125,0.0,0.875,nan
metadata_order,1,sub-47,0,tent_literal,ses-1,0,73,False,32,792275475,EEGTTA-PHASE1|v1|metadata_order|tent_literal|sub-47|0|1,527189597,True,True,0.5985243320465088,0.38432031869888306,0.1875,0.6804263591766357,0.5985243320465088,0.2063983827829361,0.015618584118783474,6.879685401916504,0.5985242817588308,0.3843203119467944,0.6661395732409989,0.6156796880532056,0.680426373379305,0.1875,0.0,0.8125,nan
metadata_order,2,sub-47,0,tent_literal,ses-1,0,73,True,9,1219884875,EEGTTA-PHASE1|v1|metadata_order|tent_literal|sub-47|0|2,792275475,True,True,0.633921205997467,0.3660406470298767,0.0,0.6339593529701233,0.633921205997467,0.2667994201183319,0.02239125594496727,6.879989147186279,0.633921158586201,0.3660406387514538,0.6568147658503497,0.6339593612485461,0.6339593612485461,0.0,0.0,1.0,nan
metadata_order,3,sub-47,0,tent_literal,ses-2,1,72,False,32,196427044,EEGTTA-PHASE1|v1|metadata_order|tent_literal|sub-47|0|3,1219884875,True,True,0.5883128643035889,0.4720797538757324,0.34375,0.6887898445129395,0.5883128643035889,0.1176723763346672,0.028501244261860847,6.880989074707031,0.5883128426844527,0.47207975294440985,0.6915872889124863,0.5279202470555902,0.6887898342683911,0.34375,1.0,0.34375,nan
metadata_order,4,sub-47,0,tent_literal,ses-2,1,72,False,32,189122698,EEGTTA-PHASE1|v1|metadata_order|tent_literal|sub-47|0|4,196427044,True,True,0.576015830039978,0.4254855513572693,0.375,0.6851977109909058,0.576015830039978,0.16991814970970154,0.03448138013482094,6.882021427154541,0.5760157756077502,0.42548555601388216,0.6820009006909407,0.5745144439861178,0.6851976690813899,0.375,1.0,0.375,nan
metadata_order,5,sub-47,0,tent_literal,ses-2,1,72,True,8,1005209016,EEGTTA-PHASE1|v1|metadata_order|tent_literal|sub-47|0|5,189122698,True,True,0.605364203453064,0.42259925603866577,0.375,0.6770279407501221,0.605364203453064,0.19624917209148407,0.04035741835832596,6.8828206062316895,0.6053642317856885,0.422599233686924,0.6811171044597778,0.577400766313076,0.6770279929041862,0.375,1.0,0.375,nan
metadata_order,0,sub-48,0,tent_literal,ses-1,0,74,False,32,1032030008,EEGTTA-PHASE1|v1|metadata_order|tent_literal|sub-48|0|0,1811729282,True,True,0.6344369053840637,0.4864724278450012,0.46875,0.636639416217804,0.6344369053840637,0.06438753008842468,0.008489775471389294,6.310601711273193,0.6344369012797673,0.4864724716171622,0.6927811478494865,0.5135275283828378,0.6366394096985459,0.46875,0.0,0.53125,nan
metadata_order,1,sub-48,0,tent_literal,ses-1,0,74,False,32,1724119139,EEGTTA-PHASE1|v1|metadata_order|tent_literal|sub-48|0|1,1032030008,True,True,0.6453680992126465,0.5000063180923462,0.46875,0.6189658641815186,0.6453680992126465,0.04904375970363617,0.01525047142058611,6.309832572937012,0.6453680939642039,0.5000063539482653,0.6931471804792,0.5000063539482653,0.6189658953808248,0.46875,0.0,0.53125,nan
metadata_order,2,sub-48,0,tent_literal,ses-1,0,74,True,10,1755501459,EEGTTA-PHASE1|v1|metadata_order|tent_literal|sub-48|0|2,1724119139,True,True,0.6099691390991211,0.4667864739894867,0.4000000059604645,0.6728715896606445,0.6099691390991211,0.08633193373680115,0.021849334239959717,6.3090739250183105,0.6099691412123063,0.4667864978313446,0.6909392816891997,0.5332135021686554,0.6728715837001801,0.4,0.0,0.6,nan
metadata_order,3,sub-48,0,tent_literal,ses-2,1,71,False,32,1773065133,EEGTTA-PHASE1|v1|metadata_order|tent_literal|sub-48|0|3,1755501459,True,True,0.6632910966873169,0.4894765019416809,0.375,0.5977164506912231,0.6632910966873169,0.06515566259622574,0.028229033574461937,6.308290004730225,0.6632910658743982,0.4894765140488744,0.6929256766916806,0.5105234859511256,0.5977164721116424,0.375,1.0,0.375,nan
metadata_order,4,sub-48,0,tent_literal,ses-2,1,71,False,32,659004166,EEGTTA-PHASE1|v1|metadata_order|tent_literal|sub-48|0|4,1773065133,True,True,0.666295051574707,0.49836283922195435,0.53125,0.5962215662002563,0.666295051574707,0.030550336465239525,0.03420144319534302,6.307716369628906,0.6662950166304767,0.49836286157369614,0.6931418201059134,0.5016371384263039,0.5962216034531593,0.53125,1.0,0.53125,nan
metadata_order,5,sub-48,0,tent_literal,ses-2,1,71,True,7,213095017,EEGTTA-PHASE1|v1|metadata_order|tent_literal|sub-48|0|5,659004166,True,True,0.6276015639305115,0.48304399847984314,0.4285714626312256,0.6508156657218933,0.6276015639305115,0.062029771506786346,0.03974473848938942,6.307246208190918,0.6276015864418761,0.48304397719247,0.6925720568768384,0.5169560228075301,0.6508156401770455,0.42857142857142855,1.0,0.42857142857142855,nan
metadata_order,0,sub-49,0,tent_literal,ses-1,0,73,False,32,1722781165,EEGTTA-PHASE1|v1|metadata_order|tent_literal|sub-49|0|0,2078910562,True,True,0.5541443824768066,0.4007369875907898,0.34375,0.719221830368042,0.5541443824768066,0.17193390429019928,0.008575391955673695,7.044962406158447,0.5541443478483147,0.4007369759492576,0.6733093537451105,0.5992630240507424,0.7192218382842839,0.34375,0.0,0.65625,nan
metadata_order,1,sub-49,0,tent_literal,ses-1,0,73,False,32,106105621,EEGTTA-PHASE1|v1|metadata_order|tent_literal|sub-49|0|1,1722781165,True,True,0.525398850440979,0.41680091619491577,0.4375,0.7325591444969177,0.525398850440979,0.11414381861686707,0.015349391847848892,7.047071933746338,0.5253988658328077,0.4168008961714804,0.6792383934296728,0.5831991038285196,0.7325591123662889,0.4375,0.0,0.5625,nan
metadata_order,2,sub-49,0,tent_literal,ses-1,0,73,True,9,1930163885,EEGTTA-PHASE1|v1|metadata_order|tent_literal|sub-49|0|2,106105621,True,True,0.48380565643310547,0.32420164346694946,0.2222222238779068,0.7710654139518738,0.48380565643310547,0.2907868027687073,0.021540338173508644,7.048515796661377,0.48380564520930286,0.3242016269101037,0.6299960540869328,0.6757983730898963,0.7710654040177664,0.2222222222222222,0.0,0.7777777777777778,nan
metadata_order,3,sub-49,0,tent_literal,ses-2,1,73,False,32,615240661,EEGTTA-PHASE1|v1|metadata_order|tent_literal|sub-49|0|3,1930163885,True,True,0.519047737121582,0.47553014755249023,0.40625,0.7416662573814392,0.519047737121582,0.14060084521770477,0.02746671810746193,7.04994010925293,0.5190477824465403,0.4755301387049258,0.6919491538371925,0.5244698612950742,0.7416662997566164,0.40625,1.0,0.40625,nan
metadata_order,4,sub-49,0,tent_literal,ses-2,1,73,False,32,1764275039,EEGTTA-PHASE1|v1|metadata_order|tent_literal|sub-49|0|4,615240661,True,True,0.5509889125823975,0.4805351197719574,0.4375,0.7141452431678772,0.5509889125823975,0.1186303123831749,0.03310535475611687,7.051307201385498,0.5509889142819215,0.4805351176764816,0.692389225754351,0.5194648823235184,0.7141452601645142,0.4375,1.0,0.4375,nan
metadata_order,5,sub-49,0,tent_literal,ses-2,1,73,True,9,1038423242,EEGTTA-PHASE1|v1|metadata_order|tent_literal|sub-49|0|5,1764275039,True,True,0.5727379322052002,0.5101715326309204,0.5555555820465088,0.6902480721473694,0.5727379322052002,0.1345655918121338,0.03770355135202408,7.052946090698242,0.5727379089997604,0.5101715127627054,0.692940246941947,0.5101715127627054,0.690248085392846,0.5555555555555556,1.0,0.5555555555555556,nan
metadata_order,0,sub-50,0,tent_literal,ses-2,0,71,False,32,1393703720,EEGTTA-PHASE1|v1|metadata_order|tent_literal|sub-50|0|0,578103988,True,True,0.5508829951286316,0.5186245441436768,0.59375,0.7099778056144714,0.5508829951286316,0.11544760316610336,0.008491938933730125,6.823692798614502,0.5508829838040468,0.5186245803488418,0.6924532700548185,0.5186245803488418,0.709977840189822,0.59375,1.0,0.59375,nan
metadata_order,1,sub-50,0,tent_literal,ses-2,0,71,False,32,1343624499,EEGTTA-PHASE1|v1|metadata_order|tent_literal|sub-50|0|1,1393703720,True,True,0.5253448486328125,0.4874253273010254,0.4375,0.7393779754638672,0.5253448486328125,0.1841706782579422,0.0142589146271348,6.8249921798706055,0.5253448475860029,0.4874253085581586,0.6928309014846727,0.5125746914418414,0.7393779718549922,0.4375,1.0,0.4375,nan
metadata_order,2,sub-50,0,tent_literal,ses-2,0,71,True,7,1766517452,EEGTTA-PHASE1|v1|metadata_order|tent_literal|sub-50|0|2,1343624499,True,True,0.5242627263069153,0.45194780826568604,0.4285714626312256,0.7405092120170593,0.5242627263069153,0.13517726957798004,0.019802501425147057,6.825913429260254,0.5242627053903032,0.4519477891070502,0.6885220154896532,0.5480522108929498,0.7405091375112534,0.42857142857142855,1.0,0.42857142857142855,nan
metadata_order,3,sub-50,0,tent_literal,ses-1,1,70,False,32,914283349,EEGTTA-PHASE1|v1|metadata_order|tent_literal|sub-50|0|3,1766517452,True,True,0.5282788276672363,0.47508326172828674,0.40625,0.726862370967865,0.5282788276672363,0.09174403548240662,0.025138840079307556,6.8267502784729,0.5282787904789814,0.4750832545105368,0.6919049777071418,0.5249167454894632,0.7268623819109052,0.40625,0.0,0.59375,nan
metadata_order,4,sub-50,0,tent_literal,ses-1,1,70,False,32,2117384771,EEGTTA-PHASE1|v1|metadata_order|tent_literal|sub-50|0|4,914283349,True,True,0.501418948173523,0.44005274772644043,0.4375,0.7380237579345703,0.501418948173523,0.14207376539707184,0.030607955530285835,6.827664852142334,0.5014189572306195,0.4400527545949444,0.6859425170116271,0.5599472454050556,0.7380237510660663,0.4375,0.0,0.5625,nan
metadata_order,5,sub-50,0,tent_literal,ses-1,1,70,True,6,1187514411,EEGTTA-PHASE1|v1|metadata_order|tent_literal|sub-50|0|5,2117384771,True,True,0.5937568545341492,0.5200554728507996,0.5,0.713451623916626,0.5937568545341492,0.13437074422836304,0.0357838049530983,6.828499794006348,0.5937568389773181,0.520055428147316,0.6923425243165446,0.520055428147316,0.7134515891472498,0.5,0.0,0.5,nan
metadata_order,0,sub-51,0,tent_literal,ses-2,0,67,False,32,623397419,EEGTTA-PHASE1|v1|metadata_order|tent_literal|sub-51|0|0,2081085107,True,True,0.6165637373924255,0.4898713529109955,0.4375,0.6540361642837524,0.6165637373924255,0.06045384705066681,0.008501311764121056,6.545984268188477,0.616563724988886,0.4898713524453342,0.6929419875222604,0.5101286475546658,0.6540361982770264,0.4375,1.0,0.4375,nan
metadata_order,1,sub-51,0,tent_literal,ses-2,0,67,False,32,1354229364,EEGTTA-PHASE1|v1|metadata_order|tent_literal|sub-51|0|1,623397419,True,True,0.6137316226959229,0.4950520396232605,0.40625,0.6656420230865479,0.6137316226959229,0.05606556311249733,0.01455323863774538,6.546891212463379,0.6137316670584361,0.4950520107522607,0.6930982145655258,0.5049479892477393,0.6656420482322574,0.40625,1.0,0.40625,nan
metadata_order,2,sub-51,0,tent_literal,ses-2,0,67,True,3,1539062840,EEGTTA-PHASE1|v1|metadata_order|tent_literal|sub-51|0|2,1354229364,True,True,0.628894031047821,0.4741499125957489,0.3333333432674408,0.6515685319900513,0.628894031047821,0.1008826494216919,0.019846417009830475,6.548040390014648,0.6288940224630523,0.4741499026616414,0.6918101294869646,0.5258500973383586,0.6515684525171915,0.3333333333333333,1.0,0.3333333333333333,nan
metadata_order,3,sub-51,0,tent_literal,ses-1,1,70,False,32,723838479,EEGTTA-PHASE1|v1|metadata_order|tent_literal|sub-51|0|3,1539062840,True,True,0.5882230997085571,0.4145439863204956,0.34375,0.6878780126571655,0.5882230997085571,0.1313914805650711,0.02497192472219467,6.5490570068359375,0.5882230801542814,0.41454395838081837,0.6784697597971803,0.5854560416191816,0.6878780294209719,0.34375,0.0,0.65625,nan
metadata_order,4,sub-51,0,tent_literal,ses-1,1,70,False,32,1930657804,EEGTTA-PHASE1|v1|metadata_order|tent_literal|sub-51|0|4,723838479,True,True,0.6088687181472778,0.43142539262771606,0.3125,0.6795465350151062,0.6088687181472778,0.11595287173986435,0.030009588226675987,6.550106525421143,0.6088687083199203,0.43142537912353873,0.6837125147946503,0.5685746208764613,0.6795465447939932,0.3125,0.0,0.6875,nan
metadata_order,5,sub-51,0,tent_literal,ses-1,1,70,True,6,750711193,EEGTTA-PHASE1|v1|metadata_order|tent_literal|sub-51|0|5,1930657804,True,True,0.533055305480957,0.4262523651123047,0.3333333432674408,0.7394980192184448,0.533055305480957,0.14284855127334595,0.03527068719267845,6.551493167877197,0.5330552957431174,0.4262523514529069,0.6822299624682149,0.5737476485470931,0.7394979732731978,0.3333333333333333,0.0,0.6666666666666666,nan
metadata_order,0,sub-52,0,tent_literal,ses-1,0,72,False,32,782850313,EEGTTA-PHASE1|v1|metadata_order|tent_literal|sub-52|0|0,1369599204,True,True,0.6663005352020264,0.46398141980171204,0.4375,0.586715579032898,0.6663005352020264,0.04575922712683678,0.008493463508784771,6.399852275848389,0.6663005559590995,0.4639814398251474,0.6905502584246905,0.5360185601748526,0.586715588811785,0.4375,0.0,0.5625,nan
metadata_order,1,sub-52,0,tent_literal,ses-1,0,72,False,32,556749237,EEGTTA-PHASE1|v1|metadata_order|tent_literal|sub-52|0|1,782850313,True,True,0.6616542935371399,0.49032437801361084,0.53125,0.6066325902938843,0.6616542935371399,0.030321622267365456,0.013666731305420399,6.400599479675293,0.6616542686405904,0.4903243640437722,0.6929599330101236,0.5096756359562278,0.6066325856372714,0.53125,0.0,0.46875,nan
metadata_order,2,sub-52,0,tent_literal,ses-1,0,72,True,8,41888992,EEGTTA-PHASE1|v1|metadata_order|tent_literal|sub-52|0|2,556749237,True,True,0.6625995635986328,0.46372681856155396,0.5,0.5919429659843445,0.6625995635986328,0.04957995563745499,0.018883144482970238,6.401854038238525,0.6625995929086519,0.46372681483626366,0.6905133795201659,0.5362731851637363,0.5919429548084736,0.5,0.0,0.5,nan
metadata_order,3,sub-52,0,tent_literal,ses-2,1,79,False,32,1355742467,EEGTTA-PHASE1|v1|metadata_order|tent_literal|sub-52|0|3,41888992,True,True,0.6544656157493591,0.4936152696609497,0.4375,0.6143290996551514,0.6544656157493591,0.03501554951071739,0.024336079135537148,6.402978420257568,0.6544656146849135,0.4936152333393693,0.6930656478534392,0.5063847666606307,0.6143291397020221,0.4375,1.0,0.4375,nan
metadata_order,4,sub-52,0,tent_literal,ses-2,1,79,False,32,873533029,EEGTTA-PHASE1|v1|metadata_order|tent_literal|sub-52|0|4,1355742467,True,True,0.6491143703460693,0.5181218981742859,0.5,0.6230956315994263,0.6491143703460693,0.03592650592327118,0.029538176953792572,6.40406608581543,0.6491143668837284,0.5181218888610601,0.6924902309746347,0.5181218888610601,0.6230956334620714,0.5,1.0,0.5,nan
metadata_order,5,sub-52,0,tent_literal,ses-2,1,79,True,15,387490062,EEGTTA-PHASE1|v1|metadata_order|tent_literal|sub-52|0|5,873533029,True,True,0.6182849407196045,0.5507341027259827,0.5333333611488342,0.6475339531898499,0.6182849407196045,0.07181745022535324,0.034091055393218994,6.404951095581055,0.61828489522677,0.5507340788841247,0.6879904168554323,0.5507340788841247,0.6475339531898499,0.5333333333333333,1.0,0.5333333333333333,nan
metadata_order,0,sub-53,0,tent_literal,ses-1,0,72,False,32,1148404955,EEGTTA-PHASE1|v1|metadata_order|tent_literal|sub-53|0|0,1048220677,True,True,0.4296787977218628,0.5830566883087158,0.625,0.8200547695159912,0.4296787977218628,0.12041112035512924,0.008557685650885105,7.58475923538208,0.4296787681655186,0.5830567220691592,0.6792861806124,0.5830567220691592,0.8200547655578703,0.625,0.0,0.375,nan
metadata_order,1,sub-53,0,tent_literal,ses-1,0,72,False,32,1746970991,EEGTTA-PHASE1|v1|metadata_order|tent_literal|sub-53|0|1,1148404955,True,True,0.38289499282836914,0.544467568397522,0.5625,0.8337864875793457,0.38289499282836914,0.09782148897647858,0.015270130708813667,7.586939811706543,0.3828949917675418,0.5444675382459536,0.6891872268003185,0.5444675382459536,0.8337864730274305,0.5625,0.0,0.4375,nan
metadata_order,2,sub-53,0,tent_literal,ses-1,0,72,True,8,1423118133,EEGTTA-PHASE1|v1|metadata_order|tent_literal|sub-53|0|2,1746970991,True,True,0.40636146068573,0.5513611435890198,0.625,0.8046358227729797,0.40636146068573,0.1636284440755844,0.020103344693779945,7.589048862457275,0.40636151046473024,0.5513611156493425,0.6878619343000679,0.5513611156493425,0.8046358060091734,0.625,0.0,0.375,nan
metadata_order,3,sub-53,0,tent_literal,ses-2,1,72,False,32,1238879966,EEGTTA-PHASE1|v1|metadata_order|tent_literal|sub-53|0|3,1423118133,True,True,0.46874627470970154,0.45651769638061523,0.375,0.7671701908111572,0.46874627470970154,0.13594530522823334,0.024186352267861366,7.591244697570801,0.46874623067173404,0.4565176561009139,0.6893609712198872,0.5434823438990861,0.767170186387375,0.375,1.0,0.375,nan
metadata_order,4,sub-53,0,tent_literal,ses-2,1,72,False,32,1469150632,EEGTTA-PHASE1|v1|metadata_order|tent_literal|sub-53|0|4,1238879966,True,True,0.5132819414138794,0.4934501647949219,0.5,0.740250825881958,0.5132819414138794,0.0798126831650734,0.028638213872909546,7.593498229980469,0.51328198689282,0.4934501496318262,0.6930613770261442,0.5065498503681738,0.7402508596715052,0.5,1.0,0.5,nan
metadata_order,5,sub-53,0,tent_literal,ses-2,1,72,True,8,541057724,EEGTTA-PHASE1|v1|metadata_order|tent_literal|sub-53|0|5,1469150632,True,True,0.4252699613571167,0.513851523399353,0.375,0.7913009524345398,0.4252699613571167,0.17081013321876526,0.03279928117990494,7.595479965209961,0.42526995342497437,0.5138515373691916,0.6927634012869421,0.5138515373691916,0.79130092356354,0.375,1.0,0.375,nan
metadata_order,0,sub-54,0,tent_literal,ses-1,0,64,False,32,2012951697,EEGTTA-PHASE1|v1|metadata_order|tent_literal|sub-54|0|0,1418492325,True,True,0.6184930801391602,0.5693871974945068,0.5625,0.6491005420684814,0.6184930801391602,0.09211871027946472,0.008494951762259007,6.660382270812988,0.6184931116408784,0.5693871793337166,0.6834868717600169,0.5693871793337166,0.6491005118004978,0.5625,0.0,0.4375,nan
metadata_order,1,sub-54,0,tent_literal,ses-1,0,64,True,32,1850133264,EEGTTA-PHASE1|v1|metadata_order|tent_literal|sub-54|0|1,2012951697,True,True,0.6300636529922485,0.5235900282859802,0.4375,0.6232122182846069,0.6300636529922485,0.035000212490558624,0.014151877723634243,6.662455081939697,0.6300635841642681,0.5235900320112705,0.6920337880636929,0.5235900320112705,0.623212181031704,0.4375,0.0,0.5625,nan
metadata_order,2,sub-54,0,tent_literal,ses-2,1,63,False,32,1633843087,EEGTTA-PHASE1|v1|metadata_order|tent_literal|sub-54|0|2,1850133264,True,True,0.6231207251548767,0.49487364292144775,0.4375,0.6522293090820312,0.6231207251548767,0.06320486217737198,0.018986018374562263,6.6648759841918945,0.6231206989928209,0.49487366899847984,0.6930946211000323,0.5051263310015202,0.6522293426096439,0.4375,1.0,0.4375,nan
metadata_order,3,sub-54,0,tent_literal,ses-2,1,63,True,31,1166499254,EEGTTA-PHASE1|v1|metadata_order|tent_literal|sub-54|0|3,1633843087,True,True,0.5967309474945068,0.5404537320137024,0.6451612710952759,0.6871675848960876,0.5967309474945068,0.09111401438713074,0.024350997060537338,6.66750431060791,0.5967309156130615,0.5404537512410071,0.689870588328948,0.5404537512410071,0.6871676156597752,0.6451612903225806,1.0,0.6451612903225806,nan
metadata_order,0,sub-55,0,tent_literal,ses-1,0,74,False,32,1593816646,EEGTTA-PHASE1|v1|metadata_order|tent_literal|sub-55|0|0,619672219,True,True,0.5933969020843506,0.42892134189605713,0.3125,0.6883654594421387,0.5933969020843506,0.14013364911079407,0.008518069051206112,6.515109062194824,0.5933969130258541,0.4289213363081217,0.6830085169279909,0.5710786636918783,0.6883654799312353,0.3125,0.0,0.6875,nan
metadata_order,1,sub-55,0,tent_literal,ses-1,0,74,False,32,1653952896,EEGTTA-PHASE1|v1|metadata_order|tent_literal|sub-55|0|1,1593816646,True,True,0.6028962135314941,0.5112901926040649,0.53125,0.6685177087783813,0.6028962135314941,0.0660189762711525,0.014567330479621887,6.5149335861206055,0.6028961811119609,0.5112902484834194,0.692892219469188,0.5112902484834194,0.6685177236795425,0.53125,0.0,0.46875,nan
metadata_order,2,sub-55,0,tent_literal,ses-1,0,74,True,10,760394884,EEGTTA-PHASE1|v1|metadata_order|tent_literal|sub-55|0|2,1653952896,True,True,0.6554846167564392,0.4957484304904938,0.4000000059604645,0.6158667802810669,0.6554846167564392,0.04777337610721588,0.019683293998241425,6.51513147354126,0.6554845768561861,0.4957484096288681,0.6931110280829083,0.5042515903711319,0.6158667474985122,0.4,0.0,0.6,nan
metadata_order,3,sub-55,0,tent_literal,ses-2,1,73,False,32,884997419,EEGTTA-PHASE1|v1|metadata_order|tent_literal|sub-55|0|3,760394884,True,True,0.5273991823196411,0.6908128261566162,0.90625,0.7300035953521729,0.5273991823196411,0.2480505257844925,0.022864770144224167,6.515727996826172,0.5273992275488478,0.6908128394279629,0.6184487507348168,0.6908128394279629,0.7300035522785038,0.90625,1.0,0.90625,nan
metadata_order,4,sub-55,0,tent_literal,ses-2,1,73,False,32,159727693,EEGTTA-PHASE1|v1|metadata_order|tent_literal|sub-55|0|4,884997419,True,True,0.540315568447113,0.684569239616394,0.875,0.7249395251274109,0.540315568447113,0.21916563808918,0.025875266641378403,6.516345024108887,0.5403155838078719,0.6845692526549101,0.6233771881399612,0.6845692526549101,0.7249395120888948,0.875,1.0,0.875,nan
metadata_order,5,sub-55,0,tent_literal,ses-2,1,73,True,9,1430327352,EEGTTA-PHASE1|v1|metadata_order|tent_literal|sub-55|0|5,159727693,True,True,0.5724842548370361,0.647629976272583,0.6666666865348816,0.7153090238571167,0.5724842548370361,0.21131211519241333,0.029214099049568176,6.51688814163208,0.5724842178210571,0.6476299365361532,0.6489014685395431,0.6476299365361532,0.7153090106116401,0.6666666666666666,1.0,0.6666666666666666,nan
metadata_order,0,sub-56,0,tent_literal,ses-1,0,72,False,32,117311599,EEGTTA-PHASE1|v1|metadata_order|tent_literal|sub-56|0|0,1287423911,True,True,0.4458220601081848,0.5465333461761475,0.5,0.7718375325202942,0.4458220601081848,0.07819965481758118,0.00856153666973114,8.70365047454834,0.44582207671123125,0.5465333735191962,0.6888101974151946,0.5465333735191962,0.7718375014519552,0.5,0.0,0.5,nan
metadata_order,1,sub-56,0,tent_literal,ses-1,0,72,False,32,1979891148,EEGTTA-PHASE1|v1|metadata_order|tent_literal|sub-56|0|1,117311599,True,True,0.45546942949295044,0.5323833227157593,0.5,0.7817266583442688,0.45546942949295044,0.0876135304570198,0.013754128478467464,8.706024169921875,0.4554694391032278,0.5323833077563904,0.6910483545491564,0.5323833077563904,0.7817266956553794,0.5,0.0,0.5,nan
metadata_order,2,sub-56,0,tent_literal,ses-1,0,72,True,8,789426707,EEGTTA-PHASE1|v1|metadata_order|tent_literal|sub-56|0|2,1979891148,True,True,0.3673253059387207,0.5275782346725464,0.375,0.8182578682899475,0.3673253059387207,0.1448904573917389,0.018209727481007576,8.708017349243164,0.3673252942353309,0.5275782351382077,0.6916252902464213,0.5275782351382077,0.8182578380219638,0.375,0.0,0.625,nan
metadata_order,3,sub-56,0,tent_literal,ses-2,1,72,False,32,1613082058,EEGTTA-PHASE1|v1|metadata_order|tent_literal|sub-56|0|3,789426707,True,True,0.35786575078964233,0.5099114179611206,0.5,0.8332988023757935,0.35786575078964233,0.10081969946622849,0.023145176470279694,8.710010528564453,0.35786577574817824,0.5099114545228076,0.6929506938290809,0.5099114545228076,0.8332987844405579,0.5,1.0,0.5,nan
metadata_order,4,sub-56,0,tent_literal,ses-2,1,72,False,32,70266121,EEGTTA-PHASE1|v1|metadata_order|tent_literal|sub-56|0|4,1613082058,True,True,0.4259415566921234,0.48853057622909546,0.4375,0.8028132915496826,0.4259415566921234,0.18966223299503326,0.028199583292007446,8.711899757385254,0.425941579849913,0.4885306120268069,0.6928840637613598,0.5114693879731931,0.802813341433648,0.4375,1.0,0.4375,nan
metadata_order,5,sub-56,0,tent_literal,ses-2,1,72,True,8,150150379,EEGTTA-PHASE1|v1|metadata_order|tent_literal|sub-56|0|5,70266121,True,True,0.3202381134033203,0.5268034934997559,0.5,0.856724739074707,0.3202381134033203,0.1491054743528366,0.032772455364465714,8.713624000549316,0.3202381358522206,0.526803462067619,0.6917096404296381,0.526803462067619,0.8567247407045215,0.5,1.0,0.5,nan
metadata_order,0,sub-57,0,tent_literal,ses-1,0,71,False,32,893690287,EEGTTA-PHASE1|v1|metadata_order|tent_literal|sub-57|0|0,357162193,True,True,0.5746785998344421,0.526359498500824,0.5625,0.7041659355163574,0.5746785998344421,0.09635299444198608,0.008553768508136272,6.837176322937012,0.5746786292846309,0.5263594961725175,0.6917568900609155,0.5263594961725175,0.7041659788228571,0.5625,0.0,0.4375,nan
metadata_order,1,sub-57,0,tent_literal,ses-1,0,71,False,32,1740606663,EEGTTA-PHASE1|v1|metadata_order|tent_literal|sub-57|0|1,893690287,True,True,0.5708401203155518,0.4751468896865845,0.4375,0.7028381824493408,0.5708401203155518,0.08398668467998505,0.014085204340517521,6.837956428527832,0.5708401218564936,0.4751468859612942,0.6919113168014048,0.5248531140387058,0.7028381265699863,0.4375,0.0,0.5625,nan
metadata_order,2,sub-57,0,tent_literal,ses-1,0,71,True,7,800424957,EEGTTA-PHASE1|v1|metadata_order|tent_literal|sub-57|0|2,1740606663,True,True,0.5631239414215088,0.532623827457428,0.7142857313156128,0.7279869318008423,0.5631239414215088,0.14809562265872955,0.01890016533434391,6.839349746704102,0.5631239164436589,0.5326238082987922,0.6910170418970824,0.5326238082987922,0.7279868572950363,0.7142857142857143,0.0,0.2857142857142857,nan
metadata_order,3,sub-57,0,tent_literal,ses-2,1,56,False,32,116800430,EEGTTA-PHASE1|v1|metadata_order|tent_literal|sub-57|0|3,800424957,True,True,0.5660442113876343,0.4888184070587158,0.46875,0.702892541885376,0.5660442113876343,0.08016317337751389,0.02337857149541378,6.840893745422363,0.5660442076268515,0.4888184380251914,0.6928971050569381,0.5111815619748086,0.7028924960177392,0.46875,1.0,0.46875,nan
metadata_order,4,sub-57,0,tent_literal,ses-2,1,56,True,24,1486060218,EEGTTA-PHASE1|v1|metadata_order|tent_literal|sub-57|0|4,116800430,True,True,0.5246760249137878,0.5086674690246582,0.4166666865348816,0.7112065553665161,0.5246760249137878,0.07126183062791824,0.027587709948420525,6.842561721801758,0.5246760220023832,0.5086674494377803,0.692996923674571,0.5086674494377803,0.7112065302499104,0.4166666666666667,1.0,0.4166666666666667,nan
metadata_order,0,sub-58,0,tent_literal,ses-1,0,72,False,32,343935898,EEGTTA-PHASE1|v1|metadata_order|tent_literal|sub-58|0|0,1233019212,True,True,0.5343929529190063,0.5199989676475525,0.5,0.7240089178085327,0.5343929529190063,0.0961090624332428,0.008513900451362133,7.419742107391357,0.5343929413116433,0.5199989651737269,0.6923470499181132,0.5199989651737269,0.7240089426341001,0.5,0.0,0.5,nan
metadata_order,1,sub-58,0,tent_literal,ses-1,0,72,False,32,1547652187,EEGTTA-PHASE1|v1|metadata_order|tent_literal|sub-58|0|1,343935898,True,True,0.48440122604370117,0.4140975773334503,0.40625,0.7429279685020447,0.48440122604370117,0.18489333987236023,0.01220474112778902,7.421402454376221,0.4844012684086445,0.4140975748305209,0.6783152522517675,0.5859024251694791,0.7429279300267808,0.40625,0.0,0.59375,nan
metadata_order,2,sub-58,0,tent_literal,ses-1,0,72,True,8,363579303,EEGTTA-PHASE1|v1|metadata_order|tent_literal|sub-58|0|2,1547652187,True,True,0.5269498825073242,0.46447840332984924,0.375,0.7245452404022217,0.5269498825073242,0.20181003212928772,0.01636461541056633,7.42291259765625,0.5269498175779099,0.46447841078042984,0.6906214868652091,0.5355215892195702,0.7245452776551247,0.375,0.0,0.625,nan
metadata_order,3,sub-58,0,tent_literal,ses-2,1,62,False,32,1782620486,EEGTTA-PHASE1|v1|metadata_order|tent_literal|sub-58|0|3,363579303,True,True,0.5338499546051025,0.5196359157562256,0.46875,0.7311468720436096,0.5338499546051025,0.15048900246620178,0.021050868555903435,7.424806594848633,0.5338499083177418,0.5196358831599355,0.6923758464058062,0.5196358831599355,0.7311468897387385,0.46875,1.0,0.46875,nan
metadata_order,4,sub-58,0,tent_literal,ses-2,1,62,True,30,14292832,EEGTTA-PHASE1|v1|metadata_order|tent_literal|sub-58|0|4,1782620486,True,True,0.5069587826728821,0.5008625388145447,0.4333333671092987,0.7460260987281799,0.5069587826728821,0.14726456999778748,0.025845594704151154,7.426772594451904,0.5069587133763706,0.500862492620945,0.6931456927721651,0.500862492620945,0.7460260257124901,0.43333333333333335,1.0,0.43333333333333335,nan
metadata_order,0,sub-59,0,tent_literal,ses-1,0,71,False,32,1967296862,EEGTTA-PHASE1|v1|metadata_order|tent_literal|sub-59|0|0,1634645001,True,True,0.5493234395980835,0.5233478546142578,0.46875,0.7286401987075806,0.5493234395980835,0.10031792521476746,0.008508813567459583,6.831350803375244,0.5493234460371735,0.5233478406444192,0.6920565406782847,0.5233478406444192,0.728640197776258,0.46875,0.0,0.53125,nan
metadata_order,1,sub-59,0,tent_literal,ses-1,0,71,False,32,479098178,EEGTTA-PHASE1|v1|metadata_order|tent_literal|sub-59|0|1,1967296862,True,True,0.5549954175949097,0.5063489675521851,0.5,0.7164099216461182,0.5549954175949097,0.07562277466058731,0.013887657783925533,6.832976341247559,0.5549954029532356,0.506348926879582,0.693066560648354,0.506348926879582,0.7164099511428503,0.5,0.0,0.5,nan
metadata_order,2,sub-59,0,tent_literal,ses-1,0,71,True,7,2130907939,EEGTTA-PHASE1|v1|metadata_order|tent_literal|sub-59|0|2,479098178,True,True,0.550647497177124,0.4849105775356293,0.4285714626312256,0.7367290258407593,0.550647497177124,0.1276676058769226,0.019341235980391502,6.834608554840088,0.5506474842247179,0.4849105647632054,0.6926917292989306,0.5150894352367946,0.7367290002959115,0.42857142857142855,0.0,0.5714285714285714,nan
metadata_order,3,sub-59,0,tent_literal,ses-2,1,61,False,32,1239198391,EEGTTA-PHASE1|v1|metadata_order|tent_literal|sub-59|0|3,2130907939,True,True,0.595298171043396,0.5320399403572083,0.59375,0.6846952438354492,0.595298171043396,0.09241383522748947,0.024654122069478035,6.836336612701416,0.5952981402114242,0.5320399748161435,0.6910926531740049,0.5320399748161435,0.6846952280029655,0.59375,1.0,0.59375,nan
metadata_order,4,sub-59,0,tent_literal,ses-2,1,61,True,29,1230749543,EEGTTA-PHASE1|v1|metadata_order|tent_literal|sub-59|0|4,1239198391,True,True,0.5095755457878113,0.4874674081802368,0.4482758641242981,0.7520566582679749,0.5095755457878113,0.14615869522094727,0.029767248779535294,6.837827205657959,0.5095755362864209,0.4874674228244814,0.692833016677598,0.5125325771755186,0.7520566456790628,0.4482758620689655,1.0,0.4482758620689655,nan
metadata_order,0,sub-60,0,tent_literal,ses-1,0,60,False,32,618281602,EEGTTA-PHASE1|v1|metadata_order|tent_literal|sub-60|0|0,1133339203,True,True,0.5358281135559082,0.49605226516723633,0.5,0.737709641456604,0.5358281135559082,0.09753482043743134,0.008579353801906109,7.03508996963501,0.5358281102363774,0.4960522644687444,0.6931160110044474,0.5039477355312556,0.7377096272539347,0.5,0.0,0.5,nan
metadata_order,1,sub-60,0,tent_literal,ses-1,0,60,True,28,1140797356,EEGTTA-PHASE1|v1|metadata_order|tent_literal|sub-60|0|1,618281602,True,True,0.4881170094013214,0.5460025668144226,0.5714285969734192,0.7409375309944153,0.4881170094013214,0.08638767898082733,0.01425499003380537,7.037352561950684,0.4881169624847712,0.5460025405378214,0.6889087215170729,0.5460025405378214,0.7409375572710165,0.5714285714285714,0.0,0.42857142857142855,nan
metadata_order,2,sub-60,0,tent_literal,ses-2,1,67,False,32,92202688,EEGTTA-PHASE1|v1|metadata_order|tent_literal|sub-60|0|2,1140797356,True,True,0.5050841569900513,0.4883384704589844,0.5625,0.7411503791809082,0.5050841569900513,0.09579399973154068,0.0194300077855587,7.039478778839111,0.5050841412550358,0.48833846452180296,0.692875173076942,0.511661535478197,0.7411503590410575,0.5625,1.0,0.5625,nan
metadata_order,3,sub-60,0,tent_literal,ses-2,1,67,False,32,994218248,EEGTTA-PHASE1|v1|metadata_order|tent_literal|sub-60|0|3,92202688,True,True,0.5089364051818848,0.4871412515640259,0.46875,0.7263078689575195,0.5089364051818848,0.09257680922746658,0.024905981495976448,7.041543960571289,0.5089363925795753,0.487141250858258,0.6928164492382876,0.512858749141742,0.7263078845644486,0.46875,1.0,0.46875,nan
metadata_order,4,sub-60,0,tent_literal,ses-2,1,67,True,3,1900766962,EEGTTA-PHASE1|v1|metadata_order|tent_literal|sub-60|0|4,994218248,True,True,0.6136461496353149,0.4853086471557617,0.3333333432674408,0.6732485294342041,0.6136461496353149,0.23070785403251648,0.02903607487678528,7.0433855056762695,0.6136460925158868,0.4853086670239766,0.692715447896112,0.5146913329760234,0.6732485493024191,0.3333333333333333,1.0,0.3333333333333333,nan
metadata_order,0,sub-61,0,tent_literal,ses-2,0,74,False,32,823472081,EEGTTA-PHASE1|v1|metadata_order|tent_literal|sub-61|0|0,1899415155,True,True,0.4940781891345978,0.509854257106781,0.5,0.7620072364807129,0.4940781891345978,0.110438272356987,0.008575602434575558,7.257331371307373,0.49407820240619615,0.5098542531486601,0.6929529553749096,0.5098542531486601,0.7620072441641241,0.5,1.0,0.5,nan
metadata_order,1,sub-61,0,tent_literal,ses-2,0,74,False,32,616507417,EEGTTA-PHASE1|v1|metadata_order|tent_literal|sub-61|0|1,823472081,True,True,0.5004169940948486,0.5093929171562195,0.5,0.7551115155220032,0.5004169940948486,0.11569397896528244,0.014775540679693222,7.258604049682617,0.5004170040886909,0.5093929744907655,0.6929707142400121,0.5093929744907655,0.7551115513197146,0.5,1.0,0.5,nan
metadata_order,2,sub-61,0,tent_literal,ses-2,0,74,True,10,1618955076,EEGTTA-PHASE1|v1|metadata_order|tent_literal|sub-61|0|2,616507417,True,True,0.5255540013313293,0.46059155464172363,0.5,0.7585956454277039,0.5255540013313293,0.12088999897241592,0.020017072558403015,7.259566307067871,0.5255539543190628,0.4605915740132332,0.6900379086199986,0.5394084259867669,0.7585956856608391,0.5,1.0,0.5,nan
metadata_order,3,sub-61,0,tent_literal,ses-1,1,74,False,32,1225703169,EEGTTA-PHASE1|v1|metadata_order|tent_literal|sub-61|0|3,1618955076,True,True,0.5038290023803711,0.5537481307983398,0.5625,0.7488390803337097,0.5038290023803711,0.1051645427942276,0.02378900721669197,7.261301517486572,0.5038290330206775,0.5537481218343601,0.6873582802511127,0.5537481218343601,0.7488390669459477,0.5625,0.0,0.4375,nan
metadata_order,4,sub-61,0,tent_literal,ses-1,1,74,False,32,642254079,EEGTTA-PHASE1|v1|metadata_order|tent_literal|sub-61|0|4,1225703169,True,True,0.5340858697891235,0.5080404281616211,0.5,0.7347033023834229,0.5340858697891235,0.07447654008865356,0.027733992785215378,7.262897491455078,0.5340858123408618,0.508040388696827,0.6930178792861172,0.508040388696827,0.7347032598918304,0.5,0.0,0.5,nan
metadata_order,5,sub-61,0,tent_literal,ses-1,1,74,True,10,986346989,EEGTTA-PHASE1|v1|metadata_order|tent_literal|sub-61|0|5,642254079,True,True,0.535110592842102,0.5408523082733154,0.800000011920929,0.6982179880142212,0.535110592842102,0.16527818143367767,0.03088393621146679,7.2641825675964355,0.5351105449993342,0.5408522982150317,0.6898056363869673,0.5408522982150317,0.698217986151576,0.8,0.0,0.2,nan
metadata_order,0,sub-62,0,tent_literal,ses-1,0,71,False,32,1860813180,EEGTTA-PHASE1|v1|metadata_order|tent_literal|sub-62|0|0,1470848059,True,True,0.671488881111145,0.4531378448009491,0.34375,0.5801503658294678,0.671488881111145,0.05164602771401405,0.00848974660038948,6.361136436462402,0.6714888517647641,0.4531378480605781,0.6887486050434177,0.5468621519394219,0.5801503104157746,0.34375,0.0,0.65625,nan
metadata_order,1,sub-62,0,tent_literal,ses-1,0,71,False,32,441378300,EEGTTA-PHASE1|v1|metadata_order|tent_literal|sub-62|0|1,1860813180,True,True,0.636323094367981,0.46082839369773865,0.46875,0.6266524791717529,0.636323094367981,0.051500920206308365,0.014534896239638329,6.361284255981445,0.6363231249771792,0.4608283906709403,0.69007520363352,0.5391716093290597,0.6266525120008737,0.46875,0.0,0.53125,nan
metadata_order,2,sub-62,0,tent_literal,ses-1,0,71,True,7,1067748042,EEGTTA-PHASE1|v1|metadata_order|tent_literal|sub-62|0|2,441378300,True,True,0.6590189337730408,0.46987396478652954,0.4285714626312256,0.6078922152519226,0.6590189337730408,0.05726487189531326,0.019834669306874275,6.361658573150635,0.6590189024284874,0.46987393498420715,0.6913309211072312,0.5301260650157928,0.607892210994448,0.42857142857142855,0.0,0.5714285714285714,nan
metadata_order,3,sub-62,0,tent_literal,ses-2,1,66,False,32,885354995,EEGTTA-PHASE1|v1|metadata_order|tent_literal|sub-62|0|3,1067748042,True,True,0.6427896618843079,0.43121010065078735,0.34375,0.6266007423400879,0.6427896618843079,0.07877349853515625,0.025639565661549568,6.361848831176758,0.642789660695694,0.4312100810930133,0.6836529898689798,0.5687899189069867,0.6266006836667657,0.34375,1.0,0.34375,nan
metadata_order,4,sub-62,0,tent_literal,ses-2,1,66,False,32,1336613726,EEGTTA-PHASE1|v1|metadata_order|tent_literal|sub-62|0|4,885354995,True,True,0.6549547910690308,0.4655839204788208,0.40625,0.6153206825256348,0.6549547910690308,0.04738827794790268,0.03168453276157379,6.362037181854248,0.6549548169571309,0.46558390464633703,0.6907763711489823,0.534416095353663,0.61532071698457,0.40625,1.0,0.40625,nan
metadata_order,5,sub-62,0,tent_literal,ses-2,1,66,True,2,1138845266,EEGTTA-PHASE1|v1|metadata_order|tent_literal|sub-62|0|5,1336613726,True,True,0.6771683692932129,0.4440283179283142,0.5,0.5690863132476807,0.6771683692932129,0.07608725130558014,0.03746488317847252,6.362534046173096,0.6771683873616889,0.4440283328294754,0.686868373325414,0.5559716671705246,0.5690862983465195,0.5,1.0,0.5,nan
metadata_order,0,sub-63,0,tent_literal,ses-1,0,67,False,32,617662083,EEGTTA-PHASE1|v1|metadata_order|tent_literal|sub-63|0|0,1293367451,True,True,0.44727522134780884,0.48104506731033325,0.40625,0.7831363677978516,0.44727522134780884,0.16807880997657776,0.00852696318179369,7.448005676269531,0.4472752107016289,0.4810450778459199,0.6924284301950054,0.5189549221540801,0.7831363945151679,0.40625,0.0,0.59375,nan
metadata_order,1,sub-63,0,tent_literal,ses-1,0,67,False,32,11135511,EEGTTA-PHASE1|v1|metadata_order|tent_literal|sub-63|0|1,617662083,True,True,0.5021788477897644,0.47387948632240295,0.40625,0.7484920024871826,0.5021788477897644,0.1737624555826187,0.015098567120730877,7.45021915435791,0.5021788405225491,0.47387950867414474,0.6917819990723998,0.5261204913258553,0.7484919875860214,0.40625,0.0,0.59375,nan
metadata_order,2,sub-63,0,tent_literal,ses-1,0,67,True,3,1726636823,EEGTTA-PHASE1|v1|metadata_order|tent_literal|sub-63|0|2,11135511,True,True,0.6335880160331726,0.3781256675720215,0.0,0.6218743324279785,0.6335880160331726,0.2747265696525574,0.019970081746578217,7.451287746429443,0.6335879901609057,0.3781256874402364,0.6631390998747896,0.6218743125597637,0.6218743125597636,0.0,0.0,1.0,nan
metadata_order,3,sub-63,0,tent_literal,ses-2,1,73,False,32,1365252356,EEGTTA-PHASE1|v1|metadata_order|tent_literal|sub-63|0|3,1726636823,True,True,0.5568417310714722,0.4356069564819336,0.3125,0.7028940916061401,0.5568417310714722,0.15451471507549286,0.025281231850385666,7.452448844909668,0.5568416939654257,0.4356069451314397,0.6848311718415842,0.5643930548685603,0.7028941439348273,0.3125,1.0,0.3125,nan
metadata_order,4,sub-63,0,tent_literal,ses-2,1,73,False,32,732035619,EEGTTA-PHASE1|v1|metadata_order|tent_literal|sub-63|0|4,1365252356,True,True,0.5157967805862427,0.5042649507522583,0.5625,0.7372069358825684,0.5157967805862427,0.08377404510974884,0.0303850919008255,7.45379638671875,0.5157967746658656,0.5042649144888856,0.6931108011275938,0.5042649144888856,0.7372068939148448,0.5625,1.0,0.5625,nan
metadata_order,5,sub-63,0,tent_literal,ses-2,1,73,True,9,1837235406,EEGTTA-PHASE1|v1|metadata_order|tent_literal|sub-63|0|5,732035619,True,True,0.44830772280693054,0.3942126929759979,0.3333333432674408,0.7943528294563293,0.44830772280693054,0.3602546751499176,0.03527355566620827,7.454708099365234,0.44830769128043635,0.3942127004265785,0.6705952281440093,0.6057872995734215,0.7943528319398562,0.3333333333333333,1.0,0.3333333333333333,nan
metadata_order,0,sub-64,0,tent_literal,ses-1,0,69,False,32,1467939541,EEGTTA-PHASE1|v1|metadata_order|tent_literal|sub-64|0|0,99321228,True,True,0.3728157579898834,0.43745386600494385,0.375,0.8402502536773682,0.3728157579898834,0.1613629162311554,0.008548974990844727,7.307527542114258,0.37281574059489175,0.43745387060334906,0.6853026099700827,0.5625461293966509,0.8402502416283824,0.375,0.0,0.625,nan
metadata_order,1,sub-64,0,tent_literal,ses-1,0,69,False,32,2132792497,EEGTTA-PHASE1|v1|metadata_order|tent_literal|sub-64|0|1,1467939541,True,True,0.4191751182079315,0.5379530191421509,0.5625,0.8069902658462524,0.4191751182079315,0.08574420213699341,0.014561045914888382,7.308568477630615,0.4191751158639992,0.537953078688588,0.6902635353252282,0.537953078688588,0.806990239827428,0.5625,0.0,0.4375,nan
metadata_order,2,sub-64,0,tent_literal,ses-1,0,69,True,5,645370868,EEGTTA-PHASE1|v1|metadata_order|tent_literal|sub-64|0|2,2132792497,True,True,0.5885829329490662,0.5347134470939636,0.20000000298023224,0.6419252157211304,0.5885829329490662,0.09118304401636124,0.020554235205054283,7.309498310089111,0.5885829086627997,0.5347134530544281,0.6907351930615744,0.5347134530544281,0.6419252455234528,0.2,0.0,0.8,nan
metadata_order,3,sub-64,0,tent_literal,ses-2,1,70,False,32,1360684061,EEGTTA-PHASE1|v1|metadata_order|tent_literal|sub-64|0|3,645370868,True,True,0.5086144208908081,0.53740394115448,0.59375,0.7454960942268372,0.5086144208908081,0.07978203892707825,0.02583891525864601,7.310979843139648,0.5086144188417041,0.5374038995942101,0.6903464614964527,0.5374038995942101,0.7454960799077526,0.59375,1.0,0.59375,nan
metadata_order,4,sub-64,0,tent_literal,ses-2,1,70,False,32,889410213,EEGTTA-PHASE1|v1|metadata_order|tent_literal|sub-64|0|4,1360684061,True,True,0.47420915961265564,0.5370073318481445,0.5625,0.776530385017395,0.47420915961265564,0.1413506716489792,0.029928945004940033,7.31290864944458,0.47420917941028096,0.5370073025114834,0.6904055933307343,0.5370073025114834,0.7765304367057979,0.5625,1.0,0.5625,nan
metadata_order,5,sub-64,0,tent_literal,ses-2,1,70,True,6,1800602540,EEGTTA-PHASE1|v1|metadata_order|tent_literal|sub-64|0|5,889410213,True,True,0.47549089789390564,0.5665067434310913,0.6666666865348816,0.7548219561576843,0.47549089789390564,0.10915252566337585,0.03426172584295273,7.314706802368164,0.47549085590339724,0.5665067111452421,0.6842746233399435,0.5665067111452421,0.7548219089706739,0.6666666666666666,1.0,0.6666666666666666,nan
metadata_order,0,sub-65,0,tent_literal,ses-2,0,55,False,32,1949371320,EEGTTA-PHASE1|v1|metadata_order|tent_literal|sub-65|0|0,1542983662,True,True,0.5517085194587708,0.4860007166862488,0.5,0.7061055898666382,0.5517085194587708,0.08318161964416504,0.008562825620174408,6.841338157653809,0.551708506422316,0.4860007258830592,0.692755169981567,0.5139992741169408,0.7061055992962793,0.5,1.0,0.5,nan
metadata_order,1,sub-65,0,tent_literal,ses-2,0,55,True,23,1695493270,EEGTTA-PHASE1|v1|metadata_order|tent_literal|sub-65|0|1,1949371320,True,True,0.5510237216949463,0.5024473667144775,0.52173912525177,0.7020928859710693,0.5510237216949463,0.06031891703605652,0.014728791080415249,6.843138694763184,0.5510236816972571,0.5024473537164538,0.6931352014316852,0.5024473537164538,0.7020928471389672,0.5217391304347826,1.0,0.5217391304347826,nan
metadata_order,2,sub-65,0,tent_literal,ses-1,1,74,False,32,1180179052,EEGTTA-PHASE1|v1|metadata_order|tent_literal|sub-65|0|2,1695493270,True,True,0.5944457650184631,0.46710067987442017,0.46875,0.6635439395904541,0.5944457650184631,0.07426919043064117,0.020912958309054375,6.844801902770996,0.5944457743160314,0.46710069000255316,0.690980886634464,0.5328993099974468,0.6635439704405144,0.46875,0.0,0.53125,nan
metadata_order,3,sub-65,0,tent_literal,ses-1,1,74,False,32,289960734,EEGTTA-PHASE1|v1|metadata_order|tent_literal|sub-65|0|3,1180179052,True,True,0.5905060768127441,0.4915110468864441,0.4375,0.6910377740859985,0.5905060768127441,0.08188232034444809,0.026801804080605507,6.846189975738525,0.5905061298653806,0.49151105526834726,0.6930030492698885,0.5084889447316527,0.6910377806052566,0.4375,0.0,0.5625,nan
metadata_order,4,sub-65,0,tent_literal,ses-1,1,74,True,10,782197064,EEGTTA-PHASE1|v1|metadata_order|tent_literal|sub-65|0|4,289960734,True,True,0.6236497163772583,0.4242333471775055,0.30000001192092896,0.6458434462547302,0.6236497163772583,0.134830504655838,0.032124266028404236,6.847577095031738,0.6236496879165874,0.42423333078622816,0.6816216564808621,0.5757666692137718,0.6458434090018272,0.3,0.0,0.7,nan
metadata_order,0,sub-66,0,tent_literal,ses-1,0,65,False,32,762241866,EEGTTA-PHASE1|v1|metadata_order|tent_literal|sub-66|0|0,1585325979,True,True,0.458476722240448,0.47038522362709045,0.4375,0.7665013670921326,0.458476722240448,0.1305994689464569,0.008602325804531574,7.710460186004639,0.4584767143408243,0.4703852470847778,0.6913920863537297,0.5296147529152222,0.7665013957885094,0.4375,0.0,0.5625,nan
metadata_order,1,sub-66,0,tent_literal,ses-1,0,65,False,32,392014758,EEGTTA-PHASE1|v1|metadata_order|tent_literal|sub-66|0|1,762241866,True,True,0.41690295934677124,0.49384626746177673,0.5,0.797380805015564,0.41690295934677124,0.10995179414749146,0.013494748622179031,7.71331262588501,0.4169029721261593,0.49384625637321733,0.693071441526544,0.5061537436267827,0.7973808198294137,0.5,0.0,0.5,nan
metadata_order,2,sub-66,0,tent_literal,ses-1,0,65,True,1,2075374258,EEGTTA-PHASE1|v1|metadata_order|tent_literal|sub-66|0|2,392014758,True,True,0.6923122406005859,0.520429253578186,1.0,0.520429253578186,0.6923122406005859,0.054871417582035065,0.017132626846432686,7.7152557373046875,0.6923122393549341,0.520429253578186,0.6923122393549341,0.520429253578186,0.520429253578186,1.0,0.0,0.0,nan
metadata_order,3,sub-66,0,tent_literal,ses-2,1,69,False,32,747245183,EEGTTA-PHASE1|v1|metadata_order|tent_literal|sub-66|0|3,2075374258,True,True,0.38119742274284363,0.4672788381576538,0.40625,0.8277080059051514,0.38119742274284363,0.1412476748228073,0.0210717786103487,7.717226505279541,0.38119738653010393,0.4672788482444048,0.691004301934696,0.5327211517555952,0.8277080107195616,0.40625,1.0,0.40625,nan
metadata_order,4,sub-66,0,tent_literal,ses-2,1,69,False,32,1216679292,EEGTTA-PHASE1|v1|metadata_order|tent_literal|sub-66|0|4,747245183,True,True,0.4189211130142212,0.4507743716239929,0.53125,0.7996811270713806,0.4189211130142212,0.0951264426112175,0.025528252124786377,7.719524383544922,0.41892111394727993,0.45077436085557565,0.6882929939875408,0.5492256391444243,0.7996810931363143,0.53125,1.0,0.53125,nan
metadata_order,5,sub-66,0,tent_literal,ses-2,1,69,True,5,897890305,EEGTTA-PHASE1|v1|metadata_order|tent_literal|sub-66|0|5,1216679292,True,True,0.5845802426338196,0.5359963774681091,0.6000000238418579,0.7196940779685974,0.5845802426338196,0.2644824683666229,0.028923533856868744,7.721071243286133,0.5845802272962082,0.535996389389038,0.6905534572182148,0.535996389389038,0.7196940422058106,0.6,1.0,0.6,nan
metadata_order,0,sub-67,0,tent_literal,ses-2,0,72,False,32,690033541,EEGTTA-PHASE1|v1|metadata_order|tent_literal|sub-67|0|0,770306935,True,True,0.4520708918571472,0.4584312438964844,0.40625,0.7761448621749878,0.4520708918571472,0.11620413511991501,0.008547122590243816,6.848225116729736,0.452070868338042,0.4584312445658725,0.6896872655212708,0.5415687554341275,0.77614486523089,0.40625,1.0,0.40625,nan
metadata_order,1,sub-67,0,tent_literal,ses-2,0,72,False,32,47966525,EEGTTA-PHASE1|v1|metadata_order|tent_literal|sub-67|0|1,690033541,True,True,0.5227848291397095,0.4791914224624634,0.5,0.721935510635376,0.5227848291397095,0.0899367704987526,0.01483476348221302,6.849319934844971,0.5227848279555785,0.4791913931258023,0.6922809341633445,0.5208086068741977,0.7219355064444244,0.5,1.0,0.5,nan
metadata_order,2,sub-67,0,tent_literal,ses-2,0,72,True,8,190959654,EEGTTA-PHASE1|v1|metadata_order|tent_literal|sub-67|0|2,47966525,True,True,0.5690062046051025,0.4612463116645813,0.5,0.692680835723877,0.5690062046051025,0.10537128150463104,0.019848573952913284,6.8506646156311035,0.5690061970295816,0.4612462827935815,0.6901404647083336,0.5387537172064185,0.6926807751879096,0.5,1.0,0.5,nan
metadata_order,3,sub-67,0,tent_literal,ses-1,1,74,False,32,312081834,EEGTTA-PHASE1|v1|metadata_order|tent_literal|sub-67|0|3,190959654,True,True,0.5343055129051208,0.49578720331192017,0.5,0.7262710332870483,0.5343055129051208,0.0784195140004158,0.0247358251363039,6.85198974609375,0.5343055341796417,0.4957872322993353,0.6931116853165731,0.5042127677006647,0.7262710080249235,0.5,0.0,0.5,nan
metadata_order,4,sub-67,0,tent_literal,ses-1,1,74,False,32,879730396,EEGTTA-PHASE1|v1|metadata_order|tent_literal|sub-67|0|4,312081834,True,True,0.57121741771698,0.4949052333831787,0.5,0.7101974487304688,0.57121741771698,0.07240229845046997,0.029777176678180695,6.853435039520264,0.5712174370664836,0.4949051907751709,0.6930952654994731,0.5050948092248291,0.7101974801626056,0.5,0.0,0.5,nan
metadata_order,5,sub-67,0,tent_literal,ses-1,1,74,True,10,354267956,EEGTTA-PHASE1|v1|metadata_order|tent_literal|sub-67|0|5,879730396,True,True,0.6005344390869141,0.4624604284763336,0.20000000298023224,0.6780775785446167,0.6005344390869141,0.16431349515914917,0.03464639186859131,6.8546271324157715,0.6005344673699937,0.46246040016412737,0.6903260835860148,0.5375395998358726,0.6780775532126426,0.2,0.0,0.8,nan
metadata_order,0,sub-68,0,tent_literal,ses-2,0,73,False,32,1944383224,EEGTTA-PHASE1|v1|metadata_order|tent_literal|sub-68|0|0,1866775994,True,True,0.5583081245422363,0.4859035909175873,0.4375,0.6928669214248657,0.5583081245422363,0.11352048814296722,0.008530731312930584,7.054020881652832,0.5583081654865765,0.4859035597764887,0.6927497086418952,0.5140964402235113,0.6928669413900934,0.4375,1.0,0.4375,nan
metadata_order,1,sub-68,0,tent_literal,ses-2,0,73,False,32,1141728604,EEGTTA-PHASE1|v1|metadata_order|tent_literal|sub-68|0|1,1944383224,True,True,0.5195748805999756,0.5231534242630005,0.53125,0.738619327545166,0.5195748805999756,0.08559518307447433,0.013910561800003052,7.055478096008301,0.5195748539089018,0.5231534257763997,0.6920746348032412,0.5231534257763997,0.7386193632846698,0.53125,1.0,0.53125,nan
metadata_order,2,sub-68,0,tent_literal,ses-2,0,73,True,9,1966305854,EEGTTA-PHASE1|v1|metadata_order|tent_literal|sub-68|0|2,1141728604,True,True,0.52511066198349,0.5829097628593445,0.7777777910232544,0.7449414134025574,0.52511066198349,0.18762896955013275,0.01817258447408676,7.056392669677734,0.5251107238302755,0.5829097247785993,0.6793354294027105,0.5829097247785993,0.7449413587649664,0.7777777777777778,1.0,0.7777777777777778,nan
metadata_order,3,sub-68,0,tent_literal,ses-1,1,73,False,32,54729411,EEGTTA-PHASE1|v1|metadata_order|tent_literal|sub-68|0|3,1966305854,True,True,0.525292158126831,0.5219079256057739,0.5625,0.7243289947509766,0.525292158126831,0.09050611406564713,0.02250140905380249,7.057328701019287,0.5252921364442042,0.521907917864155,0.6921869594487615,0.521907917864155,0.7243289913167246,0.5625,0.0,0.4375,nan
metadata_order,4,sub-68,0,tent_literal,ses-1,1,73,False,32,1123037137,EEGTTA-PHASE1|v1|metadata_order|tent_literal|sub-68|0|4,54729411,True,True,0.5063027739524841,0.49358636140823364,0.4375,0.733249306678772,0.5063027739524841,0.1316785216331482,0.026578260585665703,7.05860710144043,0.5063027262234802,0.49358630552887917,0.6930649073500891,0.5064136944711208,0.7332492955029011,0.4375,0.0,0.5625,nan
metadata_order,5,sub-68,0,tent_literal,ses-1,1,73,True,9,894110955,EEGTTA-PHASE1|v1|metadata_order|tent_literal|sub-68|0|5,1123037137,True,True,0.5660593509674072,0.494496613740921,0.4444444477558136,0.6984492540359497,0.5660593509674072,0.11516250669956207,0.0303096454590559,7.059778213500977,0.566059328595587,0.4944965847664409,0.6930866041783035,0.5055034152335591,0.6984492267171541,0.4444444444444444,0.0,0.5555555555555556,nan
metadata_order,0,sub-69,0,tent_literal,ses-1,0,73,False,32,1169530184,EEGTTA-PHASE1|v1|metadata_order|tent_literal|sub-69|0|0,252002831,True,True,0.4940996766090393,0.4629393219947815,0.40625,0.7508235573768616,0.4940996766090393,0.18378080427646637,0.008571067824959755,7.136462211608887,0.49409967823569856,0.4629393194336444,0.6903976716133877,0.5370606805663556,0.7508235711138695,0.40625,0.0,0.59375,nan
metadata_order,1,sub-69,0,tent_literal,ses-1,0,73,False,32,912069247,EEGTTA-PHASE1|v1|metadata_order|tent_literal|sub-69|0|1,1169530184,True,True,0.5125311613082886,0.49980050325393677,0.4375,0.739043116569519,0.5125311613082886,0.1235600933432579,0.014387997798621655,7.138571739196777,0.5125311767090689,0.49980051803868264,0.6931471009738375,0.5001994819613174,0.739043124136515,0.4375,0.0,0.5625,nan
metadata_order,2,sub-69,0,tent_literal,ses-1,0,73,True,9,1689081022,EEGTTA-PHASE1|v1|metadata_order|tent_literal|sub-69|0|2,912069247,True,True,0.5234560370445251,0.49012136459350586,0.4444444477558136,0.7436253428459167,0.5234560370445251,0.16055749356746674,0.01997079886496067,7.140804290771484,0.5234559923088724,0.49012137949466705,0.6929519935741182,0.509878620505333,0.7436253478129705,0.4444444444444444,0.0,0.5555555555555556,nan
metadata_order,3,sub-69,0,tent_literal,ses-2,1,70,False,32,1957018742,EEGTTA-PHASE1|v1|metadata_order|tent_literal|sub-69|0|3,1689081022,True,True,0.46834224462509155,0.4423680901527405,0.40625,0.778820276260376,0.46834224462509155,0.17086148262023926,0.025758912786841393,7.143072605133057,0.46834224636879196,0.44236805953551084,0.6864895114160121,0.5576319404644892,0.7788202509982511,0.40625,1.0,0.40625,nan
metadata_order,4,sub-69,0,tent_literal,ses-2,1,70,False,32,1775127198,EEGTTA-PHASE1|v1|metadata_order|tent_literal|sub-69|0|4,1957018742,True,True,0.48807382583618164,0.5710071325302124,0.625,0.7622175216674805,0.48807382583618164,0.14954909682273865,0.030430931597948074,7.145212173461914,0.48807382071685523,0.5710071115172468,0.68302898853279,0.5710071115172468,0.762217516603414,0.625,1.0,0.625,nan
metadata_order,5,sub-69,0,tent_literal,ses-2,1,70,True,6,16629632,EEGTTA-PHASE1|v1|metadata_order|tent_literal|sub-69|0|5,1775127198,True,True,0.48107850551605225,0.4944694936275482,0.5,0.8013138771057129,0.48107850551605225,0.21884475648403168,0.03389580547809601,7.146962642669678,0.48107846796613823,0.4944694588581721,0.6930860055418313,0.5055305411418278,0.8013139416774114,0.5,1.0,0.5,nan
metadata_order,0,sub-70,0,tent_literal,ses-1,0,70,False,32,429697769,EEGTTA-PHASE1|v1|metadata_order|tent_literal|sub-70|0|0,787019125,True,True,0.6708117723464966,0.4723943769931793,0.40625,0.5851043462753296,0.6708117723464966,0.025318989530205727,0.00848902203142643,6.327714920043945,0.6708117675372423,0.47239438258111477,0.691622265053613,0.5276056174188852,0.5851043034344912,0.40625,0.0,0.59375,nan
metadata_order,1,sub-70,0,tent_literal,ses-1,0,70,False,32,111230574,EEGTTA-PHASE1|v1|metadata_order|tent_literal|sub-70|0|1,429697769,True,True,0.6690229773521423,0.5201363563537598,0.5625,0.5844963788986206,0.6690229773521423,0.02162700891494751,0.013977138325572014,6.329124927520752,0.6690229706899887,0.5201363489031792,0.6923360161126575,0.5201363489031792,0.5844963937997818,0.5625,0.0,0.4375,nan
metadata_order,2,sub-70,0,tent_literal,ses-1,0,70,True,6,1851915031,EEGTTA-PHASE1|v1|metadata_order|tent_literal|sub-70|0|2,111230574,True,True,0.6843290328979492,0.5183258652687073,0.6666666865348816,0.5545141100883484,0.6843290328979492,0.02425249107182026,0.018360668793320656,6.330435752868652,0.68432903002453,0.5183258205652237,0.6924753586994817,0.5183258205652237,0.5545140753189722,0.6666666666666666,0.0,0.3333333333333333,nan
metadata_order,3,sub-70,0,tent_literal,ses-2,1,69,False,32,952632621,EEGTTA-PHASE1|v1|metadata_order|tent_literal|sub-70|0|3,1851915031,True,True,0.6621150374412537,0.5201297402381897,0.53125,0.6043922901153564,0.6621150374412537,0.026714801788330078,0.022972002625465393,6.331466197967529,0.6621150343665103,0.5201297113671899,0.6923365509366777,0.5201297113671899,0.6043923115357757,0.53125,1.0,0.53125,nan
metadata_order,4,sub-70,0,tent_literal,ses-2,1,69,False,32,229016509,EEGTTA-PHASE1|v1|metadata_order|tent_literal|sub-70|0|4,952632621,True,True,0.662874698638916,0.546970784664154,0.6875,0.5855915546417236,0.662874698638916,0.0465879961848259,0.02703974023461342,6.332319736480713,0.6628747265890871,0.546970761846751,0.6887281625375405,0.546970761846751,0.5855916072614491,0.6875,1.0,0.6875,nan
metadata_order,5,sub-70,0,tent_literal,ses-2,1,69,True,5,593059731,EEGTTA-PHASE1|v1|metadata_order|tent_literal|sub-70|0|5,229016509,True,True,0.6652040481567383,0.5523173809051514,0.800000011920929,0.599620521068573,0.6652040481567383,0.04969401657581329,0.03062712587416172,6.333460807800293,0.6652040447645985,0.5523173749446869,0.68766293210223,0.5523173749446869,0.5996204674243927,0.8,1.0,0.8,nan
metadata_order,0,sub-71,0,tent_literal,ses-1,0,70,False,32,1093567067,EEGTTA-PHASE1|v1|metadata_order|tent_literal|sub-71|0|0,2077574126,True,True,0.5428615212440491,0.4958345592021942,0.5,0.7190245389938354,0.5428615212440491,0.08420689404010773,0.008555549196898937,6.9462809562683105,0.5428615374991232,0.4958345532650128,0.693112478265523,0.5041654467349872,0.7190245859092101,0.5,0.0,0.5,nan
metadata_order,1,sub-71,0,tent_literal,ses-1,0,70,False,32,1124767327,EEGTTA-PHASE1|v1|metadata_order|tent_literal|sub-71|0|1,1093567067,True,True,0.5609428286552429,0.49879223108291626,0.53125,0.7120039463043213,0.5609428286552429,0.0819023996591568,0.014355579391121864,6.948165416717529,0.5609428290512537,0.4987922285217792,0.693144263133221,0.5012077714782208,0.7120039265137166,0.53125,0.0,0.46875,nan
metadata_order,2,sub-71,0,tent_literal,ses-1,0,70,True,6,823678569,EEGTTA-PHASE1|v1|metadata_order|tent_literal|sub-71|0|2,1124767327,True,True,0.5198795199394226,0.6059387922286987,0.6666666865348816,0.7621884346008301,0.5198795199394226,0.19557972252368927,0.018352756276726723,6.949848175048828,0.519879485631863,0.605938750008742,0.6705301112068651,0.605938750008742,0.7621884768207868,0.6666666666666666,0.0,0.3333333333333333,nan
metadata_order,3,sub-71,0,tent_literal,ses-2,1,72,False,32,988597253,EEGTTA-PHASE1|v1|metadata_order|tent_literal|sub-71|0|3,823678569,True,True,0.48390641808509827,0.4755803346633911,0.53125,0.7569214701652527,0.48390641808509827,0.13517619669437408,0.022318147122859955,6.951198577880859,0.4839064429190465,0.47558033565292135,0.6919540659632779,0.5244196643470787,0.7569214803515933,0.53125,1.0,0.53125,nan
metadata_order,4,sub-71,0,tent_literal,ses-2,1,72,False,32,210666645,EEGTTA-PHASE1|v1|metadata_order|tent_literal|sub-71|0|4,988597253,True,True,0.5755938291549683,0.5349699854850769,0.59375,0.6961070895195007,0.5755938291549683,0.0801449790596962,0.026665985584259033,6.952609062194824,0.5755938058073404,0.5349699771031737,0.6906993840740785,0.5349699771031737,0.696107123978436,0.59375,1.0,0.59375,nan
metadata_order,5,sub-71,0,tent_literal,ses-2,1,72,True,8,1604284538,EEGTTA-PHASE1|v1|metadata_order|tent_literal|sub-71|0|5,210666645,True,True,0.5034282803535461,0.5776900053024292,0.75,0.7466840744018555,0.5034282803535461,0.18585246801376343,0.031015777960419655,6.953766822814941,0.5034282783678932,0.5776899917982519,0.6810266622067899,0.5776899917982519,0.7466840432025492,0.75,1.0,0.75,nan
metadata_order,0,sub-01,1,tent_literal,ses-1,0,69,False,32,1162919460,EEGTTA-PHASE1|v1|metadata_order|tent_literal|sub-01|1|0,489468032,True,True,0.5096228718757629,0.44130435585975647,0.34375,0.7514580488204956,0.5096228718757629,0.1680963635444641,0.008549279533326626,6.7416090965271,0.5096228808056869,0.44130437658168375,0.6862409146058239,0.5586956234183162,0.7514580467250198,0.34375,0.0,0.65625,nan
metadata_order,1,sub-01,1,tent_literal,ses-1,0,69,False,32,255164668,EEGTTA-PHASE1|v1|metadata_order|tent_literal|sub-01|1|1,1162919460,True,True,0.5488585233688354,0.492925226688385,0.53125,0.7235530614852905,0.5488585233688354,0.09855492413043976,0.014532055705785751,6.743258476257324,0.548858510958959,0.49292526161298156,0.6930470733729281,0.5070747383870184,0.7235530824400485,0.53125,0.0,0.46875,nan
metadata_order,2,sub-01,1,tent_literal,ses-1,0,69,True,5,1317607889,EEGTTA-PHASE1|v1|metadata_order|tent_literal|sub-01|1|2,255164668,True,True,0.5207083821296692,0.4253125786781311,0.20000000298023224,0.7550399899482727,0.5207083821296692,0.31609171628952026,0.01974942721426487,6.744295597076416,0.520708401543891,0.42531255185604094,0.6819488873165986,0.574687448143959,0.7550399214029312,0.2,0.0,0.8,nan
metadata_order,3,sub-01,1,tent_literal,ses-2,1,54,False,32,2093026178,EEGTTA-PHASE1|v1|metadata_order|tent_literal|sub-01|1|3,1317607889,True,True,0.5232913494110107,0.5239730477333069,0.5,0.743432343006134,0.5232913494110107,0.09671623259782791,0.024517174810171127,6.745734691619873,0.5232913704135078,0.523973046685569,0.6919973258355909,0.523973046685569,0.7434323589550331,0.5,1.0,0.5,nan
metadata_order,4,sub-01,1,tent_literal,ses-2,1,54,True,22,578565338,EEGTTA-PHASE1|v1|metadata_order|tent_literal|sub-01|1|4,2093026178,True,True,0.5441110730171204,0.4932793974876404,0.4545454680919647,0.7259019613265991,0.5441110730171204,0.11691220849752426,0.029031820595264435,6.747106075286865,0.5441111119463357,0.49327932772311295,0.6930568429679125,0.5067206722768871,0.7259019823236899,0.45454545454545453,1.0,0.45454545454545453,nan
metadata_order,0,sub-02,1,tent_literal,ses-1,0,70,False,32,239372023,EEGTTA-PHASE1|v1|metadata_order|tent_literal|sub-02|1|0,1216631740,True,True,0.4294668138027191,0.48314058780670166,0.53125,0.801777184009552,0.4294668138027191,0.12769021093845367,0.008569201454520226,7.476321220397949,0.42946683524288404,0.4831405938894022,0.6925785936392732,0.5168594061105978,0.8017771630256902,0.53125,0.0,0.46875,nan
metadata_order,1,sub-02,1,tent_literal,ses-1,0,70,False,32,1832046091,EEGTTA-PHASE1|v1|metadata_order|tent_literal|sub-02|1|1,239372023,True,True,0.4340663552284241,0.43618372082710266,0.4375,0.784760057926178,0.4340663552284241,0.17499826848506927,0.013517673127353191,7.4777960777282715,0.43406637673573945,0.4361837247852236,0.6849798873710559,0.5638162752147764,0.7847600316163152,0.4375,0.0,0.5625,nan
metadata_order,2,sub-02,1,tent_literal,ses-1,0,70,True,6,1926261237,EEGTTA-PHASE1|v1|metadata_order|tent_literal|sub-02|1|2,1832046091,True,True,0.5585147142410278,0.4823142886161804,0.3333333432674408,0.7162153124809265,0.5585147142410278,0.2450064718723297,0.018265612423419952,7.478714466094971,0.5585147012548545,0.48231421535213787,0.6925214760898047,0.5176857846478622,0.7162152466674646,0.3333333333333333,0.0,0.6666666666666666,nan
metadata_order,3,sub-02,1,tent_literal,ses-2,1,64,False,32,225312280,EEGTTA-PHASE1|v1|metadata_order|tent_literal|sub-02|1|3,1926261237,True,True,0.3995670974254608,0.49455925822257996,0.5,0.8310016393661499,0.3995670974254608,0.16596832871437073,0.023084549233317375,7.480111122131348,0.39956708317102235,0.4945592420917819,0.693087975698299,0.5054407579082181,0.8310016256946255,0.5,1.0,0.5,nan
metadata_order,4,sub-02,1,tent_literal,ses-2,1,64,True,32,2016205807,EEGTTA-PHASE1|v1|metadata_order|tent_literal|sub-02|1|4,225312280,True,True,0.403791606426239,0.5470494031906128,0.65625,0.8154740333557129,0.403791606426239,0.18840043246746063,0.027361908927559853,7.48177433013916,0.403791625255442,0.5470493781685946,0.6887133357102055,0.5470493781685946,0.8154740546524408,0.65625,1.0,0.65625,nan
metadata_order,0,sub-03,1,tent_literal,ses-1,0,73,False,32,1792480498,EEGTTA-PHASE1|v1|metadata_order|tent_literal|sub-03|1|0,2125871954,True,True,0.3718099594116211,0.5000318884849548,0.5,0.8342177867889404,0.3718099594116211,0.10111618041992188,0.008584747090935707,7.797801971435547,0.37180994645875565,0.5000318975071423,0.6931471785250434,0.5000318975071423,0.8342177852173336,0.5,0.0,0.5,nan
metadata_order,1,sub-03,1,tent_literal,ses-1,0,73,False,32,210070698,EEGTTA-PHASE1|v1|metadata_order|tent_literal|sub-03|1|1,1792480498,True,True,0.45899200439453125,0.5551650524139404,0.5625,0.7676318287849426,0.45899200439453125,0.08797057718038559,0.013420205563306808,7.800617218017578,0.45899202947270434,0.5551650378765771,0.6870484092964015,0.5551650378765771,0.767631806069403,0.5625,0.0,0.4375,nan
metadata_order,2,sub-03,1,tent_literal,ses-1,0,73,True,9,790389249,EEGTTA-PHASE1|v1|metadata_order|tent_literal|sub-03|1|2,210070698,True,True,0.5306999683380127,0.5903695225715637,0.6666666865348816,0.6909275650978088,0.5306999683380127,0.11354943364858627,0.017667165026068687,7.802587032318115,0.5306999067806429,0.5903695225715637,0.6767237710485229,0.5903695225715637,0.6909275783432854,0.6666666666666666,0.0,0.3333333333333333,nan
metadata_order,3,sub-03,1,tent_literal,ses-2,1,70,False,32,1328781014,EEGTTA-PHASE1|v1|metadata_order|tent_literal|sub-03|1|3,790389249,True,True,0.505272626876831,0.5601721405982971,0.6875,0.747860312461853,0.505272626876831,0.1387491226196289,0.02188721112906933,7.804503440856934,0.5052726419077102,0.5601721326820552,0.6858882282539195,0.5601721326820552,0.747860234696418,0.6875,1.0,0.6875,nan
metadata_order,4,sub-03,1,tent_literal,ses-2,1,70,False,32,1086780006,EEGTTA-PHASE1|v1|metadata_order|tent_literal|sub-03|1|4,1328781014,True,True,0.4328794479370117,0.5452713966369629,0.5625,0.8080126047134399,0.4328794479370117,0.1048644483089447,0.026656070724129677,7.806614398956299,0.4328794147987509,0.5452714346465655,0.6890425559077848,0.5452714346465655,0.8080125927808695,0.5625,1.0,0.5625,nan
metadata_order,5,sub-03,1,tent_literal,ses-2,1,70,True,6,741663589,EEGTTA-PHASE1|v1|metadata_order|tent_literal|sub-03|1|5,1086780006,True,True,0.4566241502761841,0.5189664363861084,0.6666666865348816,0.7667896747589111,0.4566241502761841,0.22299109399318695,0.031011883169412613,7.808420658111572,0.45662414060167483,0.5189664314190546,0.6924275568824156,0.5189664314190546,0.766789639989535,0.6666666666666666,1.0,0.6666666666666666,nan
metadata_order,0,sub-04,1,tent_literal,ses-1,0,4,True,4,760813095,EEGTTA-PHASE1|v1|metadata_order|tent_literal|sub-04|1|0,614804819,True,True,0.47633811831474304,0.4860992431640625,0.5,0.7692696452140808,0.47633811831474304,0.45440277457237244,0.00859394483268261,8.580012321472168,0.4763380970901318,0.4860992468893528,0.6927606688862008,0.5139007531106472,0.7692696414887905,0.5,0.0,0.5,nan
metadata_order,1,sub-04,1,tent_literal,ses-2,1,62,False,32,193417455,EEGTTA-PHASE1|v1|metadata_order|tent_literal|sub-04|1|1,760813095,True,True,0.4193158447742462,0.50531005859375,0.53125,0.7917245626449585,0.4193158447742462,0.1290781944990158,0.014230165630578995,8.581629753112793,0.4193158705254344,0.505310034226568,0.6930907865728688,0.505310034226568,0.7917245609351085,0.53125,1.0,0.53125,nan
metadata_order,2,sub-04,1,tent_literal,ses-2,1,62,True,30,2121917628,EEGTTA-PHASE1|v1|metadata_order|tent_literal|sub-04|1|2,193417455,True,True,0.4597295820713043,0.5280343294143677,0.5333333611488342,0.7685601711273193,0.4597295820713043,0.11591482162475586,0.018611948937177658,8.58353328704834,0.45972953408459905,0.5280342610863348,0.6915745163733829,0.5280342610863348,0.7685601838243504,0.5333333333333333,1.0,0.5333333333333333,nan
metadata_order,0,sub-05,1,tent_literal,ses-1,0,65,False,32,1311594989,EEGTTA-PHASE1|v1|metadata_order|tent_literal|sub-05|1|0,904612948,True,True,0.5458924770355225,0.4816542863845825,0.40625,0.7258656024932861,0.5458924770355225,0.07690590620040894,0.00851544551551342,6.7078938484191895,0.5458924944229999,0.4816542831249535,0.6924738987882753,0.5183457168750465,0.7258656318299472,0.40625,0.0,0.59375,nan
metadata_order,1,sub-05,1,tent_literal,ses-1,0,65,False,32,780029589,EEGTTA-PHASE1|v1|metadata_order|tent_literal|sub-05|1|1,1311594989,True,True,0.5843958854675293,0.5057515501976013,0.59375,0.6814218163490295,0.5843958854675293,0.05356154218316078,0.014282537624239922,6.709930896759033,0.5843959314537138,0.5057515205699019,0.6930810191230885,0.5057515205699019,0.6814218273502775,0.59375,0.0,0.40625,nan
metadata_order,2,sub-05,1,tent_literal,ses-1,0,65,True,1,3279737,EEGTTA-PHASE1|v1|metadata_order|tent_literal|sub-05|1|2,780029589,True,True,0.6874018907546997,0.5535458922386169,1.0,0.5535458922386169,0.6874018907546997,0.1257147192955017,0.017350854352116585,6.711230754852295,0.6874018439868572,0.5535458922386169,0.6874018439868572,0.5535458922386169,0.5535458922386169,1.0,0.0,0.0,nan
metadata_order,3,sub-05,1,tent_literal,ses-2,1,67,False,32,1851790617,EEGTTA-PHASE1|v1|metadata_order|tent_literal|sub-05|1|3,3279737,True,True,0.5710636377334595,0.49784791469573975,0.53125,0.695173442363739,0.5710636377334595,0.07078519463539124,0.020935779437422752,6.713014602661133,0.5710635939358144,0.4978479437995702,0.6931379178395664,0.5021520562004298,0.6951734281610698,0.53125,1.0,0.53125,nan
metadata_order,4,sub-05,1,tent_literal,ses-2,1,67,False,32,1047898753,EEGTTA-PHASE1|v1|metadata_order|tent_literal|sub-05|1|4,1851790617,True,True,0.5456618070602417,0.5224206447601318,0.59375,0.7284183502197266,0.5456618070602417,0.10530039668083191,0.02485358528792858,6.714785099029541,0.5456618146735739,0.5224206777056679,0.692141469785758,0.5224206777056679,0.7284183172741905,0.59375,1.0,0.59375,nan
metadata_order,5,sub-05,1,tent_literal,ses-2,1,67,True,3,1027427797,EEGTTA-PHASE1|v1|metadata_order|tent_literal|sub-05|1|5,1047898753,True,True,0.6789693236351013,0.5129196047782898,0.6666666865348816,0.5823994874954224,0.6789693236351013,0.07233377546072006,0.028534449636936188,6.716031551361084,0.6789692687384209,0.5129195948441824,0.6928133115402412,0.5129195948441824,0.5823994775613149,0.6666666666666666,1.0,0.6666666666666666,nan
metadata_order,0,sub-06,1,tent_literal,ses-1,0,74,False,32,1872307739,EEGTTA-PHASE1|v1|metadata_order|tent_literal|sub-06|1|0,70007552,True,True,0.5499520897865295,0.5287417769432068,0.53125,0.7055977582931519,0.5499520897865295,0.0927233025431633,0.008565960451960564,7.333611011505127,0.5499520509465523,0.528741774847731,0.691494090213614,0.528741774847731,0.7055977119598538,0.53125,0.0,0.46875,nan
metadata_order,1,sub-06,1,tent_literal,ses-1,0,74,False,32,77643038,EEGTTA-PHASE1|v1|metadata_order|tent_literal|sub-06|1|1,1872307739,True,True,0.551641583442688,0.5231857299804688,0.59375,0.721381425857544,0.551641583442688,0.08465388417243958,0.013871007598936558,7.335832595825195,0.5516415492529798,0.5231857795733958,0.6920716341557378,0.5231857795733958,0.7213814582210034,0.59375,0.0,0.40625,nan
metadata_order,2,sub-06,1,tent_literal,ses-1,0,74,True,10,1692677917,EEGTTA-PHASE1|v1|metadata_order|tent_literal|sub-06|1|2,77643038,True,True,0.6527659296989441,0.4895692467689514,0.6000000238418579,0.603594958782196,0.6527659296989441,0.06289751082658768,0.01895325630903244,7.33777379989624,0.6527659537548175,0.4895692363381386,0.6929295631125635,0.5104307636618615,0.6035949572920799,0.6,0.0,0.4,nan
metadata_order,3,sub-06,1,tent_literal,ses-2,1,64,False,32,1095298171,EEGTTA-PHASE1|v1|metadata_order|tent_literal|sub-06|1|3,1692677917,True,True,0.48866668343544006,0.5660141706466675,0.5625,0.7528685331344604,0.48866668343544006,0.10535017400979996,0.023720676079392433,7.33960485458374,0.48866666284386995,0.5660142041742802,0.6844059305968816,0.5660142041742802,0.752868514508009,0.5625,1.0,0.5625,nan
metadata_order,4,sub-06,1,tent_literal,ses-2,1,64,True,32,225518786,EEGTTA-PHASE1|v1|metadata_order|tent_literal|sub-06|1|4,1095298171,True,True,0.46747875213623047,0.5009823441505432,0.5,0.7802728414535522,0.46747875213623047,0.14706315100193024,0.02840249054133892,7.341247081756592,0.46747876792662046,0.5009823423461057,0.6931452505657338,0.5009823423461057,0.7802728954120539,0.5,1.0,0.5,nan
metadata_order,0,sub-07,1,tent_literal,ses-1,0,63,False,32,242040655,EEGTTA-PHASE1|v1|metadata_order|tent_literal|sub-07|1|0,1538145311,True,True,0.6076028347015381,0.5005236864089966,0.46875,0.661469578742981,0.6076028347015381,0.05697578564286232,0.008516792207956314,6.527159690856934,0.6076028203673911,0.5005237073637545,0.6931466320210393,0.5005237073637545,0.6614696173928678,0.46875,0.0,0.53125,nan
metadata_order,1,sub-07,1,tent_literal,ses-1,0,63,True,31,1373928136,EEGTTA-PHASE1|v1|metadata_order|tent_literal|sub-07|1|1,242040655,True,True,0.5946428179740906,0.5086925625801086,0.5161290168762207,0.6756594777107239,0.5946428179740906,0.06894921511411667,0.015227649360895157,6.528003692626953,0.594642836044995,0.5086925851721917,0.6929960508724462,0.5086925851721917,0.6756594666550236,0.5161290322580645,0.0,0.4838709677419355,nan
metadata_order,2,sub-07,1,tent_literal,ses-2,1,68,False,32,283589402,EEGTTA-PHASE1|v1|metadata_order|tent_literal|sub-07|1|2,1373928136,True,True,0.5765255689620972,0.5107064843177795,0.53125,0.6841132640838623,0.5765255689620972,0.07322819530963898,0.020330458879470825,6.528845310211182,0.576525554379522,0.5107064775656909,0.6929179057133619,0.5107064775656909,0.6841132410336286,0.53125,1.0,0.53125,nan
metadata_order,3,sub-07,1,tent_literal,ses-2,1,68,False,32,1608383291,EEGTTA-PHASE1|v1|metadata_order|tent_literal|sub-07|1|3,283589402,True,True,0.5438112020492554,0.5235359072685242,0.53125,0.7269967198371887,0.5438112020492554,0.09459167718887329,0.025607209652662277,6.529644966125488,0.5438112205192258,0.5235359111684375,0.6920388928364528,0.5235359111684375,0.7269967531901784,0.53125,1.0,0.53125,nan
metadata_order,4,sub-07,1,tent_literal,ses-2,1,68,True,4,467757812,EEGTTA-PHASE1|v1|metadata_order|tent_literal|sub-07|1|4,1608383291,True,True,0.6313083171844482,0.5724854469299316,0.75,0.6585015654563904,0.6313083171844482,0.13796007633209229,0.030249183997511864,6.530331611633301,0.6313082872401844,0.572485476732254,0.6826017708804075,0.572485476732254,0.6585015654563904,0.75,1.0,0.75,nan
metadata_order,0,sub-08,1,tent_literal,ses-2,0,62,False,32,605905381,EEGTTA-PHASE1|v1|metadata_order|tent_literal|sub-08|1|0,1887680649,True,True,0.46486514806747437,0.4882824420928955,0.5,0.767433226108551,0.46486514806747437,0.12900125980377197,0.008577611297369003,7.23908805847168,0.464865138451785,0.48828245035838336,0.6928725534798061,0.5117175496416166,0.7674332252936438,0.5,1.0,0.5,nan
metadata_order,1,sub-08,1,tent_literal,ses-2,0,62,True,30,674519721,EEGTTA-PHASE1|v1|metadata_order|tent_literal|sub-08|1|1,605905381,True,True,0.5551773309707642,0.5111238956451416,0.5333333611488342,0.7152126431465149,0.5551773309707642,0.11131244897842407,0.013078992255032063,7.241504669189453,0.5551772638704332,0.5111238323152065,0.6928996808498156,0.5111238323152065,0.7152126111090183,0.5333333333333333,1.0,0.5333333333333333,nan
metadata_order,2,sub-08,1,tent_literal,ses-1,1,65,False,32,1463086513,EEGTTA-PHASE1|v1|metadata_order|tent_literal|sub-08|1|2,674519721,True,True,0.45886170864105225,0.4963441491127014,0.4375,0.7622963786125183,0.45886170864105225,0.11590923368930817,0.017553025856614113,7.243200302124023,0.4588616941988376,0.49634415068430826,0.6931204498533294,0.5036558493156917,0.7622964105685242,0.4375,0.0,0.5625,nan
metadata_order,3,sub-08,1,tent_literal,ses-1,1,65,False,32,1504032467,EEGTTA-PHASE1|v1|metadata_order|tent_literal|sub-08|1|3,1463086513,True,True,0.45566773414611816,0.49959349632263184,0.46875,0.7720577120780945,0.45566773414611816,0.13203004002571106,0.022070175036787987,7.245100498199463,0.45566774968489,0.49959350856079254,0.6931468500893286,0.5004064914392075,0.772057714741095,0.46875,0.0,0.53125,nan
metadata_order,4,sub-08,1,tent_literal,ses-1,1,65,True,1,311239134,EEGTTA-PHASE1|v1|metadata_order|tent_literal|sub-08|1|4,1504032467,True,True,0.67765212059021,0.41220802068710327,0.0,0.587791919708252,0.67765212059021,0.20039397478103638,0.025554919615387917,7.24644660949707,0.6776521180854782,0.41220802068710327,0.6776521180854782,0.5877919793128967,0.5877919793128967,0.0,0.0,1.0,nan
metadata_order,0,sub-09,1,tent_literal,ses-2,0,58,False,32,898271024,EEGTTA-PHASE1|v1|metadata_order|tent_literal|sub-09|1|0,941246497,True,True,0.550175666809082,0.48901230096817017,0.4375,0.7114989757537842,0.550175666809082,0.07772544026374817,0.008506305515766144,6.695673942565918,0.5501756475029382,0.4890122995711863,0.6929057020005944,0.5109877004288137,0.7114989547990263,0.4375,1.0,0.4375,nan
metadata_order,1,sub-09,1,tent_literal,ses-2,0,58,True,26,1399296823,EEGTTA-PHASE1|v1|metadata_order|tent_literal|sub-09|1|1,898271024,True,True,0.5730560421943665,0.49350816011428833,0.46153849363327026,0.6980246305465698,0.5730560421943665,0.07230457663536072,0.014820555225014687,6.698429584503174,0.5730559984185792,0.4935081828958713,0.6930628908130381,0.5064918171041287,0.6980245710852054,0.46153846153846156,1.0,0.46153846153846156,nan
metadata_order,2,sub-09,1,tent_literal,ses-1,1,69,False,32,1963171893,EEGTTA-PHASE1|v1|metadata_order|tent_literal|sub-09|1|2,1399296823,True,True,0.5445807576179504,0.5565822124481201,0.625,0.7102756500244141,0.5445807576179504,0.10922225564718246,0.019575856626033783,6.700840950012207,0.5445807730456522,0.5565822269363707,0.6867303467094703,0.5565822269363707,0.7102756429867441,0.625,0.0,0.375,nan
metadata_order,3,sub-09,1,tent_literal,ses-1,1,69,False,32,98541208,EEGTTA-PHASE1|v1|metadata_order|tent_literal|sub-09|1|3,1963171893,True,True,0.5313469171524048,0.5580734014511108,0.625,0.7276768684387207,0.5313469171524048,0.11343961209058762,0.024518217891454697,6.703271389007568,0.5313469191232859,0.5580734384784591,0.6863868843914913,0.5580734384784591,0.7276768090596306,0.625,0.0,0.375,nan
metadata_order,4,sub-09,1,tent_literal,ses-1,1,69,True,5,582724887,EEGTTA-PHASE1|v1|metadata_order|tent_literal|sub-09|1|4,98541208,True,True,0.6644425392150879,0.556354820728302,0.6000000238418579,0.5898308753967285,0.6644425392150879,0.1250002682209015,0.028975501656532288,6.704956531524658,0.6644425543125505,0.5563548028469085,0.686781936000314,0.5563548028469085,0.589830881357193,0.6,0.0,0.4,nan
metadata_order,0,sub-10,1,tent_literal,ses-2,0,71,False,32,98390284,EEGTTA-PHASE1|v1|metadata_order|tent_literal|sub-10|1|0,712588811,True,True,0.5050837397575378,0.577684760093689,0.625,0.7611891031265259,0.5050837397575378,0.12923453748226166,0.008529881946742535,7.0386762619018555,0.5050837513906097,0.5776847847737372,0.6810282935001175,0.5776847847737372,0.7611891007982194,0.625,1.0,0.625,nan
metadata_order,1,sub-10,1,tent_literal,ses-2,0,71,False,32,1777202587,EEGTTA-PHASE1|v1|metadata_order|tent_literal|sub-10|1|1,98390284,True,True,0.5622615814208984,0.5484283566474915,0.59375,0.7051747441291809,0.5622615814208984,0.08891215920448303,0.014879650436341763,7.040225028991699,0.5622615849120327,0.5484283920377493,0.6884492006227161,0.5484283920377493,0.7051747534424067,0.59375,1.0,0.59375,nan
metadata_order,2,sub-10,1,tent_literal,ses-2,0,71,True,7,858264200,EEGTTA-PHASE1|v1|metadata_order|tent_literal|sub-10|1|2,1777202587,True,True,0.619377076625824,0.5987979769706726,0.8571429252624512,0.6485106945037842,0.619377076625824,0.2180880606174469,0.02074303850531578,7.041572093963623,0.6193770426036412,0.5987979386534009,0.6734960516291646,0.5987979386534009,0.648510605096817,0.8571428571428571,1.0,0.8571428571428571,nan
metadata_order,3,sub-10,1,tent_literal,ses-1,1,69,False,32,657326274,EEGTTA-PHASE1|v1|metadata_order|tent_literal|sub-10|1|3,858264200,True,True,0.48965275287628174,0.5764418840408325,0.65625,0.7642463445663452,0.48965275287628174,0.15419715642929077,0.026606541126966476,7.042860984802246,0.48965275110128126,0.5764418471371755,0.681414511108393,0.5764418471371755,0.7642463144147769,0.65625,0.0,0.34375,nan
metadata_order,4,sub-10,1,tent_literal,ses-1,1,69,False,32,490794871,EEGTTA-PHASE1|v1|metadata_order|tent_literal|sub-10|1|4,657326274,True,True,0.4573298990726471,0.5641044974327087,0.5625,0.7789876461029053,0.4573298990726471,0.11048254370689392,0.032256755977869034,7.044430732727051,0.4573298907949796,0.5641044850726757,0.6849057451263192,0.5641044850726757,0.778987691990551,0.5625,0.0,0.4375,nan
metadata_order,5,sub-10,1,tent_literal,ses-1,1,69,True,5,105984690,EEGTTA-PHASE1|v1|metadata_order|tent_literal|sub-10|1|5,490794871,True,True,0.596693217754364,0.5350911021232605,0.20000000298023224,0.6367222666740417,0.596693217754364,0.11327426135540009,0.0371340811252594,7.045833110809326,0.5966932066440134,0.5350911378860473,0.690682378894752,0.5350911378860473,0.6367222785949707,0.2,0.0,0.8,nan
metadata_order,0,sub-11,1,tent_literal,ses-2,0,66,False,32,1723245538,EEGTTA-PHASE1|v1|metadata_order|tent_literal|sub-11|1|0,589216138,True,True,0.4041895270347595,0.5137035250663757,0.5,0.8123963475227356,0.4041895270347595,0.11049360781908035,0.008624210953712463,8.636388778686523,0.40418954561418513,0.513703526392419,0.6927715602562098,0.513703526392419,0.8123963387461117,0.5,1.0,0.5,nan
metadata_order,1,sub-11,1,tent_literal,ses-2,0,66,False,32,1417326941,EEGTTA-PHASE1|v1|metadata_order|tent_literal|sub-11|1|1,1723245538,True,True,0.34599316120147705,0.48667845129966736,0.46875,0.8406802415847778,0.34599316120147705,0.10596958547830582,0.015270506963133812,8.638575553894043,0.3459931479681535,0.4866784516343614,0.6927922112551719,0.5133215483656386,0.8406802896788577,0.46875,1.0,0.46875,nan
metadata_order,2,sub-11,1,tent_literal,ses-2,0,66,True,2,1341411920,EEGTTA-PHASE1|v1|metadata_order|tent_literal|sub-11|1|2,1417326941,True,True,0.3603050708770752,0.603069543838501,0.5,0.8581783771514893,0.3603050708770752,0.532129168510437,0.018134066835045815,8.640417098999023,0.3603051594501646,0.6030695512890816,0.6717474247075894,0.6030695512890816,0.8581783697009087,0.5,1.0,0.5,nan
metadata_order,3,sub-11,1,tent_literal,ses-1,1,64,False,32,164623268,EEGTTA-PHASE1|v1|metadata_order|tent_literal|sub-11|1|3,1341411920,True,True,0.33337152004241943,0.4748602509498596,0.46875,0.8528684377670288,0.33337152004241943,0.17702968418598175,0.02170121856033802,8.642276763916016,0.3333715330114886,0.4748602610779926,0.691882634498292,0.5251397389220074,0.8528684164630249,0.46875,0.0,0.53125,nan
metadata_order,4,sub-11,1,tent_literal,ses-1,1,64,True,32,1952408691,EEGTTA-PHASE1|v1|metadata_order|tent_literal|sub-11|1|4,164623268,True,True,0.2664586901664734,0.5362206697463989,0.53125,0.8862072229385376,0.2664586901664734,0.09790459275245667,0.025761932134628296,8.644170761108398,0.2664586704096823,0.536220652560587,0.690521009485034,0.536220652560587,0.8862072736519622,0.53125,0.0,0.46875,nan
metadata_order,0,sub-12,1,tent_literal,ses-2,0,66,False,32,14532621,EEGTTA-PHASE1|v1|metadata_order|tent_literal|sub-12|1|0,1260062370,True,True,0.6400119662284851,0.4924851059913635,0.5,0.6375199556350708,0.6400119662284851,0.03358161449432373,0.00849494244903326,6.36479377746582,0.6400119410213448,0.49248511902987957,0.693034229435239,0.5075148809701204,0.6375199239701033,0.5,1.0,0.5,nan
metadata_order,1,sub-12,1,tent_literal,ses-2,0,66,False,32,880421977,EEGTTA-PHASE1|v1|metadata_order|tent_literal|sub-12|1|1,14532621,True,True,0.6590409278869629,0.5324574708938599,0.5625,0.6024279594421387,0.6590409278869629,0.04181968793272972,0.01410413347184658,6.365971565246582,0.659040940693688,0.5324574811384082,0.6910387221134543,0.5324574811384082,0.6024279752746224,0.5625,1.0,0.5625,nan
metadata_order,2,sub-12,1,tent_literal,ses-2,0,66,True,2,1856029732,EEGTTA-PHASE1|v1|metadata_order|tent_literal|sub-12|1|2,880421977,True,True,0.6856658458709717,0.4992417097091675,0.5,0.5610798597335815,0.6856658458709717,0.03527269512414932,0.018394041806459427,6.366718292236328,0.6856658449424431,0.4992417097091675,0.6931460305511741,0.5007582902908325,0.5610798597335815,0.5,1.0,0.5,nan
metadata_order,3,sub-12,1,tent_literal,ses-1,1,57,False,32,1621522276,EEGTTA-PHASE1|v1|metadata_order|tent_literal|sub-12|1|3,1856029732,True,True,0.637008786201477,0.5141434073448181,0.5625,0.6356066465377808,0.637008786201477,0.04782061278820038,0.023345598950982094,6.3676581382751465,0.6370087849963102,0.5141433971002698,0.6927470558274251,0.5141433971002698,0.6356066456064582,0.5625,0.0,0.4375,nan
metadata_order,4,sub-12,1,tent_literal,ses-1,1,57,True,25,1031601684,EEGTTA-PHASE1|v1|metadata_order|tent_literal|sub-12|1|4,1621522276,True,True,0.645304799079895,0.4909818470478058,0.47999998927116394,0.6345889568328857,0.645304799079895,0.04494689032435417,0.028197843581438065,6.3686041831970215,0.6453047701125827,0.4909818470478058,0.6929845175746667,0.5090181529521942,0.634588998556137,0.48,0.0,0.52,nan
metadata_order,0,sub-13,1,tent_literal,ses-2,0,69,False,32,633991808,EEGTTA-PHASE1|v1|metadata_order|tent_literal|sub-13|1|0,701830199,True,True,0.5735903978347778,0.5442425012588501,0.5625,0.6831169128417969,0.5735903978347778,0.0801907628774643,0.008534506894648075,6.8953375816345215,0.5735904577454478,0.544242499396205,0.6892272584412196,0.544242499396205,0.6831169184297323,0.5625,1.0,0.5625,nan
metadata_order,1,sub-13,1,tent_literal,ses-2,0,69,False,32,2116952514,EEGTTA-PHASE1|v1|metadata_order|tent_literal|sub-13|1|1,633991808,True,True,0.550947904586792,0.5641428828239441,0.625,0.7181126475334167,0.550947904586792,0.11751539260149002,0.014959787018597126,6.897045612335205,0.5509478908038172,0.5641428609378636,0.684895847416717,0.5641428609378636,0.7181126396171749,0.625,1.0,0.625,nan
metadata_order,2,sub-13,1,tent_literal,ses-2,0,69,True,5,1302766356,EEGTTA-PHASE1|v1|metadata_order|tent_literal|sub-13|1|2,2116952514,True,True,0.4977751672267914,0.40270501375198364,0.20000000298023224,0.7616868615150452,0.4977751672267914,0.22815702855587006,0.018462659791111946,6.897960186004639,0.49777513799130146,0.40270499885082245,0.6740932172354737,0.5972950011491776,0.7616868764162064,0.2,1.0,0.2,nan
metadata_order,3,sub-13,1,tent_literal,ses-1,1,72,False,32,1961885897,EEGTTA-PHASE1|v1|metadata_order|tent_literal|sub-13|1|3,1302766356,True,True,0.5088709592819214,0.557723343372345,0.625,0.7550739049911499,0.5088709592819214,0.12437854707241058,0.02269677445292473,6.899263858795166,0.5088710032933292,0.5577233469521161,0.6864683286784437,0.5577233469521161,0.7550738567078952,0.625,0.0,0.375,nan
metadata_order,4,sub-13,1,tent_literal,ses-1,1,72,False,32,1378900726,EEGTTA-PHASE1|v1|metadata_order|tent_literal|sub-13|1|4,1961885897,True,True,0.5311682820320129,0.513079047203064,0.4375,0.7380548715591431,0.5311682820320129,0.10873675346374512,0.026824796572327614,6.900551795959473,0.5311682924882061,0.5130791077390313,0.6928050154140037,0.5130791077390313,0.7380548482760787,0.4375,0.0,0.5625,nan
metadata_order,5,sub-13,1,tent_literal,ses-1,1,72,True,8,1216252218,EEGTTA-PHASE1|v1|metadata_order|tent_literal|sub-13|1|5,1378900726,True,True,0.610403299331665,0.5564093589782715,0.5,0.6647903323173523,0.610403299331665,0.09832511097192764,0.030834687873721123,6.901967525482178,0.6104033156796501,0.5564093291759491,0.6867695862478268,0.5564093291759491,0.6647903323173523,0.5,0.0,0.5,nan
metadata_order,0,sub-14,1,tent_literal,ses-2,0,70,False,32,1207441192,EEGTTA-PHASE1|v1|metadata_order|tent_literal|sub-14|1|0,1878164063,True,True,0.6109781861305237,0.5060063600540161,0.46875,0.6530296206474304,0.6109781861305237,0.051445603370666504,0.008540106005966663,6.775978088378906,0.6109781502535447,0.5060063153505325,0.6930750271763783,0.5060063153505325,0.6530295982956886,0.46875,1.0,0.46875,nan
metadata_order,1,sub-14,1,tent_literal,ses-2,0,70,False,32,1520041410,EEGTTA-PHASE1|v1|metadata_order|tent_literal|sub-14|1|1,1207441192,True,True,0.5905486345291138,0.5257483720779419,0.46875,0.6805911064147949,0.5905486345291138,0.06449346989393234,0.013773086480796337,6.778037071228027,0.5905486167715887,0.5257483907043934,0.6918206346336839,0.5257483907043934,0.6805911250412464,0.46875,1.0,0.46875,nan
metadata_order,2,sub-14,1,tent_literal,ses-2,0,70,True,6,1561056266,EEGTTA-PHASE1|v1|metadata_order|tent_literal|sub-14|1|2,1520041410,True,True,0.6523483991622925,0.5542391538619995,0.6666666865348816,0.623037576675415,0.6523483991622925,0.12247870117425919,0.01777009665966034,6.7789154052734375,0.6523483764135095,0.5542391190926234,0.6872518222583608,0.5542391190926234,0.6230375717083613,0.6666666666666666,1.0,0.6666666666666666,nan
metadata_order,3,sub-14,1,tent_literal,ses-1,1,71,False,32,2069527811,EEGTTA-PHASE1|v1|metadata_order|tent_literal|sub-14|1|3,1561056266,True,True,0.5591509342193604,0.5300896763801575,0.5625,0.6996305584907532,0.5591509342193604,0.08689168095588684,0.02224942110478878,6.779794216156006,0.5591509170161623,0.5300896456465125,0.6913353124563586,0.5300896456465125,0.6996305258944631,0.5625,0.0,0.4375,nan
metadata_order,4,sub-14,1,tent_literal,ses-1,1,71,False,32,670836321,EEGTTA-PHASE1|v1|metadata_order|tent_literal|sub-14|1|4,2069527811,True,True,0.5856349468231201,0.5023276805877686,0.4375,0.6901042461395264,0.5856349468231201,0.08818718045949936,0.026637475937604904,6.781246185302734,0.5856349718524072,0.5023276302963495,0.6931363447952144,0.5023276302963495,0.6901042219251394,0.4375,0.0,0.5625,nan
metadata_order,5,sub-14,1,tent_literal,ses-1,1,71,True,7,351965667,EEGTTA-PHASE1|v1|metadata_order|tent_literal|sub-14|1|5,670836321,True,True,0.5722061991691589,0.46292275190353394,0.4285714626312256,0.7093718647956848,0.5722061991691589,0.09660086035728455,0.03085329569876194,6.782809734344482,0.5722061402263632,0.46292274658169064,0.6903952097422457,0.5370772534183094,0.7093718360577311,0.42857142857142855,0.0,0.5714285714285714,nan
metadata_order,0,sub-15,1,tent_literal,ses-2,0,73,False,32,668124720,EEGTTA-PHASE1|v1|metadata_order|tent_literal|sub-15|1|0,1797318226,True,True,0.6343994140625,0.5235177278518677,0.40625,0.6302560567855835,0.6343994140625,0.03528555482625961,0.008506698533892632,6.378340721130371,0.6343994492893006,0.5235177390277386,0.6920406042313387,0.5235177390277386,0.6302560269832611,0.40625,1.0,0.40625,nan
metadata_order,1,sub-15,1,tent_literal,ses-2,0,73,False,32,404704799,EEGTTA-PHASE1|v1|metadata_order|tent_literal|sub-15|1|1,668124720,True,True,0.6498099565505981,0.5320706367492676,0.46875,0.6157793998718262,0.6498099565505981,0.03736162185668945,0.01484077051281929,6.380593299865723,0.6498099317283521,0.5320706544443965,0.691088713990622,0.5320706544443965,0.6157793933525681,0.46875,1.0,0.46875,nan
metadata_order,2,sub-15,1,tent_literal,ses-2,0,73,True,9,1694982480,EEGTTA-PHASE1|v1|metadata_order|tent_literal|sub-15|1|2,404704799,True,True,0.6635792255401611,0.5252471566200256,0.5555555820465088,0.5901084542274475,0.6635792255401611,0.041857242584228516,0.020559726282954216,6.382142066955566,0.6635791864976334,0.525247206290563,0.6918717954142932,0.525247206290563,0.5901084972752465,0.5555555555555556,1.0,0.5555555555555556,nan
metadata_order,3,sub-15,1,tent_literal,ses-1,1,73,False,32,1051748794,EEGTTA-PHASE1|v1|metadata_order|tent_literal|sub-15|1|3,1694982480,True,True,0.6466350555419922,0.5277880430221558,0.5,0.6267503499984741,0.6466350555419922,0.04218587651848793,0.02630011737346649,6.38394021987915,0.6466350362556179,0.5277880718931556,0.6916020306873829,0.5277880718931556,0.6267503323033452,0.5,0.0,0.5,nan
metadata_order,4,sub-15,1,tent_literal,ses-1,1,73,False,32,1918719878,EEGTTA-PHASE1|v1|metadata_order|tent_literal|sub-15|1|4,1051748794,True,True,0.6579259037971497,0.5043522715568542,0.46875,0.6105136275291443,0.6579259037971497,0.022887427359819412,0.03198329731822014,6.385741710662842,0.6579258852082293,0.5043522352352738,0.6931092961784477,0.5043522352352738,0.6105136116966605,0.46875,0.0,0.53125,nan
metadata_order,5,sub-15,1,tent_literal,ses-1,1,73,True,9,907938492,EEGTTA-PHASE1|v1|metadata_order|tent_literal|sub-15|1|5,1918719878,True,True,0.6519821882247925,0.4990993142127991,0.4444444477558136,0.6178039908409119,0.6519821882247925,0.04157961532473564,0.03680058941245079,6.387381553649902,0.6519822014381559,0.49909936057196724,0.6931455582563093,0.5009006394280328,0.6178040107091268,0.4444444444444444,0.0,0.5555555555555556,nan
metadata_order,0,sub-16,1,tent_literal,ses-2,0,73,False,32,1732679025,EEGTTA-PHASE1|v1|metadata_order|tent_literal|sub-16|1|0,355788320,True,True,0.6008754968643188,0.44687557220458984,0.375,0.6766371726989746,0.6008754968643188,0.10275088995695114,0.008544599637389183,6.5963826179504395,0.6008754602983405,0.4468755645211786,0.6874921012310801,0.5531244354788214,0.6766371915582567,0.375,1.0,0.375,nan
metadata_order,1,sub-16,1,tent_literal,ses-2,0,73,False,32,1991108103,EEGTTA-PHASE1|v1|metadata_order|tent_literal|sub-16|1|1,1732679025,True,True,0.6303266286849976,0.45400938391685486,0.4375,0.6433168649673462,0.6303266286849976,0.09125537425279617,0.015154751017689705,6.596726894378662,0.6303265773844677,0.45400937320664525,0.6889109196981862,0.5459906267933547,0.6433168607763946,0.4375,1.0,0.4375,nan
metadata_order,2,sub-16,1,tent_literal,ses-2,0,73,True,9,434883131,EEGTTA-PHASE1|v1|metadata_order|tent_literal|sub-16|1|2,1991108103,True,True,0.5416228771209717,0.4686371386051178,0.4444444477558136,0.7525784373283386,0.5416228771209717,0.11671588569879532,0.02088170498609543,6.597918510437012,0.541622843188993,0.4686371667517556,0.6911786338764419,0.5313628332482444,0.7525784522294998,0.4444444444444444,1.0,0.4444444444444444,nan
metadata_order,3,sub-16,1,tent_literal,ses-1,1,72,False,32,508503428,EEGTTA-PHASE1|v1|metadata_order|tent_literal|sub-16|1|3,434883131,True,True,0.5969127416610718,0.4293000102043152,0.375,0.6737467050552368,0.5969127416610718,0.10285987704992294,0.02656128816306591,6.599008560180664,0.5969127778382568,0.4293000013567507,0.683116618428357,0.5706999986432493,0.673746710177511,0.375,0.0,0.625,nan
metadata_order,4,sub-16,1,tent_literal,ses-1,1,72,False,32,1824018750,EEGTTA-PHASE1|v1|metadata_order|tent_literal|sub-16|1|4,508503428,True,True,0.6040273308753967,0.46446093916893005,0.40625,0.672114908695221,0.6040273308753967,0.08246409893035889,0.03226800635457039,6.60026216506958,0.6040273051636558,0.4644609480164945,0.6906190008446723,0.5355390519835055,0.672114881221205,0.40625,0.0,0.59375,nan
metadata_order,5,sub-16,1,tent_literal,ses-1,1,72,True,8,1983630317,EEGTTA-PHASE1|v1|metadata_order|tent_literal|sub-16|1|5,1824018750,True,True,0.647178590297699,0.467193067073822,0.375,0.6281150579452515,0.647178590297699,0.08892345428466797,0.037740807980298996,6.601275444030762,0.647178579479851,0.4671930857002735,0.6909930460982839,0.5328069142997265,0.6281150095164776,0.375,0.0,0.625,nan
metadata_order,0,sub-17,1,tent_literal,ses-2,0,73,False,32,1378257913,EEGTTA-PHASE1|v1|metadata_order|tent_literal|sub-17|1|0,214595105,True,True,0.5178086757659912,0.500148594379425,0.625,0.74250328540802,0.5178086757659912,0.09693895280361176,0.008558874018490314,7.126111030578613,0.5178086125389812,0.5001486124237999,0.6931471363886397,0.5001486124237999,0.7425033381441608,0.625,1.0,0.625,nan
metadata_order,1,sub-17,1,tent_literal,ses-2,0,73,False,32,1138061968,EEGTTA-PHASE1|v1|metadata_order|tent_literal|sub-17|1|1,1378257913,True,True,0.4653022885322571,0.4817183017730713,0.46875,0.7915282249450684,0.4653022885322571,0.10467768460512161,0.013938568532466888,7.127584934234619,0.46530229071167173,0.4817182762781158,0.6924785886971438,0.5182817237218842,0.7915281871100888,0.46875,1.0,0.46875,nan
metadata_order,2,sub-17,1,tent_literal,ses-2,0,73,True,9,116796805,EEGTTA-PHASE1|v1|metadata_order|tent_literal|sub-17|1|2,1138061968,True,True,0.6123605966567993,0.44827985763549805,0.4444444477558136,0.6654991507530212,0.6123605966567993,0.1430211067199707,0.018117187544703484,7.129238128662109,0.6123605863711004,0.44827985763549805,0.687787652596735,0.551720142364502,0.6654991441302829,0.4444444444444444,1.0,0.4444444444444444,nan
metadata_order,3,sub-17,1,tent_literal,ses-1,1,73,False,32,1446572596,EEGTTA-PHASE1|v1|metadata_order|tent_literal|sub-17|1|3,116796805,True,True,0.5332923531532288,0.4887596070766449,0.5,0.7244807481765747,0.5332923531532288,0.06726347655057907,0.02264164201915264,7.131139755249023,0.5332923873232724,0.48875960981240496,0.6928944665279618,0.511240390187595,0.7244807417155243,0.5,0.0,0.5,nan
metadata_order,4,sub-17,1,tent_literal,ses-1,1,73,False,32,1246865591,EEGTTA-PHASE1|v1|metadata_order|tent_literal|sub-17|1|4,1446572596,True,True,0.4740457534790039,0.6093971133232117,0.65625,0.77586829662323,0.4740457534790039,0.15691331028938293,0.02716902643442154,7.133124351501465,0.4740457805277827,0.6093971113590331,0.6690170025254536,0.6093971113590331,0.775868291136828,0.65625,0.0,0.34375,nan
metadata_order,5,sub-17,1,tent_literal,ses-1,1,73,True,9,470206857,EEGTTA-PHASE1|v1|metadata_order|tent_literal|sub-17|1|5,1246865591,True,True,0.5181660056114197,0.5748939514160156,0.7777777910232544,0.7226429581642151,0.5181660056114197,0.19994139671325684,0.030883627012372017,7.135199069976807,0.5181659832963139,0.5748939959125386,0.6818866287482305,0.5748939959125386,0.7226429600268602,0.7777777777777778,0.0,0.2222222222222222,nan
metadata_order,0,sub-18,1,tent_literal,ses-2,0,70,False,32,416889394,EEGTTA-PHASE1|v1|metadata_order|tent_literal|sub-18|1|0,2035729089,True,True,0.6771594285964966,0.46839019656181335,0.21875,0.5688644051551819,0.6771594285964966,0.03552054613828659,0.008485193364322186,6.3279290199279785,0.6771593888556867,0.46839020028710365,0.6911474884054472,0.5316097997128963,0.5688644088804722,0.21875,1.0,0.21875,nan
metadata_order,1,sub-18,1,tent_literal,ses-2,0,70,False,32,1146697748,EEGTTA-PHASE1|v1|metadata_order|tent_literal|sub-18|1|1,416889394,True,True,0.6690077781677246,0.4725990891456604,0.53125,0.5850589275360107,0.6690077781677246,0.03841400519013405,0.0143816526979208,6.328066349029541,0.6690077439456796,0.47259909426793456,0.6916448087655531,0.5274009057320654,0.5850589186884463,0.53125,1.0,0.53125,nan
metadata_order,2,sub-18,1,tent_literal,ses-2,0,70,True,6,1319211512,EEGTTA-PHASE1|v1|metadata_order|tent_literal|sub-18|1|2,1146697748,True,True,0.632408857345581,0.4499013423919678,0.3333333432674408,0.6595499515533447,0.632408857345581,0.08556824177503586,0.019353393465280533,6.328433036804199,0.632408815802353,0.4499013175566991,0.6881189913656187,0.550098682443301,0.6595499366521835,0.3333333333333333,1.0,0.3333333333333333,nan
metadata_order,3,sub-18,1,tent_literal,ses-1,1,73,False,32,578505291,EEGTTA-PHASE1|v1|metadata_order|tent_literal|sub-18|1|3,1319211512,True,True,0.6663416028022766,0.46709388494491577,0.5,0.5879853367805481,0.6663416028022766,0.03864985331892967,0.024799756705760956,6.328904628753662,0.6663416094730443,0.46709388867020607,0.69097999020994,0.5329061113297939,0.5879853405058384,0.5,0.0,0.5,nan
metadata_order,4,sub-18,1,tent_literal,ses-1,1,73,False,32,1457397057,EEGTTA-PHASE1|v1|metadata_order|tent_literal|sub-18|1|4,578505291,True,True,0.6697902083396912,0.46194905042648315,0.34375,0.5854234099388123,0.6697902083396912,0.049489088356494904,0.030239827930927277,6.329319000244141,0.6697902139444701,0.4619490737095475,0.6902486329665728,0.5380509262904525,0.5854234164580703,0.34375,0.0,0.65625,nan
metadata_order,5,sub-18,1,tent_literal,ses-1,1,73,True,9,1933853128,EEGTTA-PHASE1|v1|metadata_order|tent_literal|sub-18|1|5,1457397057,True,True,0.6646397113800049,0.482681542634964,0.4444444477558136,0.5859142541885376,0.6646397113800049,0.046052753925323486,0.03518570959568024,6.329660892486572,0.6646396812961902,0.4826815327008565,0.6925472019397116,0.5173184672991435,0.5859142740567526,0.4444444444444444,0.0,0.5555555555555556,nan
metadata_order,0,sub-19,1,tent_literal,ses-2,0,72,False,32,1736142261,EEGTTA-PHASE1|v1|metadata_order|tent_literal|sub-19|1|0,738505742,True,True,0.6238940954208374,0.4905310273170471,0.4375,0.6490490436553955,0.6238940954208374,0.05537664145231247,0.008516180329024792,6.451396942138672,0.6238941007658608,0.49053101846948266,0.6929678466170173,0.5094689815305173,0.649049015250057,0.4375,1.0,0.4375,nan
metadata_order,1,sub-19,1,tent_literal,ses-2,0,72,False,32,1332017516,EEGTTA-PHASE1|v1|metadata_order|tent_literal|sub-19|1|1,1736142261,True,True,0.6167106032371521,0.49453333020210266,0.5,0.6659543514251709,0.6167106032371521,0.04858097806572914,0.015055913478136063,6.452380657196045,0.6167106180615007,0.4945333180949092,0.6930874101469988,0.5054666819050908,0.6659543747082353,0.5,1.0,0.5,nan
metadata_order,2,sub-19,1,tent_literal,ses-2,0,72,True,8,250381476,EEGTTA-PHASE1|v1|metadata_order|tent_literal|sub-19|1|2,1332017516,True,True,0.638702929019928,0.5040114521980286,0.5,0.6266044974327087,0.638702929019928,0.06093280389904976,0.020066408440470695,6.453254222869873,0.6387028986842886,0.5040114466100931,0.693114996806868,0.5040114466100931,0.6266044583171606,0.5,1.0,0.5,nan
metadata_order,3,sub-19,1,tent_literal,ses-1,1,72,False,32,2074919990,EEGTTA-PHASE1|v1|metadata_order|tent_literal|sub-19|1|3,250381476,True,True,0.6309301853179932,0.4791971445083618,0.4375,0.6498919129371643,0.6309301853179932,0.052393972873687744,0.025457678362727165,6.454034328460693,0.6309301793776756,0.4791971337981522,0.692281412195044,0.5208028662018478,0.6498919534496963,0.4375,0.0,0.5625,nan
metadata_order,4,sub-19,1,tent_literal,ses-1,1,72,False,32,1503229301,EEGTTA-PHASE1|v1|metadata_order|tent_literal|sub-19|1|4,2074919990,True,True,0.624690055847168,0.47891974449157715,0.5,0.638459324836731,0.624690055847168,0.05866905301809311,0.031149500980973244,6.454674243927002,0.6246901131373193,0.4789197714999318,0.6922581650119223,0.5210802285000682,0.6384593090042472,0.5,0.0,0.5,nan
metadata_order,5,sub-19,1,tent_literal,ses-1,1,72,True,8,1722490775,EEGTTA-PHASE1|v1|metadata_order|tent_literal|sub-19|1|5,1503229301,True,True,0.620003342628479,0.5130258202552795,0.75,0.6511750221252441,0.620003342628479,0.0644267126917839,0.036335017532110214,6.455231666564941,0.6200033386240282,0.5130258295685053,0.6928077976927354,0.5130258295685053,0.6511750724166632,0.75,0.0,0.25,nan
metadata_order,0,sub-20,1,tent_literal,ses-2,0,69,False,32,1955818147,EEGTTA-PHASE1|v1|metadata_order|tent_literal|sub-20|1|0,1881869176,True,True,0.6450070142745972,0.4612014889717102,0.40625,0.616142749786377,0.6450070142745972,0.04750623553991318,0.008495079353451729,6.340352535247803,0.6450070051660491,0.4612014661543071,0.6901334994595233,0.5387985338456929,0.6161427837796509,0.40625,1.0,0.40625,nan
metadata_order,1,sub-20,1,tent_literal,ses-2,0,69,False,32,1471493596,EEGTTA-PHASE1|v1|metadata_order|tent_literal|sub-20|1|1,1955818147,True,True,0.6547003984451294,0.4590451717376709,0.34375,0.6074996590614319,0.6547003984451294,0.051821283996105194,0.015423601493239403,6.34106969833374,0.6547003982584171,0.4590451824478805,0.6897888251947578,0.5409548175521195,0.607499681878835,0.34375,1.0,0.34375,nan
metadata_order,2,sub-20,1,tent_literal,ses-2,0,69,True,5,506076534,EEGTTA-PHASE1|v1|metadata_order|tent_literal|sub-20|1|2,1471493596,True,True,0.676541268825531,0.4402930736541748,0.20000000298023224,0.5662051439285278,0.676541268825531,0.06402140110731125,0.02122444473206997,6.341453552246094,0.6765412903431717,0.44029306769371035,0.6860003027813757,0.5597069323062897,0.5662051498889923,0.2,1.0,0.2,nan
metadata_order,3,sub-20,1,tent_literal,ses-1,1,74,False,32,122022299,EEGTTA-PHASE1|v1|metadata_order|tent_literal|sub-20|1|3,506076534,True,True,0.6410103440284729,0.4414396286010742,0.3125,0.6360936164855957,0.6410103440284729,0.067137211561203,0.026945406571030617,6.341770172119141,0.64101039139622,0.44143965002149343,0.6862727844422124,0.5585603499785066,0.6360936323180795,0.3125,0.0,0.6875,nan
metadata_order,4,sub-20,1,tent_literal,ses-1,1,74,False,32,1214003926,EEGTTA-PHASE1|v1|metadata_order|tent_literal|sub-20|1|4,122022299,True,True,0.6558449268341064,0.5008860230445862,0.5,0.6028735637664795,0.6558449268341064,0.03480855002999306,0.03201943635940552,6.342196464538574,0.6558448732472693,0.5008860351517797,0.6931456104425432,0.5008860351517797,0.6028735777363181,0.5,0.0,0.5,nan
metadata_order,5,sub-20,1,tent_literal,ses-1,1,74,True,10,1021311888,EEGTTA-PHASE1|v1|metadata_order|tent_literal|sub-20|1|5,1214003926,True,True,0.659706711769104,0.49875831604003906,0.5,0.6011297106742859,0.659706711769104,0.030488934367895126,0.036774665117263794,6.342686653137207,0.6597066924167148,0.4987582743167877,0.6931440967914307,0.5012417256832122,0.6011297523975372,0.5,0.0,0.5,nan
metadata_order,0,sub-21,1,tent_literal,ses-2,0,64,False,32,1046540908,EEGTTA-PHASE1|v1|metadata_order|tent_literal|sub-21|1|0,1421622494,True,True,0.28724443912506104,0.513327956199646,0.46875,0.8827676177024841,0.28724443912506104,0.16449251770973206,0.00861310213804245,11.174076080322266,0.287244435295389,0.5133279603778647,0.6927918694202814,0.5133279603778647,0.882767632150717,0.46875,1.0,0.46875,nan
metadata_order,1,sub-21,1,tent_literal,ses-2,0,64,True,32,599589612,EEGTTA-PHASE1|v1|metadata_order|tent_literal|sub-21|1|1,1046540908,True,True,0.3026767671108246,0.5277149081230164,0.53125,0.8714739680290222,0.3026767671108246,0.11896831542253494,0.013620478101074696,11.175917625427246,0.30267677876065985,0.5277148791283253,0.6916101638747907,0.5277148791283253,0.8714739895731327,0.53125,1.0,0.53125,nan
metadata_order,2,sub-21,1,tent_literal,ses-1,1,63,False,32,727815009,EEGTTA-PHASE1|v1|metadata_order|tent_literal|sub-21|1|2,599589612,True,True,0.3898461163043976,0.5340055823326111,0.53125,0.8120558857917786,0.3898461163043976,0.12435291707515717,0.01826370321214199,11.177741050720215,0.3898461084710171,0.5340056220884435,0.6908326296255141,0.5340056220884435,0.8120559093658812,0.53125,0.0,0.46875,nan
metadata_order,3,sub-21,1,tent_literal,ses-1,1,63,True,31,1963320683,EEGTTA-PHASE1|v1|metadata_order|tent_literal|sub-21|1|3,727815009,True,True,0.45734286308288574,0.5101595520973206,0.5806451439857483,0.7725220322608948,0.45734286308288574,0.10959179699420929,0.023040682077407837,11.179549217224121,0.45734291759070417,0.5101595604792237,0.6929407330144292,0.5101595604792237,0.7725220584881402,0.5806451612903226,0.0,0.41935483870967744,nan
metadata_order,0,sub-22,1,tent_literal,ses-2,0,73,False,32,185743855,EEGTTA-PHASE1|v1|metadata_order|tent_literal|sub-22|1|0,1820336524,True,True,0.6512891054153442,0.5141409635543823,0.5,0.6166756749153137,0.6512891054153442,0.04394921287894249,0.00849296897649765,6.318628787994385,0.651289070026486,0.5141409309580922,0.6927471953709936,0.5141409309580922,0.6166756739839911,0.5,1.0,0.5,nan
metadata_order,1,sub-22,1,tent_literal,ses-2,0,73,False,32,265156051,EEGTTA-PHASE1|v1|metadata_order|tent_literal|sub-22|1|1,185743855,True,True,0.6545699834823608,0.5050030946731567,0.46875,0.6193419098854065,0.6545699834823608,0.04597051441669464,0.01486597117036581,6.319192886352539,0.6545699901025839,0.5050030630081892,0.6930971184456067,0.5050030630081892,0.6193419080227613,0.46875,1.0,0.46875,nan
metadata_order,2,sub-22,1,tent_literal,ses-2,0,73,True,9,1681245458,EEGTTA-PHASE1|v1|metadata_order|tent_literal|sub-22|1|2,265156051,True,True,0.6596792340278625,0.4833889603614807,0.3333333432674408,0.5935660004615784,0.6596792340278625,0.04084194079041481,0.020620962604880333,6.319383144378662,0.6596792002012094,0.48338895705011153,0.6925952255052423,0.5166110429498885,0.5935659905274709,0.3333333333333333,1.0,0.3333333333333333,nan
metadata_order,3,sub-22,1,tent_literal,ses-1,1,73,False,32,1284698431,EEGTTA-PHASE1|v1|metadata_order|tent_literal|sub-22|1|3,1681245458,True,True,0.6769218444824219,0.549253523349762,0.71875,0.572059690952301,0.6769218444824219,0.047901928424835205,0.025814758613705635,6.319855213165283,0.6769218298182323,0.5492535177618265,0.688287485207459,0.5492535177618265,0.5720596928149462,0.71875,0.0,0.28125,nan
metadata_order,4,sub-22,1,tent_literal,ses-1,1,73,False,32,572797564,EEGTTA-PHASE1|v1|metadata_order|tent_literal|sub-22|1|4,1284698431,True,True,0.6566365361213684,0.5356792211532593,0.65625,0.619735836982727,0.6566365361213684,0.04582228139042854,0.03095843829214573,6.320532321929932,0.6566365553688764,0.5356791960075498,0.6905990053690338,0.5356791960075498,0.6197358807548881,0.65625,0.0,0.34375,nan
metadata_order,5,sub-22,1,tent_literal,ses-1,1,73,True,9,1731440543,EEGTTA-PHASE1|v1|metadata_order|tent_literal|sub-22|1|5,572797564,True,True,0.6654481887817383,0.5761511325836182,0.7777777910232544,0.5903289318084717,0.6654481887817383,0.0653839185833931,0.03572171553969383,6.321380138397217,0.6654481515838965,0.5761510696676042,0.6815039508285158,0.5761510696676042,0.5903288755151961,0.7777777777777778,0.0,0.2222222222222222,nan
metadata_order,0,sub-23,1,tent_literal,ses-1,0,74,False,32,591335941,EEGTTA-PHASE1|v1|metadata_order|tent_literal|sub-23|1|0,1602484597,True,True,0.41319793462753296,0.4812982678413391,0.46875,0.811633288860321,0.41319793462753296,0.10015692561864853,0.008631853386759758,8.159503936767578,0.41319792181374393,0.48129825669457205,0.692447506958342,0.518701743305428,0.8116333260841202,0.46875,0.0,0.53125,nan
metadata_order,1,sub-23,1,tent_literal,ses-1,0,74,False,32,1493975438,EEGTTA-PHASE1|v1|metadata_order|tent_literal|sub-23|1|1,591335941,True,True,0.4205634593963623,0.4688248038291931,0.46875,0.8226476907730103,0.4205634593963623,0.13179239630699158,0.014274210669100285,8.161552429199219,0.42056347016502815,0.46882479975465685,0.691202132941767,0.5311752002453431,0.8226476724958047,0.46875,0.0,0.53125,nan
metadata_order,2,sub-23,1,tent_literal,ses-1,0,74,True,10,1060110087,EEGTTA-PHASE1|v1|metadata_order|tent_literal|sub-23|1|2,1493975438,True,True,0.4365454316139221,0.4861771762371063,0.4000000059604645,0.7573139071464539,0.4365454316139221,0.16277055442333221,0.018956365063786507,8.163924217224121,0.43654538213756694,0.48617717139422895,0.6927649906864347,0.5138228286057711,0.7573139298707247,0.4,0.0,0.6,nan
metadata_order,3,sub-23,1,tent_literal,ses-2,1,74,False,32,795064622,EEGTTA-PHASE1|v1|metadata_order|tent_literal|sub-23|1|3,1060110087,True,True,0.4519444406032562,0.5370994806289673,0.5625,0.7909471988677979,0.4519444406032562,0.11223385483026505,0.023421907797455788,8.166250228881836,0.45194443420937025,0.5370994716577115,0.6903919075243885,0.5370994716577115,0.7909472190149245,0.5625,1.0,0.5625,nan
metadata_order,4,sub-23,1,tent_literal,ses-2,1,74,False,32,4665529,EEGTTA-PHASE1|v1|metadata_order|tent_literal|sub-23|1|4,795064622,True,True,0.38941508531570435,0.4898761510848999,0.5,0.8181650042533875,0.38941508531570435,0.12121348828077316,0.02801584266126156,8.168768882751465,0.3894151069486411,0.48987616869180783,0.6929421826307987,0.5101238313081922,0.8181649940970601,0.5,1.0,0.5,nan
metadata_order,5,sub-23,1,tent_literal,ses-2,1,74,True,10,1548704487,EEGTTA-PHASE1|v1|metadata_order|tent_literal|sub-23|1|5,4665529,True,True,0.5289803147315979,0.43189916014671326,0.30000001192092896,0.7435469031333923,0.5289803147315979,0.226443350315094,0.032027147710323334,8.170856475830078,0.5289802898522847,0.4318991854786873,0.6838428458023555,0.5681008145213127,0.7435468599200249,0.3,1.0,0.3,nan
metadata_order,0,sub-24,1,tent_literal,ses-2,0,70,False,32,1942362408,EEGTTA-PHASE1|v1|metadata_order|tent_literal|sub-24|1|0,1267811822,True,True,0.600098192691803,0.5750564336776733,0.625,0.6716448664665222,0.600098192691803,0.14326176047325134,0.008531997911632061,6.690890789031982,0.6000982217197746,0.5750564527697861,0.6818375376176948,0.5750564527697861,0.6716448510996997,0.625,1.0,0.625,nan
metadata_order,1,sub-24,1,tent_literal,ses-2,0,70,False,32,2138153102,EEGTTA-PHASE1|v1|metadata_order|tent_literal|sub-24|1|1,1942362408,True,True,0.5124277472496033,0.5212528109550476,0.4375,0.7471834421157837,0.5124277472496033,0.1383853405714035,0.013073431327939034,6.692028045654297,0.5124277176302621,0.5212528072297573,0.6922435447109271,0.5212528072297573,0.7471834644675255,0.4375,1.0,0.4375,nan
metadata_order,2,sub-24,1,tent_literal,ses-2,0,70,True,6,191882007,EEGTTA-PHASE1|v1|metadata_order|tent_literal|sub-24|1|2,2138153102,True,True,0.5927643179893494,0.4858878552913666,0.5,0.7136129140853882,0.5927643179893494,0.14696112275123596,0.01700475439429283,6.693524360656738,0.5927643097498964,0.485887847840786,0.692748821983487,0.514112152159214,0.7136129513382912,0.5,1.0,0.5,nan
metadata_order,3,sub-24,1,tent_literal,ses-1,1,72,False,32,875021780,EEGTTA-PHASE1|v1|metadata_order|tent_literal|sub-24|1|3,191882007,True,True,0.5473067760467529,0.5540021657943726,0.625,0.7292402982711792,0.5473067760467529,0.10583759844303131,0.021670585498213768,6.695023536682129,0.5473068045461873,0.554002194898203,0.6873033139591309,0.554002194898203,0.7292403399478644,0.625,0.0,0.375,nan
metadata_order,4,sub-24,1,tent_literal,ses-1,1,72,False,32,374370536,EEGTTA-PHASE1|v1|metadata_order|tent_literal|sub-24|1|4,875021780,True,True,0.5803000926971436,0.6048445105552673,0.71875,0.6870971918106079,0.5803000926971436,0.16566495597362518,0.0264297965914011,6.696435451507568,0.5803001022736167,0.604844527086243,0.6709984189066311,0.604844527086243,0.6870971827302128,0.71875,0.0,0.28125,nan
metadata_order,5,sub-24,1,tent_literal,ses-1,1,72,True,8,1996965173,EEGTTA-PHASE1|v1|metadata_order|tent_literal|sub-24|1|5,374370536,True,True,0.5533809065818787,0.6457913517951965,0.875,0.7294266223907471,0.5533809065818787,0.2630564570426941,0.031249746680259705,6.697579860687256,0.553380870602026,0.6457913443446159,0.6500131040242314,0.6457913443446159,0.7294266149401665,0.875,0.0,0.125,nan
metadata_order,0,sub-25,1,tent_literal,ses-2,0,73,False,32,1186217704,EEGTTA-PHASE1|v1|metadata_order|tent_literal|sub-25|1|0,542384556,True,True,0.3111416697502136,0.4772103726863861,0.4375,0.8606716394424438,0.3111416697502136,0.11671526730060577,0.008623634465038776,9.717011451721191,0.31114166936517673,0.47721038607051014,0.6921080875992138,0.5227896139294899,0.8606716521353519,0.4375,1.0,0.4375,nan
metadata_order,1,sub-25,1,tent_literal,ses-2,0,73,False,32,1259050266,EEGTTA-PHASE1|v1|metadata_order|tent_literal|sub-25|1|1,1186217704,True,True,0.35569918155670166,0.4536387622356415,0.4375,0.8413588404655457,0.35569918155670166,0.09939548373222351,0.01499426644295454,9.718831062316895,0.35569920710310743,0.453638768667588,0.6888422720513327,0.546361231332412,0.84135884520947,0.4375,1.0,0.4375,nan
metadata_order,2,sub-25,1,tent_literal,ses-2,0,73,True,9,1565679165,EEGTTA-PHASE1|v1|metadata_order|tent_literal|sub-25|1|2,1259050266,True,True,0.25166043639183044,0.45107999444007874,0.4444444477558136,0.9066526889801025,0.25166043639183044,0.16934430599212646,0.02037065289914608,9.720495223999023,0.2516604411458115,0.4510799787628154,0.6883531778728402,0.5489200212371845,0.9066525821367072,0.4444444444444444,1.0,0.4444444444444444,nan
metadata_order,3,sub-25,1,tent_literal,ses-1,1,73,False,32,937134271,EEGTTA-PHASE1|v1|metadata_order|tent_literal|sub-25|1|3,1565679165,True,True,0.45168566703796387,0.437671035528183,0.375,0.7714487314224243,0.45168566703796387,0.14152918756008148,0.025384915992617607,9.722033500671387,0.45168569758702165,0.4376710647557047,0.6853571388641678,0.5623289352442953,0.7714486798431608,0.375,0.0,0.625,nan
metadata_order,4,sub-25,1,tent_literal,ses-1,1,73,False,32,1101483416,EEGTTA-PHASE1|v1|metadata_order|tent_literal|sub-25|1|4,937134271,True,True,0.3449194133281708,0.4574183225631714,0.4375,0.849327564239502,0.3449194133281708,0.1229054182767868,0.030314110219478607,9.723809242248535,0.34491941481512856,0.45741829881444573,0.689516381642754,0.5425817011855543,0.8493275954388082,0.4375,0.0,0.5625,nan
metadata_order,5,sub-25,1,tent_literal,ses-1,1,73,True,9,841648141,EEGTTA-PHASE1|v1|metadata_order|tent_literal|sub-25|1|5,1101483416,True,True,0.33995166420936584,0.5425161123275757,0.5555555820465088,0.8544056415557861,0.33995166420936584,0.21995103359222412,0.0328669548034668,9.725476264953613,0.33995165623955154,0.5425160882490067,0.6895275757480704,0.5425160882490067,0.8544055729160189,0.5555555555555556,0.0,0.4444444444444444,nan
metadata_order,0,sub-26,1,tent_literal,ses-2,0,74,False,32,1603350862,EEGTTA-PHASE1|v1|metadata_order|tent_literal|sub-26|1|0,740196867,True,True,0.6606181263923645,0.505272626876831,0.5,0.609649658203125,0.6606181263923645,0.025771452113986015,0.0084847928956151,6.332742691040039,0.6606181381176524,0.5052726836875081,0.6930915771428207,0.5052726836875081,0.6096496535465121,0.5,1.0,0.5,nan
metadata_order,1,sub-26,1,tent_literal,ses-2,0,74,False,32,1911557812,EEGTTA-PHASE1|v1|metadata_order|tent_literal|sub-26|1|1,1603350862,True,True,0.6721151471138,0.5280190110206604,0.625,0.5824174880981445,0.6721151471138,0.032383229583501816,0.01417549792677164,6.332815647125244,0.6721151366474267,0.5280189821496606,0.6915762310386042,0.5280189821496606,0.5824174722656608,0.625,1.0,0.625,nan
metadata_order,2,sub-26,1,tent_literal,ses-2,0,74,True,10,766329001,EEGTTA-PHASE1|v1|metadata_order|tent_literal|sub-26|1|2,1911557812,True,True,0.6615616679191589,0.5015203356742859,0.5,0.596956729888916,0.6615616679191589,0.04195733740925789,0.01912660524249077,6.332984924316406,0.6615616794359918,0.5015202939510346,0.6931425579654273,0.5015202939510346,0.5969567477703095,0.5,1.0,0.5,nan
metadata_order,3,sub-26,1,tent_literal,ses-1,1,73,False,32,1318713145,EEGTTA-PHASE1|v1|metadata_order|tent_literal|sub-26|1|3,766329001,True,True,0.679898202419281,0.5199782848358154,0.59375,0.5678955316543579,0.679898202419281,0.02173897996544838,0.023790935054421425,6.3332672119140625,0.6798982464735939,0.5199782624840736,0.6923487060730418,0.5199782624840736,0.5678955055773258,0.59375,0.0,0.40625,nan
metadata_order,4,sub-26,1,tent_literal,ses-1,1,73,False,32,434161434,EEGTTA-PHASE1|v1|metadata_order|tent_literal|sub-26|1|4,1318713145,True,True,0.6778784990310669,0.49909508228302,0.53125,0.5713478922843933,0.6778784990310669,0.01201679278165102,0.028232546523213387,6.333758354187012,0.677878500342409,0.49909511860460043,0.6931455429383719,0.5009048813953996,0.5713479006662965,0.53125,0.0,0.46875,nan
metadata_order,5,sub-26,1,tent_literal,ses-1,1,73,True,9,1689996570,EEGTTA-PHASE1|v1|metadata_order|tent_literal|sub-26|1|5,434161434,True,True,0.6661109328269958,0.5091051459312439,0.6666666865348816,0.60201096534729,0.6661109328269958,0.038560058921575546,0.0325087271630764,6.334453582763672,0.6661109505346362,0.5091051525539823,0.6929813637886129,0.5091051525539823,0.6020109256108602,0.6666666666666666,0.0,0.3333333333333333,nan
metadata_order,0,sub-27,1,tent_literal,ses-2,0,74,False,32,1030235228,EEGTTA-PHASE1|v1|metadata_order|tent_literal|sub-27|1|0,363010620,True,True,0.5453170537948608,0.5211583375930786,0.625,0.7032714486122131,0.5453170537948608,0.10124179720878601,0.00852774828672409,6.699973106384277,0.5453170425374056,0.5211583824711852,0.6922515588509897,0.5211583824711852,0.7032714670640416,0.625,1.0,0.625,nan
metadata_order,1,sub-27,1,tent_literal,ses-2,0,74,False,32,1445368751,EEGTTA-PHASE1|v1|metadata_order|tent_literal|sub-27|1|1,1030235228,True,True,0.5323388576507568,0.5153982639312744,0.5625,0.7322096824645996,0.5323388576507568,0.10294674336910248,0.01535006519407034,6.700673580169678,0.532338817094203,0.5153982370393351,0.6926728941648349,0.5153982370393351,0.7322096944553778,0.5625,1.0,0.5625,nan
metadata_order,2,sub-27,1,tent_literal,ses-2,0,74,True,10,625604022,EEGTTA-PHASE1|v1|metadata_order|tent_literal|sub-27|1|2,1445368751,True,True,0.5978307127952576,0.46762117743492126,0.4000000059604645,0.6867727041244507,0.5978307127952576,0.12969756126403809,0.020668869838118553,6.70148229598999,0.5978306431147304,0.46762119978666306,0.6910489392034245,0.532378800213337,0.6867726877331733,0.4,1.0,0.4,nan
metadata_order,3,sub-27,1,tent_literal,ses-1,1,73,False,32,1534892387,EEGTTA-PHASE1|v1|metadata_order|tent_literal|sub-27|1|3,625604022,True,True,0.5434489250183105,0.5858191847801208,0.625,0.7238622307777405,0.5434489250183105,0.14903564751148224,0.026516862213611603,6.702371597290039,0.5434489050913729,0.5858191896022618,0.6783441250137126,0.5858191896022618,0.7238622520326317,0.625,0.0,0.375,nan
metadata_order,4,sub-27,1,tent_literal,ses-1,1,73,False,32,896386806,EEGTTA-PHASE1|v1|metadata_order|tent_literal|sub-27|1|4,1534892387,True,True,0.5983719825744629,0.4738098382949829,0.5,0.679368257522583,0.5983719825744629,0.06737589091062546,0.03181585296988487,6.703310012817383,0.5983720253548779,0.47380984807386994,0.6917747044322136,0.5261901519261301,0.6793682291172445,0.5,0.0,0.5,nan
metadata_order,5,sub-27,1,tent_literal,ses-1,1,73,True,9,1901473347,EEGTTA-PHASE1|v1|metadata_order|tent_literal|sub-27|1|5,896386806,True,True,0.6208412647247314,0.5647799372673035,0.5555555820465088,0.6646251082420349,0.6208412647247314,0.1298949271440506,0.03704678639769554,6.7042341232299805,0.6208412989169756,0.5647799107763503,0.6847306676849017,0.5647799107763503,0.6646250817510817,0.5555555555555556,0.0,0.4444444444444444,nan
metadata_order,0,sub-28,1,tent_literal,ses-2,0,57,False,32,1705823253,EEGTTA-PHASE1|v1|metadata_order|tent_literal|sub-28|1|0,944817688,True,True,0.4133181571960449,0.4993630647659302,0.46875,0.7906458377838135,0.4133181571960449,0.24882672727108002,0.008582444861531258,7.624373435974121,0.413318190880211,0.4993630527314963,0.6931463691560802,0.5006369472685037,0.7906458870711504,0.46875,1.0,0.46875,nan
metadata_order,1,sub-28,1,tent_literal,ses-2,0,57,True,25,410187146,EEGTTA-PHASE1|v1|metadata_order|tent_literal|sub-28|1|1,1705823253,True,True,0.41373708844184875,0.4346654415130615,0.35999998450279236,0.7930647134780884,0.41373708844184875,0.19290728867053986,0.013622456230223179,7.626016616821289,0.41373712443035165,0.4346654599798785,0.6845855142413799,0.5653345400201215,0.7930647570001019,0.36,1.0,0.36,nan
metadata_order,2,sub-28,1,tent_literal,ses-1,1,74,False,32,1238208814,EEGTTA-PHASE1|v1|metadata_order|tent_literal|sub-28|1|2,410187146,True,True,0.4323553740978241,0.5296099185943604,0.5625,0.7983847856521606,0.4323553740978241,0.15510523319244385,0.01760362647473812,7.627419471740723,0.43235538128245316,0.529609937873829,0.691392657360645,0.529609937873829,0.7983847440209502,0.5625,0.0,0.4375,nan
metadata_order,3,sub-28,1,tent_literal,ses-1,1,74,False,32,1360479018,EEGTTA-PHASE1|v1|metadata_order|tent_literal|sub-28|1|3,1238208814,True,True,0.43438977003097534,0.49349015951156616,0.5,0.7972566485404968,0.43438977003097534,0.10988795012235641,0.02140173129737377,7.629087924957275,0.4343898139511962,0.4934901628876105,0.6930624222067991,0.5065098371123895,0.7972566228127107,0.5,0.0,0.5,nan
metadata_order,4,sub-28,1,tent_literal,ses-1,1,74,True,10,2077899635,EEGTTA-PHASE1|v1|metadata_order|tent_literal|sub-28|1|4,1360479018,True,True,0.5085340142250061,0.5272340774536133,0.5,0.7540718913078308,0.5085340142250061,0.16146819293498993,0.02484063059091568,7.630795955657959,0.5085340031644738,0.527234049513936,0.6916630593033737,0.527234049513936,0.754071931168437,0.5,0.0,0.5,nan
metadata_order,0,sub-29,1,tent_literal,ses-1,0,72,False,32,355071566,EEGTTA-PHASE1|v1|metadata_order|tent_literal|sub-29|1|0,1869871329,True,True,0.5870671272277832,0.48149463534355164,0.4375,0.6807131767272949,0.5870671272277832,0.0844615027308464,0.008525191806256771,6.989296913146973,0.5870671560944274,0.4814946176484227,0.6924621257603352,0.5185053823515773,0.6807131385430694,0.4375,0.0,0.5625,nan
metadata_order,1,sub-29,1,tent_literal,ses-1,0,72,False,32,98567502,EEGTTA-PHASE1|v1|metadata_order|tent_literal|sub-29|1|1,355071566,True,True,0.5908660292625427,0.46769702434539795,0.375,0.6734640598297119,0.5908660292625427,0.10700823366641998,0.014922219328582287,6.990868091583252,0.5908660353921846,0.4676970213185996,0.6910587614597854,0.5323029786814004,0.6734640107024461,0.375,0.0,0.625,nan
metadata_order,2,sub-29,1,tent_literal,ses-1,0,72,True,8,1316864271,EEGTTA-PHASE1|v1|metadata_order|tent_literal|sub-29|1|2,98567502,True,True,0.5270562171936035,0.48974984884262085,0.5,0.7582411766052246,0.5270562171936035,0.253096342086792,0.020200390368700027,6.992061614990234,0.5270562394696757,0.4897498358041048,0.6929370341069365,0.5102501641958952,0.7582412045449018,0.5,0.0,0.5,nan
metadata_order,3,sub-29,1,tent_literal,ses-2,1,74,False,32,1852285280,EEGTTA-PHASE1|v1|metadata_order|tent_literal|sub-29|1|3,1316864271,True,True,0.5696588754653931,0.5234160423278809,0.5625,0.6982220411300659,0.5696588754653931,0.11059674620628357,0.02474244497716427,6.993434906005859,0.5696588889766424,0.5234160635154694,0.6920501552852913,0.5234160635154694,0.6982220311183482,0.5625,1.0,0.5625,nan
metadata_order,4,sub-29,1,tent_literal,ses-2,1,74,False,32,903318783,EEGTTA-PHASE1|v1|metadata_order|tent_literal|sub-29|1|4,1852285280,True,True,0.5095877647399902,0.49033838510513306,0.53125,0.7480489015579224,0.5095877647399902,0.10158967971801758,0.029442032799124718,6.994970798492432,0.5095877523471009,0.4903384014032781,0.6929604759652324,0.5096615985967219,0.7480488666333258,0.53125,1.0,0.53125,nan
metadata_order,5,sub-29,1,tent_literal,ses-2,1,74,True,10,1363320341,EEGTTA-PHASE1|v1|metadata_order|tent_literal|sub-29|1|5,903318783,True,True,0.5787345767021179,0.5076576471328735,0.5,0.6841773390769958,0.5787345767021179,0.10982546955347061,0.03351084142923355,6.996522903442383,0.5787345595560914,0.5076576054096222,0.6930298981335987,0.5076576054096222,0.6841772615909576,0.5,1.0,0.5,nan
metadata_order,0,sub-30,1,tent_literal,ses-1,0,73,False,32,1836080574,EEGTTA-PHASE1|v1|metadata_order|tent_literal|sub-30|1|0,525687909,True,True,0.5319552421569824,0.551602303981781,0.59375,0.7232444882392883,0.5319552421569824,0.10273794829845428,0.008544059470295906,7.050544738769531,0.5319552538410435,0.5516023251693696,0.6878120861193562,0.5516023251693696,0.7232444745022804,0.59375,0.0,0.40625,nan
metadata_order,1,sub-30,1,tent_literal,ses-1,0,73,False,32,1417203262,EEGTTA-PHASE1|v1|metadata_order|tent_literal|sub-30|1|1,1836080574,True,True,0.4944704473018646,0.5073821544647217,0.5625,0.7659803628921509,0.4944704473018646,0.09134703874588013,0.01454935409128666,7.052587509155273,0.494470427030675,0.5073821182595566,0.6930381852598998,0.5073821182595566,0.7659803581191227,0.5625,0.0,0.4375,nan
metadata_order,2,sub-30,1,tent_literal,ses-1,0,73,True,9,1621898021,EEGTTA-PHASE1|v1|metadata_order|tent_literal|sub-30|1|2,1417203262,True,True,0.5304543972015381,0.4613398611545563,0.5555555820465088,0.7249748706817627,0.5304543972015381,0.12373480200767517,0.019979503005743027,7.054422378540039,0.5304543723891588,0.4613398706747426,0.6901549837543602,0.5386601293252574,0.7249748710956838,0.5555555555555556,0.0,0.4444444444444444,nan
metadata_order,3,sub-30,1,tent_literal,ses-2,1,73,False,32,1580677921,EEGTTA-PHASE1|v1|metadata_order|tent_literal|sub-30|1|3,1621898021,True,True,0.49167317152023315,0.5262013077735901,0.5,0.7685688734054565,0.49167317152023315,0.12289190292358398,0.025376804172992706,7.056246280670166,0.4916731457432366,0.5262013136525638,0.6917735338019417,0.5262013136525638,0.7685688712517731,0.5,1.0,0.5,nan
metadata_order,4,sub-30,1,tent_literal,ses-2,1,73,False,32,1986319315,EEGTTA-PHASE1|v1|metadata_order|tent_literal|sub-30|1|4,1580677921,True,True,0.5258353352546692,0.5194674134254456,0.5625,0.7301000356674194,0.5258353352546692,0.08046113699674606,0.030870255082845688,7.058063983917236,0.5258353331823048,0.5194674278609455,0.6923890274468119,0.5194674278609455,0.7301000324077904,0.5625,1.0,0.5625,nan
metadata_order,5,sub-30,1,tent_literal,ses-2,1,73,True,9,986542572,EEGTTA-PHASE1|v1|metadata_order|tent_literal|sub-30|1|5,1986319315,True,True,0.5546339154243469,0.5539218187332153,0.5555555820465088,0.7311938405036926,0.5546339154243469,0.1695275455713272,0.036379698663949966,7.059554576873779,0.5546339152952791,0.5539218237002691,0.6873207297531674,0.5539218237002691,0.7311938024229474,0.5555555555555556,1.0,0.5555555555555556,nan
metadata_order,0,sub-31,1,tent_literal,ses-1,0,73,False,32,149488603,EEGTTA-PHASE1|v1|metadata_order|tent_literal|sub-31|1|0,1455470802,True,True,0.6544724702835083,0.52772057056427,0.5625,0.6118651628494263,0.6544724702835083,0.044658362865448,0.008491983637213707,6.344338417053223,0.6544724697782746,0.5277206115424633,0.6916095276641632,0.5277206115424633,0.6118651293218136,0.5625,0.0,0.4375,nan
metadata_order,1,sub-31,1,tent_literal,ses-1,0,73,False,32,1946815408,EEGTTA-PHASE1|v1|metadata_order|tent_literal|sub-31|1|1,149488603,True,True,0.6648890972137451,0.49972638487815857,0.46875,0.5918275117874146,0.6648890972137451,0.02473282814025879,0.013923400081694126,6.345386505126953,0.6648890894648813,0.4997263648547232,0.6931470308075525,0.5002736351452768,0.591827520634979,0.46875,0.0,0.53125,nan
metadata_order,2,sub-31,1,tent_literal,ses-1,0,73,True,9,360202262,EEGTTA-PHASE1|v1|metadata_order|tent_literal|sub-31|1|2,1946815408,True,True,0.6680738925933838,0.4847203493118286,0.4444444477558136,0.5951593518257141,0.6680738925933838,0.025188714265823364,0.018336372449994087,6.346521377563477,0.668073883085674,0.4847203294436137,0.6926801711915438,0.5152796705563862,0.5951593120892843,0.4444444444444444,0.0,0.5555555555555556,nan
metadata_order,3,sub-31,1,tent_literal,ses-2,1,71,False,32,882593032,EEGTTA-PHASE1|v1|metadata_order|tent_literal|sub-31|1|3,360202262,True,True,0.6320750117301941,0.46510228514671326,0.375,0.6314443349838257,0.6320750117301941,0.06158583238720894,0.021971099078655243,6.348080158233643,0.6320749831816856,0.4651022832840681,0.6907094978856346,0.5348977167159319,0.6314443070441484,0.375,1.0,0.375,nan
metadata_order,4,sub-31,1,tent_literal,ses-2,1,71,False,32,259717819,EEGTTA-PHASE1|v1|metadata_order|tent_literal|sub-31|1|4,882593032,True,True,0.6220771670341492,0.4777091145515442,0.46875,0.6480291485786438,0.6220771670341492,0.05431870371103287,0.026017721742391586,6.349514484405518,0.6220771819106372,0.47770914481952786,0.6921530866593433,0.5222908551804721,0.6480291443876922,0.46875,1.0,0.46875,nan
metadata_order,5,sub-31,1,tent_literal,ses-2,1,71,True,7,174806610,EEGTTA-PHASE1|v1|metadata_order|tent_literal|sub-31|1|5,259717819,True,True,0.64508056640625,0.45758166909217834,0.2857142984867096,0.6292721629142761,0.64508056640625,0.06762762367725372,0.03037961944937706,6.350949764251709,0.6450805987688025,0.457581673349653,0.6895442225028745,0.5424183266503471,0.6292721203395298,0.2857142857142857,1.0,0.2857142857142857,nan
metadata_order,0,sub-32,1,tent_literal,ses-1,0,68,False,32,971984462,EEGTTA-PHASE1|v1|metadata_order|tent_literal|sub-32|1|0,814109085,True,True,0.542131781578064,0.5212799310684204,0.5625,0.7259505391120911,0.542131781578064,0.09370308369398117,0.008523073047399521,6.799038887023926,0.5421317487200661,0.5212799157015979,0.6922412373246319,0.5212799157015979,0.725950547028333,0.5625,0.0,0.4375,nan
metadata_order,1,sub-32,1,tent_literal,ses-1,0,68,False,32,1460776260,EEGTTA-PHASE1|v1|metadata_order|tent_literal|sub-32|1|1,971984462,True,True,0.5350981950759888,0.5112565755844116,0.5,0.7309497594833374,0.5350981950759888,0.11508943885564804,0.013607200235128403,6.800548553466797,0.5350981768254957,0.5112566445022821,0.6928937350567791,0.5112566445022821,0.7309497464448214,0.5,0.0,0.5,nan
metadata_order,2,sub-32,1,tent_literal,ses-1,0,68,True,4,1950971870,EEGTTA-PHASE1|v1|metadata_order|tent_literal|sub-32|1|2,1460776260,True,True,0.5341408848762512,0.5117263197898865,0.5,0.7235084176063538,0.5341408848762512,0.10659321397542953,0.0173740703612566,6.802130699157715,0.5341409441844975,0.5117262974381447,0.6928721432406292,0.5117262974381447,0.7235084101557732,0.5,0.0,0.5,nan
metadata_order,3,sub-32,1,tent_literal,ses-2,1,65,False,32,888169264,EEGTTA-PHASE1|v1|metadata_order|tent_literal|sub-32|1|3,1950971870,True,True,0.535243570804596,0.484773188829422,0.375,0.7323134541511536,0.535243570804596,0.12535440921783447,0.021036295220255852,6.803536415100098,0.5352435797761975,0.48477317905053496,0.6926833967045681,0.515226820949465,0.73231345647946,0.375,1.0,0.375,nan
metadata_order,4,sub-32,1,tent_literal,ses-2,1,65,False,32,785207530,EEGTTA-PHASE1|v1|metadata_order|tent_literal|sub-32|1|4,888169264,True,True,0.5331456065177917,0.5349189043045044,0.5,0.7273896336555481,0.5331456065177917,0.08586622774600983,0.025019153952598572,6.8050537109375,0.5331456329947208,0.5349188945256174,0.6907065359410238,0.5349188945256174,0.7273896434344351,0.5,1.0,0.5,nan
metadata_order,5,sub-32,1,tent_literal,ses-2,1,65,True,1,308061316,EEGTTA-PHASE1|v1|metadata_order|tent_literal|sub-32|1|5,785207530,True,True,0.642138659954071,0.6583274006843567,1.0,0.6583274006843567,0.642138659954071,0.3106636106967926,0.02852005884051323,6.806363582611084,0.642138674786523,0.6583274006843567,0.642138674786523,0.6583274006843567,0.6583274006843567,1.0,1.0,1.0,nan
metadata_order,0,sub-33,1,tent_literal,ses-1,0,73,False,32,1272537798,EEGTTA-PHASE1|v1|metadata_order|tent_literal|sub-33|1|0,717946547,True,True,0.6428065299987793,0.473127156496048,0.46875,0.6268618106842041,0.6428065299987793,0.04961834475398064,0.008527948521077633,6.520294189453125,0.642806542407133,0.47312714951112866,0.6917021842341449,0.5268728504888713,0.6268618102185428,0.46875,0.0,0.53125,nan
metadata_order,1,sub-33,1,tent_literal,ses-1,0,73,False,32,829160986,EEGTTA-PHASE1|v1|metadata_order|tent_literal|sub-33|1|1,1272537798,True,True,0.646993100643158,0.5059183835983276,0.59375,0.6144289970397949,0.646993100643158,0.03503981605172157,0.013473986648023129,6.521435737609863,0.6469931040390472,0.5059184222482145,0.6930771234801156,0.5059184222482145,0.6144290552474558,0.59375,0.0,0.40625,nan
metadata_order,2,sub-33,1,tent_literal,ses-1,0,73,True,9,2019521424,EEGTTA-PHASE1|v1|metadata_order|tent_literal|sub-33|1|2,829160986,True,True,0.6710968017578125,0.510053813457489,0.6666666865348816,0.58774733543396,0.6710968017578125,0.041525907814502716,0.017499787732958794,6.52229642868042,0.6710968371574337,0.5100538101461198,0.6929450087381877,0.5100538101461198,0.5877473188771142,0.6666666666666666,0.0,0.3333333333333333,nan
metadata_order,3,sub-33,1,tent_literal,ses-2,1,72,False,32,656996601,EEGTTA-PHASE1|v1|metadata_order|tent_literal|sub-33|1|3,2019521424,True,True,0.5425678491592407,0.49393510818481445,0.5,0.7256714105606079,0.5425678491592407,0.07297057658433914,0.02143714390695095,6.523725986480713,0.5425678079363696,0.4939350889180787,0.693073612462976,0.5060649110819213,0.7256713888491504,0.5,1.0,0.5,nan
metadata_order,4,sub-33,1,tent_literal,ses-2,1,72,False,32,757896396,EEGTTA-PHASE1|v1|metadata_order|tent_literal|sub-33|1|4,656996601,True,True,0.6200119853019714,0.5002578496932983,0.53125,0.6476469039916992,0.6200119853019714,0.056367918848991394,0.025800714269280434,6.525123596191406,0.6200119719653387,0.5002578406129032,0.6931470475963761,0.5002578406129032,0.6476469242479652,0.53125,1.0,0.53125,nan
metadata_order,5,sub-33,1,tent_literal,ses-2,1,72,True,8,983255704,EEGTTA-PHASE1|v1|metadata_order|tent_literal|sub-33|1|5,757896396,True,True,0.6307737827301025,0.457536518573761,0.5,0.665985643863678,0.6307737827301025,0.09507250040769577,0.030305933207273483,6.5263447761535645,0.6307737865580398,0.45753649435937405,0.6895365342518818,0.542463505640626,0.6659856084734201,0.5,1.0,0.5,nan
metadata_order,0,sub-34,1,tent_literal,ses-1,0,72,False,32,399620683,EEGTTA-PHASE1|v1|metadata_order|tent_literal|sub-34|1|0,434831496,True,True,0.4814683496952057,0.47895193099975586,0.4375,0.764539897441864,0.4814683496952057,0.1131354421377182,0.008524605073034763,6.7718024253845215,0.481468373399053,0.4789519406040199,0.6922608770756903,0.5210480593959801,0.7645398766617291,0.4375,0.0,0.5625,nan
metadata_order,1,sub-34,1,tent_literal,ses-1,0,72,False,32,1893768226,EEGTTA-PHASE1|v1|metadata_order|tent_literal|sub-34|1|1,399620683,True,True,0.5247889161109924,0.49531853199005127,0.46875,0.7367725968360901,0.5247889161109924,0.11090011149644852,0.014042695984244347,6.773909091949463,0.5247889181134764,0.49531855224631727,0.6931033480133699,0.5046814477536827,0.7367725803051144,0.46875,0.0,0.53125,nan
metadata_order,2,sub-34,1,tent_literal,ses-1,0,72,True,8,111318672,EEGTTA-PHASE1|v1|metadata_order|tent_literal|sub-34|1|2,1893768226,True,True,0.5214704871177673,0.48679521679878235,0.25,0.7211213707923889,0.5214704871177673,0.19522535800933838,0.019377972930669785,6.775300025939941,0.5214704855667474,0.4867952261120081,0.6927984079037381,0.5132047738879919,0.7211214061826468,0.25,0.0,0.75,nan
metadata_order,3,sub-34,1,tent_literal,ses-2,1,73,False,32,1911251025,EEGTTA-PHASE1|v1|metadata_order|tent_literal|sub-34|1|3,111318672,True,True,0.5152804255485535,0.49729377031326294,0.5625,0.7389174699783325,0.5152804255485535,0.09999974817037582,0.02478824555873871,6.776574611663818,0.5152804472153514,0.49729379964992404,0.693132533447763,0.502706200350076,0.7389174927957356,0.5625,1.0,0.5625,nan
metadata_order,4,sub-34,1,tent_literal,ses-2,1,73,False,32,982509404,EEGTTA-PHASE1|v1|metadata_order|tent_literal|sub-34|1|4,1911251025,True,True,0.5388878583908081,0.48667430877685547,0.46875,0.7089230418205261,0.5388878583908081,0.06660351902246475,0.030063368380069733,6.77786111831665,0.5388878082001005,0.4866743187303655,0.6927919909421321,0.5133256812696345,0.7089230467681773,0.46875,1.0,0.46875,nan
metadata_order,5,sub-34,1,tent_literal,ses-2,1,73,True,9,1445207312,EEGTTA-PHASE1|v1|metadata_order|tent_literal|sub-34|1|5,982509404,True,True,0.623195469379425,0.48327556252479553,0.4444444477558136,0.6447400450706482,0.623195469379425,0.12048112601041794,0.03497244045138359,6.779483318328857,0.6231954769834022,0.4832755807373259,0.6925876637998087,0.5167244192626741,0.644740030169487,0.4444444444444444,1.0,0.4444444444444444,nan
metadata_order,0,sub-35,1,tent_literal,ses-1,0,73,False,32,1717127934,EEGTTA-PHASE1|v1|metadata_order|tent_literal|sub-35|1|0,2101904964,True,True,0.5541151762008667,0.523377001285553,0.5,0.7160986661911011,0.5541151762008667,0.10439139604568481,0.00860360637307167,7.796346664428711,0.5541151900873805,0.5233770322520286,0.6920538107421376,0.5233770322520286,0.716098679928109,0.5,0.0,0.5,nan
metadata_order,1,sub-35,1,tent_literal,ses-1,0,73,False,32,2054037111,EEGTTA-PHASE1|v1|metadata_order|tent_literal|sub-35|1|1,1717127934,True,True,0.5742334127426147,0.5183035135269165,0.5,0.7024439573287964,0.5742334127426147,0.08067784458398819,0.01448885165154934,7.798101902008057,0.5742334019493871,0.5183035049121827,0.6924769942458557,0.5183035049121827,0.7024439994711429,0.5,0.0,0.5,nan
metadata_order,2,sub-35,1,tent_literal,ses-1,0,73,True,9,2065926100,EEGTTA-PHASE1|v1|metadata_order|tent_literal|sub-35|1|2,2054037111,True,True,0.3764360845088959,0.4848119020462036,0.4444444477558136,0.8448248505592346,0.3764360845088959,0.2441861480474472,0.018129123374819756,7.800990104675293,0.3764360823993829,0.4848119086689419,0.6926857533473257,0.515188091331058,0.8448248638047112,0.4444444444444444,0.0,0.5555555555555556,nan
metadata_order,3,sub-35,1,tent_literal,ses-2,1,73,False,32,1177084041,EEGTTA-PHASE1|v1|metadata_order|tent_literal|sub-35|1|3,2065926100,True,True,0.48219746351242065,0.554699718952179,0.53125,0.7643464803695679,0.48219746351242065,0.12708638608455658,0.02225394919514656,7.803662300109863,0.48219746162334715,0.5546996736666188,0.6871510779302354,0.5546996736666188,0.7643464958528057,0.53125,1.0,0.53125,nan
metadata_order,4,sub-35,1,tent_literal,ses-2,1,73,False,32,1875413691,EEGTTA-PHASE1|v1|metadata_order|tent_literal|sub-35|1|4,1177084041,True,True,0.5172169208526611,0.5385134816169739,0.59375,0.7477022409439087,0.5172169208526611,0.09511194378137589,0.02659446746110916,7.8062896728515625,0.517216903987006,0.5385134987300262,0.6901776608761834,0.5385134987300262,0.7477022238308564,0.59375,1.0,0.59375,nan
metadata_order,5,sub-35,1,tent_literal,ses-2,1,73,True,9,2065117733,EEGTTA-PHASE1|v1|metadata_order|tent_literal|sub-35|1|5,1875413691,True,True,0.411622017621994,0.5605303645133972,0.6666666865348816,0.8197343945503235,0.411622017621994,0.1700882911682129,0.030971968546509743,7.808679103851318,0.4116220311230057,0.560530332227548,0.6858013334693773,0.560530332227548,0.8197344003452195,0.6666666666666666,1.0,0.6666666666666666,nan
metadata_order,0,sub-36,1,tent_literal,ses-1,0,73,False,32,1979785640,EEGTTA-PHASE1|v1|metadata_order|tent_literal|sub-36|1|0,509628976,True,True,0.45067206025123596,0.48110803961753845,0.46875,0.7777938842773438,0.45067206025123596,0.11705905944108963,0.008599111810326576,7.846517086029053,0.4506720551806288,0.48110805475880625,0.692433199430752,0.5188919452411938,0.7777938765866566,0.46875,0.0,0.53125,nan
metadata_order,1,sub-36,1,tent_literal,ses-1,0,73,False,32,506482,EEGTTA-PHASE1|v1|metadata_order|tent_literal|sub-36|1|1,1979785640,True,True,0.489753782749176,0.4416528344154358,0.40625,0.7447788715362549,0.489753782749176,0.17140331864356995,0.014479294419288635,7.848574161529541,0.48975377094600014,0.44165283103939146,0.6863228583343042,0.5583471689606085,0.7447789121652022,0.40625,0.0,0.59375,nan
metadata_order,2,sub-36,1,tent_literal,ses-1,0,73,True,9,504900293,EEGTTA-PHASE1|v1|metadata_order|tent_literal|sub-36|1|2,506482,True,True,0.4333207905292511,0.4912862777709961,0.6666666865348816,0.7860640287399292,0.4333207905292511,0.19757777452468872,0.017786206677556038,7.850664138793945,0.43332079653534455,0.4912862864633401,0.6929953152649024,0.50871371353666,0.7860640332930617,0.6666666666666666,0.0,0.3333333333333333,nan
metadata_order,3,sub-36,1,tent_literal,ses-2,1,72,False,32,1243818172,EEGTTA-PHASE1|v1|metadata_order|tent_literal|sub-36|1|3,504900293,True,True,0.3761169910430908,0.44322484731674194,0.4375,0.8358696699142456,0.3761169910430908,0.15599282085895538,0.021729586645960808,7.852834224700928,0.3761169610759678,0.44322485907377995,0.6866864214707389,0.55677514092622,0.8358696283548852,0.4375,1.0,0.4375,nan
metadata_order,4,sub-36,1,tent_literal,ses-2,1,72,False,32,463250257,EEGTTA-PHASE1|v1|metadata_order|tent_literal|sub-36|1|4,1243818172,True,True,0.39344125986099243,0.4892893433570862,0.46875,0.8173624873161316,0.39344125986099243,0.07825557142496109,0.025661896914243698,7.855051517486572,0.39344121791101944,0.48928932283160975,0.6929177257987682,0.5107106771683902,0.8173624743139953,0.46875,1.0,0.46875,nan
metadata_order,5,sub-36,1,tent_literal,ses-2,1,72,True,8,2143022559,EEGTTA-PHASE1|v1|metadata_order|tent_literal|sub-36|1|5,463250257,True,True,0.44262799620628357,0.43299204111099243,0.375,0.7930724024772644,0.44262799620628357,0.1701163947582245,0.029834996908903122,7.85732889175415,0.4426279809962154,0.4329920229502022,0.6841399666290936,0.5670079770497978,0.7930723908357322,0.375,1.0,0.375,nan
metadata_order,0,sub-37,1,tent_literal,ses-1,0,71,False,32,308298070,EEGTTA-PHASE1|v1|metadata_order|tent_literal|sub-37|1|0,1166082209,True,True,0.5286760926246643,0.5328363180160522,0.53125,0.7389130592346191,0.5286760926246643,0.09622059017419815,0.008534894324839115,6.978277683258057,0.528676059169161,0.5328363252338022,0.6909891792798202,0.5328363252338022,0.7389130147639662,0.53125,0.0,0.46875,nan
metadata_order,1,sub-37,1,tent_literal,ses-1,0,71,False,32,1428773476,EEGTTA-PHASE1|v1|metadata_order|tent_literal|sub-37|1|1,308298070,True,True,0.5599460601806641,0.5518407821655273,0.53125,0.7155844569206238,0.5599460601806641,0.09672529250383377,0.014919704757630825,6.980322360992432,0.5599460702157872,0.5518408231437206,0.6877625670227809,0.5518408231437206,0.715584471821785,0.53125,0.0,0.46875,nan
metadata_order,2,sub-37,1,tent_literal,ses-1,0,71,True,7,1221846404,EEGTTA-PHASE1|v1|metadata_order|tent_literal|sub-37|1|2,1428773476,True,True,0.4546721577644348,0.5566978454589844,0.5714285969734192,0.8164361119270325,0.4546721577644348,0.19937272369861603,0.02083371765911579,6.982207775115967,0.45467215714607906,0.5566978380084038,0.6867040409403843,0.5566978380084038,0.8164360427430698,0.5714285714285714,0.0,0.42857142857142855,nan
metadata_order,3,sub-37,1,tent_literal,ses-2,1,51,False,32,188413193,EEGTTA-PHASE1|v1|metadata_order|tent_literal|sub-37|1|3,1221846404,True,True,0.5652400255203247,0.5871826410293579,0.6875,0.7096440196037292,0.5652400255203247,0.1531665176153183,0.026622308418154716,6.984256267547607,0.565239978832426,0.5871826149523258,0.6778675818098199,0.5871826149523258,0.709644004702568,0.6875,1.0,0.6875,nan
metadata_order,4,sub-37,1,tent_literal,ses-2,1,51,True,19,51191002,EEGTTA-PHASE1|v1|metadata_order|tent_literal|sub-37|1|4,188413193,True,True,0.4989190995693207,0.604147732257843,0.6842105388641357,0.7508975863456726,0.4989190995693207,0.1089743971824646,0.03237017244100571,6.986303329467773,0.4989190778531706,0.6041477244151267,0.6712940268150069,0.6041477244151267,0.7508975628175234,0.6842105263157895,1.0,0.6842105263157895,nan
metadata_order,0,sub-38,1,tent_literal,ses-1,0,71,False,32,1296128417,EEGTTA-PHASE1|v1|metadata_order|tent_literal|sub-38|1|0,1819410562,True,True,0.667741060256958,0.5415940880775452,0.625,0.5896012783050537,0.667741060256958,0.056827060878276825,0.00849071703851223,6.357447624206543,0.6677409735412574,0.5415941011160612,0.6896830401235821,0.5415941011160612,0.5896012727171183,0.625,0.0,0.375,nan
metadata_order,1,sub-38,1,tent_literal,ses-1,0,71,False,32,648534002,EEGTTA-PHASE1|v1|metadata_order|tent_literal|sub-38|1|1,1296128417,True,True,0.663934588432312,0.5225900411605835,0.5625,0.5897954702377319,0.663934588432312,0.03310821205377579,0.014987667091190815,6.35761833190918,0.6639345767189729,0.5225900784134865,0.6921262097667085,0.5225900784134865,0.5897954814136028,0.5625,0.0,0.4375,nan
metadata_order,2,sub-38,1,tent_literal,ses-1,0,71,True,7,2073571375,EEGTTA-PHASE1|v1|metadata_order|tent_literal|sub-38|1|2,648534002,True,True,0.6212148070335388,0.49828484654426575,0.4285714626312256,0.6669344305992126,0.6212148070335388,0.05968993902206421,0.020052451640367508,6.358264923095703,0.6212147807624049,0.498284820999418,0.6931412968703979,0.501715179000582,0.6669344518865857,0.42857142857142855,0.0,0.5714285714285714,nan
metadata_order,3,sub-38,1,tent_literal,ses-2,1,72,False,32,2092884254,EEGTTA-PHASE1|v1|metadata_order|tent_literal|sub-38|1|3,2073571375,True,True,0.6663004159927368,0.5290969014167786,0.65625,0.5957612991333008,0.6663004159927368,0.040015172213315964,0.0255332849919796,6.358880996704102,0.6663003689779312,0.5290968958288431,0.6914529648608987,0.5290968958288431,0.5957613196223974,0.65625,1.0,0.65625,nan
metadata_order,4,sub-38,1,tent_literal,ses-2,1,72,False,32,1673056127,EEGTTA-PHASE1|v1|metadata_order|tent_literal|sub-38|1|4,2092884254,True,True,0.662039577960968,0.5029103755950928,0.53125,0.6014770269393921,0.662039577960968,0.02740175649523735,0.030828384682536125,6.359478950500488,0.662039621394939,0.5029103457927704,0.69313024023902,0.5029103457927704,0.6014770232141018,0.53125,1.0,0.53125,nan
metadata_order,5,sub-38,1,tent_literal,ses-2,1,72,True,8,759385052,EEGTTA-PHASE1|v1|metadata_order|tent_literal|sub-38|1|5,1673056127,True,True,0.6322527527809143,0.5477131605148315,0.5,0.6296659111976624,0.6322527527809143,0.06547138839960098,0.036001306027173996,6.360208511352539,0.6322527603260171,0.5477131605148315,0.6885871536798787,0.5477131605148315,0.6296659111976624,0.5,1.0,0.5,nan
metadata_order,0,sub-40,1,tent_literal,ses-2,0,70,False,32,283491966,EEGTTA-PHASE1|v1|metadata_order|tent_literal|sub-40|1|0,292286955,True,True,0.3879275321960449,0.5604640245437622,0.625,0.8200245499610901,0.3879275321960449,0.11712013185024261,0.00854658242315054,9.048101425170898,0.3879275381767603,0.5604640704696067,0.6858174470145946,0.5604640704696067,0.8200245859916322,0.625,1.0,0.625,nan
metadata_order,1,sub-40,1,tent_literal,ses-2,0,70,False,32,565056670,EEGTTA-PHASE1|v1|metadata_order|tent_literal|sub-40|1|1,283491966,True,True,0.312259316444397,0.4990050196647644,0.5,0.8729494214057922,0.312259316444397,0.14480328559875488,0.014362987130880356,9.050228118896484,0.31225928471716535,0.49900501543743303,0.6931452005700791,0.500994984562567,0.8729494479848654,0.5,1.0,0.5,nan
metadata_order,2,sub-40,1,tent_literal,ses-2,0,70,True,6,92728471,EEGTTA-PHASE1|v1|metadata_order|tent_literal|sub-40|1|2,565056670,True,True,0.4839024543762207,0.550049364566803,0.5,0.7824796438217163,0.4839024543762207,0.3166683316230774,0.018940942361950874,9.05207347869873,0.4839025158827283,0.5500493297974268,0.6881289097527812,0.5500493297974268,0.7824796587228775,0.5,1.0,0.5,nan
metadata_order,3,sub-40,1,tent_literal,ses-1,1,73,False,32,533202661,EEGTTA-PHASE1|v1|metadata_order|tent_literal|sub-40|1|3,92728471,True,True,0.38983482122421265,0.5178460478782654,0.53125,0.8259580135345459,0.38983482122421265,0.09362111240625381,0.023514455184340477,9.054112434387207,0.38983484104300525,0.5178460607276065,0.6925100814830497,0.5178460607276065,0.8259580304875271,0.53125,0.0,0.46875,nan
metadata_order,4,sub-40,1,tent_literal,ses-1,1,73,False,32,558827277,EEGTTA-PHASE1|v1|metadata_order|tent_literal|sub-40|1|4,533202661,True,True,0.398132860660553,0.5368176698684692,0.5,0.7938660979270935,0.398132860660553,0.11521383374929428,0.027563616633415222,9.056111335754395,0.3981328387912587,0.5368176647752989,0.6904336443652455,0.5368176647752989,0.7938660694926511,0.5,0.0,0.5,nan
metadata_order,5,sub-40,1,tent_literal,ses-1,1,73,True,9,496893109,EEGTTA-PHASE1|v1|metadata_order|tent_literal|sub-40|1|5,558827277,True,True,0.3312113881111145,0.49600750207901,0.4444444477558136,0.8769994378089905,0.3312113881111145,0.26566386222839355,0.031215623021125793,9.057989120483398,0.3312113869156236,0.4960074768298202,0.6931152997386194,0.5039925231701798,0.876999370339844,0.4444444444444444,0.0,0.5555555555555556,nan
metadata_order,0,sub-41,1,tent_literal,ses-1,0,69,False,32,1310237443,EEGTTA-PHASE1|v1|metadata_order|tent_literal|sub-41|1|0,490016726,True,True,0.5694290399551392,0.47614678740501404,0.40625,0.7021098136901855,0.5694290399551392,0.0838242843747139,0.00850689597427845,6.863936901092529,0.5694290047496042,0.476146774366498,0.692008795774782,0.523853225633502,0.7021098453551531,0.40625,0.0,0.59375,nan
metadata_order,1,sub-41,1,tent_literal,ses-1,0,69,False,32,1382514175,EEGTTA-PHASE1|v1|metadata_order|tent_literal|sub-41|1|1,1310237443,True,True,0.5059905052185059,0.45036885142326355,0.375,0.7574971318244934,0.5059905052185059,0.14690664410591125,0.014783262275159359,6.865761756896973,0.5059905080292649,0.45036885153967887,0.6882125565707747,0.5496311484603211,0.7574971540598199,0.375,0.0,0.625,nan
metadata_order,2,sub-41,1,tent_literal,ses-1,0,69,True,5,1112076653,EEGTTA-PHASE1|v1|metadata_order|tent_literal|sub-41|1|2,1382514175,True,True,0.631356954574585,0.4580875337123871,0.4000000059604645,0.6511594653129578,0.631356954574585,0.1428777426481247,0.019846048206090927,6.867306232452393,0.6313569462884224,0.458087557554245,0.6896297488495656,0.541912442445755,0.6511594355106354,0.4,0.0,0.6,nan
metadata_order,3,sub-41,1,tent_literal,ses-2,1,67,False,32,87698550,EEGTTA-PHASE1|v1|metadata_order|tent_literal|sub-41|1|3,1112076653,True,True,0.5979176759719849,0.4739091396331787,0.5,0.6572808027267456,0.5979176759719849,0.07342131435871124,0.025374406948685646,6.868807315826416,0.5979176877337735,0.47390913614071906,0.6917850956686105,0.5260908638592809,0.6572807540651411,0.5,1.0,0.5,nan
metadata_order,4,sub-41,1,tent_literal,ses-2,1,67,False,32,673207687,EEGTTA-PHASE1|v1|metadata_order|tent_literal|sub-41|1|4,87698550,True,True,0.6052587628364563,0.43909868597984314,0.3125,0.6711760759353638,0.6052587628364563,0.16480164229869843,0.030802931636571884,6.8701982498168945,0.6052588005303547,0.439098690636456,0.6857107899353889,0.560901309363544,0.6711760377511382,0.3125,1.0,0.3125,nan
metadata_order,5,sub-41,1,tent_literal,ses-2,1,67,True,3,92255833,EEGTTA-PHASE1|v1|metadata_order|tent_literal|sub-41|1|5,673207687,True,True,0.4710056185722351,0.44733166694641113,0.3333333432674408,0.7459118366241455,0.4710056185722351,0.2888166904449463,0.03543936461210251,6.871652126312256,0.4710055787942134,0.44733164459466934,0.6875889636555852,0.5526683554053307,0.7459118192394575,0.3333333333333333,1.0,0.3333333333333333,nan
metadata_order,0,sub-42,1,tent_literal,ses-2,0,67,False,32,1986358477,EEGTTA-PHASE1|v1|metadata_order|tent_literal|sub-42|1|0,1935609148,True,True,0.4631510376930237,0.49061885476112366,0.46875,0.7741882801055908,0.4631510376930237,0.10431289672851562,0.008556253276765347,7.00201940536499,0.4631510122547658,0.49061885330593213,0.6929711584051786,0.5093811466940679,0.7741882405825891,0.46875,1.0,0.46875,nan
metadata_order,1,sub-42,1,tent_literal,ses-2,0,67,False,32,172722782,EEGTTA-PHASE1|v1|metadata_order|tent_literal|sub-42|1|1,1986358477,True,True,0.478893518447876,0.49442577362060547,0.5,0.7561441659927368,0.478893518447876,0.13296188414096832,0.014875108376145363,7.004193305969238,0.4788934805519367,0.49442576651927084,0.6930850351147871,0.5055742334807292,0.7561441693687811,0.5,1.0,0.5,nan
metadata_order,2,sub-42,1,tent_literal,ses-2,0,67,True,3,427906831,EEGTTA-PHASE1|v1|metadata_order|tent_literal|sub-42|1|2,172722782,True,True,0.47265303134918213,0.3745836615562439,0.3333333432674408,0.797886073589325,0.47265303134918213,0.32810935378074646,0.020664311945438385,7.005728244781494,0.47265300647994196,0.3745836491386096,0.6613501856055525,0.6254163508613904,0.7978860462705294,0.3333333333333333,1.0,0.3333333333333333,nan
metadata_order,3,sub-42,1,tent_literal,ses-1,1,71,False,32,53278260,EEGTTA-PHASE1|v1|metadata_order|tent_literal|sub-42|1|3,427906831,True,True,0.5689915418624878,0.4660174548625946,0.40625,0.6926303505897522,0.5689915418624878,0.14326952397823334,0.02642218768596649,7.007368087768555,0.568991508163135,0.46601745719090104,0.6908357727100529,0.533982542809099,0.692630363162607,0.40625,0.0,0.59375,nan
metadata_order,4,sub-42,1,tent_literal,ses-1,1,71,False,32,216523981,EEGTTA-PHASE1|v1|metadata_order|tent_literal|sub-42|1|4,53278260,True,True,0.5152185559272766,0.4672205150127411,0.40625,0.7416911125183105,0.5152185559272766,0.15528494119644165,0.03210606798529625,7.008872985839844,0.5152185396744344,0.4672205103561282,0.6909966486388718,0.5327794896438718,0.7416911097243428,0.40625,0.0,0.59375,nan
metadata_order,5,sub-42,1,tent_literal,ses-1,1,71,True,7,2121759531,EEGTTA-PHASE1|v1|metadata_order|tent_literal|sub-42|1|5,216523981,True,True,0.6664344668388367,0.46650761365890503,0.2857142984867096,0.592080295085907,0.6664344668388367,0.0907224640250206,0.03747108578681946,7.010112762451172,0.6664343711424826,0.4665075923715319,0.6909020170657381,0.5334924076284682,0.5920802652835846,0.2857142857142857,0.0,0.7142857142857143,nan
metadata_order,0,sub-45,1,tent_literal,ses-2,0,73,False,32,733354958,EEGTTA-PHASE1|v1|metadata_order|tent_literal|sub-45|1|0,1683449123,True,True,0.480934202671051,0.4630644619464874,0.46875,0.7721308469772339,0.480934202671051,0.09618150442838669,0.008537468500435352,6.769325256347656,0.48093419843215424,0.463064466486685,0.6904162263444348,0.536935533513315,0.772130875964649,0.46875,1.0,0.46875,nan
metadata_order,1,sub-45,1,tent_literal,ses-2,0,73,False,32,658373446,EEGTTA-PHASE1|v1|metadata_order|tent_literal|sub-45|1|1,733354958,True,True,0.5527721643447876,0.4442278742790222,0.4375,0.6929036378860474,0.5527721643447876,0.09668086469173431,0.014331620186567307,6.771268844604492,0.5527721412630445,0.4442278491551406,0.6869131497523038,0.5557721508448594,0.6929036108558648,0.4375,1.0,0.4375,nan
metadata_order,2,sub-45,1,tent_literal,ses-2,0,73,True,9,1165508791,EEGTTA-PHASE1|v1|metadata_order|tent_literal|sub-45|1|2,658373446,True,True,0.506943941116333,0.4134206175804138,0.3333333432674408,0.7356353402137756,0.506943941116333,0.1636812388896942,0.019160613417625427,6.772979736328125,0.5069439112675793,0.4134206436574459,0.6780793776865788,0.5865793563425541,0.7356353406276968,0.3333333333333333,1.0,0.3333333333333333,nan
metadata_order,3,sub-45,1,tent_literal,ses-1,1,68,False,32,824610276,EEGTTA-PHASE1|v1|metadata_order|tent_literal|sub-45|1|3,1165508791,True,True,0.5348300337791443,0.41934865713119507,0.34375,0.7382392883300781,0.5348300337791443,0.19190293550491333,0.02403799444437027,6.774450302124023,0.5348300274103727,0.41934866504743695,0.6800808957095109,0.580651334952563,0.7382392580620944,0.34375,0.0,0.65625,nan
metadata_order,4,sub-45,1,tent_literal,ses-1,1,68,False,32,163881382,EEGTTA-PHASE1|v1|metadata_order|tent_literal|sub-45|1|4,824610276,True,True,0.5632604360580444,0.4537246823310852,0.4375,0.7003797888755798,0.5632604360580444,0.11438758671283722,0.0291095282882452,6.775991439819336,0.5632604117001585,0.4537246522959322,0.6888582297344972,0.5462753477040678,0.7003797965589911,0.4375,0.0,0.5625,nan
metadata_order,5,sub-45,1,tent_literal,ses-1,1,68,True,4,676535777,EEGTTA-PHASE1|v1|metadata_order|tent_literal|sub-45|1|5,163881382,True,True,0.6144326329231262,0.44118839502334595,0.5,0.6797600388526917,0.6144326329231262,0.15934765338897705,0.033522795885801315,6.777548789978027,0.614432565233675,0.44118839502334595,0.6862135307570336,0.558811604976654,0.679760068655014,0.5,0.0,0.5,nan
metadata_order,0,sub-46,1,tent_literal,ses-1,0,70,False,32,871719781,EEGTTA-PHASE1|v1|metadata_order|tent_literal|sub-46|1|0,1879448878,True,True,0.580419659614563,0.4952772259712219,0.5625,0.6981651782989502,0.580419659614563,0.08883945643901825,0.008545557036995888,6.889479637145996,0.5804197000984956,0.4952772173564881,0.6931025705447945,0.5047227826435119,0.6981652055401355,0.5625,0.0,0.4375,nan
metadata_order,1,sub-46,1,tent_literal,ses-1,0,70,False,32,2102143452,EEGTTA-PHASE1|v1|metadata_order|tent_literal|sub-46|1|1,871719781,True,True,0.5770920515060425,0.48518866300582886,0.40625,0.6857997179031372,0.5770920515060425,0.08768800646066666,0.013892531394958496,6.890936851501465,0.5770920339671552,0.48518861876800656,0.6927083623410468,0.5148113812319934,0.6857997286133468,0.40625,0.0,0.59375,nan
metadata_order,2,sub-46,1,tent_literal,ses-1,0,70,True,6,2107554982,EEGTTA-PHASE1|v1|metadata_order|tent_literal|sub-46|1|2,2102143452,True,True,0.5653534531593323,0.4861602187156677,0.5,0.7176311016082764,0.5653534531593323,0.09104447066783905,0.018866337835788727,6.892914295196533,0.5653533788594689,0.4861602100233237,0.6927640520550978,0.5138397899766762,0.7176311103006204,0.5,0.0,0.5,nan
metadata_order,3,sub-46,1,tent_literal,ses-2,1,60,False,32,2096199738,EEGTTA-PHASE1|v1|metadata_order|tent_literal|sub-46|1|3,2107554982,True,True,0.5498110055923462,0.528128981590271,0.46875,0.7133569717407227,0.5498110055923462,0.0809575766324997,0.024397144094109535,6.894628524780273,0.5498110121612527,0.5281289657577872,0.6915638673272344,0.5281289657577872,0.7133569428697228,0.46875,1.0,0.46875,nan
metadata_order,4,sub-46,1,tent_literal,ses-2,1,60,True,28,203701764,EEGTTA-PHASE1|v1|metadata_order|tent_literal|sub-46|1|4,2096199738,True,True,0.5460911989212036,0.5335692763328552,0.5,0.7176100015640259,0.5460911989212036,0.09263987839221954,0.02967981807887554,6.8961710929870605,0.546091169262051,0.5335692735388875,0.6908916920546392,0.5335692735388875,0.7176099532682981,0.5,1.0,0.5,nan
metadata_order,0,sub-47,1,tent_literal,ses-1,0,73,False,32,662199179,EEGTTA-PHASE1|v1|metadata_order|tent_literal|sub-47|1|0,795419217,True,True,0.3987773060798645,0.2956320345401764,0.21875,0.8240649104118347,0.3987773060798645,0.23356427252292633,0.0085806455463171,7.965952396392822,0.3987773041191555,0.295632054345333,0.6071177977762225,0.704367945654667,0.8240649539366132,0.21875,0.0,0.78125,nan
metadata_order,1,sub-47,1,tent_literal,ses-1,0,73,False,32,586144738,EEGTTA-PHASE1|v1|metadata_order|tent_literal|sub-47|1|1,662199179,True,True,0.45111966133117676,0.3742716908454895,0.4375,0.7781843543052673,0.45111966133117676,0.12044822424650192,0.01538044586777687,7.966951370239258,0.4511196474102044,0.37427170274895616,0.6611900734108497,0.6257282972510438,0.7781843945558649,0.4375,0.0,0.5625,nan
metadata_order,2,sub-47,1,tent_literal,ses-1,0,73,True,9,1738658830,EEGTTA-PHASE1|v1|metadata_order|tent_literal|sub-47|1|2,586144738,True,True,0.4126535952091217,0.35096073150634766,0.3333333432674408,0.8087403178215027,0.4126535952091217,0.17175954580307007,0.021897342056035995,7.967709064483643,0.4126535881341802,0.3509607238488065,0.6480393370700919,0.6490392761511935,0.8087402923653523,0.3333333333333333,0.0,0.6666666666666666,nan
metadata_order,3,sub-47,1,tent_literal,ses-2,1,72,False,32,866382018,EEGTTA-PHASE1|v1|metadata_order|tent_literal|sub-47|1|3,1738658830,True,True,0.49029773473739624,0.42711341381073,0.375,0.7660989761352539,0.49029773473739624,0.16163769364356995,0.02765224315226078,7.969456195831299,0.4902976923883467,0.4271134128794074,0.6824843182923332,0.5728865871205926,0.7660989919677377,0.375,1.0,0.375,nan
metadata_order,4,sub-47,1,tent_literal,ses-2,1,72,False,32,755379296,EEGTTA-PHASE1|v1|metadata_order|tent_literal|sub-47|1|4,866382018,True,True,0.49198147654533386,0.4326797127723694,0.46875,0.7563678026199341,0.49198147654533386,0.14223170280456543,0.03302455693483353,7.971256732940674,0.49198148174762546,0.432679743913468,0.684055560702006,0.567320256086532,0.7563678124570288,0.46875,1.0,0.46875,nan
metadata_order,5,sub-47,1,tent_literal,ses-2,1,72,True,8,199474046,EEGTTA-PHASE1|v1|metadata_order|tent_literal|sub-47|1|5,755379296,True,True,0.5175253748893738,0.45517390966415405,0.5,0.7484420537948608,0.5175253748893738,0.16354234516620636,0.03730105236172676,7.972874641418457,0.5175253795321146,0.45517389941960573,0.6891230211171289,0.5448261005803943,0.7484420789405704,0.5,1.0,0.5,nan
metadata_order,0,sub-48,1,tent_literal,ses-1,0,74,False,32,1457064224,EEGTTA-PHASE1|v1|metadata_order|tent_literal|sub-48|1|0,2001655296,True,True,0.6416425704956055,0.4764149785041809,0.40625,0.6404274702072144,0.6416425704956055,0.047381237149238586,0.008486730046570301,6.3918352127075195,0.6416425412465194,0.4764149538241327,0.6920342588274768,0.5235850461758673,0.6404274315573275,0.40625,0.0,0.59375,nan
metadata_order,1,sub-48,1,tent_literal,ses-1,0,74,False,32,1409139768,EEGTTA-PHASE1|v1|metadata_order|tent_literal|sub-48|1|1,1457064224,True,True,0.6583399772644043,0.49882081151008606,0.46875,0.6085172295570374,0.6583399772644043,0.03090231493115425,0.014387805014848709,6.393496990203857,0.6583399104922479,0.4988207961432636,0.6931443995138957,0.5011792038567364,0.6085172262974083,0.46875,0.0,0.53125,nan
metadata_order,2,sub-48,1,tent_literal,ses-1,0,74,True,10,2091183413,EEGTTA-PHASE1|v1|metadata_order|tent_literal|sub-48|1|2,1409139768,True,True,0.6357986330986023,0.46906778216362,0.4000000059604645,0.6329881548881531,0.6357986330986023,0.07182389497756958,0.019950373098254204,6.394829273223877,0.6357986708434196,0.469067744910717,0.6912323492447445,0.530932255089283,0.6329881384968757,0.4,0.0,0.6,nan
metadata_order,3,sub-48,1,tent_literal,ses-2,1,71,False,32,1170818730,EEGTTA-PHASE1|v1|metadata_order|tent_literal|sub-48|1|3,2091183413,True,True,0.662352442741394,0.515450656414032,0.59375,0.6028445959091187,0.662352442741394,0.04985389858484268,0.024651775136590004,6.396041393280029,0.662352429086307,0.5154506461694837,0.6926696596122435,0.5154506461694837,0.6028446471318603,0.59375,1.0,0.59375,nan
metadata_order,4,sub-48,1,tent_literal,ses-2,1,71,False,32,641045949,EEGTTA-PHASE1|v1|metadata_order|tent_literal|sub-48|1|4,1170818730,True,True,0.6546393632888794,0.4914274513721466,0.4375,0.6157547831535339,0.6546393632888794,0.033355213701725006,0.02963637188076973,6.397280216217041,0.6546393591461046,0.49142744950950146,0.6930001961145041,0.5085725504904985,0.6157547850161791,0.4375,1.0,0.4375,nan
metadata_order,5,sub-48,1,tent_literal,ses-2,1,71,True,7,1615832022,EEGTTA-PHASE1|v1|metadata_order|tent_literal|sub-48|1|5,641045949,True,True,0.5890275835990906,0.4833894670009613,0.5714285969734192,0.6678623557090759,0.5890275835990906,0.08895087987184525,0.0344790481030941,6.398598670959473,0.5890275620345541,0.4833894393273762,0.6925952575610872,0.5166105606726238,0.667862302490643,0.5714285714285714,1.0,0.5714285714285714,nan
metadata_order,0,sub-49,1,tent_literal,ses-1,0,73,False,32,1719334267,EEGTTA-PHASE1|v1|metadata_order|tent_literal|sub-49|1|0,1250798125,True,True,0.5006192922592163,0.29448646306991577,0.21875,0.7648730278015137,0.5006192922592163,0.28036755323410034,0.008568113669753075,6.8174824714660645,0.500619296812685,0.2944864819291979,0.6061200752227393,0.7055135180708021,0.7648730424698442,0.21875,0.0,0.78125,nan
metadata_order,1,sub-49,1,tent_literal,ses-1,0,73,False,32,735208078,EEGTTA-PHASE1|v1|metadata_order|tent_literal|sub-49|1|1,1719334267,True,True,0.5383137464523315,0.29481303691864014,0.15625,0.7237370014190674,0.5383137464523315,0.2951059341430664,0.015396633185446262,6.818174362182617,0.5383137914397034,0.2948130341246724,0.6064051249620811,0.7051869658753276,0.7237370042130351,0.15625,0.0,0.84375,nan
metadata_order,2,sub-49,1,tent_literal,ses-1,0,73,True,9,553341575,EEGTTA-PHASE1|v1|metadata_order|tent_literal|sub-49|1|2,735208078,True,True,0.47438135743141174,0.2830234169960022,0.1111111119389534,0.7880538105964661,0.47438135743141174,0.314296692609787,0.02189924567937851,6.818767070770264,0.4743813635776285,0.2830234169960022,0.5957861970052141,0.7169765830039978,0.7880538370874193,0.1111111111111111,0.0,0.8888888888888888,nan
metadata_order,3,sub-49,1,tent_literal,ses-2,1,73,False,32,1245820496,EEGTTA-PHASE1|v1|metadata_order|tent_literal|sub-49|1|3,553341575,True,True,0.44048625230789185,0.4581936001777649,0.40625,0.8095149993896484,0.44048625230789185,0.1822255253791809,0.0276144091039896,6.819823265075684,0.440486221242264,0.4581935746828094,0.6896475417648317,0.5418064253171906,0.8095149913569912,0.40625,1.0,0.40625,nan
metadata_order,4,sub-49,1,tent_literal,ses-2,1,73,False,32,581920267,EEGTTA-PHASE1|v1|metadata_order|tent_literal|sub-49|1|4,1245820496,True,True,0.5571672916412354,0.4918045401573181,0.46875,0.7131357192993164,0.5571672916412354,0.09559903293848038,0.03285929560661316,6.820959091186523,0.5571673274026508,0.4918045434169471,0.6930128435271486,0.5081954565830529,0.7131357570178807,0.46875,1.0,0.46875,nan
metadata_order,5,sub-49,1,tent_literal,ses-2,1,73,True,9,629427368,EEGTTA-PHASE1|v1|metadata_order|tent_literal|sub-49|1|5,581920267,True,True,0.6159823536872864,0.530453085899353,0.4444444477558136,0.6644747853279114,0.6159823536872864,0.09533604979515076,0.037660762667655945,6.821933269500732,0.6159823036409126,0.530453105767568,0.6912912488128453,0.530453105767568,0.6644747853279114,0.4444444444444444,1.0,0.4444444444444444,nan
metadata_order,0,sub-50,1,tent_literal,ses-2,0,71,False,32,1758556475,EEGTTA-PHASE1|v1|metadata_order|tent_literal|sub-50|1|0,1261230817,True,True,0.5561432838439941,0.6579822897911072,0.8125,0.7167396545410156,0.5561432838439941,0.22362950444221497,0.008500908501446247,6.844242572784424,0.5561433077139801,0.657982253935188,0.6423647743167407,0.657982253935188,0.7167396009899676,0.8125,1.0,0.8125,nan
metadata_order,1,sub-50,1,tent_literal,ses-2,0,71,False,32,349681472,EEGTTA-PHASE1|v1|metadata_order|tent_literal|sub-50|1|1,1758556475,True,True,0.5295768976211548,0.6692895889282227,0.75,0.7435352802276611,0.5295768976211548,0.24973668158054352,0.015323071740567684,6.844365119934082,0.5295769012091893,0.6692895637825131,0.6346806150578976,0.6692895637825131,0.743535271845758,0.75,1.0,0.75,nan
metadata_order,2,sub-50,1,tent_literal,ses-2,0,71,True,7,1508174503,EEGTTA-PHASE1|v1|metadata_order|tent_literal|sub-50|1|2,349681472,True,True,0.4875906705856323,0.6680912375450134,0.7142857313156128,0.7530853152275085,0.4875906705856323,0.16367648541927338,0.021501801908016205,6.844445705413818,0.48759067129301137,0.6680911907127925,0.6355221943513645,0.6680911907127925,0.7530852258205414,0.7142857142857143,1.0,0.7142857142857143,nan
metadata_order,3,sub-50,1,tent_literal,ses-1,1,70,False,32,2010620828,EEGTTA-PHASE1|v1|metadata_order|tent_literal|sub-50|1|3,1508174503,True,True,0.5429829359054565,0.4979467988014221,0.5,0.7188645601272583,0.5429829359054565,0.0899055227637291,0.02704152651131153,6.845012187957764,0.5429829241230645,0.4979467683006078,0.6931387490154255,0.5020532316993922,0.7188645906280726,0.5,0.0,0.5,nan
metadata_order,4,sub-50,1,tent_literal,ses-1,1,70,False,32,269555573,EEGTTA-PHASE1|v1|metadata_order|tent_literal|sub-50|1|4,2010620828,True,True,0.5232970118522644,0.47719037532806396,0.40625,0.7373818159103394,0.5232970118522644,0.14347785711288452,0.03145913779735565,6.845727443695068,0.5232969986827156,0.47719036834314466,0.6921062607457915,0.5228096316568553,0.7373817930929363,0.40625,0.0,0.59375,nan
metadata_order,5,sub-50,1,tent_literal,ses-1,1,70,True,6,113811843,EEGTTA-PHASE1|v1|metadata_order|tent_literal|sub-50|1|5,269555573,True,True,0.6019164323806763,0.5752773284912109,0.6666666865348816,0.6638846397399902,0.6019164323806763,0.11676044017076492,0.03577781096100807,6.846309185028076,0.6019164249581607,0.5752773533264796,0.681770612725464,0.5752773533264796,0.6638846149047216,0.6666666666666666,0.0,0.3333333333333333,nan
metadata_order,0,sub-51,1,tent_literal,ses-2,0,67,False,32,1057020846,EEGTTA-PHASE1|v1|metadata_order|tent_literal|sub-51|1|0,61900659,True,True,0.5580339431762695,0.5154189467430115,0.5625,0.7185163497924805,0.5580339431762695,0.0807652473449707,0.008502406999468803,6.826308727264404,0.5580339697046005,0.5154189488384873,0.6926716172017602,0.5154189488384873,0.718516351422295,0.5625,1.0,0.5625,nan
metadata_order,1,sub-51,1,tent_literal,ses-2,0,67,False,32,1223113710,EEGTTA-PHASE1|v1|metadata_order|tent_literal|sub-51|1|1,1057020846,True,True,0.5719634294509888,0.48598700761795044,0.53125,0.6995192766189575,0.5719634294509888,0.07487288117408752,0.014406241476535797,6.827570915222168,0.5719633735943144,0.48598701413720846,0.6927544015865625,0.5140129858627915,0.6995192589238286,0.53125,1.0,0.53125,nan
metadata_order,2,sub-51,1,tent_literal,ses-2,0,67,True,3,1502384896,EEGTTA-PHASE1|v1|metadata_order|tent_literal|sub-51|1|2,1223113710,True,True,0.5920125246047974,0.5280061364173889,0.3333333432674408,0.6848046183586121,0.5920125246047974,0.16763418912887573,0.019481519237160683,6.828594207763672,0.5920124833317267,0.5280060867468516,0.6915776774849074,0.5280060867468516,0.6848046680291494,0.3333333333333333,1.0,0.3333333333333333,nan
metadata_order,3,sub-51,1,tent_literal,ses-1,1,70,False,32,1589374789,EEGTTA-PHASE1|v1|metadata_order|tent_literal|sub-51|1|3,1502384896,True,True,0.5205031037330627,0.3595517575740814,0.34375,0.7550073862075806,0.5205031037330627,0.18431931734085083,0.02383614331483841,6.830047607421875,0.5205030718346781,0.35955175809795037,0.6531598563697131,0.6404482419020496,0.755007378233131,0.34375,0.0,0.65625,nan
metadata_order,4,sub-51,1,tent_literal,ses-1,1,70,False,32,1129392878,EEGTTA-PHASE1|v1|metadata_order|tent_literal|sub-51|1|4,1589374789,True,True,0.5286252498626709,0.3983916640281677,0.28125,0.7275251150131226,0.5286252498626709,0.16892771422863007,0.028161799535155296,6.8316874504089355,0.5286252173014537,0.3983916633296758,0.6723541511324951,0.6016083366703242,0.7275251008104533,0.28125,0.0,0.71875,nan
metadata_order,5,sub-51,1,tent_literal,ses-1,1,70,True,6,2036477535,EEGTTA-PHASE1|v1|metadata_order|tent_literal|sub-51|1|5,1129392878,True,True,0.5367027521133423,0.291043221950531,0.1666666716337204,0.7126926779747009,0.5367027521133423,0.3099628984928131,0.03229188919067383,6.8329572677612305,0.5367027400839407,0.2910432107746601,0.6030831159879118,0.7089567892253399,0.712692629545927,0.16666666666666666,0.0,0.8333333333333334,nan
metadata_order,0,sub-52,1,tent_literal,ses-1,0,72,False,32,1998197761,EEGTTA-PHASE1|v1|metadata_order|tent_literal|sub-52|1|0,288543263,True,True,0.6727790832519531,0.5296805500984192,0.625,0.5883042216300964,0.6727790832519531,0.031585365533828735,0.00849188957363367,6.32459831237793,0.6727790469556721,0.5296805454418063,0.691384274815185,0.5296805454418063,0.588304222561419,0.625,0.0,0.375,nan
metadata_order,1,sub-52,1,tent_literal,ses-1,0,72,False,32,1065654498,EEGTTA-PHASE1|v1|metadata_order|tent_literal|sub-52|1|1,1998197761,True,True,0.6790663003921509,0.533227801322937,0.65625,0.5646299123764038,0.6790663003921509,0.03216981142759323,0.01564284972846508,6.324931621551514,0.679066350162683,0.533227825537324,0.6909373755537804,0.533227825537324,0.5646298993378878,0.65625,0.0,0.34375,nan
metadata_order,2,sub-52,1,tent_literal,ses-1,0,72,True,8,527468188,EEGTTA-PHASE1|v1|metadata_order|tent_literal|sub-52|1|2,1065654498,True,True,0.6629079580307007,0.48128822445869446,0.5,0.6039479970932007,0.6629079580307007,0.02546962909400463,0.020024161785840988,6.325781345367432,0.6629079339627688,0.48128823563456535,0.6924467567621662,0.5187117643654346,0.6039479710161686,0.5,0.0,0.5,nan
metadata_order,3,sub-52,1,tent_literal,ses-2,1,79,False,32,1309657215,EEGTTA-PHASE1|v1|metadata_order|tent_literal|sub-52|1|3,527468188,True,True,0.6687124967575073,0.4949387311935425,0.46875,0.5872474908828735,0.6687124967575073,0.019332924857735634,0.023995142430067062,6.326881408691406,0.668712523904005,0.4949387451633811,0.6930959470839406,0.5050612548366189,0.5872475551441312,0.46875,1.0,0.46875,nan
metadata_order,4,sub-52,1,tent_literal,ses-2,1,79,False,32,1198961583,EEGTTA-PHASE1|v1|metadata_order|tent_literal|sub-52|1|4,1309657215,True,True,0.6665089726448059,0.508702278137207,0.4375,0.5934823155403137,0.6665089726448059,0.018363289535045624,0.028070321306586266,6.3281073570251465,0.6665089407783548,0.5087022362276912,0.692995715081802,0.5087022362276912,0.5934823090210557,0.4375,1.0,0.4375,nan
metadata_order,5,sub-52,1,tent_literal,ses-2,1,79,True,15,2138663544,EEGTTA-PHASE1|v1|metadata_order|tent_literal|sub-52|1|5,1198961583,True,True,0.6616246700286865,0.5209157466888428,0.46666669845581055,0.6004842519760132,0.6616246700286865,0.031857460737228394,0.032338373363018036,6.329256534576416,0.6616246576362126,0.5209157168865204,0.6922719907853347,0.5209157168865204,0.6004842658837636,0.4666666666666667,1.0,0.4666666666666667,nan
metadata_order,0,sub-53,1,tent_literal,ses-1,0,72,False,32,1858855906,EEGTTA-PHASE1|v1|metadata_order|tent_literal|sub-53|1|0,1208124965,True,True,0.5947347283363342,0.5051203966140747,0.53125,0.6849417686462402,0.5947347283363342,0.08144880086183548,0.008557865396142006,6.98722505569458,0.5947347279153223,0.5051203803159297,0.6930947430542154,0.5051203803159297,0.6849417886696756,0.53125,0.0,0.46875,nan
metadata_order,1,sub-53,1,tent_literal,ses-1,0,72,False,32,532463303,EEGTTA-PHASE1|v1|metadata_order|tent_literal|sub-53|1|1,1858855906,True,True,0.49915969371795654,0.49669700860977173,0.5,0.7660410404205322,0.49915969371795654,0.12778125703334808,0.014707012102007866,6.988942623138428,0.49915966431179903,0.4966970200257492,0.6931253610478272,0.5033029799742508,0.7660410401804256,0.5,0.0,0.5,nan
metadata_order,2,sub-53,1,tent_literal,ses-1,0,72,True,8,1915516079,EEGTTA-PHASE1|v1|metadata_order|tent_literal|sub-53|1|2,532463303,True,True,0.45043686032295227,0.49327653646469116,0.5,0.8097769021987915,0.45043686032295227,0.16474603116512299,0.020636023953557014,6.99082088470459,0.4504368227549637,0.49327654484659433,0.6930567681367107,0.5067234551534057,0.8097768789157271,0.5,0.0,0.5,nan
metadata_order,3,sub-53,1,tent_literal,ses-2,1,72,False,32,2140756730,EEGTTA-PHASE1|v1|metadata_order|tent_literal|sub-53|1|3,1915516079,True,True,0.5003613233566284,0.4386875033378601,0.40625,0.7483562231063843,0.5003613233566284,0.15091003477573395,0.025700602680444717,6.992935657501221,0.5003612640798025,0.43868747941451147,0.6856097735796889,0.5613125205854885,0.7483562582056038,0.40625,1.0,0.40625,nan
metadata_order,4,sub-53,1,tent_literal,ses-2,1,72,False,32,1888084837,EEGTTA-PHASE1|v1|metadata_order|tent_literal|sub-53|1|4,2140756730,True,True,0.524416446685791,0.47374752163887024,0.375,0.7460825443267822,0.524416446685791,0.10642967373132706,0.030824091285467148,6.995124340057373,0.5244164369519644,0.47374753904296085,0.6917681631343405,0.5262524609570391,0.7460825679008849,0.375,1.0,0.375,nan
metadata_order,5,sub-53,1,tent_literal,ses-2,1,72,True,8,1702888177,EEGTTA-PHASE1|v1|metadata_order|tent_literal|sub-53|1|5,1888084837,True,True,0.5765866041183472,0.5530991554260254,0.75,0.6941370964050293,0.5765866041183472,0.22081226110458374,0.03477080911397934,6.9969377517700195,0.5765866301752101,0.5530991880223155,0.6874974852952919,0.5530991880223155,0.694137048907578,0.75,1.0,0.75,nan
metadata_order,0,sub-54,1,tent_literal,ses-1,0,64,False,32,377372911,EEGTTA-PHASE1|v1|metadata_order|tent_literal|sub-54|1|0,986022738,True,True,0.6208702325820923,0.4979599118232727,0.5,0.656419038772583,0.6208702325820923,0.052519749850034714,0.008498446084558964,6.407729148864746,0.6208702672738645,0.4979599160142243,0.6931388566515114,0.5020400839857757,0.6564190606586635,0.5,0.0,0.5,nan
metadata_order,1,sub-54,1,tent_literal,ses-1,0,64,True,32,462782570,EEGTTA-PHASE1|v1|metadata_order|tent_literal|sub-54|1|1,377372911,True,True,0.6337761282920837,0.43313735723495483,0.28125,0.6389143466949463,0.6337761282920837,0.10351591557264328,0.014213754795491695,6.4087629318237305,0.6337761214375255,0.4331373511813581,0.6841791119657548,0.5668626488186419,0.6389143862761557,0.28125,0.0,0.71875,nan
metadata_order,2,sub-54,1,tent_literal,ses-2,1,63,False,32,1170955600,EEGTTA-PHASE1|v1|metadata_order|tent_literal|sub-54|1|2,462782570,True,True,0.6358792781829834,0.44367262721061707,0.34375,0.6344818472862244,0.6358792781829834,0.08975180983543396,0.020156726241111755,6.409902572631836,0.6358792356678823,0.44367263885214925,0.6867881467565339,0.5563273611478508,0.634481857996434,0.34375,1.0,0.34375,nan
metadata_order,3,sub-54,1,tent_literal,ses-2,1,63,True,31,331174529,EEGTTA-PHASE1|v1|metadata_order|tent_literal|sub-54|1|3,1170955600,True,True,0.630241334438324,0.4914475977420807,0.5806451439857483,0.649066686630249,0.630241334438324,0.049467530101537704,0.025907637551426888,6.411320686340332,0.6302413220135,0.49144759485798495,0.6930008861583625,0.508552405142015,0.6490666520211005,0.5806451612903226,1.0,0.5806451612903226,nan
metadata_order,0,sub-55,1,tent_literal,ses-1,0,74,False,32,690910312,EEGTTA-PHASE1|v1|metadata_order|tent_literal|sub-55|1|0,1929976869,True,True,0.6697563529014587,0.4867531657218933,0.4375,0.5841346383094788,0.6697563529014587,0.031104233115911484,0.008492255583405495,6.364406585693359,0.6697563321389433,0.4867531340569258,0.6927961805763994,0.5132468659430742,0.584134628996253,0.4375,0.0,0.5625,nan
metadata_order,1,sub-55,1,tent_literal,ses-1,0,74,False,32,1845395616,EEGTTA-PHASE1|v1|metadata_order|tent_literal|sub-55|1|1,690910312,True,True,0.6617173552513123,0.4987586438655853,0.46875,0.598965048789978,0.6617173552513123,0.03073979541659355,0.0148763507604599,6.365180015563965,0.6617173745398905,0.4987586475908756,0.693144098645172,0.5012413524091244,0.5989650785923004,0.46875,0.0,0.53125,nan
metadata_order,2,sub-55,1,tent_literal,ses-1,0,74,True,10,710366437,EEGTTA-PHASE1|v1|metadata_order|tent_literal|sub-55|1|2,1845395616,True,True,0.6741886138916016,0.4844624996185303,0.30000001192092896,0.5748183727264404,0.6741886138916016,0.044533759355545044,0.021138930693268776,6.365958213806152,0.674188585491071,0.484462508559227,0.692664275541976,0.515537491440773,0.5748184114694596,0.3,0.0,0.7,nan
metadata_order,3,sub-55,1,tent_literal,ses-2,1,73,False,32,2059263492,EEGTTA-PHASE1|v1|metadata_order|tent_literal|sub-55|1|3,710366437,True,True,0.650627613067627,0.5733610987663269,0.71875,0.6125516295433044,0.650627613067627,0.0917280986905098,0.024782611057162285,6.366846084594727,0.6506275693824487,0.5733610950410366,0.6823445245110159,0.5733610950410366,0.6125516481697559,0.71875,1.0,0.71875,nan
metadata_order,4,sub-55,1,tent_literal,ses-2,1,73,False,32,2140919141,EEGTTA-PHASE1|v1|metadata_order|tent_literal|sub-55|1|4,2059263492,True,True,0.637276291847229,0.569922685623169,0.6875,0.6350877285003662,0.637276291847229,0.09998834133148193,0.02823132649064064,6.367732048034668,0.6372763256133059,0.5699226693250239,0.683336697115013,0.5699226693250239,0.6350877634249628,0.6875,1.0,0.6875,nan
metadata_order,5,sub-55,1,tent_literal,ses-2,1,73,True,9,1937193135,EEGTTA-PHASE1|v1|metadata_order|tent_literal|sub-55|1|5,2140919141,True,True,0.6197388768196106,0.53159099817276,0.3333333432674408,0.6490065455436707,0.6197388768196106,0.10573256015777588,0.032064300030469894,6.368916988372803,0.6197388738065048,0.5315909716818068,0.6911498714739381,0.5315909716818068,0.6490065058072408,0.3333333333333333,1.0,0.3333333333333333,nan
metadata_order,0,sub-56,1,tent_literal,ses-1,0,72,False,32,929267748,EEGTTA-PHASE1|v1|metadata_order|tent_literal|sub-56|1|0,789009196,True,True,0.5822000503540039,0.5058718323707581,0.46875,0.6949158310890198,0.5822000503540039,0.06839257478713989,0.008516395464539528,6.70393705368042,0.5822000873695232,0.505871850065887,0.6930782217284314,0.505871850065887,0.6949157984927297,0.46875,0.0,0.53125,nan
metadata_order,1,sub-56,1,tent_literal,ses-1,0,72,False,32,260527831,EEGTTA-PHASE1|v1|metadata_order|tent_literal|sub-56|1|1,929267748,True,True,0.6053645014762878,0.5467907190322876,0.625,0.6585813760757446,0.6053645014762878,0.10317062586545944,0.01371401734650135,6.704970359802246,0.6053645105988638,0.546790728578344,0.6887620223697882,0.546790728578344,0.6585813814308494,0.625,0.0,0.375,nan
metadata_order,2,sub-56,1,tent_literal,ses-1,0,72,True,8,147767686,EEGTTA-PHASE1|v1|metadata_order|tent_literal|sub-56|1|2,260527831,True,True,0.5878211259841919,0.537632942199707,0.5,0.6863924264907837,0.5878211259841919,0.14448295533657074,0.01710880547761917,6.706423282623291,0.5878211810261533,0.5376329403370619,0.6903120237772207,0.5376329403370619,0.6863924283534288,0.5,0.0,0.5,nan
metadata_order,3,sub-56,1,tent_literal,ses-2,1,72,False,32,1789926835,EEGTTA-PHASE1|v1|metadata_order|tent_literal|sub-56|1|3,147767686,True,True,0.5509786605834961,0.47432488203048706,0.40625,0.7254109382629395,0.5509786605834961,0.08337344974279404,0.021435346454381943,6.707982540130615,0.5509787244538796,0.4743248908780515,0.6918281780785127,0.5256751091219485,0.7254109443165362,0.40625,1.0,0.40625,nan
metadata_order,4,sub-56,1,tent_literal,ses-2,1,72,False,32,1846134358,EEGTTA-PHASE1|v1|metadata_order|tent_literal|sub-56|1|4,1789926835,True,True,0.5504298210144043,0.5087609887123108,0.5,0.7252225875854492,0.5504298210144043,0.07836456596851349,0.02621033973991871,6.709740161895752,0.5504298793697904,0.5087609540205449,0.6929936640733138,0.5087609540205449,0.7252225663978606,0.5,1.0,0.5,nan
metadata_order,5,sub-56,1,tent_literal,ses-2,1,72,True,8,1397414320,EEGTTA-PHASE1|v1|metadata_order|tent_literal|sub-56|1|5,1846134358,True,True,0.6590707302093506,0.438337504863739,0.25,0.5978606939315796,0.6590707302093506,0.1444915533065796,0.03018493950366974,6.711183547973633,0.6590707016856074,0.4383374936878681,0.6855232566672804,0.5616625063121319,0.5978607349097729,0.25,1.0,0.25,nan
metadata_order,0,sub-57,1,tent_literal,ses-1,0,71,False,32,966888833,EEGTTA-PHASE1|v1|metadata_order|tent_literal|sub-57|1|0,1803201334,True,True,0.6036146283149719,0.5322524905204773,0.59375,0.6563841104507446,0.6036146283149719,0.07628141343593597,0.008524954319000244,6.500890731811523,0.6036146266068037,0.5322524979710579,0.6910652881489867,0.5322524979710579,0.6563841104507446,0.59375,0.0,0.40625,nan
metadata_order,1,sub-57,1,tent_literal,ses-1,0,71,False,32,563644445,EEGTTA-PHASE1|v1|metadata_order|tent_literal|sub-57|1|1,966888833,True,True,0.6289283037185669,0.522097110748291,0.59375,0.6507112979888916,0.6289283037185669,0.05584032088518143,0.015338810160756111,6.502229690551758,0.6289283477323546,0.5220971466042101,0.6921702946403587,0.5220971466042101,0.6507112695835531,0.59375,0.0,0.40625,nan
metadata_order,2,sub-57,1,tent_literal,ses-1,0,71,True,7,1785251695,EEGTTA-PHASE1|v1|metadata_order|tent_literal|sub-57|1|2,563644445,True,True,0.593096911907196,0.522972047328949,0.5714285969734192,0.6956894993782043,0.593096911907196,0.0747513473033905,0.021095607429742813,6.5035529136657715,0.5930968950708413,0.5229719898530415,0.6920913843034107,0.5229719898530415,0.6956894376448223,0.5714285714285714,0.0,0.42857142857142855,nan
metadata_order,3,sub-57,1,tent_literal,ses-2,1,56,False,32,1747663547,EEGTTA-PHASE1|v1|metadata_order|tent_literal|sub-57|1|3,1785251695,True,True,0.6481095552444458,0.4805886745452881,0.375,0.6195560097694397,0.6481095552444458,0.05469073727726936,0.025859346613287926,6.504855155944824,0.6481095376145447,0.4805886968970299,0.6923933937664138,0.5194113031029701,0.6195560172200203,0.375,1.0,0.375,nan
metadata_order,4,sub-57,1,tent_literal,ses-2,1,56,True,24,709010488,EEGTTA-PHASE1|v1|metadata_order|tent_literal|sub-57|1|4,1747663547,True,True,0.6073364615440369,0.5100986957550049,0.5,0.6777184009552002,0.6073364615440369,0.05329867824912071,0.030750833451747894,6.506214141845703,0.6073364104799621,0.5100987187276284,0.6929431984501215,0.5100987187276284,0.6777184077848991,0.5,1.0,0.5,nan
metadata_order,0,sub-58,1,tent_literal,ses-1,0,72,False,32,876536866,EEGTTA-PHASE1|v1|metadata_order|tent_literal|sub-58|1|0,338843611,True,True,0.6696003675460815,0.5232193470001221,0.625,0.5791395902633667,0.6696003675460815,0.02687167003750801,0.008480973541736603,6.298678874969482,0.6696003609092706,0.5232193619012833,0.6920685151302208,0.5232193619012833,0.5791395679116249,0.625,0.0,0.375,nan
metadata_order,1,sub-58,1,tent_literal,ses-1,0,72,False,32,566428924,EEGTTA-PHASE1|v1|metadata_order|tent_literal|sub-58|1|1,876536866,True,True,0.678826630115509,0.5084429979324341,0.53125,0.5647356510162354,0.678826630115509,0.011355903930962086,0.014343165792524815,6.300686836242676,0.6788266072251594,0.508443002589047,0.693004605198468,0.508443002589047,0.5647356910631061,0.53125,0.0,0.46875,nan
metadata_order,2,sub-58,1,tent_literal,ses-1,0,72,True,8,2076122942,EEGTTA-PHASE1|v1|metadata_order|tent_literal|sub-58|1|2,566428924,True,True,0.6762198209762573,0.5059205293655396,0.375,0.5783233642578125,0.6762198209762573,0.021886158734560013,0.0192100889980793,6.301738262176514,0.6762198067581826,0.505920484662056,0.6930770746443828,0.505920484662056,0.5783233642578125,0.375,0.0,0.625,nan
metadata_order,3,sub-58,1,tent_literal,ses-2,1,62,False,32,340433598,EEGTTA-PHASE1|v1|metadata_order|tent_literal|sub-58|1|3,2076122942,True,True,0.6660143136978149,0.49664056301116943,0.40625,0.5985754728317261,0.6660143136978149,0.022813454270362854,0.024036047980189323,6.303213596343994,0.6660142545515484,0.4966405415907502,0.6931246084685048,0.5033594584092498,0.5985754458233714,0.40625,1.0,0.40625,nan
metadata_order,4,sub-58,1,tent_literal,ses-2,1,62,True,30,832167739,EEGTTA-PHASE1|v1|metadata_order|tent_literal|sub-58|1|4,340433598,True,True,0.6649081110954285,0.5440563559532166,0.7000000476837158,0.5954212546348572,0.6649081110954285,0.040359918028116226,0.02887471579015255,6.304928302764893,0.6649081259617302,0.5440563340981801,0.6892602206430394,0.5440563340981801,0.5954211970170339,0.7,1.0,0.7,nan
metadata_order,0,sub-59,1,tent_literal,ses-1,0,71,False,32,1695465330,EEGTTA-PHASE1|v1|metadata_order|tent_literal|sub-59|1|0,1877911968,True,True,0.5482078790664673,0.5312187075614929,0.59375,0.7155510187149048,0.5482078790664673,0.10738174617290497,0.00851297378540039,6.855700969696045,0.5482078957248826,0.5312187203671783,0.6911966950958557,0.5312187203671783,0.7155510282609612,0.59375,0.0,0.40625,nan
metadata_order,1,sub-59,1,tent_literal,ses-1,0,71,False,32,1811932654,EEGTTA-PHASE1|v1|metadata_order|tent_literal|sub-59|1|1,1695465330,True,True,0.5497588515281677,0.510869562625885,0.53125,0.7278888821601868,0.5497588515281677,0.11728479713201523,0.015324076637625694,6.857700824737549,0.5497588495683068,0.5108695542439818,0.6929108675258163,0.5108695542439818,0.7278888346627355,0.53125,0.0,0.46875,nan
metadata_order,2,sub-59,1,tent_literal,ses-1,0,71,True,7,1140566803,EEGTTA-PHASE1|v1|metadata_order|tent_literal|sub-59|1|2,1811932654,True,True,0.6336476802825928,0.5366021990776062,0.5714285969734192,0.6257991790771484,0.6336476802825928,0.10112008452415466,0.02116161212325096,6.859787464141846,0.6336476428600862,0.5366021905626569,0.690465341573221,0.5366021905626569,0.6257992131369454,0.5714285714285714,0.0,0.42857142857142855,nan
metadata_order,3,sub-59,1,tent_literal,ses-2,1,61,False,32,744350233,EEGTTA-PHASE1|v1|metadata_order|tent_literal|sub-59|1|3,1140566803,True,True,0.5727187991142273,0.49377015233039856,0.5625,0.6846135854721069,0.5727187991142273,0.06894562393426895,0.02649831213057041,6.861944198608398,0.5727187754861869,0.493770161527209,0.6930695567766465,0.506229838472791,0.684613557648845,0.5625,1.0,0.5625,nan
metadata_order,4,sub-59,1,tent_literal,ses-2,1,61,True,29,1141898315,EEGTTA-PHASE1|v1|metadata_order|tent_literal|sub-59|1|4,744350233,True,True,0.5183619856834412,0.49948129057884216,0.517241358757019,0.7501099109649658,0.5183619856834412,0.10486132651567459,0.030998121947050095,6.864556312561035,0.5183620110132069,0.49948129905708905,0.6931466424585124,0.500518700942911,0.7501099035143852,0.5172413793103449,1.0,0.5172413793103449,nan
metadata_order,0,sub-60,1,tent_literal,ses-1,0,60,False,32,184343296,EEGTTA-PHASE1|v1|metadata_order|tent_literal|sub-60|1|0,1228615586,True,True,0.5704338550567627,0.47587698698043823,0.4375,0.70243239402771,0.5704338550567627,0.08504343777894974,0.008535930886864662,6.730103969573975,0.5704338648807472,0.47587695764377713,0.6919828862843231,0.5241230423562229,0.7024323712103069,0.4375,0.0,0.5625,nan
metadata_order,1,sub-60,1,tent_literal,ses-1,0,60,True,28,40479464,EEGTTA-PHASE1|v1|metadata_order|tent_literal|sub-60|1|1,184343296,True,True,0.5370599627494812,0.5734153985977173,0.535714328289032,0.7188487648963928,0.5370599627494812,0.11435417085886002,0.013720222748816013,6.731861114501953,0.5370599531469227,0.5734153271519712,0.682328488696571,0.5734153271519712,0.7188486788155777,0.5357142857142857,0.0,0.4642857142857143,nan
metadata_order,2,sub-60,1,tent_literal,ses-2,1,67,False,32,120768922,EEGTTA-PHASE1|v1|metadata_order|tent_literal|sub-60|1|2,40479464,True,True,0.5232546329498291,0.5448071360588074,0.53125,0.7267670631408691,0.5232546329498291,0.09932960569858551,0.018978038802742958,6.733221530914307,0.5232546309169858,0.5448071066639386,0.6891264352512794,0.5448071066639386,0.7267670627334155,0.53125,1.0,0.53125,nan
metadata_order,3,sub-60,1,tent_literal,ses-2,1,67,False,32,1307129409,EEGTTA-PHASE1|v1|metadata_order|tent_literal|sub-60|1|3,120768922,True,True,0.561906099319458,0.5103555917739868,0.5,0.7149550914764404,0.561906099319458,0.07990285009145737,0.024273542687296867,6.734633445739746,0.5619060785192562,0.5103556067915633,0.6929326880397834,0.5103556067915633,0.7149551509646699,0.5,1.0,0.5,nan
metadata_order,4,sub-60,1,tent_literal,ses-2,1,67,True,3,181576910,EEGTTA-PHASE1|v1|metadata_order|tent_literal|sub-60|1|4,1307129409,True,True,0.6559838652610779,0.5010764002799988,0.3333333432674408,0.6228036284446716,0.6559838652610779,0.09538313001394272,0.02759583108127117,6.73598051071167,0.6559838317022991,0.5010764102141062,0.6931448632402573,0.5010764102141062,0.6228036185105642,0.3333333333333333,1.0,0.3333333333333333,nan
metadata_order,0,sub-61,1,tent_literal,ses-2,0,74,False,32,1776134699,EEGTTA-PHASE1|v1|metadata_order|tent_literal|sub-61|1|0,1021946548,True,True,0.6407005190849304,0.5398172736167908,0.5,0.6283388137817383,0.6407005190849304,0.0517980232834816,0.008492800407111645,6.361402988433838,0.6407004898061786,0.5398172754794359,0.689972989786954,0.5398172754794359,0.6283387634903193,0.5,1.0,0.5,nan
metadata_order,1,sub-61,1,tent_literal,ses-2,0,74,False,32,1094533485,EEGTTA-PHASE1|v1|metadata_order|tent_literal|sub-61|1|1,1776134699,True,True,0.6323604583740234,0.5118582248687744,0.4375,0.6393148899078369,0.6323604583740234,0.04408079385757446,0.014730704016983509,6.362244129180908,0.6323604610300405,0.5118582062423229,0.6928659200792326,0.5118582062423229,0.6393148601055145,0.4375,1.0,0.4375,nan
metadata_order,2,sub-61,1,tent_literal,ses-2,0,74,True,10,2107697715,EEGTTA-PHASE1|v1|metadata_order|tent_literal|sub-61|1|2,1094533485,True,True,0.6628894805908203,0.5370059609413147,0.6000000238418579,0.6040074229240417,0.6628894805908203,0.0581868514418602,0.02017633244395256,6.36373233795166,0.6628895117941856,0.5370059549808502,0.6904057931664298,0.5370059549808502,0.6040074169635773,0.6,1.0,0.6,nan
metadata_order,3,sub-61,1,tent_literal,ses-1,1,74,False,32,855468223,EEGTTA-PHASE1|v1|metadata_order|tent_literal|sub-61|1|3,2107697715,True,True,0.6566527485847473,0.48456668853759766,0.375,0.6020209789276123,0.6566527485847473,0.039042528718709946,0.02520209178328514,6.365267753601074,0.6566527431218366,0.48456670716404915,0.6926707318318197,0.5154332928359509,0.6020209714770317,0.375,0.0,0.625,nan
metadata_order,4,sub-61,1,tent_literal,ses-1,1,74,False,32,53348195,EEGTTA-PHASE1|v1|metadata_order|tent_literal|sub-61|1|4,855468223,True,True,0.655452311038971,0.5128045678138733,0.46875,0.6046769022941589,0.655452311038971,0.03568408638238907,0.030299775302410126,6.366772174835205,0.6554523068988245,0.5128045710735023,0.6928192306272385,0.5128045710735023,0.6046769176609814,0.46875,0.0,0.53125,nan
metadata_order,5,sub-61,1,tent_literal,ses-1,1,74,True,10,225600954,EEGTTA-PHASE1|v1|metadata_order|tent_literal|sub-61|1|5,53348195,True,True,0.6596662402153015,0.5528489947319031,0.6000000238418579,0.6106640100479126,0.6596662402153015,0.071558378636837,0.03553008660674095,6.3679280281066895,0.6596661967139371,0.5528489619493484,0.6875507070131621,0.5528489619493484,0.6106640070676803,0.6,0.0,0.4,nan
metadata_order,0,sub-62,1,tent_literal,ses-1,0,71,False,32,247870746,EEGTTA-PHASE1|v1|metadata_order|tent_literal|sub-62|1|0,723996800,True,True,0.6279979944229126,0.5047003030776978,0.5,0.6301748752593994,0.6279979944229126,0.04178570583462715,0.008503115735948086,6.419939041137695,0.6279979703834959,0.5047002891078591,0.6931029944737432,0.5047002891078591,0.6301748557016253,0.5,0.0,0.5,nan
metadata_order,1,sub-62,1,tent_literal,ses-1,0,71,False,32,1791551062,EEGTTA-PHASE1|v1|metadata_order|tent_literal|sub-62|1|1,247870746,True,True,0.6303151845932007,0.48691803216934204,0.4375,0.6418988704681396,0.6303151845932007,0.048069827258586884,0.015141576528549194,6.421597957611084,0.6303152163570802,0.4869180484674871,0.6928048665867454,0.5130819515325129,0.6418988988734782,0.4375,0.0,0.5625,nan
metadata_order,2,sub-62,1,tent_literal,ses-1,0,71,True,7,176241268,EEGTTA-PHASE1|v1|metadata_order|tent_literal|sub-62|1|2,1791551062,True,True,0.6214888691902161,0.5387739539146423,0.7142857313156128,0.6443116664886475,0.6214888691902161,0.07906125485897064,0.020246611908078194,6.422956466674805,0.6214888235994105,0.538773917726108,0.6901373262131801,0.538773917726108,0.6443116260426385,0.7142857142857143,0.0,0.2857142857142857,nan
metadata_order,3,sub-62,1,tent_literal,ses-2,1,66,False,32,1372913824,EEGTTA-PHASE1|v1|metadata_order|tent_literal|sub-62|1|3,176241268,True,True,0.6198853850364685,0.4850727319717407,0.375,0.6557525396347046,0.6198853850364685,0.06960508227348328,0.025495439767837524,6.4244465827941895,0.6198853778371326,0.48507275665178895,0.6927014691485014,0.514927243348211,0.6557525559328496,0.375,1.0,0.375,nan
metadata_order,4,sub-62,1,tent_literal,ses-2,1,66,False,32,687592676,EEGTTA-PHASE1|v1|metadata_order|tent_literal|sub-62|1|4,1372913824,True,True,0.6393061876296997,0.5122029781341553,0.53125,0.6352388858795166,0.6393061876296997,0.05215676501393318,0.030123980715870857,6.426011085510254,0.6393061729897218,0.5122030037455261,0.692849324385177,0.5122030037455261,0.6352388677187264,0.53125,1.0,0.53125,nan
metadata_order,5,sub-62,1,tent_literal,ses-2,1,66,True,2,789507417,EEGTTA-PHASE1|v1|metadata_order|tent_literal|sub-62|1|5,687592676,True,True,0.6456285715103149,0.6228906512260437,1.0,0.6228906512260437,0.6456285715103149,0.1894499957561493,0.032833680510520935,6.427311420440674,0.6456285765403298,0.6228906512260437,0.6626312626906368,0.6228906512260437,0.6228906512260437,1.0,1.0,1.0,nan
metadata_order,0,sub-63,1,tent_literal,ses-1,0,67,False,32,620094680,EEGTTA-PHASE1|v1|metadata_order|tent_literal|sub-63|1|0,807526823,True,True,0.5347957015037537,0.5173190832138062,0.53125,0.7259399890899658,0.5347957015037537,0.07970038056373596,0.008547849953174591,7.43100118637085,0.5347957169333631,0.5173191130161285,0.6925471571896615,0.5173191130161285,0.7259399704635143,0.53125,0.0,0.46875,nan
metadata_order,1,sub-63,1,tent_literal,ses-1,0,67,False,32,2070048478,EEGTTA-PHASE1|v1|metadata_order|tent_literal|sub-63|1|1,620094680,True,True,0.5010077357292175,0.5007563829421997,0.53125,0.7468985915184021,0.5010077357292175,0.09507744759321213,0.014138752594590187,7.433233737945557,0.5010077473720116,0.500756413966883,0.6931460362353302,0.500756413966883,0.7468986051972024,0.53125,0.0,0.46875,nan
metadata_order,2,sub-63,1,tent_literal,ses-1,0,67,True,3,1582894335,EEGTTA-PHASE1|v1|metadata_order|tent_literal|sub-63|1|2,2070048478,True,True,0.3373181223869324,0.46128782629966736,0.3333333432674408,0.8317759037017822,0.3373181223869324,0.2317601442337036,0.018638446927070618,7.434506416320801,0.3373181212569067,0.46128783499201137,0.6901469153878995,0.5387121650079887,0.8317758850753307,0.3333333333333333,0.0,0.6666666666666666,nan
metadata_order,3,sub-63,1,tent_literal,ses-2,1,73,False,32,1978550292,EEGTTA-PHASE1|v1|metadata_order|tent_literal|sub-63|1|3,1582894335,True,True,0.5225546956062317,0.4208555817604065,0.34375,0.7332690954208374,0.5225546956062317,0.1704791784286499,0.022910313680768013,7.43576717376709,0.5225547018991645,0.4208555917139165,0.6805666601733038,0.5791444082860835,0.7332691040937789,0.34375,1.0,0.34375,nan
metadata_order,4,sub-63,1,tent_literal,ses-2,1,73,False,32,1271563958,EEGTTA-PHASE1|v1|metadata_order|tent_literal|sub-63|1|4,1978550292,True,True,0.4657247066497803,0.5512723922729492,0.53125,0.7863793969154358,0.4657247066497803,0.09943290054798126,0.02735559083521366,7.4372782707214355,0.46572471630941165,0.5512723558349535,0.6878802181355906,0.5512723558349535,0.7863793961005285,0.53125,1.0,0.53125,nan
metadata_order,5,sub-63,1,tent_literal,ses-2,1,73,True,9,1997069309,EEGTTA-PHASE1|v1|metadata_order|tent_literal|sub-63|1|5,1271563958,True,True,0.5077029466629028,0.5038334727287292,0.4444444477558136,0.7531588077545166,0.5077029466629028,0.14669321477413177,0.03188997507095337,7.438509941101074,0.5077029272240224,0.5038334586554103,0.6931177894614732,0.5038334586554103,0.7531587622231908,0.4444444444444444,1.0,0.4444444444444444,nan
metadata_order,0,sub-64,1,tent_literal,ses-1,0,69,False,32,1041153023,EEGTTA-PHASE1|v1|metadata_order|tent_literal|sub-64|1|0,2089179429,True,True,0.4386073648929596,0.5169770121574402,0.5,0.7897224426269531,0.4386073648929596,0.152535542845726,0.008546288125216961,7.060395240783691,0.43860733887006187,0.5169770412612706,0.6925706298878915,0.5169770412612706,0.7897224619518965,0.5,0.0,0.5,nan
metadata_order,1,sub-64,1,tent_literal,ses-1,0,69,False,32,1244650686,EEGTTA-PHASE1|v1|metadata_order|tent_literal|sub-64|1|1,1041153023,True,True,0.5176190733909607,0.5044255256652832,0.5,0.7480007410049438,0.5176190733909607,0.12756052613258362,0.015252729877829552,7.061220645904541,0.5176190441508011,0.5044255356770009,0.6931080093164237,0.5044255356770009,0.7480006862897426,0.5,0.0,0.5,nan
metadata_order,2,sub-64,1,tent_literal,ses-1,0,69,True,5,807773329,EEGTTA-PHASE1|v1|metadata_order|tent_literal|sub-64|1|2,1244650686,True,True,0.5065003633499146,0.49362727999687195,0.6000000238418579,0.7414379119873047,0.5065003633499146,0.20587874948978424,0.02141784504055977,7.061903476715088,0.5065002885229246,0.4936272531747818,0.6930659545565037,0.5063727468252182,0.7414378970861435,0.6,0.0,0.4,nan
metadata_order,3,sub-64,1,tent_literal,ses-2,1,70,False,32,124525287,EEGTTA-PHASE1|v1|metadata_order|tent_literal|sub-64|1|3,807773329,True,True,0.5216171741485596,0.4470655024051666,0.40625,0.7287169098854065,0.5216171741485596,0.12462888658046722,0.027260635048151016,7.062991142272949,0.5216171195129664,0.4470654858741909,0.687532539029027,0.5529345141258091,0.728716948768124,0.40625,1.0,0.40625,nan
metadata_order,4,sub-64,1,tent_literal,ses-2,1,70,False,32,1346978763,EEGTTA-PHASE1|v1|metadata_order|tent_literal|sub-64|1|4,124525287,True,True,0.5165349245071411,0.5071228742599487,0.375,0.7321058511734009,0.5165349245071411,0.10871566832065582,0.032630495727062225,7.064324855804443,0.5165349679076734,0.5071228922170121,0.6930457059404624,0.5071228922170121,0.7321059077221435,0.375,1.0,0.375,nan
metadata_order,5,sub-64,1,tent_literal,ses-2,1,70,True,6,326164363,EEGTTA-PHASE1|v1|metadata_order|tent_literal|sub-64|1|5,1346978763,True,True,0.5325910449028015,0.553918719291687,0.3333333432674408,0.7114419341087341,0.5325910449028015,0.1712224781513214,0.03687165305018425,7.0657124519348145,0.5325909866657498,0.5539186944564184,0.6873214073064724,0.5539186944564184,0.7114419390757879,0.3333333333333333,1.0,0.3333333333333333,nan
metadata_order,0,sub-65,1,tent_literal,ses-2,0,55,False,32,1929457214,EEGTTA-PHASE1|v1|metadata_order|tent_literal|sub-65|1|0,1208327529,True,True,0.5905940532684326,0.5566911697387695,0.5,0.680122971534729,0.5905940532684326,0.10359490662813187,0.008571888320147991,6.739439964294434,0.5905940227200643,0.5566911865025759,0.6867055558708328,0.5566911865025759,0.6801229733973742,0.5,1.0,0.5,nan
metadata_order,1,sub-65,1,tent_literal,ses-2,0,55,True,23,941310688,EEGTTA-PHASE1|v1|metadata_order|tent_literal|sub-65|1|1,1929457214,True,True,0.5999277234077454,0.49115556478500366,0.43478262424468994,0.6530276536941528,0.5999277234077454,0.05076272040605545,0.014543437398970127,6.7409210205078125,0.5999277366214322,0.4911555245356715,0.6929907229076313,0.5088444754643284,0.6530276861689661,0.43478260869565216,1.0,0.43478260869565216,nan
metadata_order,2,sub-65,1,tent_literal,ses-1,1,74,False,32,1175666582,EEGTTA-PHASE1|v1|metadata_order|tent_literal|sub-65|1|2,941310688,True,True,0.5720319747924805,0.48370516300201416,0.4375,0.6903276443481445,0.5720319747924805,0.06279870867729187,0.01925431191921234,6.742931842803955,0.5720319289068558,0.48370518593583256,0.6926160445873718,0.5162948140641674,0.6903276586672291,0.4375,0.0,0.5625,nan
metadata_order,3,sub-65,1,tent_literal,ses-1,1,74,False,32,895454678,EEGTTA-PHASE1|v1|metadata_order|tent_literal|sub-65|1|3,1175666582,True,True,0.6189446449279785,0.5164597630500793,0.5625,0.6521983742713928,0.6189446449279785,0.060140274465084076,0.02368849143385887,6.744907855987549,0.6189446027578599,0.5164597732946277,0.6926052343771593,0.5164597732946277,0.6521983938291669,0.5625,0.0,0.4375,nan
metadata_order,4,sub-65,1,tent_literal,ses-1,1,74,True,10,10408939,EEGTTA-PHASE1|v1|metadata_order|tent_literal|sub-65|1|4,895454678,True,True,0.5804933905601501,0.600446879863739,0.6000000238418579,0.6949737668037415,0.5804933905601501,0.14967761933803558,0.028384361416101456,6.746690273284912,0.580493430413013,0.6004468530416489,0.6728300676456277,0.6004468530416489,0.6949737697839737,0.6,0.0,0.4,nan
metadata_order,0,sub-66,1,tent_literal,ses-1,0,65,False,32,1454648235,EEGTTA-PHASE1|v1|metadata_order|tent_literal|sub-66|1|0,1912053905,True,True,0.6218225955963135,0.4835582673549652,0.40625,0.6527391672134399,0.6218225955963135,0.05025018751621246,0.00849521066993475,6.443849563598633,0.6218226101264632,0.4835582850500941,0.6926064230990501,0.5164417149499059,0.6527391904965043,0.40625,0.0,0.59375,nan
metadata_order,1,sub-66,1,tent_literal,ses-1,0,65,False,32,1538568792,EEGTTA-PHASE1|v1|metadata_order|tent_literal|sub-66|1|1,1454648235,True,True,0.6132398843765259,0.49003949761390686,0.4375,0.637259840965271,0.6132398843765259,0.036036014556884766,0.015069016255438328,6.445655345916748,0.6132398919521636,0.4900395371951163,0.6929487457955712,0.5099604628048837,0.6372598386369646,0.4375,0.0,0.5625,nan
metadata_order,2,sub-66,1,tent_literal,ses-1,0,65,True,1,839700133,EEGTTA-PHASE1|v1|metadata_order|tent_literal|sub-66|1|2,1538568792,True,True,0.6260288953781128,0.31888869404792786,0.0,0.6811113357543945,0.6260288953781128,0.3363833725452423,0.01925508864223957,6.44609260559082,0.6260289469606639,0.31888869404792786,0.6260289469606639,0.6811113059520721,0.6811113059520721,0.0,0.0,1.0,nan
metadata_order,3,sub-66,1,tent_literal,ses-2,1,69,False,32,1434244666,EEGTTA-PHASE1|v1|metadata_order|tent_literal|sub-66|1|3,839700133,True,True,0.6339728832244873,0.501235842704773,0.46875,0.6406424045562744,0.6339728832244873,0.044004641473293304,0.02359829656779766,6.446780681610107,0.6339729061494989,0.5012358762323856,0.6931441257767113,0.5012358762323856,0.6406424045562744,0.46875,1.0,0.46875,nan
metadata_order,4,sub-66,1,tent_literal,ses-2,1,69,False,32,2140395568,EEGTTA-PHASE1|v1|metadata_order|tent_literal|sub-66|1|4,1434244666,True,True,0.616793692111969,0.5228564739227295,0.59375,0.6488336324691772,0.616793692111969,0.066572405397892,0.027858655899763107,6.4476094245910645,0.6167936921305919,0.5228564548306167,0.6921019813071587,0.5228564548306167,0.6488336552865803,0.59375,1.0,0.59375,nan
metadata_order,5,sub-66,1,tent_literal,ses-2,1,69,True,5,481995361,EEGTTA-PHASE1|v1|metadata_order|tent_literal|sub-66|1|5,2140395568,True,True,0.5700170397758484,0.49564552307128906,0.800000011920929,0.674332320690155,0.5700170397758484,0.12982329726219177,0.03165331110358238,6.4484052658081055,0.5700170675427639,0.49564551264047624,0.6931092569602146,0.5043544873595238,0.6743323192000389,0.8,1.0,0.8,nan
metadata_order,0,sub-67,1,tent_literal,ses-2,0,72,False,32,872358080,EEGTTA-PHASE1|v1|metadata_order|tent_literal|sub-67|1|0,698998981,True,True,0.5508630275726318,0.5054880380630493,0.4375,0.7049988508224487,0.5508630275726318,0.082379549741745,0.008543462492525578,7.078075885772705,0.5508629702650931,0.5054880391689949,0.6930869422025415,0.5054880391689949,0.7049988124636002,0.4375,1.0,0.4375,nan
metadata_order,1,sub-67,1,tent_literal,ses-2,0,72,False,32,1935671453,EEGTTA-PHASE1|v1|metadata_order|tent_literal|sub-67|1|1,872358080,True,True,0.5369734764099121,0.4601173400878906,0.4375,0.7360241413116455,0.5369734764099121,0.12233022600412369,0.01351115945726633,7.080361843109131,0.5369734368503358,0.46011733886552975,0.6899625451692146,0.5398826611344703,0.7360241276328452,0.4375,1.0,0.4375,nan
metadata_order,2,sub-67,1,tent_literal,ses-2,0,72,True,8,1197194884,EEGTTA-PHASE1|v1|metadata_order|tent_literal|sub-67|1|2,1935671453,True,True,0.5673681497573853,0.4682575464248657,0.375,0.7090538144111633,0.5673681497573853,0.1694878339767456,0.018197735771536827,7.081498622894287,0.5673681445495792,0.4682575259357691,0.6911306554177454,0.5317424740642309,0.70905383490026,0.375,1.0,0.375,nan
metadata_order,3,sub-67,1,tent_literal,ses-1,1,74,False,32,620605121,EEGTTA-PHASE1|v1|metadata_order|tent_literal|sub-67|1|3,1197194884,True,True,0.4749356508255005,0.438232958316803,0.375,0.7775653600692749,0.4749356508255005,0.1235097348690033,0.0229191891849041,7.082800388336182,0.4749356223794543,0.4382329867221415,0.685497325955274,0.5617670132778585,0.7775653689168394,0.375,0.0,0.625,nan
metadata_order,4,sub-67,1,tent_literal,ses-1,1,74,False,32,2056236961,EEGTTA-PHASE1|v1|metadata_order|tent_literal|sub-67|1|4,620605121,True,True,0.4782427251338959,0.4418797194957733,0.40625,0.7768933773040771,0.4782427251338959,0.10923043638467789,0.027717091143131256,7.084324836730957,0.47824274552726875,0.44187972124200314,0.6863759499119335,0.5581202787579969,0.7768933420302346,0.40625,0.0,0.59375,nan
metadata_order,5,sub-67,1,tent_literal,ses-1,1,74,True,10,1013697444,EEGTTA-PHASE1|v1|metadata_order|tent_literal|sub-67|1|5,2056236961,True,True,0.5751733183860779,0.43932047486305237,0.30000001192092896,0.6733118891716003,0.5751733183860779,0.06195607781410217,0.03259502351284027,7.085733890533447,0.5751733303806486,0.4393204796127975,0.685764988625927,0.5606795203872025,0.6733119261451066,0.3,0.0,0.7,nan
metadata_order,0,sub-68,1,tent_literal,ses-2,0,73,False,32,1104051703,EEGTTA-PHASE1|v1|metadata_order|tent_literal|sub-68|1|0,934046793,True,True,0.527118980884552,0.5234269499778748,0.53125,0.7428324222564697,0.527118980884552,0.10538719594478607,0.008587281219661236,7.033760070800781,0.5271189706857651,0.5234269415959716,0.6920491354149372,0.5234269415959716,0.7428323859348893,0.53125,1.0,0.53125,nan
metadata_order,1,sub-68,1,tent_literal,ses-2,0,73,False,32,1722061569,EEGTTA-PHASE1|v1|metadata_order|tent_literal|sub-68|1|1,1104051703,True,True,0.5240920186042786,0.517482340335846,0.53125,0.7426131963729858,0.5240920186042786,0.09745770692825317,0.014357737265527248,7.035577774047852,0.5240920066923186,0.5174823303241283,0.6925357922040868,0.5174823303241283,0.7426131765823811,0.53125,1.0,0.53125,nan
metadata_order,2,sub-68,1,tent_literal,ses-2,0,73,True,9,320490243,EEGTTA-PHASE1|v1|metadata_order|tent_literal|sub-68|1|2,1722061569,True,True,0.5499258041381836,0.5599296689033508,0.5555555820465088,0.7218295931816101,0.5499258041381836,0.16457848250865936,0.019863950088620186,7.036639213562012,0.5499258241779699,0.5599296540021896,0.6859467549962888,0.5599296540021896,0.7218295948372947,0.5555555555555556,1.0,0.5555555555555556,nan
metadata_order,3,sub-68,1,tent_literal,ses-1,1,73,False,32,1619516491,EEGTTA-PHASE1|v1|metadata_order|tent_literal|sub-68|1|3,320490243,True,True,0.479378342628479,0.533397376537323,0.53125,0.7604427933692932,0.479378342628479,0.11418204009532928,0.025545908138155937,7.0378193855285645,0.4793783492447558,0.5333973994129337,0.6909147462353697,0.5333973994129337,0.7604427928454243,0.53125,0.0,0.46875,nan
metadata_order,4,sub-68,1,tent_literal,ses-1,1,73,False,32,978265704,EEGTTA-PHASE1|v1|metadata_order|tent_literal|sub-68|1|4,1619516491,True,True,0.500565767288208,0.45912981033325195,0.375,0.739654541015625,0.500565767288208,0.19383960962295532,0.03008107841014862,7.038884162902832,0.5005657521752733,0.4591297754086554,0.6898026998606231,0.5408702245913446,0.7396545871160924,0.375,0.0,0.625,nan
metadata_order,5,sub-68,1,tent_literal,ses-1,1,73,True,9,2080634041,EEGTTA-PHASE1|v1|metadata_order|tent_literal|sub-68|1|5,978265704,True,True,0.5835440158843994,0.48112645745277405,0.4444444477558136,0.7078525424003601,0.5835440158843994,0.12956640124320984,0.034243393689394,7.03986120223999,0.5835439844665937,0.4811264971892039,0.6924345930668467,0.518873502810796,0.7078525457117293,0.4444444444444444,0.0,0.5555555555555556,nan
metadata_order,0,sub-69,1,tent_literal,ses-1,0,73,False,32,1189308151,EEGTTA-PHASE1|v1|metadata_order|tent_literal|sub-69|1|0,531920643,True,True,0.5236911177635193,0.4791812300682068,0.4375,0.7380082011222839,0.5236911177635193,0.09303788095712662,0.008527192287147045,6.793195724487305,0.5236911478833175,0.47918120329268277,0.6922800853202229,0.5208187967073172,0.7380081645678729,0.4375,0.0,0.5625,nan
metadata_order,1,sub-69,1,tent_literal,ses-1,0,73,False,32,1775367965,EEGTTA-PHASE1|v1|metadata_order|tent_literal|sub-69|1|1,1189308151,True,True,0.5505884289741516,0.46839016675949097,0.34375,0.7126694917678833,0.5505884289741516,0.11761237680912018,0.015319057740271091,6.7946391105651855,0.5505883896672084,0.46839016024023294,0.6911474833351877,0.5316098397597671,0.7126695504412055,0.34375,0.0,0.65625,nan
metadata_order,2,sub-69,1,tent_literal,ses-1,0,73,True,9,1325426605,EEGTTA-PHASE1|v1|metadata_order|tent_literal|sub-69|1|2,1775367965,True,True,0.6431726813316345,0.5288558602333069,0.5555555820465088,0.6082650423049927,0.6431726813316345,0.09939941763877869,0.01968199759721756,6.7960734367370605,0.643172688812195,0.528855895002683,0.691480929537165,0.528855895002683,0.6082650538947847,0.5555555555555556,0.0,0.4444444444444444,nan
metadata_order,3,sub-69,1,tent_literal,ses-2,1,70,False,32,1040031830,EEGTTA-PHASE1|v1|metadata_order|tent_literal|sub-69|1|3,1325426605,True,True,0.5692757368087769,0.4436642527580261,0.34375,0.7110468149185181,0.5692757368087769,0.11913096904754639,0.02441706880927086,6.797500133514404,0.569275752791875,0.4436642622749787,0.686786251247038,0.5563357377250213,0.711046824028017,0.34375,1.0,0.34375,nan
metadata_order,4,sub-69,1,tent_literal,ses-2,1,70,False,32,2072386860,EEGTTA-PHASE1|v1|metadata_order|tent_literal|sub-69|1|4,1040031830,True,True,0.49103909730911255,0.43236926198005676,0.375,0.7566229104995728,0.49103909730911255,0.16281969845294952,0.029533427208662033,6.798880100250244,0.4910391115450956,0.43236926558893174,0.6839712476446993,0.5676307344110683,0.7566229068906978,0.375,1.0,0.375,nan
metadata_order,5,sub-69,1,tent_literal,ses-2,1,70,True,6,21074060,EEGTTA-PHASE1|v1|metadata_order|tent_literal|sub-69|1|5,2072386860,True,True,0.46356505155563354,0.5184451937675476,0.5,0.7917372584342957,0.46356505155563354,0.1379745602607727,0.03426070511341095,6.800430774688721,0.4635650346229339,0.518445166448752,0.6924665778085817,0.518445166448752,0.7917372460166613,0.5,1.0,0.5,nan
metadata_order,0,sub-70,1,tent_literal,ses-1,0,70,False,32,378748563,EEGTTA-PHASE1|v1|metadata_order|tent_literal|sub-70|1|0,1948219366,True,True,0.5954041481018066,0.5257260799407959,0.625,0.6684056520462036,0.5954041481018066,0.07038349658250809,0.00850047916173935,6.506442070007324,0.5954041584160487,0.5257260510697961,0.6918229365085932,0.5257260510697961,0.6684055952355266,0.625,0.0,0.375,nan
metadata_order,1,sub-70,1,tent_literal,ses-1,0,70,False,32,340284481,EEGTTA-PHASE1|v1|metadata_order|tent_literal|sub-70|1|1,378748563,True,True,0.5461034774780273,0.5011796951293945,0.4375,0.7155314087867737,0.5461034774780273,0.09849437326192856,0.0150263961404562,6.50765323638916,0.5461034494993706,0.5011796611361206,0.6931443973565711,0.5011796611361206,0.7155314353294671,0.4375,0.0,0.5625,nan
metadata_order,2,sub-70,1,tent_literal,ses-1,0,70,True,6,1712543881,EEGTTA-PHASE1|v1|metadata_order|tent_literal|sub-70|1|2,340284481,True,True,0.5407260656356812,0.48636406660079956,0.5,0.6838738322257996,0.5407260656356812,0.141386017203331,0.02166617661714554,6.508426189422607,0.5407260136042878,0.48636407653490704,0.6927752576312782,0.5136359234650929,0.6838737626870474,0.5,0.0,0.5,nan
metadata_order,3,sub-70,1,tent_literal,ses-2,1,69,False,32,1282189360,EEGTTA-PHASE1|v1|metadata_order|tent_literal|sub-70|1|3,1712543881,True,True,0.5797176361083984,0.5123298168182373,0.46875,0.6878550052642822,0.5797176361083984,0.09503675252199173,0.028095385059714317,6.5091938972473145,0.5797176220774585,0.5123297786340117,0.6928431028552846,0.5123297786340117,0.687855021096766,0.46875,1.0,0.46875,nan
metadata_order,4,sub-70,1,tent_literal,ses-2,1,69,False,32,1835609792,EEGTTA-PHASE1|v1|metadata_order|tent_literal|sub-70|1|4,1282189360,True,True,0.5847836136817932,0.5338994264602661,0.4375,0.6898877620697021,0.5847836136817932,0.07606017589569092,0.03434694930911064,6.50996732711792,0.584783561033626,0.5338994381017983,0.6908470727124332,0.5338994381017983,0.6898877616040409,0.4375,1.0,0.4375,nan
metadata_order,5,sub-70,1,tent_literal,ses-2,1,69,True,5,1714850109,EEGTTA-PHASE1|v1|metadata_order|tent_literal|sub-70|1|5,1835609792,True,True,0.6367270946502686,0.5710965394973755,0.800000011920929,0.6433677077293396,0.6367270946502686,0.14577287435531616,0.0391480028629303,6.5106201171875,0.636727097178187,0.571096533536911,0.6830034009717534,0.571096533536911,0.6433676540851593,0.8,1.0,0.8,nan
metadata_order,0,sub-71,1,tent_literal,ses-1,0,70,False,32,931098912,EEGTTA-PHASE1|v1|metadata_order|tent_literal|sub-71|1|0,1852488727,True,True,0.670583188533783,0.5222796201705933,0.5,0.584496021270752,0.670583188533783,0.025296811014413834,0.008488173596560955,6.334896564483643,0.670583227664397,0.5222795950248837,0.6921540910651962,0.5222795950248837,0.5844960315153003,0.5,0.0,0.5,nan
metadata_order,1,sub-71,1,tent_literal,ses-1,0,70,False,32,1607924779,EEGTTA-PHASE1|v1|metadata_order|tent_literal|sub-71|1|1,931098912,True,True,0.6699204444885254,0.5185317993164062,0.5625,0.5823830366134644,0.6699204444885254,0.02733485959470272,0.014752009883522987,6.3361430168151855,0.66992044569287,0.5185317602008581,0.6924601709458406,0.5185317602008581,0.5823830459266901,0.5625,0.0,0.4375,nan
metadata_order,2,sub-71,1,tent_literal,ses-1,0,70,True,6,1863017277,EEGTTA-PHASE1|v1|metadata_order|tent_literal|sub-71|1|2,1607924779,True,True,0.6789968013763428,0.5242242217063904,0.5,0.5750532150268555,0.6789968013763428,0.03402314335107803,0.02008092775940895,6.336720943450928,0.6789968408289834,0.5242242366075516,0.6919730937162207,0.5242242366075516,0.5750532199939092,0.5,0.0,0.5,nan
metadata_order,3,sub-71,1,tent_literal,ses-2,1,72,False,32,1108690034,EEGTTA-PHASE1|v1|metadata_order|tent_literal|sub-71|1|3,1863017277,True,True,0.6650091409683228,0.518355131149292,0.5625,0.5953397750854492,0.6650091409683228,0.030716899782419205,0.02568613924086094,6.337002277374268,0.6650090914625415,0.5183551060035825,0.6924732093011088,0.5183551060035825,0.5953397927805781,0.5625,1.0,0.5625,nan
metadata_order,4,sub-71,1,tent_literal,ses-2,1,72,False,32,1632668285,EEGTTA-PHASE1|v1|metadata_order|tent_literal|sub-71|1|4,1108690034,True,True,0.6398419141769409,0.529833197593689,0.625,0.6177794337272644,0.6398419141769409,0.051478203386068344,0.03126754239201546,6.337114334106445,0.6398418884295629,0.529833160340786,0.6913660879664476,0.529833160340786,0.6177794449031353,0.625,1.0,0.625,nan
metadata_order,5,sub-71,1,tent_literal,ses-2,1,72,True,8,1783538165,EEGTTA-PHASE1|v1|metadata_order|tent_literal|sub-71|1|5,1632668285,True,True,0.6497983336448669,0.5486342906951904,0.625,0.6239921450614929,0.6497983336448669,0.05753335729241371,0.036703888326883316,6.337271690368652,0.6497983355929471,0.5486343279480934,0.688409096963815,0.5486343279480934,0.6239921525120735,0.625,1.0,0.625,nan
metadata_order,0,sub-01,2,tent_literal,ses-1,0,69,False,32,431893101,EEGTTA-PHASE1|v1|metadata_order|tent_literal|sub-01|2|0,5671488,True,True,0.42182713747024536,0.4729319214820862,0.5,0.7980233430862427,0.42182713747024536,0.12495702505111694,0.008535164408385754,7.266088962554932,0.42182709538894986,0.47293193099903874,0.691681103239987,0.5270680690009613,0.7980234043498058,0.5,0.0,0.5,nan
metadata_order,1,sub-01,2,tent_literal,ses-1,0,69,False,32,1268140592,EEGTTA-PHASE1|v1|metadata_order|tent_literal|sub-01|2|1,431893101,True,True,0.5034425258636475,0.5320712924003601,0.5625,0.761390209197998,0.5034425258636475,0.1314498335123062,0.01323816180229187,7.267751693725586,0.5034425758499386,0.532071310619358,0.6910886296981935,0.532071310619358,0.7613902282319032,0.5625,0.0,0.4375,nan
metadata_order,2,sub-01,2,tent_literal,ses-1,0,69,True,5,1631077789,EEGTTA-PHASE1|v1|metadata_order|tent_literal|sub-01|2|2,1268140592,True,True,0.47499799728393555,0.4341478943824768,0.20000000298023224,0.7642908692359924,0.47499799728393555,0.3412919342517853,0.017658105120062828,7.26900577545166,0.4749979797646229,0.43414785861968996,0.6844489222100824,0.56585214138031,0.7642909049987793,0.2,0.0,0.8,nan
metadata_order,3,sub-01,2,tent_literal,ses-2,1,54,False,32,911800330,EEGTTA-PHASE1|v1|metadata_order|tent_literal|sub-01|2|3,1631077789,True,True,0.43678978085517883,0.5079287886619568,0.53125,0.7794800996780396,0.43678978085517883,0.10397258400917053,0.02175736241042614,7.27031135559082,0.43678979760291403,0.5079287735861726,0.6930214443888338,0.5079287735861726,0.7794801445561461,0.53125,1.0,0.53125,nan
metadata_order,4,sub-01,2,tent_literal,ses-2,1,54,True,22,1488461234,EEGTTA-PHASE1|v1|metadata_order|tent_literal|sub-01|2|4,911800330,True,True,0.43977001309394836,0.5228643417358398,0.5,0.7998189926147461,0.43977001309394836,0.16969923675060272,0.025926686823368073,7.271565914154053,0.4397700166154696,0.5228643068535761,0.6921012628052892,0.5228643068535761,0.7998189949853853,0.5,1.0,0.5,nan
metadata_order,0,sub-02,2,tent_literal,ses-1,0,70,False,32,998391096,EEGTTA-PHASE1|v1|metadata_order|tent_literal|sub-02|2|0,533124121,True,True,0.35447853803634644,0.4624338448047638,0.4375,0.8504022359848022,0.35447853803634644,0.22798632085323334,0.00861795898526907,8.360224723815918,0.3544785023656902,0.4624338476351113,0.6903220875656662,0.5375661523648887,0.8504022555061965,0.4375,0.0,0.5625,nan
metadata_order,1,sub-02,2,tent_literal,ses-1,0,70,False,32,92434176,EEGTTA-PHASE1|v1|metadata_order|tent_literal|sub-02|2|1,998391096,True,True,0.3755015730857849,0.4863174855709076,0.46875,0.8400578498840332,0.3755015730857849,0.2085561603307724,0.01440786849707365,8.361538887023926,0.37550159553424345,0.48631750282947905,0.6927727123578236,0.513682497170521,0.8400578996806871,0.46875,0.0,0.53125,nan
metadata_order,2,sub-02,2,tent_literal,ses-1,0,70,True,6,1724265712,EEGTTA-PHASE1|v1|metadata_order|tent_literal|sub-02|2|2,92434176,True,True,0.5497537851333618,0.44521769881248474,0.5,0.7341813445091248,0.5497537851333618,0.29401376843452454,0.01928146556019783,8.362455368041992,0.5497537374552676,0.44521767149368924,0.6871329066598328,0.5547823285063107,0.7341813420255979,0.5,0.0,0.5,nan
metadata_order,3,sub-02,2,tent_literal,ses-2,1,64,False,32,481313225,EEGTTA-PHASE1|v1|metadata_order|tent_literal|sub-02|2|3,1724265712,True,True,0.32573366165161133,0.5060416460037231,0.5,0.8443417549133301,0.32573366165161133,0.1499042510986328,0.024243230000138283,8.363669395446777,0.3257336579556168,0.5060416978085414,0.6930741745584832,0.5060416978085414,0.8443417589878663,0.5,1.0,0.5,nan
metadata_order,4,sub-02,2,tent_literal,ses-2,1,64,True,32,1282103354,EEGTTA-PHASE1|v1|metadata_order|tent_literal|sub-02|2|4,481313225,True,True,0.28111588954925537,0.51323401927948,0.5,0.8841152191162109,0.28111588954925537,0.09918928146362305,0.028560319915413857,8.3649263381958,0.2811158911722059,0.5132340062700678,0.6927968618063788,0.5132340062700678,0.8841151911474299,0.5,1.0,0.5,nan
metadata_order,0,sub-03,2,tent_literal,ses-1,0,73,False,32,2081685014,EEGTTA-PHASE1|v1|metadata_order|tent_literal|sub-03|2|0,1443987811,True,True,0.6661723256111145,0.5056042671203613,0.5,0.5924290418624878,0.6661723256111145,0.02621975541114807,0.008489610627293587,6.473937511444092,0.6661723310001659,0.5056043318472803,0.6930843621736422,0.5056043318472803,0.5924290255643427,0.5,0.0,0.5,nan
metadata_order,1,sub-03,2,tent_literal,ses-1,0,73,False,32,2064211388,EEGTTA-PHASE1|v1|metadata_order|tent_literal|sub-03|2|1,2081685014,True,True,0.6203861832618713,0.5279895663261414,0.65625,0.6644951701164246,0.6203861832618713,0.06701964139938354,0.014614521525800228,6.474887371063232,0.6203861699257968,0.527989586815238,0.6915795272694383,0.527989586815238,0.6644951533526182,0.65625,0.0,0.34375,nan
metadata_order,2,sub-03,2,tent_literal,ses-1,0,73,True,9,1908619100,EEGTTA-PHASE1|v1|metadata_order|tent_literal|sub-03|2|2,2064211388,True,True,0.6464981436729431,0.4886069893836975,0.4444444477558136,0.6324173808097839,0.6464981436729431,0.06983911246061325,0.01857026293873787,6.476189136505127,0.6464981420214104,0.4886069960064358,0.6928875570110438,0.5113930039935641,0.6324174006779989,0.4444444444444444,0.0,0.5555555555555556,nan
metadata_order,3,sub-03,2,tent_literal,ses-2,1,70,False,32,1722562026,EEGTTA-PHASE1|v1|metadata_order|tent_literal|sub-03|2|3,1908619100,True,True,0.6495696306228638,0.49248361587524414,0.46875,0.6190165281295776,0.6495696306228638,0.04496610537171364,0.022546734660863876,6.477115154266357,0.649569660563739,0.49248359771445394,0.6930341836971479,0.5075164022855461,0.6190164792351425,0.46875,1.0,0.46875,nan
metadata_order,4,sub-03,2,tent_literal,ses-2,1,70,False,32,1540413900,EEGTTA-PHASE1|v1|metadata_order|tent_literal|sub-03|2|4,1722562026,True,True,0.6453016996383667,0.4948982000350952,0.46875,0.6236478090286255,0.6453016996383667,0.035337671637535095,0.026770377531647682,6.478384017944336,0.64530169816443,0.4948981925845146,0.6930951227787921,0.5051018074154854,0.6236477456986904,0.46875,1.0,0.46875,nan
metadata_order,5,sub-03,2,tent_literal,ses-2,1,70,True,6,815857802,EEGTTA-PHASE1|v1|metadata_order|tent_literal|sub-03|2|5,1540413900,True,True,0.6641849875450134,0.49106746912002563,0.3333333432674408,0.5791237354278564,0.6641849875450134,0.06523574888706207,0.03027193807065487,6.479583263397217,0.6641849368734435,0.49106745918591815,0.6929875914994181,0.5089325408140819,0.5791237652301788,0.3333333333333333,1.0,0.3333333333333333,nan
metadata_order,0,sub-04,2,tent_literal,ses-1,0,4,True,4,390585549,EEGTTA-PHASE1|v1|metadata_order|tent_literal|sub-04|2|0,986147223,True,True,0.46031653881073,0.43854475021362305,0.25,0.78343266248703,0.46031653881073,0.22497344017028809,0.008551258593797684,6.887601852416992,0.4603165358021902,0.438544737175107,0.6855745475912918,0.561455262824893,0.7834326457232237,0.25,0.0,0.75,nan
metadata_order,1,sub-04,2,tent_literal,ses-2,1,62,False,32,1477751137,EEGTTA-PHASE1|v1|metadata_order|tent_literal|sub-04|2|1,390585549,True,True,0.45524489879608154,0.4496210813522339,0.375,0.79196697473526,0.45524489879608154,0.1529795080423355,0.014971381984651089,6.890087604522705,0.45524489275343083,0.4496210797224194,0.6880624854413585,0.5503789202775806,0.791966957738623,0.375,1.0,0.375,nan
metadata_order,2,sub-04,2,tent_literal,ses-2,1,62,True,30,1654114420,EEGTTA-PHASE1|v1|metadata_order|tent_literal|sub-04|2|2,1477751137,True,True,0.4979923963546753,0.4638391137123108,0.4333333671092987,0.7636205554008484,0.4979923963546753,0.15229319036006927,0.020980916917324066,6.892112731933594,0.4979923438019424,0.4638391021639109,0.690529674918442,0.5361608978360891,0.7636205550283194,0.43333333333333335,1.0,0.43333333333333335,nan
metadata_order,0,sub-05,2,tent_literal,ses-1,0,65,False,32,778483943,EEGTTA-PHASE1|v1|metadata_order|tent_literal|sub-05|2|0,1327943175,True,True,0.5358259677886963,0.5311617851257324,0.625,0.7266814708709717,0.5358259677886963,0.09788261353969574,0.00853615440428257,6.900975227355957,0.5358259668905669,0.5311617765692063,0.6912038086974028,0.5311617765692063,0.7266813974711113,0.625,0.0,0.375,nan
metadata_order,1,sub-05,2,tent_literal,ses-1,0,65,False,32,300566294,EEGTTA-PHASE1|v1|metadata_order|tent_literal|sub-05|2|1,778483943,True,True,0.5199459791183472,0.5186440944671631,0.53125,0.7539148330688477,0.5199459791183472,0.10888300091028214,0.014588853344321251,6.902273178100586,0.5199459642393871,0.518644035095349,0.6924518192799527,0.518644035095349,0.7539148142095655,0.53125,0.0,0.46875,nan
metadata_order,2,sub-05,2,tent_literal,ses-1,0,65,True,1,14943841,EEGTTA-PHASE1|v1|metadata_order|tent_literal|sub-05|2|2,300566294,True,True,0.6688989996910095,0.39033785462379456,0.0,0.6096621751785278,0.6688989996910095,0.22472451627254486,0.018461188301444054,6.903249740600586,0.6688989734751282,0.39033785462379456,0.6688989734751282,0.6096621453762054,0.6096621453762054,0.0,0.0,1.0,nan
metadata_order,3,sub-05,2,tent_literal,ses-2,1,67,False,32,1070723193,EEGTTA-PHASE1|v1|metadata_order|tent_literal|sub-05|2|3,14943841,True,True,0.540450930595398,0.5241275429725647,0.5,0.7240339517593384,0.540450930595398,0.09697127342224121,0.023126019164919853,6.904540061950684,0.5404508823840399,0.5241275485605001,0.6919824510923487,0.5241275485605001,0.7240339238196611,0.5,1.0,0.5,nan
metadata_order,4,sub-05,2,tent_literal,ses-2,1,67,False,32,2076330729,EEGTTA-PHASE1|v1|metadata_order|tent_literal|sub-05|2|4,1070723193,True,True,0.5397945642471313,0.5399384498596191,0.59375,0.722413182258606,0.5397945642471313,0.10244260728359222,0.027600975707173347,6.90584659576416,0.5397946029488105,0.5399384335032664,0.689953622563995,0.5399384335032664,0.7224131539114751,0.59375,1.0,0.59375,nan
metadata_order,5,sub-05,2,tent_literal,ses-2,1,67,True,3,1242422679,EEGTTA-PHASE1|v1|metadata_order|tent_literal|sub-05|2|5,2076330729,True,True,0.6678304076194763,0.5306183695793152,0.6666666865348816,0.601722240447998,0.6678304076194763,0.13727399706840515,0.03117351420223713,6.906890869140625,0.667830410946132,0.5306183497111002,0.6912710402872768,0.5306183497111002,0.601722240447998,0.6666666666666666,1.0,0.6666666666666666,nan
metadata_order,0,sub-06,2,tent_literal,ses-1,0,74,False,32,610417385,EEGTTA-PHASE1|v1|metadata_order|tent_literal|sub-06|2|0,5034409,True,True,0.5617072582244873,0.5331657528877258,0.5,0.7009429931640625,0.5617072582244873,0.06339511275291443,0.00859859399497509,7.080016136169434,0.5617072692122973,0.533165733795613,0.6909456326843263,0.533165733795613,0.7009429936297238,0.5,0.0,0.5,nan
metadata_order,1,sub-06,2,tent_literal,ses-1,0,74,False,32,318475594,EEGTTA-PHASE1|v1|metadata_order|tent_literal|sub-06|2|1,610417385,True,True,0.5814324617385864,0.5174857974052429,0.53125,0.6944423913955688,0.5814324617385864,0.07391561567783356,0.01415302138775587,7.082804203033447,0.5814324579120798,0.5174858241807669,0.6925355477569823,0.5174858241807669,0.6944424055982381,0.53125,0.0,0.46875,nan
metadata_order,2,sub-06,2,tent_literal,ses-1,0,74,True,10,57942357,EEGTTA-PHASE1|v1|metadata_order|tent_literal|sub-06|2|2,318475594,True,True,0.596977949142456,0.4859828054904938,0.4000000059604645,0.6643903851509094,0.596977949142456,0.10083496570587158,0.019031286239624023,7.0846171379089355,0.5969779596489119,0.48598280996084214,0.6927541658372014,0.5140171900391579,0.6643903627991676,0.4,0.0,0.6,nan
metadata_order,3,sub-06,2,tent_literal,ses-2,1,64,False,32,1116838179,EEGTTA-PHASE1|v1|metadata_order|tent_literal|sub-06|2|3,57942357,True,True,0.480984091758728,0.5212829113006592,0.5,0.7767723798751831,0.480984091758728,0.10773537307977676,0.024115707725286484,7.086708068847656,0.4809840865698812,0.5212829087395221,0.6922409823863138,0.5212829087395221,0.776772404788062,0.5,1.0,0.5,nan
metadata_order,4,sub-06,2,tent_literal,ses-2,1,64,True,32,1259120480,EEGTTA-PHASE1|v1|metadata_order|tent_literal|sub-06|2|4,1116838179,True,True,0.46298402547836304,0.4491996169090271,0.4375,0.7729578614234924,0.46298402547836304,0.11734656989574432,0.02851037122309208,7.088928699493408,0.4629840362711656,0.4491996145588928,0.6879769054949324,0.5508003854411072,0.7729578563230461,0.4375,1.0,0.4375,nan
metadata_order,0,sub-07,2,tent_literal,ses-1,0,63,False,32,2079663481,EEGTTA-PHASE1|v1|metadata_order|tent_literal|sub-07|2|0,542308786,True,True,0.647885799407959,0.5240342617034912,0.53125,0.6245651245117188,0.647885799407959,0.04096841439604759,0.008499627001583576,6.363682746887207,0.6478857810650817,0.5240342756733298,0.6919914424334646,0.5240342756733298,0.6245651254430413,0.53125,0.0,0.46875,nan
metadata_order,1,sub-07,2,tent_literal,ses-1,0,63,True,31,776533045,EEGTTA-PHASE1|v1|metadata_order|tent_literal|sub-07|2|1,2079663481,True,True,0.6465765833854675,0.4848781228065491,0.3870967626571655,0.626527726650238,0.6465765833854675,0.04688914492726326,0.01400572620332241,6.364825248718262,0.6465765719362806,0.48487813866907553,0.6926897694338212,0.5151218613309245,0.626527676178563,0.3870967741935484,0.0,0.6129032258064516,nan
metadata_order,2,sub-07,2,tent_literal,ses-2,1,68,False,32,442506000,EEGTTA-PHASE1|v1|metadata_order|tent_literal|sub-07|2|2,776533045,True,True,0.6247701644897461,0.5056659579277039,0.5,0.6531773209571838,0.6247701644897461,0.067097507417202,0.019457634538412094,6.365927219390869,0.6247701563621417,0.5056659365072846,0.6930829735127427,0.5056659365072846,0.6531773572787642,0.5,1.0,0.5,nan
metadata_order,3,sub-07,2,tent_literal,ses-2,1,68,False,32,1689510207,EEGTTA-PHASE1|v1|metadata_order|tent_literal|sub-07|2|3,442506000,True,True,0.6562979221343994,0.49714839458465576,0.4375,0.6008919477462769,0.6562979221343994,0.032767754048109055,0.024751955643296242,6.367030143737793,0.6562979094348511,0.49714837106876075,0.6931309168966533,0.5028516289312392,0.6008919042069465,0.4375,1.0,0.4375,nan
metadata_order,4,sub-07,2,tent_literal,ses-2,1,68,True,4,2001717083,EEGTTA-PHASE1|v1|metadata_order|tent_literal|sub-07|2|4,1689510207,True,True,0.6640213131904602,0.5259194374084473,0.5,0.5893498659133911,0.6640213131904602,0.056977786123752594,0.02927117422223091,6.367856025695801,0.6640213356309683,0.5259194374084473,0.6918029436564783,0.5259194374084473,0.5893498659133911,0.5,1.0,0.5,nan
metadata_order,0,sub-08,2,tent_literal,ses-2,0,62,False,32,1535096619,EEGTTA-PHASE1|v1|metadata_order|tent_literal|sub-08|2|0,586729068,True,True,0.4384795129299164,0.4726073443889618,0.5,0.7940037250518799,0.4384795129299164,0.10141973942518234,0.008559707552194595,7.220817565917969,0.43847949660953833,0.47260734147857875,0.6916457134598102,0.5273926585214213,0.7940036869840696,0.5,1.0,0.5,nan
metadata_order,1,sub-08,2,tent_literal,ses-2,0,62,True,30,1323527694,EEGTTA-PHASE1|v1|metadata_order|tent_literal|sub-08|2|1,1535096619,True,True,0.5322999358177185,0.4659160077571869,0.46666669845581055,0.71617192029953,0.5322999358177185,0.10619959235191345,0.014835729263722897,7.222078800201416,0.5322999126211675,0.4659160106598089,0.6908219410955432,0.5340839893401911,0.7161719432255874,0.4666666666666667,1.0,0.4666666666666667,nan
metadata_order,2,sub-08,2,tent_literal,ses-1,1,65,False,32,1561098345,EEGTTA-PHASE1|v1|metadata_order|tent_literal|sub-08|2|2,1323527694,True,True,0.48177143931388855,0.49681833386421204,0.5625,0.7515760660171509,0.48177143931388855,0.08457072824239731,0.02005663886666298,7.22352933883667,0.48177143354166946,0.49681834458897356,0.6931269345610025,0.5031816554110264,0.7515760701935505,0.5625,0.0,0.4375,nan
metadata_order,3,sub-08,2,tent_literal,ses-1,1,65,False,32,1513508803,EEGTTA-PHASE1|v1|metadata_order|tent_literal|sub-08|2|3,1561098345,True,True,0.5274888277053833,0.49264150857925415,0.5,0.7273060083389282,0.5274888277053833,0.11003917455673218,0.025332365185022354,7.225405693054199,0.5274888482725728,0.4926415104418993,0.6930388819132032,0.5073584895581007,0.7273060325533152,0.5,0.0,0.5,nan
metadata_order,4,sub-08,2,tent_literal,ses-1,1,65,True,1,714574703,EEGTTA-PHASE1|v1|metadata_order|tent_literal|sub-08|2|4,1513508803,True,True,0.6592886447906494,0.629372775554657,1.0,0.629372775554657,0.6592886447906494,0.27733322978019714,0.028296323493123055,7.226807117462158,0.6592886564089764,0.629372775554657,0.6592886564089764,0.629372775554657,0.629372775554657,1.0,0.0,0.0,nan
metadata_order,0,sub-09,2,tent_literal,ses-2,0,58,False,32,395602254,EEGTTA-PHASE1|v1|metadata_order|tent_literal|sub-09|2|0,1965149183,True,True,0.5541806221008301,0.48162272572517395,0.46875,0.717775821685791,0.5541806221008301,0.1576765477657318,0.00855241622775793,6.80208683013916,0.5541805788806111,0.4816227216506377,0.6924715796816591,0.5183772783493623,0.7177758294856176,0.46875,1.0,0.46875,nan
metadata_order,1,sub-09,2,tent_literal,ses-2,0,58,True,26,1224495501,EEGTTA-PHASE1|v1|metadata_order|tent_literal|sub-09|2|1,395602254,True,True,0.5846267938613892,0.4873906373977661,0.46153849363327026,0.682407557964325,0.5846267938613892,0.09642430394887924,0.014149293303489685,6.802865028381348,0.5846267191639635,0.4873906359649621,0.6928291547223013,0.5126093640350379,0.6824075593971289,0.46153846153846156,1.0,0.46153846153846156,nan
metadata_order,2,sub-09,2,tent_literal,ses-1,1,69,False,32,749103369,EEGTTA-PHASE1|v1|metadata_order|tent_literal|sub-09|2|2,1224495501,True,True,0.5017406940460205,0.5113155245780945,0.46875,0.7446730136871338,0.5017406940460205,0.10324986279010773,0.019524842500686646,6.804152488708496,0.5017407354398615,0.5113155379658565,0.6928910758970857,0.5113155379658565,0.7446729891235009,0.46875,0.0,0.53125,nan
metadata_order,3,sub-09,2,tent_literal,ses-1,1,69,False,32,1992088654,EEGTTA-PHASE1|v1|metadata_order|tent_literal|sub-09|2|3,749103369,True,True,0.5229834318161011,0.5469434857368469,0.53125,0.7255064249038696,0.5229834318161011,0.09440179169178009,0.023914892226457596,6.805580139160156,0.5229834185318688,0.5469435058996623,0.6887332971133,0.5469435058996623,0.725506389839893,0.53125,0.0,0.46875,nan
metadata_order,4,sub-09,2,tent_literal,ses-1,1,69,True,5,1349711705,EEGTTA-PHASE1|v1|metadata_order|tent_literal|sub-09|2|4,1992088654,True,True,0.5973865389823914,0.4147641360759735,0.20000000298023224,0.6821693778038025,0.5973865389823914,0.17410622537136078,0.028303498402237892,6.807133674621582,0.5973864884996147,0.41476412415504454,0.6785456638244651,0.5852358758449554,0.6821693360805512,0.2,0.0,0.8,nan
metadata_order,0,sub-10,2,tent_literal,ses-2,0,71,False,32,326168416,EEGTTA-PHASE1|v1|metadata_order|tent_literal|sub-10|2|0,179907885,True,True,0.637176513671875,0.5539385080337524,0.59375,0.6288506984710693,0.637176513671875,0.07829703390598297,0.008504356257617474,6.453855037689209,0.6371765421141402,0.5539384540170431,0.6873171282419326,0.5539384540170431,0.6288506891578436,0.59375,1.0,0.59375,nan
metadata_order,1,sub-10,2,tent_literal,ses-2,0,71,False,32,1907945728,EEGTTA-PHASE1|v1|metadata_order|tent_literal|sub-10|2|1,326168416,True,True,0.6287824511528015,0.5325449705123901,0.53125,0.6366337537765503,0.6287824511528015,0.04517081379890442,0.015307646244764328,6.455086708068848,0.6287824550218478,0.5325449835509062,0.69102733030567,0.5325449835509062,0.6366337705403566,0.53125,1.0,0.53125,nan
metadata_order,2,sub-10,2,tent_literal,ses-2,0,71,True,7,36616617,EEGTTA-PHASE1|v1|metadata_order|tent_literal|sub-10|2|2,1907945728,True,True,0.6286357045173645,0.6084686517715454,0.7142857313156128,0.6449982523918152,0.6286357045173645,0.15012715756893158,0.02089478261768818,6.456578254699707,0.6286356152241848,0.6084685751370021,0.6694281851288808,0.6084685751370021,0.6449981842722211,0.7142857142857143,1.0,0.7142857142857143,nan
metadata_order,3,sub-10,2,tent_literal,ses-1,1,69,False,32,1482530923,EEGTTA-PHASE1|v1|metadata_order|tent_literal|sub-10|2|3,36616617,True,True,0.6164617538452148,0.560295045375824,0.625,0.6695045232772827,0.6164617538452148,0.0860893651843071,0.02683105319738388,6.458095073699951,0.6164617435711746,0.5602950220927596,0.6858584754898172,0.5602950220927596,0.6695045353844762,0.625,0.0,0.375,nan
metadata_order,4,sub-10,2,tent_literal,ses-1,1,69,False,32,1061421679,EEGTTA-PHASE1|v1|metadata_order|tent_literal|sub-10|2|4,1482530923,True,True,0.6233381032943726,0.5657985210418701,0.625,0.6457359790802002,0.6233381032943726,0.09394963830709457,0.03264307230710983,6.459403991699219,0.6233381243048232,0.5657985010184348,0.6844631282415696,0.5657985010184348,0.6457360140047967,0.625,0.0,0.375,nan
metadata_order,5,sub-10,2,tent_literal,ses-1,1,69,True,5,1058743079,EEGTTA-PHASE1|v1|metadata_order|tent_literal|sub-10|2|5,1061421679,True,True,0.6206433176994324,0.557974636554718,0.6000000238418579,0.6448541879653931,0.6206433176994324,0.09852002561092377,0.03856644034385681,6.460524082183838,0.6206432608746993,0.5579746067523956,0.6864099266608044,0.5579746067523956,0.6448541343212127,0.6,0.0,0.4,nan
metadata_order,0,sub-11,2,tent_literal,ses-2,0,66,False,32,1053374256,EEGTTA-PHASE1|v1|metadata_order|tent_literal|sub-11|2|0,591884,True,True,0.5853843688964844,0.5050771236419678,0.46875,0.6884695291519165,0.5853843688964844,0.09059960395097733,0.008515090681612492,6.544851779937744,0.5853843742070964,0.5050771310925484,0.6930956251536907,0.5050771310925484,0.6884695328772068,0.46875,1.0,0.46875,nan
metadata_order,1,sub-11,2,tent_literal,ses-2,0,66,False,32,1837854767,EEGTTA-PHASE1|v1|metadata_order|tent_literal|sub-11|2|1,1053374256,True,True,0.5971264839172363,0.4948118329048157,0.46875,0.6799434423446655,0.5971264839172363,0.06866604089736938,0.014880016446113586,6.5465006828308105,0.59712645399066,0.4948118100874126,0.6930933449647098,0.5051881899125874,0.6799433906562626,0.46875,1.0,0.46875,nan
metadata_order,2,sub-11,2,tent_literal,ses-2,0,66,True,2,397057088,EEGTTA-PHASE1|v1|metadata_order|tent_literal|sub-11|2|2,1837854767,True,True,0.6297351121902466,0.45500850677490234,0.5,0.669797420501709,0.6297351121902466,0.20148730278015137,0.019641151651740074,6.5471038818359375,0.6297351219655638,0.45500849187374115,0.6890932278070834,0.5449915081262589,0.6697973757982254,0.5,1.0,0.5,nan
metadata_order,3,sub-11,2,tent_literal,ses-1,1,64,False,32,654281069,EEGTTA-PHASE1|v1|metadata_order|tent_literal|sub-11|2|3,397057088,True,True,0.6145223379135132,0.4924943149089813,0.375,0.6533895134925842,0.6145223379135132,0.07544445991516113,0.02493996173143387,6.547728061676025,0.6145223383719646,0.49249432561919093,0.6930345060322105,0.5075056743808091,0.6533895176835358,0.375,0.0,0.625,nan
metadata_order,4,sub-11,2,tent_literal,ses-1,1,64,True,32,514634635,EEGTTA-PHASE1|v1|metadata_order|tent_literal|sub-11|2|4,654281069,True,True,0.5819449424743652,0.49346059560775757,0.46875,0.6941604614257812,0.5819449424743652,0.07790084183216095,0.030435513705015182,6.548482418060303,0.5819449730760302,0.4934605765156448,0.6930616500024098,0.5065394234843552,0.6941604767926037,0.46875,0.0,0.53125,nan
metadata_order,0,sub-12,2,tent_literal,ses-2,0,66,False,32,1761359451,EEGTTA-PHASE1|v1|metadata_order|tent_literal|sub-12|2|0,1552544647,True,True,0.5865633487701416,0.462880402803421,0.4375,0.6855851411819458,0.5865633487701416,0.08370830118656158,0.008498099632561207,6.435768127441406,0.5865633005197495,0.46288040606305003,0.6903889151082236,0.53711959393695,0.6855851677246392,0.4375,1.0,0.4375,nan
metadata_order,1,sub-12,2,tent_literal,ses-2,0,66,False,32,1418526269,EEGTTA-PHASE1|v1|metadata_order|tent_literal|sub-12|2|1,1761359451,True,True,0.6269559860229492,0.5115053653717041,0.53125,0.6442086696624756,0.6269559860229492,0.052122123539447784,0.014100611209869385,6.4375996589660645,0.6269560347210646,0.511505366768688,0.6928824102623861,0.511505366768688,0.6442086943425238,0.53125,1.0,0.53125,nan
metadata_order,2,sub-12,2,tent_literal,ses-2,0,66,True,2,782693445,EEGTTA-PHASE1|v1|metadata_order|tent_literal|sub-12|2|2,1418526269,True,True,0.6562168598175049,0.42543095350265503,0.5,0.6117075085639954,0.6562168598175049,0.1563936173915863,0.0188232883810997,6.438403129577637,0.6562168177058136,0.42543095350265503,0.6819844977731007,0.574569046497345,0.6117075085639954,0.5,1.0,0.5,nan
metadata_order,3,sub-12,2,tent_literal,ses-1,1,57,False,32,1665512433,EEGTTA-PHASE1|v1|metadata_order|tent_literal|sub-12|2|3,782693445,True,True,0.5505802631378174,0.48463910818099976,0.5,0.7273581027984619,0.5505802631378174,0.11150293052196503,0.024049196392297745,6.439117431640625,0.5505802510510704,0.48463910399004817,0.6926751920450943,0.5153608960099518,0.7273581293411553,0.5,0.0,0.5,nan
metadata_order,4,sub-12,2,tent_literal,ses-1,1,57,True,25,2052647313,EEGTTA-PHASE1|v1|metadata_order|tent_literal|sub-12|2|4,1665512433,True,True,0.5794909000396729,0.481525182723999,0.5199999809265137,0.688637912273407,0.5794909000396729,0.08315959572792053,0.028960630297660828,6.4399919509887695,0.5794908801769764,0.48152521401643755,0.6924643897104004,0.5184747859835624,0.6886379405856132,0.52,0.0,0.48,nan
metadata_order,0,sub-13,2,tent_literal,ses-2,0,69,False,32,1983525532,EEGTTA-PHASE1|v1|metadata_order|tent_literal|sub-13|2|0,1166108213,True,True,0.4352259039878845,0.5544376969337463,0.625,0.807155966758728,0.4352259039878845,0.15298128128051758,0.008559569716453552,7.471981525421143,0.43522591212238604,0.5544376895995811,0.6872084911095065,0.5544376895995811,0.8071559405652806,0.625,1.0,0.625,nan
metadata_order,1,sub-13,2,tent_literal,ses-2,0,69,False,32,1051545463,EEGTTA-PHASE1|v1|metadata_order|tent_literal|sub-13|2|1,1983525532,True,True,0.4452124834060669,0.5416497588157654,0.5625,0.7806396484375,0.4452124834060669,0.1531384289264679,0.014929817058146,7.473203659057617,0.4452125115947255,0.5416497885016724,0.6896737473497025,0.5416497885016724,0.7806396522792056,0.5625,1.0,0.5625,nan
metadata_order,2,sub-13,2,tent_literal,ses-2,0,69,True,5,655731544,EEGTTA-PHASE1|v1|metadata_order|tent_literal|sub-13|2|2,1051545463,True,True,0.2977648675441742,0.5720375180244446,0.6000000238418579,0.9096646308898926,0.2977648675441742,0.2209968864917755,0.020890187472105026,7.47454309463501,0.297764909455204,0.5720375314354896,0.6827321606178594,0.5720375314354896,0.9096646532416344,0.6,1.0,0.6,nan
metadata_order,3,sub-13,2,tent_literal,ses-1,1,72,False,32,2069853699,EEGTTA-PHASE1|v1|metadata_order|tent_literal|sub-13|2|3,655731544,True,True,0.505731999874115,0.5264004468917847,0.5,0.7437155246734619,0.505731999874115,0.08836915343999863,0.02654336206614971,7.476163864135742,0.505731998813978,0.5264004186610691,0.6917525679135215,0.5264004186610691,0.7437155305524357,0.5,0.0,0.5,nan
metadata_order,4,sub-13,2,tent_literal,ses-1,1,72,False,32,1324845679,EEGTTA-PHASE1|v1|metadata_order|tent_literal|sub-13|2|4,2069853699,True,True,0.4238381087779999,0.5119960904121399,0.53125,0.804694414138794,0.4238381087779999,0.10294836014509201,0.031960804015398026,7.477838039398193,0.4238381155683521,0.5119960950687528,0.6928593403477589,0.5119960950687528,0.8046944169327617,0.53125,0.0,0.46875,nan
metadata_order,5,sub-13,2,tent_literal,ses-1,1,72,True,8,637287730,EEGTTA-PHASE1|v1|metadata_order|tent_literal|sub-13|2|5,1324845679,True,True,0.4591650366783142,0.5339080095291138,0.5,0.7975201606750488,0.4591650366783142,0.17807868123054504,0.037100788205862045,7.479453086853027,0.45916501236319296,0.5339080030098557,0.6908459093983302,0.5339080030098557,0.797520182095468,0.5,0.0,0.5,nan
metadata_order,0,sub-14,2,tent_literal,ses-2,0,70,False,32,2053621405,EEGTTA-PHASE1|v1|metadata_order|tent_literal|sub-14|2|0,915347828,True,True,0.6700748205184937,0.4943588972091675,0.46875,0.5855493545532227,0.6700748205184937,0.024529138579964638,0.008497442118823528,6.342545986175537,0.6700748086658243,0.49435889534652233,0.6930835350862621,0.5056411046534777,0.585549334064126,0.46875,1.0,0.46875,nan
metadata_order,1,sub-14,2,tent_literal,ses-2,0,70,False,32,1619288944,EEGTTA-PHASE1|v1|metadata_order|tent_literal|sub-14|2|1,2053621405,True,True,0.6620991826057434,0.5168783664703369,0.5625,0.5942623019218445,0.6620991826057434,0.0367729477584362,0.01403340045362711,6.343068599700928,0.662099202559319,0.5168783469125628,0.6925773151138404,0.5168783469125628,0.5942622954025865,0.5625,1.0,0.5625,nan
metadata_order,2,sub-14,2,tent_literal,ses-2,0,70,True,6,1682106851,EEGTTA-PHASE1|v1|metadata_order|tent_literal|sub-14|2|2,1619288944,True,True,0.6747368574142456,0.4763614535331726,0.5,0.5859735012054443,0.6747368574142456,0.039845675230026245,0.018255291506648064,6.344120502471924,0.6747368446682408,0.476361408829689,0.6920291978843442,0.523638591170311,0.5859734664360682,0.5,1.0,0.5,nan
metadata_order,3,sub-14,2,tent_literal,ses-1,1,71,False,32,1463496595,EEGTTA-PHASE1|v1|metadata_order|tent_literal|sub-14|2|3,1682106851,True,True,0.6109587550163269,0.49800005555152893,0.375,0.6646636724472046,0.6109587550163269,0.0594496950507164,0.02296334132552147,6.345003604888916,0.6109587721012224,0.4980000532232225,0.6931391809643943,0.5019999467767775,0.6646636785008013,0.375,0.0,0.625,nan
metadata_order,4,sub-14,2,tent_literal,ses-1,1,71,False,32,749859331,EEGTTA-PHASE1|v1|metadata_order|tent_literal|sub-14|2|4,1463496595,True,True,0.6413699388504028,0.5045608878135681,0.46875,0.630569577217102,0.6413699388504028,0.05987872555851936,0.027396125718951225,6.34587287902832,0.6413699304430739,0.5045608831569552,0.6931055766726382,0.5045608831569552,0.6305695483461022,0.46875,0.0,0.53125,nan
metadata_order,5,sub-14,2,tent_literal,ses-1,1,71,True,7,288812365,EEGTTA-PHASE1|v1|metadata_order|tent_literal|sub-14|2|5,749859331,True,True,0.6206884384155273,0.5186388492584229,0.4285714626312256,0.6579443216323853,0.6206884384155273,0.0539962500333786,0.03172079846262932,6.346785068511963,0.620688401714974,0.51863879603999,0.6924522101147403,0.51863879603999,0.6579442556415286,0.42857142857142855,0.0,0.5714285714285714,nan
metadata_order,0,sub-15,2,tent_literal,ses-2,0,73,False,32,1708114708,EEGTTA-PHASE1|v1|metadata_order|tent_literal|sub-15|2|0,1931009534,True,True,0.5260881781578064,0.5106430649757385,0.5,0.7226054072380066,0.5260881781578064,0.10572262853384018,0.008523078635334969,7.050444602966309,0.5260881909482433,0.5106430712621659,0.6929206135167703,0.5106430712621659,0.7226053711492568,0.5,1.0,0.5,nan
metadata_order,1,sub-15,2,tent_literal,ses-2,0,73,False,32,301450386,EEGTTA-PHASE1|v1|metadata_order|tent_literal|sub-15|2|1,1708114708,True,True,0.5977152585983276,0.5270296931266785,0.59375,0.6768944263458252,0.5977152585983276,0.09120649099349976,0.013614080846309662,7.052674770355225,0.5977151911945824,0.5270297129172832,0.6916852572535939,0.5270297129172832,0.6768944698851556,0.59375,1.0,0.59375,nan
metadata_order,2,sub-15,2,tent_literal,ses-2,0,73,True,9,2006702601,EEGTTA-PHASE1|v1|metadata_order|tent_literal|sub-15|2|2,301450386,True,True,0.43739134073257446,0.49438127875328064,0.3333333432674408,0.7852184772491455,0.43739134073257446,0.14836102724075317,0.018384482711553574,7.0549211502075195,0.4373913340179628,0.49438123570548165,0.6930840382065538,0.5056187642945184,0.7852184838718839,0.3333333333333333,1.0,0.3333333333333333,nan
metadata_order,3,sub-15,2,tent_literal,ses-1,1,73,False,32,821147947,EEGTTA-PHASE1|v1|metadata_order|tent_literal|sub-15|2|3,2006702601,True,True,0.5653811693191528,0.5348162651062012,0.59375,0.706906259059906,0.5653811693191528,0.12560826539993286,0.0233007799834013,7.05692195892334,0.5653811643397935,0.5348162372829393,0.6907208768505562,0.5348162372829393,0.7069062831578776,0.59375,0.0,0.40625,nan
metadata_order,4,sub-15,2,tent_literal,ses-1,1,73,False,32,1308639908,EEGTTA-PHASE1|v1|metadata_order|tent_literal|sub-15|2|4,821147947,True,True,0.5834184885025024,0.5533920526504517,0.625,0.6984297037124634,0.5834184885025024,0.10725501924753189,0.028133217245340347,7.058885097503662,0.5834184745908746,0.5533920750021935,0.6874348680633015,0.5533920750021935,0.6984297446906567,0.625,0.0,0.375,nan
metadata_order,5,sub-15,2,tent_literal,ses-1,1,73,True,9,2084056662,EEGTTA-PHASE1|v1|metadata_order|tent_literal|sub-15|2|5,1308639908,True,True,0.5540106892585754,0.5026405453681946,0.4444444477558136,0.721703052520752,0.5540106892585754,0.17000235617160797,0.03177812322974205,7.060791969299316,0.554010690146499,0.502640523844295,0.6931332357627815,0.502640523844295,0.7217030409309599,0.4444444444444444,0.0,0.5555555555555556,nan
metadata_order,0,sub-16,2,tent_literal,ses-2,0,73,False,32,1037081912,EEGTTA-PHASE1|v1|metadata_order|tent_literal|sub-16|2|0,1863765715,True,True,0.5401400923728943,0.49105560779571533,0.5,0.7374267578125,0.5401400923728943,0.13795851171016693,0.00853569246828556,6.948071479797363,0.5401400983593629,0.49105561419855803,0.6929871679503548,0.508944385801442,0.7374267290579155,0.5,1.0,0.5,nan
metadata_order,1,sub-16,2,tent_literal,ses-2,0,73,False,32,338730409,EEGTTA-PHASE1|v1|metadata_order|tent_literal|sub-16|2|1,1037081912,True,True,0.523619532585144,0.4575921595096588,0.40625,0.7404152750968933,0.523619532585144,0.15653756260871887,0.014619890600442886,6.949740409851074,0.5236194931991117,0.4575921483337879,0.6895460038894925,0.5424078516662121,0.7404152788221836,0.40625,1.0,0.40625,nan
metadata_order,2,sub-16,2,tent_literal,ses-2,0,73,True,9,251570323,EEGTTA-PHASE1|v1|metadata_order|tent_literal|sub-16|2|2,338730409,True,True,0.48466989398002625,0.5118345022201538,0.5555555820465088,0.7874791026115417,0.48466989398002625,0.16724857687950134,0.020307356491684914,6.951167583465576,0.48466994128922486,0.5118345005644692,0.6928670435928405,0.5118345005644692,0.7874790579080582,0.5555555555555556,1.0,0.5555555555555556,nan
metadata_order,3,sub-16,2,tent_literal,ses-1,1,72,False,32,1360264823,EEGTTA-PHASE1|v1|metadata_order|tent_literal|sub-16|2|3,251570323,True,True,0.5228786468505859,0.5057743787765503,0.5,0.7348291873931885,0.5228786468505859,0.08012469112873077,0.025571713224053383,6.95276403427124,0.5228786816841496,0.5057743917568587,0.6930804918771487,0.5057743917568587,0.7348292302922346,0.5,0.0,0.5,nan
metadata_order,4,sub-16,2,tent_literal,ses-1,1,72,False,32,1842825718,EEGTTA-PHASE1|v1|metadata_order|tent_literal|sub-16|2|4,1360264823,True,True,0.5054450631141663,0.5247163772583008,0.46875,0.7404451370239258,0.5054450631141663,0.07286248356103897,0.030542246997356415,6.954418182373047,0.5054450243287012,0.5247163897147402,0.6919248826335895,0.5247163897147402,0.7404451469192281,0.46875,0.0,0.53125,nan
metadata_order,5,sub-16,2,tent_literal,ses-1,1,72,True,8,727830258,EEGTTA-PHASE1|v1|metadata_order|tent_literal|sub-16|2|5,1842825718,True,True,0.6145051717758179,0.5056095719337463,0.375,0.6690311431884766,0.6145051717758179,0.10374945402145386,0.034918781369924545,6.956121444702148,0.6145051839240492,0.5056095458567142,0.6930842452302118,0.5056095458567142,0.6690311692655087,0.375,0.0,0.625,nan
metadata_order,0,sub-17,2,tent_literal,ses-2,0,73,False,32,829290753,EEGTTA-PHASE1|v1|metadata_order|tent_literal|sub-17|2|0,683136181,True,True,0.43886512517929077,0.480344295501709,0.5,0.8046037554740906,0.43886512517929077,0.12220099568367004,0.008540096692740917,7.274392604827881,0.4388651200293706,0.4803442556876689,0.6923742848478782,0.5196557443123311,0.8046037394087762,0.5,1.0,0.5,nan
metadata_order,1,sub-17,2,tent_literal,ses-2,0,73,False,32,1728465105,EEGTTA-PHASE1|v1|metadata_order|tent_literal|sub-17|2|1,829290753,True,True,0.5171703100204468,0.45046496391296387,0.4375,0.7379429936408997,0.5171703100204468,0.14089439809322357,0.014729848131537437,7.27560567855835,0.5171702883960336,0.4504649539012462,0.688231679632015,0.5495350460987538,0.7379429924767464,0.4375,1.0,0.4375,nan
metadata_order,2,sub-17,2,tent_literal,ses-2,0,73,True,9,484757823,EEGTTA-PHASE1|v1|metadata_order|tent_literal|sub-17|2|2,1728465105,True,True,0.39178624749183655,0.46075746417045593,0.4444444477558136,0.8435983657836914,0.39178624749183655,0.22849054634571075,0.020084643736481667,7.277237892150879,0.3917862249296393,0.4607574763811297,0.6900640593896761,0.5392425236188703,0.8435983568843868,0.4444444444444444,1.0,0.4444444444444444,nan
metadata_order,3,sub-17,2,tent_literal,ses-1,1,73,False,32,1319656767,EEGTTA-PHASE1|v1|metadata_order|tent_literal|sub-17|2|3,484757823,True,True,0.4583680033683777,0.4603530764579773,0.53125,0.7804950475692749,0.4583680033683777,0.09224231541156769,0.025119079276919365,7.2789716720581055,0.4583680167870152,0.46035307203419507,0.6900001200478725,0.5396469279658049,0.7804950370918959,0.53125,0.0,0.46875,nan
metadata_order,4,sub-17,2,tent_literal,ses-1,1,73,False,32,1027130483,EEGTTA-PHASE1|v1|metadata_order|tent_literal|sub-17|2|4,1319656767,True,True,0.5157469511032104,0.5484136939048767,0.5625,0.7171410322189331,0.5157469511032104,0.0820564329624176,0.02965030074119568,7.280591011047363,0.5157469918499411,0.5484137026438702,0.6884520546706118,0.5484137026438702,0.7171410011281978,0.5625,0.0,0.4375,nan
metadata_order,5,sub-17,2,tent_literal,ses-1,1,73,True,9,2007053172,EEGTTA-PHASE1|v1|metadata_order|tent_literal|sub-17|2|5,1027130483,True,True,0.3782723546028137,0.5434725880622864,0.6666666865348816,0.8363381624221802,0.3782723546028137,0.2153719663619995,0.03338286653161049,7.282321453094482,0.3782723784997246,0.5434725814654181,0.6893626733018575,0.5434725814654181,0.8363381623963101,0.6666666666666666,0.0,0.3333333333333333,nan
metadata_order,0,sub-18,2,tent_literal,ses-2,0,70,False,32,1273825651,EEGTTA-PHASE1|v1|metadata_order|tent_literal|sub-18|2|0,1717474381,True,True,0.5781306028366089,0.519281268119812,0.53125,0.6961854696273804,0.5781306028366089,0.05971284210681915,0.00851524155586958,6.6059136390686035,0.5781305524881966,0.5192812639288604,0.6924034618917798,0.5192812639288604,0.6961854328401387,0.53125,1.0,0.53125,nan
metadata_order,1,sub-18,2,tent_literal,ses-2,0,70,False,32,1122463122,EEGTTA-PHASE1|v1|metadata_order|tent_literal|sub-18|2|1,1273825651,True,True,0.5958143472671509,0.5175991058349609,0.5,0.6821886897087097,0.5958143472671509,0.056774038821458817,0.015073355287313461,6.60743522644043,0.5958143872159155,0.5175990592688322,0.6925275988145617,0.5175990592688322,0.682188680395484,0.5,1.0,0.5,nan
metadata_order,2,sub-18,2,tent_literal,ses-2,0,70,True,6,1334957767,EEGTTA-PHASE1|v1|metadata_order|tent_literal|sub-18|2|2,1122463122,True,True,0.47387823462486267,0.4578123092651367,0.5,0.7917287349700928,0.47387823462486267,0.12359416484832764,0.020772425457835197,6.608839511871338,0.4738782830981379,0.4578123092651367,0.6895833423973643,0.5421876907348633,0.7917287349700928,0.5,1.0,0.5,nan
metadata_order,3,sub-18,2,tent_literal,ses-1,1,73,False,32,778389037,EEGTTA-PHASE1|v1|metadata_order|tent_literal|sub-18|2|3,1334957767,True,True,0.580998420715332,0.5375229120254517,0.59375,0.6863071918487549,0.580998420715332,0.07993503659963608,0.026350803673267365,6.61020565032959,0.5809984386764111,0.5375228892080486,0.6903285969962649,0.5375228892080486,0.6863071997649968,0.59375,0.0,0.40625,nan
metadata_order,4,sub-18,2,tent_literal,ses-1,1,73,False,32,851774174,EEGTTA-PHASE1|v1|metadata_order|tent_literal|sub-18|2|4,778389037,True,True,0.588287353515625,0.5564742088317871,0.6875,0.6775274276733398,0.588287353515625,0.09480573236942291,0.03176571801304817,6.6115803718566895,0.5882873300181604,0.5564742267597467,0.6867548717933218,0.5564742267597467,0.6775274246465415,0.6875,0.0,0.3125,nan
metadata_order,5,sub-18,2,tent_literal,ses-1,1,73,True,9,816706250,EEGTTA-PHASE1|v1|metadata_order|tent_literal|sub-18|2|5,851774174,True,True,0.5715368390083313,0.5205495357513428,0.5555555820465088,0.685835063457489,0.5715368390083313,0.09802776575088501,0.03699074313044548,6.612668991088867,0.5715368472972772,0.5205495117439164,0.692302377770057,0.5205495117439164,0.6858350543512238,0.5555555555555556,0.0,0.4444444444444444,nan
metadata_order,0,sub-19,2,tent_literal,ses-2,0,72,False,32,1382035923,EEGTTA-PHASE1|v1|metadata_order|tent_literal|sub-19|2|0,1216748187,True,True,0.632358193397522,0.4766795337200165,0.5,0.6375302076339722,0.632358193397522,0.056117087602615356,0.008524802513420582,6.367155075073242,0.6323581576610613,0.4766795043833554,0.6920590948275218,0.5233204956166446,0.63753019599244,0.5,1.0,0.5,nan
metadata_order,1,sub-19,2,tent_literal,ses-2,0,72,False,32,734175887,EEGTTA-PHASE1|v1|metadata_order|tent_literal|sub-19|2|1,1382035923,True,True,0.6220591068267822,0.4649268686771393,0.375,0.6439597606658936,0.6220591068267822,0.061856597661972046,0.015425431542098522,6.367562770843506,0.6220590882971421,0.4649268854409456,0.6906849122439992,0.5350731145590544,0.6439597774296999,0.375,1.0,0.375,nan
metadata_order,2,sub-19,2,tent_literal,ses-2,0,72,True,8,13543818,EEGTTA-PHASE1|v1|metadata_order|tent_literal|sub-19|2|2,734175887,True,True,0.6566359996795654,0.4327715039253235,0.25,0.624127209186554,0.6566359996795654,0.09494581818580627,0.02170688658952713,6.368081569671631,0.6566359592151179,0.4327714964747429,0.6840804017213489,0.5672285035252571,0.6241271868348122,0.25,1.0,0.25,nan
metadata_order,3,sub-19,2,tent_literal,ses-1,1,72,False,32,1694154238,EEGTTA-PHASE1|v1|metadata_order|tent_literal|sub-19|2|3,13543818,True,True,0.6337670087814331,0.4954719543457031,0.53125,0.641826868057251,0.6337670087814331,0.04533777013421059,0.027401817962527275,6.368625640869141,0.6337669546228918,0.49547196412459016,0.6931061737816457,0.5045280358754098,0.6418268582783639,0.53125,0.0,0.46875,nan
metadata_order,4,sub-19,2,tent_literal,ses-1,1,72,False,32,1388327864,EEGTTA-PHASE1|v1|metadata_order|tent_literal|sub-19|2|4,1694154238,True,True,0.653717041015625,0.4709758162498474,0.40625,0.6161624789237976,0.653717041015625,0.05539578199386597,0.033115021884441376,6.369043350219727,0.6537170062742135,0.47097580786794424,0.6914614256324236,0.5290241921320558,0.6161625245586038,0.40625,0.0,0.59375,nan
metadata_order,5,sub-19,2,tent_literal,ses-1,1,72,True,8,1874799294,EEGTTA-PHASE1|v1|metadata_order|tent_literal|sub-19|2|5,1388327864,True,True,0.6693358421325684,0.4981037974357605,0.5,0.5914664268493652,0.6693358421325684,0.026342643424868584,0.03819255530834198,6.369563102722168,0.6693358311971642,0.4981038011610508,0.693139989402634,0.5018961988389492,0.5914664231240749,0.5,0.0,0.5,nan
metadata_order,0,sub-20,2,tent_literal,ses-2,0,69,False,32,510435180,EEGTTA-PHASE1|v1|metadata_order|tent_literal|sub-20|2|0,304786485,True,True,0.6433037519454956,0.45951658487319946,0.4375,0.6263395547866821,0.6433037519454956,0.065753273665905,0.00850661564618349,6.365358352661133,0.6433037684630429,0.45951654808595777,0.689865770010359,0.5404834519140422,0.6263395766727626,0.4375,1.0,0.4375,nan
metadata_order,1,sub-20,2,tent_literal,ses-2,0,69,False,32,1439339212,EEGTTA-PHASE1|v1|metadata_order|tent_literal|sub-20|2|1,510435180,True,True,0.6223394870758057,0.48247700929641724,0.4375,0.6561608910560608,0.6223394870758057,0.06394165009260178,0.014941230416297913,6.366547107696533,0.6223395174085237,0.48247700510546565,0.692532944087346,0.5175229948945343,0.6561608803458512,0.4375,1.0,0.4375,nan
metadata_order,2,sub-20,2,tent_literal,ses-2,0,69,True,5,1377118272,EEGTTA-PHASE1|v1|metadata_order|tent_literal|sub-20|2|2,1439339212,True,True,0.5854548811912537,0.4511091709136963,0.4000000059604645,0.7087987661361694,0.5854548811912537,0.10927063971757889,0.02080431953072548,6.367435455322266,0.5854548293048618,0.45110920667648313,0.6883589138236927,0.5488907933235169,0.7087987303733826,0.4,1.0,0.4,nan
metadata_order,3,sub-20,2,tent_literal,ses-1,1,74,False,32,648235457,EEGTTA-PHASE1|v1|metadata_order|tent_literal|sub-20|2|3,1377118272,True,True,0.6601256728172302,0.4987946152687073,0.375,0.604972779750824,0.6601256728172302,0.03017953410744667,0.026500370353460312,6.368428707122803,0.6601256677084395,0.4987946329638362,0.693144274737747,0.5012053670361638,0.6049727657809854,0.375,0.0,0.625,nan
metadata_order,4,sub-20,2,tent_literal,ses-1,1,74,False,32,268616969,EEGTTA-PHASE1|v1|metadata_order|tent_literal|sub-20|2|4,648235457,True,True,0.6696960926055908,0.4627290964126587,0.34375,0.5894207954406738,0.6696960926055908,0.05052006617188454,0.032101161777973175,6.369385719299316,0.6696960770402101,0.4627290777862072,0.6903663586604807,0.5372709222137928,0.5894207954406738,0.34375,0.0,0.65625,nan
metadata_order,5,sub-20,2,tent_literal,ses-1,1,74,True,10,1295307065,EEGTTA-PHASE1|v1|metadata_order|tent_literal|sub-20|2|5,268616969,True,True,0.6401626467704773,0.471781462430954,0.20000000298023224,0.6201028227806091,0.6401626467704773,0.08160986751317978,0.03739984706044197,6.369815826416016,0.6401626542225541,0.47178142964839936,0.6915537586234337,0.5282185703516007,0.6201028019189835,0.2,0.0,0.8,nan
metadata_order,0,sub-21,2,tent_literal,ses-2,0,64,False,32,2105979268,EEGTTA-PHASE1|v1|metadata_order|tent_literal|sub-21|2|0,843006558,True,True,0.5114964842796326,0.4412021040916443,0.34375,0.7430611252784729,0.5114964842796326,0.1952541470527649,0.008532708510756493,6.926352024078369,0.5114965026842431,0.4412021058378741,0.686216770795328,0.5587978941621259,0.7430611496092752,0.34375,1.0,0.34375,nan
metadata_order,1,sub-21,2,tent_literal,ses-2,0,64,True,32,1620480065,EEGTTA-PHASE1|v1|metadata_order|tent_literal|sub-21|2|1,2105979268,True,True,0.48957934975624084,0.45857447385787964,0.4375,0.7605030536651611,0.48957934975624084,0.17188839614391327,0.015332038514316082,6.928286552429199,0.48957934872200826,0.45857446105219424,0.689711092632206,0.5414255389478058,0.760503047844395,0.4375,1.0,0.4375,nan
metadata_order,2,sub-21,2,tent_literal,ses-1,1,63,False,32,1092441709,EEGTTA-PHASE1|v1|metadata_order|tent_literal|sub-21|2|2,1620480065,True,True,0.49746617674827576,0.46374380588531494,0.4375,0.7539854049682617,0.49746617674827576,0.15424828231334686,0.02130923420190811,6.9296979904174805,0.49746617778436614,0.46374382358044386,0.6905158511269454,0.5362561764195561,0.7539854170754552,0.4375,0.0,0.5625,nan
metadata_order,3,sub-21,2,tent_literal,ses-1,1,63,True,31,1419005829,EEGTTA-PHASE1|v1|metadata_order|tent_literal|sub-21|2|3,1092441709,True,True,0.5537146329879761,0.4773573577404022,0.3870967626571655,0.7049939632415771,0.5537146329879761,0.09184513241052628,0.02686055563390255,6.931173324584961,0.5537146732782375,0.4773573969160357,0.6921214548587118,0.5226426030839644,0.7049939231045784,0.3870967741935484,0.0,0.6129032258064516,nan
metadata_order,0,sub-22,2,tent_literal,ses-2,0,73,False,32,866916168,EEGTTA-PHASE1|v1|metadata_order|tent_literal|sub-22|2|0,1753801597,True,True,0.6049798727035522,0.5427497029304504,0.59375,0.6686970591545105,0.6049798727035522,0.08170002698898315,0.008500942029058933,6.412606239318848,0.6049798258414723,0.5427496819756925,0.6894876436889142,0.5427496819756925,0.6686970391310751,0.59375,1.0,0.59375,nan
metadata_order,1,sub-22,2,tent_literal,ses-2,0,73,False,32,2813068,EEGTTA-PHASE1|v1|metadata_order|tent_literal|sub-22|2|1,866916168,True,True,0.6282398700714111,0.5292445421218872,0.59375,0.6348367929458618,0.6282398700714111,0.06231332942843437,0.014843432232737541,6.4132399559021,0.6282398604471763,0.5292445379309356,0.6914357179712637,0.5292445379309356,0.6348367598839104,0.59375,1.0,0.59375,nan
metadata_order,2,sub-22,2,tent_literal,ses-2,0,73,True,9,1379269653,EEGTTA-PHASE1|v1|metadata_order|tent_literal|sub-22|2|2,2813068,True,True,0.5879896879196167,0.5304596424102783,0.5555555820465088,0.6916230320930481,0.5879896879196167,0.0883818119764328,0.020417513325810432,6.414562702178955,0.5879897254194345,0.5304596390989091,0.6912904518999661,0.5304596390989091,0.6916230287816789,0.5555555555555556,1.0,0.5555555555555556,nan
metadata_order,3,sub-22,2,tent_literal,ses-1,1,73,False,32,2030632870,EEGTTA-PHASE1|v1|metadata_order|tent_literal|sub-22|2|3,1379269653,True,True,0.6426489949226379,0.5553586483001709,0.625,0.6369583010673523,0.6426489949226379,0.08535438776016235,0.026215234771370888,6.415794849395752,0.6426490334853394,0.5553586911410093,0.6870054271441426,0.5553586911410093,0.6369583141058683,0.625,0.0,0.375,nan
metadata_order,4,sub-22,2,tent_literal,ses-1,1,73,False,32,1224846419,EEGTTA-PHASE1|v1|metadata_order|tent_literal|sub-22|2|4,2030632870,True,True,0.6487857699394226,0.5795375108718872,0.6875,0.6207130551338196,0.6487857699394226,0.11141961067914963,0.03177058696746826,6.4170145988464355,0.6487857783860327,0.5795374857261777,0.6804408484583382,0.5795374857261777,0.6207130430266261,0.6875,0.0,0.3125,nan
metadata_order,5,sub-22,2,tent_literal,ses-1,1,73,True,9,1580331875,EEGTTA-PHASE1|v1|metadata_order|tent_literal|sub-22|2|5,1224846419,True,True,0.6271160244941711,0.5830439329147339,0.7777777910232544,0.6465350985527039,0.6271160244941711,0.10114657133817673,0.03716577589511871,6.418071746826172,0.6271160378744438,0.5830439494715797,0.6792904633667617,0.5830439494715797,0.6465350488821665,0.7777777777777778,0.0,0.2222222222222222,nan
metadata_order,0,sub-23,2,tent_literal,ses-1,0,74,False,32,304560989,EEGTTA-PHASE1|v1|metadata_order|tent_literal|sub-23|2|0,1379201868,True,True,0.6264979839324951,0.5692776441574097,0.75,0.6492584347724915,0.6264979839324951,0.11244983971118927,0.00853025820106268,6.455080986022949,0.6264979738742139,0.5692776422947645,0.6835174466068197,0.5692776422947645,0.649258429184556,0.75,0.0,0.25,nan
metadata_order,1,sub-23,2,tent_literal,ses-1,0,74,False,32,785267046,EEGTTA-PHASE1|v1|metadata_order|tent_literal|sub-23|2|1,304560989,True,True,0.6356199979782104,0.5170020461082458,0.53125,0.6286919116973877,0.6356199979782104,0.03998514637351036,0.01443496998399496,6.45562219619751,0.635619968820148,0.5170020321384072,0.6925689309001217,0.5170020321384072,0.6286919368430972,0.53125,0.0,0.46875,nan
metadata_order,2,sub-23,2,tent_literal,ses-1,0,74,True,10,2087519219,EEGTTA-PHASE1|v1|metadata_order|tent_literal|sub-23|2|2,785267046,True,True,0.6055907607078552,0.5453012585639954,0.5,0.6773599982261658,0.6055907607078552,0.09434478729963303,0.020058153197169304,6.456631183624268,0.6055907414457388,0.545301266014576,0.6890371372429153,0.545301266014576,0.6773599907755852,0.5,0.0,0.5,nan
metadata_order,3,sub-23,2,tent_literal,ses-2,1,74,False,32,2013445202,EEGTTA-PHASE1|v1|metadata_order|tent_literal|sub-23|2|3,2087519219,True,True,0.6473804712295532,0.5271992683410645,0.65625,0.6170564293861389,0.6473804712295532,0.0643543004989624,0.025737205520272255,6.4574713706970215,0.6473805035541751,0.5271992445923388,0.6916668521454499,0.5271992445923388,0.6170563823543489,0.65625,1.0,0.65625,nan
metadata_order,4,sub-23,2,tent_literal,ses-2,1,74,False,32,1777226903,EEGTTA-PHASE1|v1|metadata_order|tent_literal|sub-23|2|4,2013445202,True,True,0.6272645592689514,0.543813943862915,0.59375,0.651551365852356,0.6272645592689514,0.07539635896682739,0.031556542962789536,6.4584760665893555,0.6272645796421077,0.5438138898462057,0.6893029380755475,0.5438138898462057,0.6515513602644205,0.59375,1.0,0.59375,nan
metadata_order,5,sub-23,2,tent_literal,ses-2,1,74,True,10,48897118,EEGTTA-PHASE1|v1|metadata_order|tent_literal|sub-23|2|5,1777226903,True,True,0.6414996385574341,0.5791215300559998,0.800000011920929,0.6438819766044617,0.6414996385574341,0.12687475979328156,0.037398338317871094,6.459382057189941,0.6414995994087993,0.5791215300559998,0.6805739632512234,0.5791215300559998,0.6438819527626037,0.8,1.0,0.8,nan
metadata_order,0,sub-24,2,tent_literal,ses-2,0,70,False,32,812984559,EEGTTA-PHASE1|v1|metadata_order|tent_literal|sub-24|2|0,1061192653,True,True,0.3911134600639343,0.496462881565094,0.53125,0.8196266889572144,0.3911134600639343,0.07299420982599258,0.00863578263670206,8.83893871307373,0.39111343437821744,0.49646287981886417,0.6931221579128821,0.5035371201811358,0.8196267577586696,0.53125,1.0,0.53125,nan
metadata_order,1,sub-24,2,tent_literal,ses-2,0,70,False,32,953613786,EEGTTA-PHASE1|v1|metadata_order|tent_literal|sub-24|2|1,812984559,True,True,0.3419002592563629,0.4693894386291504,0.4375,0.8525022268295288,0.3419002592563629,0.18440285325050354,0.012591008096933365,8.84117317199707,0.34190027681512436,0.4693894429365173,0.6912719957530689,0.5306105570634827,0.8525022448739037,0.4375,1.0,0.4375,nan
metadata_order,2,sub-24,2,tent_literal,ses-2,0,70,True,6,1915271253,EEGTTA-PHASE1|v1|metadata_order|tent_literal|sub-24|2|2,953613786,True,True,0.32739681005477905,0.5290216207504272,0.5,0.8763615489006042,0.32739681005477905,0.2600080668926239,0.016442202031612396,8.843279838562012,0.32739684919316697,0.5290215720112125,0.6914617301485675,0.5290215720112125,0.8763615579033891,0.5,1.0,0.5,nan
metadata_order,3,sub-24,2,tent_literal,ses-1,1,72,False,32,46753801,EEGTTA-PHASE1|v1|metadata_order|tent_literal|sub-24|2|3,1915271253,True,True,0.39781588315963745,0.521483302116394,0.46875,0.8098742365837097,0.39781588315963745,0.11392747610807419,0.020594803616404533,8.845266342163086,0.39781587639073535,0.5214833192367223,0.6922238303221973,0.5214833192367223,0.809874226913962,0.46875,0.0,0.53125,nan
metadata_order,4,sub-24,2,tent_literal,ses-1,1,72,False,32,1882791258,EEGTTA-PHASE1|v1|metadata_order|tent_literal|sub-24|2|4,46753801,True,True,0.3857100009918213,0.5917561054229736,0.625,0.8354113101959229,0.3857100009918213,0.15920212864875793,0.02450629137456417,8.84727668762207,0.38571005575866213,0.5917561159039906,0.6762130041383358,0.5917561159039906,0.8354113332425186,0.625,0.0,0.375,nan
metadata_order,5,sub-24,2,tent_literal,ses-1,1,72,True,8,1753448742,EEGTTA-PHASE1|v1|metadata_order|tent_literal|sub-24|2|5,1882791258,True,True,0.4703015387058258,0.6322503089904785,0.625,0.7622228860855103,0.4703015387058258,0.261308878660202,0.027797803282737732,8.84915828704834,0.47030151818719224,0.6322503536939621,0.6577471329832706,0.6322503536939621,0.7622228711843491,0.625,0.0,0.375,nan
metadata_order,0,sub-25,2,tent_literal,ses-2,0,73,False,32,1369707922,EEGTTA-PHASE1|v1|metadata_order|tent_literal|sub-25|2|0,1696560163,True,True,0.42026442289352417,0.45475825667381287,0.4375,0.8005846738815308,0.42026442289352417,0.15428169071674347,0.00857952143996954,7.698881149291992,0.42026439920940906,0.45475826019537635,0.6890479462091593,0.5452417398046236,0.8005846629093867,0.4375,1.0,0.4375,nan
metadata_order,1,sub-25,2,tent_literal,ses-2,0,73,False,32,1876863162,EEGTTA-PHASE1|v1|metadata_order|tent_literal|sub-25|2|1,1369707922,True,True,0.4216144382953644,0.4545043706893921,0.375,0.8061031103134155,0.4216144382953644,0.18313376605510712,0.014096984639763832,7.700677871704102,0.42161444091217776,0.45450435721977556,0.6890017421421134,0.5454956427802244,0.8061031424094836,0.375,1.0,0.375,nan
metadata_order,2,sub-25,2,tent_literal,ses-2,0,73,True,9,303207565,EEGTTA-PHASE1|v1|metadata_order|tent_literal|sub-25|2|2,1876863162,True,True,0.5220988392829895,0.4476192891597748,0.4444444477558136,0.7479896545410156,0.5220988392829895,0.22979098558425903,0.019394416362047195,7.702420711517334,0.5220988775817303,0.44761929081545937,0.6876496213760634,0.5523807091845406,0.7479896561967002,0.4444444444444444,1.0,0.4444444444444444,nan
metadata_order,3,sub-25,2,tent_literal,ses-1,1,73,False,32,425268641,EEGTTA-PHASE1|v1|metadata_order|tent_literal|sub-25|2|3,303207565,True,True,0.38633400201797485,0.5273765921592712,0.5625,0.8219277262687683,0.38633400201797485,0.11458291858434677,0.023909540846943855,7.704349517822266,0.38633401923385524,0.5273765830606862,0.6916474761052589,0.5273765830606862,0.8219277279167727,0.5625,0.0,0.4375,nan
metadata_order,4,sub-25,2,tent_literal,ses-1,1,73,False,32,439401005,EEGTTA-PHASE1|v1|metadata_order|tent_literal|sub-25|2|4,425268641,True,True,0.4237525463104248,0.519457221031189,0.5,0.8145655989646912,0.4237525463104248,0.14060401916503906,0.027921559289097786,7.706386566162109,0.4237525301399975,0.5194572022883222,0.6923898239024833,0.5194572022883222,0.8145655767293647,0.5,0.0,0.5,nan
metadata_order,5,sub-25,2,tent_literal,ses-1,1,73,True,9,1292661905,EEGTTA-PHASE1|v1|metadata_order|tent_literal|sub-25|2|5,439401005,True,True,0.4751274883747101,0.4720965027809143,0.4444444477558136,0.806294322013855,0.4751274883747101,0.25945040583610535,0.03160296007990837,7.7083234786987305,0.47512748314215425,0.4720965044365989,0.6915891611208638,0.5279034955634011,0.8062943402263854,0.4444444444444444,0.0,0.5555555555555556,nan
metadata_order,0,sub-26,2,tent_literal,ses-2,0,74,False,32,707528687,EEGTTA-PHASE1|v1|metadata_order|tent_literal|sub-26|2|0,493453108,True,True,0.6621021032333374,0.4949153959751129,0.5,0.5984734296798706,0.6621021032333374,0.028444107621908188,0.008491890504956245,6.379932403564453,0.6621020987199728,0.49491539876908064,0.6930954733293717,0.5050846012309194,0.598473452962935,0.5,1.0,0.5,nan
metadata_order,1,sub-26,2,tent_literal,ses-2,0,74,False,32,7253409,EEGTTA-PHASE1|v1|metadata_order|tent_literal|sub-26|2|1,707528687,True,True,0.6274627447128296,0.4905255436897278,0.5,0.6457223892211914,0.6274627447128296,0.05383685976266861,0.014562280848622322,6.380304336547852,0.6274627489419913,0.49052555253729224,0.6929676395052441,0.5094744474627078,0.6457224362529814,0.5,1.0,0.5,nan
metadata_order,2,sub-26,2,tent_literal,ses-2,0,74,True,10,924080405,EEGTTA-PHASE1|v1|metadata_order|tent_literal|sub-26|2|2,7253409,True,True,0.6608303189277649,0.5070501565933228,0.4000000059604645,0.5844144225120544,0.6608303189277649,0.04523221030831337,0.0196517501026392,6.380435943603516,0.6608302497024517,0.5070500999689103,0.6930477694465687,0.5070500999689103,0.5844144433736801,0.4,1.0,0.4,nan
metadata_order,3,sub-26,2,tent_literal,ses-1,1,73,False,32,1593477660,EEGTTA-PHASE1|v1|metadata_order|tent_literal|sub-26|2|3,924080405,True,True,0.6464540958404541,0.4998776316642761,0.59375,0.6280146837234497,0.6464540958404541,0.0512995719909668,0.024776620790362358,6.380706787109375,0.6464540842358,0.4998776549473405,0.6931471506233211,0.5001223450526595,0.6280146455392241,0.59375,0.0,0.40625,nan
metadata_order,4,sub-26,2,tent_literal,ses-1,1,73,False,32,2092178499,EEGTTA-PHASE1|v1|metadata_order|tent_literal|sub-26|2|4,1593477660,True,True,0.6563429832458496,0.5074468851089478,0.53125,0.6087005138397217,0.6563429832458496,0.030767979100346565,0.02995988167822361,6.381222724914551,0.6563429578811522,0.5074468734674156,0.6930362646102226,0.5074468734674156,0.6087005254812539,0.53125,0.0,0.46875,nan
metadata_order,5,sub-26,2,tent_literal,ses-1,1,73,True,9,1920732765,EEGTTA-PHASE1|v1|metadata_order|tent_literal|sub-26|2|5,2092178499,True,True,0.653303325176239,0.4681532084941864,0.3333333432674408,0.6235705614089966,0.653303325176239,0.058897245675325394,0.034916266798973083,6.381629943847656,0.6533033073084514,0.468153178691864,0.6911173667515709,0.531846821308136,0.6235705945226881,0.3333333333333333,0.0,0.6666666666666666,nan
metadata_order,0,sub-27,2,tent_literal,ses-2,0,74,False,32,1986151808,EEGTTA-PHASE1|v1|metadata_order|tent_literal|sub-27|2|0,375755799,True,True,0.6132095456123352,0.48269882798194885,0.53125,0.6673552989959717,0.6132095456123352,0.05867531895637512,0.00853988341987133,6.66909122467041,0.6132095731025105,0.4826988303102553,0.6925484000924509,0.5173011696897447,0.6673552892170846,0.53125,1.0,0.53125,nan
metadata_order,1,sub-27,2,tent_literal,ses-2,0,74,False,32,1287177086,EEGTTA-PHASE1|v1|metadata_order|tent_literal|sub-27|2|1,1986151808,True,True,0.6009577512741089,0.5167317390441895,0.46875,0.6761488914489746,0.6009577512741089,0.05584639310836792,0.01509539969265461,6.670608043670654,0.6009577448195282,0.5167317325249314,0.6925871742698839,0.5167317325249314,0.6761488830670714,0.46875,1.0,0.46875,nan
metadata_order,2,sub-27,2,tent_literal,ses-2,0,74,True,10,2070178488,EEGTTA-PHASE1|v1|metadata_order|tent_literal|sub-27|2|2,1287177086,True,True,0.5569695234298706,0.540789783000946,0.699999988079071,0.7222245931625366,0.5569695234298706,0.1280701607465744,0.02057516947388649,6.672411918640137,0.556969481013959,0.5407897442579269,0.6898158732375084,0.5407897442579269,0.722224560379982,0.7,1.0,0.7,nan
metadata_order,3,sub-27,2,tent_literal,ses-1,1,73,False,32,1511730277,EEGTTA-PHASE1|v1|metadata_order|tent_literal|sub-27|2|3,2070178488,True,True,0.5736240148544312,0.5616077184677124,0.5625,0.6931059956550598,0.5736240148544312,0.11338108777999878,0.02612893283367157,6.6739182472229,0.5736240750182412,0.5616077067388687,0.6855368360403857,0.5616077067388687,0.6931059813068714,0.5625,0.0,0.4375,nan
metadata_order,4,sub-27,2,tent_literal,ses-1,1,73,False,32,1323072105,EEGTTA-PHASE1|v1|metadata_order|tent_literal|sub-27|2|4,1511730277,True,True,0.5881999731063843,0.543684184551239,0.53125,0.6829480528831482,0.5881999731063843,0.08533599972724915,0.031672198325395584,6.675487995147705,0.5881999149143444,0.543684221804142,0.689325687668676,0.543684221804142,0.6829480528831482,0.53125,0.0,0.46875,nan
metadata_order,5,sub-27,2,tent_literal,ses-1,1,73,True,9,686903580,EEGTTA-PHASE1|v1|metadata_order|tent_literal|sub-27|2|5,1323072105,True,True,0.6266129016876221,0.5297229290008545,0.7777777910232544,0.6409788727760315,0.6266129016876221,0.10123055428266525,0.03703528642654419,6.677220344543457,0.6266129443516092,0.5297228958871629,0.6913792373598654,0.5297228958871629,0.6409788727760315,0.7777777777777778,0.0,0.2222222222222222,nan
metadata_order,0,sub-28,2,tent_literal,ses-2,0,57,False,32,1662895078,EEGTTA-PHASE1|v1|metadata_order|tent_literal|sub-28|2|0,1491044666,True,True,0.3181074559688568,0.4369944930076599,0.4375,0.8613976240158081,0.3181074559688568,0.17213083803653717,0.008590496145188808,8.330389976501465,0.31810744523916235,0.4369945081125479,0.6851866506713269,0.5630054918874521,0.8613976498891134,0.4375,1.0,0.4375,nan
metadata_order,1,sub-28,2,tent_literal,ses-2,0,57,True,25,1830129398,EEGTTA-PHASE1|v1|metadata_order|tent_literal|sub-28|2|1,1662895078,True,True,0.5004670023918152,0.43624556064605713,0.35999998450279236,0.7218472361564636,0.5004670023918152,0.1939862072467804,0.015056736767292023,8.3323392868042,0.5004670665388693,0.4362455450044945,0.6849957466817018,0.5637544549955056,0.7218471826566383,0.36,1.0,0.36,nan
metadata_order,2,sub-28,2,tent_literal,ses-1,1,74,False,32,28022433,EEGTTA-PHASE1|v1|metadata_order|tent_literal|sub-28|2|2,1830129398,True,True,0.2847130596637726,0.45613306760787964,0.4375,0.8770182132720947,0.2847130596637726,0.2968460023403168,0.021799210458993912,8.33441162109375,0.28471303502360557,0.45613306206178095,0.6892936115244848,0.543866937938219,0.8770181815652904,0.4375,0.0,0.5625,nan
metadata_order,3,sub-28,2,tent_literal,ses-1,1,74,False,32,447535970,EEGTTA-PHASE1|v1|metadata_order|tent_literal|sub-28|2|3,28022433,True,True,0.388681560754776,0.4667418301105499,0.46875,0.813721776008606,0.388681560754776,0.07623155415058136,0.027813417837023735,8.336559295654297,0.38868156460540326,0.46674183278810233,0.6909333350004301,0.5332581672118977,0.813721765880473,0.46875,0.0,0.53125,nan
metadata_order,4,sub-28,2,tent_literal,ses-1,1,74,True,10,2028569965,EEGTTA-PHASE1|v1|metadata_order|tent_literal|sub-28|2|4,447535970,True,True,0.28087228536605835,0.5528638362884521,0.6000000238418579,0.8936038017272949,0.28087228536605835,0.2352171093225479,0.03108120709657669,8.338645935058594,0.28087225827337325,0.5528638206422329,0.6875475537242066,0.5528638206422329,0.8936038054525852,0.6,0.0,0.4,nan
metadata_order,0,sub-29,2,tent_literal,ses-1,0,72,False,32,782810160,EEGTTA-PHASE1|v1|metadata_order|tent_literal|sub-29|2|0,1706748095,True,True,0.5889554023742676,0.509652853012085,0.46875,0.6798621416091919,0.5889554023742676,0.08059629052877426,0.008494934998452663,6.549255847930908,0.5889553650004886,0.5096528604626656,0.6929608135518803,0.5096528604626656,0.6798621080815792,0.46875,0.0,0.53125,nan
metadata_order,1,sub-29,2,tent_literal,ses-1,0,72,False,32,900473281,EEGTTA-PHASE1|v1|metadata_order|tent_literal|sub-29|2|1,782810160,True,True,0.5682505369186401,0.4982661008834839,0.4375,0.707440197467804,0.5682505369186401,0.1016722321510315,0.014642352238297462,6.550772666931152,0.5682505284439329,0.49826609226875007,0.6931411676758528,0.5017339077312499,0.7074401911813766,0.4375,0.0,0.5625,nan
metadata_order,2,sub-29,2,tent_literal,ses-1,0,72,True,8,2144897426,EEGTTA-PHASE1|v1|metadata_order|tent_literal|sub-29|2|2,900473281,True,True,0.631378173828125,0.5183432102203369,0.5,0.6540025472640991,0.631378173828125,0.08809413015842438,0.020038560032844543,6.552520751953125,0.6313781464209982,0.5183432064950466,0.6924740830772729,0.5183432064950466,0.6540025509893894,0.5,0.0,0.5,nan
metadata_order,3,sub-29,2,tent_literal,ses-2,1,74,False,32,777554921,EEGTTA-PHASE1|v1|metadata_order|tent_literal|sub-29|2|3,2144897426,True,True,0.5297450423240662,0.507077693939209,0.5,0.747870683670044,0.5297450423240662,0.09705233573913574,0.025022517889738083,6.553837776184082,0.52974501188339,0.5070777055807412,0.6930469893812345,0.5070777055807412,0.7478706906549633,0.5,1.0,0.5,nan
metadata_order,4,sub-29,2,tent_literal,ses-2,1,74,False,32,1948126323,EEGTTA-PHASE1|v1|metadata_order|tent_literal|sub-29|2|4,777554921,True,True,0.5552685260772705,0.5227270126342773,0.46875,0.7135666608810425,0.5552685260772705,0.1089492067694664,0.02994205430150032,6.55478048324585,0.5552685556793273,0.5227270150789991,0.6921137901167969,0.5227270150789991,0.713566624908708,0.46875,1.0,0.46875,nan
metadata_order,5,sub-29,2,tent_literal,ses-2,1,74,True,10,1092222846,EEGTTA-PHASE1|v1|metadata_order|tent_literal|sub-29|2|5,1948126323,True,True,0.5469285249710083,0.5006698966026306,0.6000000238418579,0.7126556634902954,0.5469285249710083,0.11049380153417587,0.03481752797961235,6.555459022521973,0.5469284664391966,0.5006699003279209,0.693146283026778,0.5006699003279209,0.712655671685934,0.6,1.0,0.6,nan
metadata_order,0,sub-30,2,tent_literal,ses-1,0,73,False,32,395497876,EEGTTA-PHASE1|v1|metadata_order|tent_literal|sub-30|2|0,484740003,True,True,0.5103785991668701,0.5733364224433899,0.5625,0.752342164516449,0.5103785991668701,0.10564625263214111,0.008608723059296608,7.611099720001221,0.5103785892224756,0.5733364596962929,0.6823518049291022,0.5733364596962929,0.7523421868681908,0.5625,0.0,0.4375,nan
metadata_order,1,sub-30,2,tent_literal,ses-1,0,73,False,32,509467762,EEGTTA-PHASE1|v1|metadata_order|tent_literal|sub-30|2|1,395497876,True,True,0.47240644693374634,0.5589437484741211,0.5625,0.7816280126571655,0.47240644693374634,0.09738652408123016,0.015163533389568329,7.613275527954102,0.47240644366658385,0.558943775948137,0.6861822579860709,0.558943775948137,0.7816280224360526,0.5625,0.0,0.4375,nan
metadata_order,2,sub-30,2,tent_literal,ses-1,0,73,True,9,723361335,EEGTTA-PHASE1|v1|metadata_order|tent_literal|sub-30|2|2,509467762,True,True,0.5002633929252625,0.5780657529830933,0.5555555820465088,0.7606837153434753,0.5002633929252625,0.1372995376586914,0.02118833363056183,7.615248203277588,0.5002633668723667,0.5780657546387779,0.6809086471614647,0.5780657546387779,0.7606837070650525,0.5555555555555556,0.0,0.4444444444444444,nan
metadata_order,3,sub-30,2,tent_literal,ses-2,1,73,False,32,1163923040,EEGTTA-PHASE1|v1|metadata_order|tent_literal|sub-30|2|3,723361335,True,True,0.42167580127716064,0.5300825834274292,0.53125,0.8060998320579529,0.42167580127716064,0.15252238512039185,0.025699574500322342,7.6172003746032715,0.42167580671984456,0.5300825358135626,0.69133616911958,0.5300825358135626,0.8060998088913038,0.53125,1.0,0.53125,nan
metadata_order,4,sub-30,2,tent_literal,ses-2,1,73,False,32,639381726,EEGTTA-PHASE1|v1|metadata_order|tent_literal|sub-30|2|4,1163923040,True,True,0.4421166777610779,0.5918400287628174,0.625,0.7912565469741821,0.4421166777610779,0.11706383526325226,0.030653124675154686,7.619218826293945,0.442116664596237,0.5918400082737207,0.6761818462212408,0.5918400082737207,0.79125658236444,0.625,1.0,0.625,nan
metadata_order,5,sub-30,2,tent_literal,ses-2,1,73,True,9,1440285833,EEGTTA-PHASE1|v1|metadata_order|tent_literal|sub-30|2|5,639381726,True,True,0.500997006893158,0.6298032402992249,0.7777777910232544,0.754395067691803,0.500997006893158,0.2936728000640869,0.0351678840816021,7.621186256408691,0.5009970159150416,0.6298032144291533,0.6590603302143785,0.6298032144291533,0.754395040579968,0.7777777777777778,1.0,0.7777777777777778,nan
metadata_order,0,sub-31,2,tent_literal,ses-1,0,73,False,32,490243842,EEGTTA-PHASE1|v1|metadata_order|tent_literal|sub-31|2|0,407949087,True,True,0.44412487745285034,0.46723511815071106,0.4375,0.8018070459365845,0.44412487745285034,0.11724922806024551,0.008599860593676567,7.874309062957764,0.44412488002637307,0.467235125368461,0.6909985672529071,0.532764874631539,0.8018070275429636,0.4375,0.0,0.5625,nan
metadata_order,1,sub-31,2,tent_literal,ses-1,0,73,False,32,1477269198,EEGTTA-PHASE1|v1|metadata_order|tent_literal|sub-31|2|1,490243842,True,True,0.4492565095424652,0.48001372814178467,0.46875,0.7831853628158569,0.4492565095424652,0.08956213295459747,0.015360853634774685,7.876366138458252,0.44925651311880765,0.4800137169077061,0.6923480646514852,0.5199862830922939,0.7831853815005161,0.46875,0.0,0.53125,nan
metadata_order,2,sub-31,2,tent_literal,ses-1,0,73,True,9,534328791,EEGTTA-PHASE1|v1|metadata_order|tent_literal|sub-31|2|2,1477269198,True,True,0.4630303978919983,0.5397651791572571,0.6666666865348816,0.7902706265449524,0.4630303978919983,0.15608800947666168,0.018992867320775986,7.878730297088623,0.4630304045729554,0.539765230483479,0.6899812910841372,0.539765230483479,0.7902705884642072,0.6666666666666666,0.0,0.3333333333333333,nan
metadata_order,3,sub-31,2,tent_literal,ses-2,1,71,False,32,317058313,EEGTTA-PHASE1|v1|metadata_order|tent_literal|sub-31|2|3,534328791,True,True,0.44159945845603943,0.45137715339660645,0.40625,0.7827731370925903,0.44159945845603943,0.155586838722229,0.023641522973775864,7.881136417388916,0.44159943293050274,0.451377161196433,0.6884113388536701,0.548622838803567,0.7827731777215376,0.40625,1.0,0.40625,nan
metadata_order,4,sub-31,2,tent_literal,ses-2,1,71,False,32,1273024043,EEGTTA-PHASE1|v1|metadata_order|tent_literal|sub-31|2|4,317058313,True,True,0.46974432468414307,0.47628718614578247,0.4375,0.7841624617576599,0.46974432468414307,0.14554941654205322,0.028436120599508286,7.883557319641113,0.46974430914361176,0.4762872101564426,0.6920221658062244,0.5237127898435574,0.7841624712746125,0.4375,1.0,0.4375,nan
metadata_order,5,sub-31,2,tent_literal,ses-2,1,71,True,7,1727013650,EEGTTA-PHASE1|v1|metadata_order|tent_literal|sub-31|2|5,1273024043,True,True,0.5706636309623718,0.4747944176197052,0.4285714626312256,0.7144500017166138,0.5706636309623718,0.19082675874233246,0.03346029296517372,7.885657787322998,0.570663607762324,0.47479439633233206,0.6918759969201302,0.525205603667668,0.714449976171766,0.42857142857142855,1.0,0.42857142857142855,nan
metadata_order,0,sub-32,2,tent_literal,ses-1,0,68,False,32,2014269921,EEGTTA-PHASE1|v1|metadata_order|tent_literal|sub-32|2|0,1464741338,True,True,0.5894087553024292,0.4930601119995117,0.5625,0.675908625125885,0.5894087553024292,0.0953458622097969,0.008528372272849083,6.709540843963623,0.5894087681876473,0.4930601082742214,0.6930508532725925,0.5069398917257786,0.6759086512029171,0.5625,0.0,0.4375,nan
metadata_order,1,sub-32,2,tent_literal,ses-1,0,68,False,32,2043495927,EEGTTA-PHASE1|v1|metadata_order|tent_literal|sub-32|2|1,2014269921,True,True,0.5777019262313843,0.5100274085998535,0.46875,0.6822932362556458,0.5777019262313843,0.09746427088975906,0.014386480674147606,6.711415767669678,0.577701947907745,0.5100273450370878,0.6929460717810179,0.5100273450370878,0.6822932476643473,0.46875,0.0,0.53125,nan
metadata_order,2,sub-32,2,tent_literal,ses-1,0,68,True,4,1257843216,EEGTTA-PHASE1|v1|metadata_order|tent_literal|sub-32|2|2,2043495927,True,True,0.6085568070411682,0.531265914440155,0.5,0.6764992475509644,0.6085568070411682,0.20283207297325134,0.018217209726572037,6.712100505828857,0.6085567715527065,0.5312659367918968,0.691190786794283,0.5312659367918968,0.6764992251992226,0.5,0.0,0.5,nan
metadata_order,3,sub-32,2,tent_literal,ses-2,1,65,False,32,1022881730,EEGTTA-PHASE1|v1|metadata_order|tent_literal|sub-32|2|3,1257843216,True,True,0.5646716952323914,0.48624899983406067,0.4375,0.7058684825897217,0.5646716952323914,0.14114715158939362,0.022868942469358444,6.712873458862305,0.5646716701212542,0.4862489989027381,0.6927689528097758,0.5137510010972619,0.7058685319498181,0.4375,1.0,0.4375,nan
metadata_order,4,sub-32,2,tent_literal,ses-2,1,65,False,32,1481621143,EEGTTA-PHASE1|v1|metadata_order|tent_literal|sub-32|2|4,1022881730,True,True,0.5448424220085144,0.5239087343215942,0.59375,0.7105640172958374,0.5448424220085144,0.085592120885849,0.027688737958669662,6.71388053894043,0.5448424442570343,0.523908682866022,0.692003494254515,0.523908682866022,0.710564035223797,0.59375,1.0,0.59375,nan
metadata_order,5,sub-32,2,tent_literal,ses-2,1,65,True,1,967459696,EEGTTA-PHASE1|v1|metadata_order|tent_literal|sub-32|2|5,1481621143,True,True,0.652483344078064,0.6416148543357849,1.0,0.6416148543357849,0.652483344078064,0.315935343503952,0.03083799220621586,6.715121269226074,0.6524834026037556,0.6416148543357849,0.6524834026037556,0.6416148543357849,0.6416148543357849,1.0,1.0,1.0,nan
metadata_order,0,sub-33,2,tent_literal,ses-1,0,73,False,32,1798715873,EEGTTA-PHASE1|v1|metadata_order|tent_literal|sub-33|2|0,2141212488,True,True,0.5963960886001587,0.4833909869194031,0.4375,0.6854043006896973,0.5963960886001587,0.10136834532022476,0.008516043424606323,6.691144943237305,0.5963960488817104,0.4833909720182419,0.6925953594292904,0.5166090279817581,0.6854042820632458,0.4375,0.0,0.5625,nan
metadata_order,1,sub-33,2,tent_literal,ses-1,0,73,False,32,620716012,EEGTTA-PHASE1|v1|metadata_order|tent_literal|sub-33|2|1,1798715873,True,True,0.6063406467437744,0.5094878673553467,0.46875,0.6721048355102539,0.6063406467437744,0.07465410232543945,0.01480902824550867,6.692411422729492,0.6063406323596336,0.5094878496602178,0.6929671311714087,0.5094878496602178,0.6721048718318343,0.46875,0.0,0.53125,nan
metadata_order,2,sub-33,2,tent_literal,ses-1,0,73,True,9,149297436,EEGTTA-PHASE1|v1|metadata_order|tent_literal|sub-33|2|2,620716012,True,True,0.6189923882484436,0.4674159288406372,0.4444444477558136,0.6706916093826294,0.6189923882484436,0.08993880450725555,0.02130225859582424,6.693840503692627,0.6189923967653479,0.46741590400536853,0.6910222283687785,0.5325840959946315,0.6706916209724214,0.4444444444444444,0.0,0.5555555555555556,nan
metadata_order,3,sub-33,2,tent_literal,ses-2,1,72,False,32,63689856,EEGTTA-PHASE1|v1|metadata_order|tent_literal|sub-33|2|3,149297436,True,True,0.5190503001213074,0.4815658926963806,0.4375,0.731835126876831,0.5190503001213074,0.08444103598594666,0.02775646559894085,6.695423603057861,0.5190503068366072,0.4815658727893606,0.6924673924166354,0.5184341272106394,0.7318351356079802,0.4375,1.0,0.4375,nan
metadata_order,4,sub-33,2,tent_literal,ses-2,1,72,False,32,572484076,EEGTTA-PHASE1|v1|metadata_order|tent_literal|sub-33|2|4,63689856,True,True,0.5231167078018188,0.48203542828559875,0.46875,0.7343558073043823,0.5231167078018188,0.08384457230567932,0.03398402780294418,6.696977138519287,0.5231167089205647,0.48203541233669966,0.6925015887985829,0.5179645876633003,0.7343557599233463,0.46875,1.0,0.46875,nan
metadata_order,5,sub-33,2,tent_literal,ses-2,1,72,True,8,1630863708,EEGTTA-PHASE1|v1|metadata_order|tent_literal|sub-33|2|5,572484076,True,True,0.5436267852783203,0.46786969900131226,0.375,0.7173833847045898,0.5436267852783203,0.16079364717006683,0.03985930606722832,6.698112487792969,0.5436267940651357,0.46786972787231207,0.6910810484261273,0.5321302721276879,0.7173834452405572,0.375,1.0,0.375,nan
metadata_order,0,sub-34,2,tent_literal,ses-1,0,72,False,32,1576728032,EEGTTA-PHASE1|v1|metadata_order|tent_literal|sub-34|2|0,222523419,True,True,0.47077861428260803,0.5434766411781311,0.5625,0.7648853063583374,0.47077861428260803,0.10704829543828964,0.008530414663255215,6.827765464782715,0.47077863343795434,0.5434766659891466,0.6893619612111872,0.5434766659891466,0.7648853188002249,0.5625,0.0,0.4375,nan
metadata_order,1,sub-34,2,tent_literal,ses-1,0,72,False,32,668117075,EEGTTA-PHASE1|v1|metadata_order|tent_literal|sub-34|2|1,1576728032,True,True,0.5448722839355469,0.48133009672164917,0.40625,0.7148485779762268,0.5448722839355469,0.11064013838768005,0.014172242023050785,6.82839822769165,0.5448722352212261,0.4813300995156169,0.6924498881044211,0.5186699004843831,0.7148485789075494,0.40625,0.0,0.59375,nan
metadata_order,2,sub-34,2,tent_literal,ses-1,0,72,True,8,2030548097,EEGTTA-PHASE1|v1|metadata_order|tent_literal|sub-34|2|2,668117075,True,True,0.5865492820739746,0.4865647256374359,0.375,0.6647624969482422,0.5865492820739746,0.14273060858249664,0.018566807731986046,6.829329967498779,0.5865492517438136,0.4865647219121456,0.6927861237092405,0.5134352780878544,0.6647625155746937,0.375,0.0,0.625,nan
metadata_order,3,sub-34,2,tent_literal,ses-2,1,73,False,32,1612352712,EEGTTA-PHASE1|v1|metadata_order|tent_literal|sub-34|2|3,2030548097,True,True,0.4606276750564575,0.5411842465400696,0.5,0.7958248257637024,0.4606276750564575,0.16948692500591278,0.02356504648923874,6.830318450927734,0.46062763905243165,0.541184229310602,0.6897510527663875,0.541184229310602,0.7958248206414282,0.5,1.0,0.5,nan
metadata_order,4,sub-34,2,tent_literal,ses-2,1,73,False,32,1685609799,EEGTTA-PHASE1|v1|metadata_order|tent_literal|sub-34|2|4,1612352712,True,True,0.4815073013305664,0.47294342517852783,0.40625,0.7763806581497192,0.4815073013305664,0.14796261489391327,0.028802979737520218,6.8313493728637695,0.4815072796992841,0.4729434319306165,0.6916823494253246,0.5270565680693835,0.7763805880676955,0.40625,1.0,0.40625,nan
metadata_order,5,sub-34,2,tent_literal,ses-2,1,73,True,9,783156514,EEGTTA-PHASE1|v1|metadata_order|tent_literal|sub-34|2|5,1685609799,True,True,0.4742758572101593,0.5219714641571045,0.5555555820465088,0.7752413749694824,0.4742758572101593,0.14482828974723816,0.033982113003730774,6.832334518432617,0.47427586313905984,0.5219714533951547,0.6921813800677625,0.5219714533951547,0.7752413724859556,0.5555555555555556,1.0,0.5555555555555556,nan
metadata_order,0,sub-35,2,tent_literal,ses-1,0,73,False,32,602776867,EEGTTA-PHASE1|v1|metadata_order|tent_literal|sub-35|2|0,1657532059,True,True,0.4892895817756653,0.46123039722442627,0.40625,0.7670526504516602,0.4892895817756653,0.15255551040172577,0.008518793620169163,6.518551349639893,0.4892895796042641,0.46123039652593434,0.6901379966436969,0.5387696034740657,0.7670526399742812,0.40625,0.0,0.59375,nan
metadata_order,1,sub-35,2,tent_literal,ses-1,0,73,False,32,1514965744,EEGTTA-PHASE1|v1|metadata_order|tent_literal|sub-35|2|1,602776867,True,True,0.5907982587814331,0.5161292552947998,0.5625,0.6927205920219421,0.5907982587814331,0.09378207474946976,0.01453701313585043,6.5196332931518555,0.5907981863199216,0.5161292366683483,0.6926267857324138,0.5161292366683483,0.6927205584943295,0.5625,0.0,0.4375,nan
metadata_order,2,sub-35,2,tent_literal,ses-1,0,73,True,9,502911030,EEGTTA-PHASE1|v1|metadata_order|tent_literal|sub-35|2|2,1514965744,True,True,0.591252863407135,0.5129333138465881,0.6666666865348816,0.6871122121810913,0.591252863407135,0.10537178069353104,0.01979694329202175,6.520992279052734,0.5912528765579604,0.5129333519273334,0.692812600059424,0.5129333519273334,0.6871122337049909,0.6666666666666666,0.0,0.3333333333333333,nan
metadata_order,3,sub-35,2,tent_literal,ses-2,1,73,False,32,498577992,EEGTTA-PHASE1|v1|metadata_order|tent_literal|sub-35|2|3,502911030,True,True,0.6227453947067261,0.5023073554039001,0.46875,0.6453326940536499,0.6227453947067261,0.050077736377716064,0.02495439350605011,6.522281169891357,0.6227453852504947,0.5023073763586581,0.6931365325508309,0.5023073763586581,0.6453326693736017,0.46875,1.0,0.46875,nan
metadata_order,4,sub-35,2,tent_literal,ses-2,1,73,False,32,2091394729,EEGTTA-PHASE1|v1|metadata_order|tent_literal|sub-35|2|4,498577992,True,True,0.6409986019134521,0.47755926847457886,0.53125,0.6375606060028076,0.6409986019134521,0.05926116555929184,0.029908692464232445,6.523462295532227,0.6409985588800933,0.4775592661462724,0.6921396690828847,0.5224407338537276,0.6375606046058238,0.53125,1.0,0.53125,nan
metadata_order,5,sub-35,2,tent_literal,ses-2,1,73,True,9,121728930,EEGTTA-PHASE1|v1|metadata_order|tent_literal|sub-35|2|5,2091394729,True,True,0.5781393647193909,0.5526708364486694,0.6666666865348816,0.6804202795028687,0.5781393647193909,0.13166111707687378,0.0342390313744545,6.524634838104248,0.5781393249765377,0.5526708571447266,0.6875884346304961,0.5526708571447266,0.6804203117887179,0.6666666666666666,1.0,0.6666666666666666,nan
metadata_order,0,sub-36,2,tent_literal,ses-1,0,73,False,32,682007122,EEGTTA-PHASE1|v1|metadata_order|tent_literal|sub-36|2|0,1962665262,True,True,0.5007367730140686,0.4650565981864929,0.40625,0.7485237717628479,0.5007367730140686,0.15367905795574188,0.008535603992640972,7.1427178382873535,0.5007367601241242,0.46505660645198077,0.6907031072400246,0.5349433935480192,0.7485238082008436,0.40625,0.0,0.59375,nan
metadata_order,1,sub-36,2,tent_literal,ses-1,0,73,False,32,1765924359,EEGTTA-PHASE1|v1|metadata_order|tent_literal|sub-36|2|1,682007122,True,True,0.540774941444397,0.47638168931007385,0.5,0.7189773321151733,0.540774941444397,0.09575160592794418,0.015011103823781013,7.144216537475586,0.5407749237984909,0.4763816595659591,0.6920311132863488,0.5236183404340409,0.7189773469581269,0.5,0.0,0.5,nan
metadata_order,2,sub-36,2,tent_literal,ses-1,0,73,True,9,1236503484,EEGTTA-PHASE1|v1|metadata_order|tent_literal|sub-36|2|2,1765924359,True,True,0.4716576933860779,0.5181747674942017,0.4444444477558136,0.7813747525215149,0.4716576933860779,0.16292259097099304,0.020619478076696396,7.146275997161865,0.4716576776212439,0.5181747534208827,0.6924863916759806,0.5181747534208827,0.7813747202356657,0.4444444444444444,0.0,0.5555555555555556,nan
metadata_order,3,sub-36,2,tent_literal,ses-2,1,72,False,32,1896053953,EEGTTA-PHASE1|v1|metadata_order|tent_literal|sub-36|2|3,1236503484,True,True,0.49322211742401123,0.4999312162399292,0.46875,0.7476310133934021,0.49322211742401123,0.10984431952238083,0.026126427575945854,7.148104667663574,0.4932221127481219,0.49993120232829824,0.693147171093706,0.5000687976717018,0.7476309900521301,0.46875,1.0,0.46875,nan
metadata_order,4,sub-36,2,tent_literal,ses-2,1,72,False,32,24611044,EEGTTA-PHASE1|v1|metadata_order|tent_literal|sub-36|2|4,1896053953,True,True,0.46719834208488464,0.5104225277900696,0.46875,0.7787628173828125,0.46719834208488464,0.15422557294368744,0.030887646600604057,7.149856090545654,0.4671983356109333,0.5104225268878508,0.6929299066900553,0.5104225268878508,0.7787628704390954,0.46875,1.0,0.46875,nan
metadata_order,5,sub-36,2,tent_literal,ses-2,1,72,True,8,394913482,EEGTTA-PHASE1|v1|metadata_order|tent_literal|sub-36|2|5,24611044,True,True,0.3974885642528534,0.5329853892326355,0.5,0.8054547905921936,0.3974885642528534,0.13016155362129211,0.035520169883966446,7.151539325714111,0.3974885485019679,0.5329853734001517,0.690969529662543,0.5329853734001517,0.8054548064246774,0.5,1.0,0.5,nan
metadata_order,0,sub-37,2,tent_literal,ses-1,0,71,False,32,1427384029,EEGTTA-PHASE1|v1|metadata_order|tent_literal|sub-37|2|0,742439592,True,True,0.6085760593414307,0.504336416721344,0.4375,0.6600735187530518,0.6085760593414307,0.06543245166540146,0.008491266518831253,6.420732498168945,0.6085760161632848,0.5043364525772631,0.6931095704465264,0.5043364525772631,0.6600735201500356,0.4375,0.0,0.5625,nan
metadata_order,1,sub-37,2,tent_literal,ses-1,0,71,False,32,1979472107,EEGTTA-PHASE1|v1|metadata_order|tent_literal|sub-37|2|1,1427384029,True,True,0.6320276856422424,0.5300194621086121,0.53125,0.6441245675086975,0.6320276856422424,0.05836088955402374,0.01416198629885912,6.4220967292785645,0.6320276928201262,0.5300194486044347,0.6913437616033123,0.5300194486044347,0.6441245661117136,0.53125,0.0,0.46875,nan
metadata_order,2,sub-37,2,tent_literal,ses-1,0,71,True,7,490075703,EEGTTA-PHASE1|v1|metadata_order|tent_literal|sub-37|2|2,1979472107,True,True,0.624445378780365,0.5004928708076477,0.4285714626312256,0.6584469079971313,0.624445378780365,0.06830967962741852,0.01919550634920597,6.4231343269348145,0.6244454356698858,0.5004928452627999,0.6931466947669604,0.5004928452627999,0.6584468569074359,0.42857142857142855,0.0,0.5714285714285714,nan
metadata_order,3,sub-37,2,tent_literal,ses-2,1,51,False,32,1346330133,EEGTTA-PHASE1|v1|metadata_order|tent_literal|sub-37|2|3,490075703,True,True,0.6448599100112915,0.5374605655670166,0.53125,0.6260985732078552,0.6448599100112915,0.04937087371945381,0.024048086255788803,6.424522399902344,0.6448599254910379,0.5374605404213071,0.690337964831335,0.5374605404213071,0.6260985685512424,0.53125,1.0,0.53125,nan
metadata_order,4,sub-37,2,tent_literal,ses-2,1,51,True,19,1335284694,EEGTTA-PHASE1|v1|metadata_order|tent_literal|sub-37|2|4,1346330133,True,True,0.6075125932693481,0.5273717641830444,0.5789473652839661,0.6659979820251465,0.6075125932693481,0.06932247430086136,0.02890709787607193,6.4256792068481445,0.607512586636834,0.527371745360525,0.6916480063474565,0.527371745360525,0.6659979882993197,0.5789473684210527,1.0,0.5789473684210527,nan
metadata_order,0,sub-38,2,tent_literal,ses-1,0,71,False,32,2089472426,EEGTTA-PHASE1|v1|metadata_order|tent_literal|sub-38|2|0,1484322490,True,True,0.6468054056167603,0.5931997299194336,0.75,0.6197521090507507,0.6468054056167603,0.10164941847324371,0.008501309901475906,6.348681449890137,0.6468054065518601,0.593199796974659,0.6756727513706091,0.593199796974659,0.619752112776041,0.75,0.0,0.25,nan
metadata_order,1,sub-38,2,tent_literal,ses-1,0,71,False,32,183670105,EEGTTA-PHASE1|v1|metadata_order|tent_literal|sub-38|2|1,2089472426,True,True,0.6409405469894409,0.5504688024520874,0.5625,0.6217931509017944,0.6409405469894409,0.06092474237084389,0.015452362596988678,6.348906517028809,0.6409405718437722,0.5504688234068453,0.6880442905352984,0.5504688234068453,0.621793148573488,0.5625,0.0,0.4375,nan
metadata_order,2,sub-38,2,tent_literal,ses-1,0,71,True,7,1160762182,EEGTTA-PHASE1|v1|metadata_order|tent_literal|sub-38|2|2,183670105,True,True,0.6575483083724976,0.5100357532501221,0.2857142984867096,0.5800685882568359,0.6575483083724976,0.0473984032869339,0.021270444616675377,6.349053859710693,0.6575483480027003,0.510035731962749,0.6929457352007815,0.510035731962749,0.5800685414246151,0.2857142857142857,0.0,0.7142857142857143,nan
metadata_order,3,sub-38,2,tent_literal,ses-2,1,72,False,32,1540843903,EEGTTA-PHASE1|v1|metadata_order|tent_literal|sub-38|2|3,1160762182,True,True,0.6511145234107971,0.5444248914718628,0.625,0.6239064931869507,0.6511145234107971,0.058864984661340714,0.02712131105363369,6.349503040313721,0.6511145142430713,0.5444248849526048,0.6891948299783275,0.5444248849526048,0.6239065332338214,0.625,1.0,0.625,nan
metadata_order,4,sub-38,2,tent_literal,ses-2,1,72,False,32,791811299,EEGTTA-PHASE1|v1|metadata_order|tent_literal|sub-38|2|4,1540843903,True,True,0.6587239503860474,0.5732060074806213,0.78125,0.608331561088562,0.6587239503860474,0.07892394810914993,0.03311848267912865,6.3501105308532715,0.6587239682060659,0.573206034488976,0.6823903078086508,0.573206034488976,0.6083315825089812,0.78125,1.0,0.78125,nan
metadata_order,5,sub-38,2,tent_literal,ses-2,1,72,True,8,1253001739,EEGTTA-PHASE1|v1|metadata_order|tent_literal|sub-38|2|5,791811299,True,True,0.6383776664733887,0.605948805809021,0.75,0.6415929198265076,0.6383776664733887,0.12358193099498749,0.03877933695912361,6.350764274597168,0.6383776567064952,0.6059488467872143,0.6705257666267276,0.6059488467872143,0.6415929384529591,0.75,1.0,0.75,nan
metadata_order,0,sub-40,2,tent_literal,ses-2,0,70,False,32,280404923,EEGTTA-PHASE1|v1|metadata_order|tent_literal|sub-40|2|0,228667358,True,True,0.3219761252403259,0.466559499502182,0.4375,0.8597283363342285,0.3219761252403259,0.10507503896951675,0.00862615555524826,9.02840805053711,0.32197615569898935,0.46655948740954045,0.6909089744407801,0.5334405125904595,0.8597283298004186,0.4375,1.0,0.4375,nan
metadata_order,1,sub-40,2,tent_literal,ses-2,0,70,False,32,22089736,EEGTTA-PHASE1|v1|metadata_order|tent_literal|sub-40|2|1,280404923,True,True,0.3219543695449829,0.5213127732276917,0.5,0.8526967167854309,0.3219543695449829,0.10385137051343918,0.013947932049632072,9.030546188354492,0.3219543505305925,0.5213127664865169,0.692238437224473,0.5213127664865169,0.8526967049001541,0.5,1.0,0.5,nan
metadata_order,2,sub-40,2,tent_literal,ses-2,0,70,True,6,1688920344,EEGTTA-PHASE1|v1|metadata_order|tent_literal|sub-40|2|2,22089736,True,True,0.4455087184906006,0.5587948560714722,0.6666666865348816,0.785283088684082,0.4455087184906006,0.24142086505889893,0.01767704449594021,9.032551765441895,0.4455087260319594,0.5587947818761071,0.6862175061615584,0.5587947818761071,0.7852830834065875,0.6666666666666666,1.0,0.6666666666666666,nan
metadata_order,3,sub-40,2,tent_literal,ses-1,1,73,False,32,1923751166,EEGTTA-PHASE1|v1|metadata_order|tent_literal|sub-40|2|3,1688920344,True,True,0.40144646167755127,0.5254679918289185,0.53125,0.8092227578163147,0.40144646167755127,0.12788182497024536,0.02157168835401535,9.034520149230957,0.40144646483732577,0.5254679973659222,0.6918493812553812,0.5254679973659222,0.8092227373781498,0.53125,0.0,0.46875,nan
metadata_order,4,sub-40,2,tent_literal,ses-1,1,73,False,32,824776307,EEGTTA-PHASE1|v1|metadata_order|tent_literal|sub-40|2|4,1923751166,True,True,0.32967475056648254,0.5314314365386963,0.53125,0.8505420684814453,0.32967475056648254,0.0818316861987114,0.025690874084830284,9.036580085754395,0.3296747488633499,0.531431375646207,0.6911700144039957,0.531431375646207,0.8505421070221928,0.53125,0.0,0.46875,nan
metadata_order,5,sub-40,2,tent_literal,ses-1,1,73,True,9,2101732945,EEGTTA-PHASE1|v1|metadata_order|tent_literal|sub-40|2|5,824776307,True,True,0.5275980234146118,0.4790443778038025,0.5555555820465088,0.7439930438995361,0.5275980234146118,0.16381148993968964,0.029667522758245468,9.038569450378418,0.5275979671109235,0.4790443529685338,0.6922686449698504,0.5209556470314662,0.7439930356211133,0.5555555555555556,0.0,0.4444444444444444,nan
metadata_order,0,sub-41,2,tent_literal,ses-1,0,69,False,32,235009075,EEGTTA-PHASE1|v1|metadata_order|tent_literal|sub-41|2|0,276045264,True,True,0.6526155471801758,0.4867326617240906,0.375,0.6122777462005615,0.6526155471801758,0.04339005425572395,0.00849083997309208,6.385940074920654,0.6526155775319138,0.48673265427351,0.6927950943111771,0.51326734572649,0.612277764827013,0.375,0.0,0.625,nan
metadata_order,1,sub-41,2,tent_literal,ses-1,0,69,False,32,1947885563,EEGTTA-PHASE1|v1|metadata_order|tent_literal|sub-41|2|1,235009075,True,True,0.6175552010536194,0.4997381567955017,0.40625,0.6604209542274475,0.6175552010536194,0.06356525421142578,0.01524109672755003,6.386354923248291,0.6175551841315149,0.49973814468830824,0.6931470434235305,0.5002618553116918,0.6604209812358022,0.40625,0.0,0.59375,nan
metadata_order,2,sub-41,2,tent_literal,ses-1,0,69,True,5,2138716094,EEGTTA-PHASE1|v1|metadata_order|tent_literal|sub-41|2|2,1947885563,True,True,0.6681947112083435,0.5159160494804382,0.6000000238418579,0.6102124452590942,0.6681947112083435,0.04309234023094177,0.020024115219712257,6.38728141784668,0.6681946677186028,0.5159160256385803,0.6926404552197147,0.5159160256385803,0.6102124094963074,0.6,0.0,0.4,nan
metadata_order,3,sub-41,2,tent_literal,ses-2,1,67,False,32,449224857,EEGTTA-PHASE1|v1|metadata_order|tent_literal|sub-41|2|3,2138716094,True,True,0.6531515717506409,0.5054840445518494,0.40625,0.6049548387527466,0.6531515717506409,0.027778450399637222,0.02498479373753071,6.388243675231934,0.653151577916995,0.5054840222001076,0.6930870303549372,0.5054840222001076,0.6049547903239727,0.40625,1.0,0.40625,nan
metadata_order,4,sub-41,2,tent_literal,ses-2,1,67,False,32,2049804983,EEGTTA-PHASE1|v1|metadata_order|tent_literal|sub-41|2|4,449224857,True,True,0.6411489248275757,0.5050021409988403,0.53125,0.6349965929985046,0.6411489248275757,0.03864239901304245,0.03023786097764969,6.389361381530762,0.6411489809093431,0.505002120975405,0.6930971372966586,0.505002120975405,0.6349965645931661,0.53125,1.0,0.53125,nan
metadata_order,5,sub-41,2,tent_literal,ses-2,1,67,True,3,164818282,EEGTTA-PHASE1|v1|metadata_order|tent_literal|sub-41|2|5,2049804983,True,True,0.6051313281059265,0.5525527000427246,0.6666666865348816,0.6752011179924011,0.6051313281059265,0.083285853266716,0.03459903597831726,6.3902716636657715,0.6051313304855266,0.5525527000427246,0.6876133928377253,0.5525527000427246,0.6752010981241862,0.6666666666666666,1.0,0.6666666666666666,nan
metadata_order,0,sub-42,2,tent_literal,ses-2,0,67,False,32,1981599538,EEGTTA-PHASE1|v1|metadata_order|tent_literal|sub-42|2|0,1632628374,True,True,0.5644220113754272,0.516586184501648,0.46875,0.7120959758758545,0.5644220113754272,0.09742924571037292,0.008506910875439644,6.653472900390625,0.5644220206264434,0.5165861696004868,0.6925968775640416,0.5165861696004868,0.7120959758758545,0.46875,1.0,0.46875,nan
metadata_order,1,sub-42,2,tent_literal,ses-2,0,67,False,32,1056278947,EEGTTA-PHASE1|v1|metadata_order|tent_literal|sub-42|2|1,1981599538,True,True,0.5100297331809998,0.4708632826805115,0.3125,0.7469936609268188,0.5100297331809998,0.14711497724056244,0.014160266146063805,6.6550493240356445,0.5100297082313197,0.4708632722031325,0.6914483204865409,0.5291367277968675,0.7469936751294881,0.3125,1.0,0.3125,nan
metadata_order,2,sub-42,2,tent_literal,ses-2,0,67,True,3,191522350,EEGTTA-PHASE1|v1|metadata_order|tent_literal|sub-42|2|2,1056278947,True,True,0.603956401348114,0.4853644371032715,0.6666666865348816,0.6822730302810669,0.603956401348114,0.11621926724910736,0.019277017563581467,6.656457424163818,0.6039563482927592,0.48536444703737897,0.6927187205427432,0.514635552962621,0.6822729806105295,0.6666666666666666,1.0,0.6666666666666666,nan
metadata_order,3,sub-42,2,tent_literal,ses-1,1,71,False,32,871151702,EEGTTA-PHASE1|v1|metadata_order|tent_literal|sub-42|2|3,191522350,True,True,0.5177255272865295,0.4791068136692047,0.4375,0.7375856637954712,0.5177255272865295,0.13429802656173706,0.024730637669563293,6.657866477966309,0.5177255056790276,0.47910681716166437,0.6922738761318881,0.5208931828383356,0.737585716182366,0.4375,0.0,0.5625,nan
metadata_order,4,sub-42,2,tent_literal,ses-1,1,71,False,32,1923618281,EEGTTA-PHASE1|v1|metadata_order|tent_literal|sub-42|2|4,871151702,True,True,0.4937097728252411,0.4753342866897583,0.4375,0.7648831605911255,0.4937097728252411,0.14403864741325378,0.03046230971813202,6.65927791595459,0.4937097455766592,0.4753342887852341,0.6919298919297229,0.5246657112147659,0.7648831398691982,0.4375,0.0,0.5625,nan
metadata_order,5,sub-42,2,tent_literal,ses-1,1,71,True,7,2081998666,EEGTTA-PHASE1|v1|metadata_order|tent_literal|sub-42|2|5,1923618281,True,True,0.62293541431427,0.42031413316726685,0.1428571492433548,0.6613864898681641,0.62293541431427,0.18517935276031494,0.035494402050971985,6.660545349121094,0.6229353524940683,0.42031410336494446,0.6803931819086876,0.5796858966350555,0.6613864430359432,0.14285714285714285,0.0,0.8571428571428571,nan
metadata_order,0,sub-45,2,tent_literal,ses-2,0,73,False,32,168335251,EEGTTA-PHASE1|v1|metadata_order|tent_literal|sub-45|2|0,1309587902,True,True,0.4253534972667694,0.4516366124153137,0.5,0.8097342252731323,0.4253534972667694,0.17550168931484222,0.00859567616134882,7.120136737823486,0.42535349406879225,0.451636627985863,0.6884618269578513,0.548363372014137,0.8097342618566472,0.5,1.0,0.5,nan
metadata_order,1,sub-45,2,tent_literal,ses-2,0,73,False,32,1495881530,EEGTTA-PHASE1|v1|metadata_order|tent_literal|sub-45|2|1,168335251,True,True,0.45475611090660095,0.4882659316062927,0.53125,0.7876834273338318,0.45475611090660095,0.14805911481380463,0.01403436902910471,7.122307300567627,0.4547560893629606,0.488265915075317,0.6928717777787468,0.511734084924683,0.7876834326889366,0.53125,1.0,0.53125,nan
metadata_order,2,sub-45,2,tent_literal,ses-2,0,73,True,9,1421010133,EEGTTA-PHASE1|v1|metadata_order|tent_literal|sub-45|2|2,1495881530,True,True,0.38910797238349915,0.4591611325740814,0.4444444477558136,0.8265467882156372,0.38910797238349915,0.1801747828722,0.019068025052547455,7.124139785766602,0.38910797049213564,0.4591610909750064,0.689807828830931,0.5408389090249937,0.826546740407745,0.4444444444444444,1.0,0.4444444444444444,nan
metadata_order,3,sub-45,2,tent_literal,ses-1,1,68,False,32,1523936076,EEGTTA-PHASE1|v1|metadata_order|tent_literal|sub-45|2|3,1421010133,True,True,0.4460986256599426,0.42298197746276855,0.375,0.7948906421661377,0.4460986256599426,0.20415066182613373,0.023565789684653282,7.125782489776611,0.44609862853459636,0.42298198805656284,0.6812362666361088,0.5770180119434372,0.7948906800011173,0.375,0.0,0.625,nan
metadata_order,4,sub-45,2,tent_literal,ses-1,1,68,False,32,138616553,EEGTTA-PHASE1|v1|metadata_order|tent_literal|sub-45|2|4,1523936076,True,True,0.4618278741836548,0.44869232177734375,0.5,0.7864439487457275,0.4618278741836548,0.11382883787155151,0.02805551327764988,7.1275763511657715,0.4618278801150518,0.448692312289495,0.6878729438579994,0.551307687710505,0.7864439433324151,0.5,0.0,0.5,nan
metadata_order,5,sub-45,2,tent_literal,ses-1,1,68,True,4,61082061,EEGTTA-PHASE1|v1|metadata_order|tent_literal|sub-45|2|5,138616553,True,True,0.6186420917510986,0.5360891819000244,0.75,0.6681441068649292,0.6186420917510986,0.21690519154071808,0.03193092718720436,7.129101753234863,0.6186420710011424,0.5360891744494438,0.6905400570485742,0.5360891744494438,0.6681441441178322,0.75,0.0,0.25,nan
metadata_order,0,sub-46,2,tent_literal,ses-1,0,70,False,32,2051493835,EEGTTA-PHASE1|v1|metadata_order|tent_literal|sub-46|2|0,1066791864,True,True,0.5632705688476562,0.515013575553894,0.59375,0.7100640535354614,0.5632705688476562,0.07248418778181076,0.00856105238199234,7.04597806930542,0.5632705395083579,0.5150135911535472,0.692696296951876,0.5150135911535472,0.7100640528369695,0.59375,0.0,0.40625,nan
metadata_order,1,sub-46,2,tent_literal,ses-1,0,70,False,32,2015809357,EEGTTA-PHASE1|v1|metadata_order|tent_literal|sub-46|2|1,2051493835,True,True,0.5483226180076599,0.5319625735282898,0.5625,0.7032414674758911,0.5483226180076599,0.08420529216527939,0.01497462298721075,7.048388481140137,0.548322602732551,0.531962568522431,0.691102575136054,0.531962568522431,0.70324147248175,0.5625,0.0,0.4375,nan
metadata_order,2,sub-46,2,tent_literal,ses-1,0,70,True,6,895415891,EEGTTA-PHASE1|v1|metadata_order|tent_literal|sub-46|2|2,2015809357,True,True,0.4903547167778015,0.5012733340263367,0.5,0.7681655287742615,0.4903547167778015,0.1360490471124649,0.020180154591798782,7.050352096557617,0.4903546987230734,0.5012733029822508,0.6931439379554714,0.5012733029822508,0.7681655002137026,0.5,0.0,0.5,nan
metadata_order,3,sub-46,2,tent_literal,ses-2,1,60,False,32,1119442817,EEGTTA-PHASE1|v1|metadata_order|tent_literal|sub-46|2|3,895415891,True,True,0.5233651399612427,0.49823427200317383,0.4375,0.7332082986831665,0.5233651399612427,0.1042078286409378,0.024980666115880013,7.052388668060303,0.5233651194097493,0.4982342418516055,0.6931409447433062,0.5017657581483945,0.7332082580542192,0.4375,1.0,0.4375,nan
metadata_order,4,sub-46,2,tent_literal,ses-2,1,60,True,28,840189091,EEGTTA-PHASE1|v1|metadata_order|tent_literal|sub-46|2|4,1119442817,True,True,0.4651099741458893,0.47203099727630615,0.535714328289032,0.7839029431343079,0.4651099741458893,0.09028066694736481,0.029921025037765503,7.054481029510498,0.4651099318044124,0.47203096454696997,0.6915818297265584,0.52796903545303,0.7839029375463724,0.5357142857142857,1.0,0.5357142857142857,nan
metadata_order,0,sub-47,2,tent_literal,ses-1,0,73,False,32,1050740437,EEGTTA-PHASE1|v1|metadata_order|tent_literal|sub-47|2|0,1466986028,True,True,0.6087261438369751,0.32211774587631226,0.0625,0.6805528402328491,0.6087261438369751,0.26717400550842285,0.00850872416049242,6.450229167938232,0.6087261535844636,0.3221177482046187,0.6284554631535109,0.6778822517953813,0.6805528528057039,0.0625,0.0,0.9375,nan
metadata_order,1,sub-47,2,tent_literal,ses-1,0,73,False,32,1531615043,EEGTTA-PHASE1|v1|metadata_order|tent_literal|sub-47|2|1,1050740437,True,True,0.6071642637252808,0.3180463910102844,0.03125,0.682202935218811,0.6071642637252808,0.27636876702308655,0.01630622148513794,6.450246334075928,0.6071643198593585,0.3180463600438088,0.6253880793601564,0.6819536399561912,0.6822029401082546,0.03125,0.0,0.96875,nan
metadata_order,2,sub-47,2,tent_literal,ses-1,0,73,True,9,1770435253,EEGTTA-PHASE1|v1|metadata_order|tent_literal|sub-47|2|2,1531615043,True,True,0.6439955830574036,0.3657509982585907,0.0,0.6342489719390869,0.6439955830574036,0.21474140882492065,0.02413247339427471,6.450164794921875,0.643995651339345,0.3657509999142753,0.6566555036968853,0.6342490000857247,0.6342490000857247,0.0,0.0,1.0,nan
metadata_order,3,sub-47,2,tent_literal,ses-2,1,72,False,32,2002543706,EEGTTA-PHASE1|v1|metadata_order|tent_literal|sub-47|2|3,1770435253,True,True,0.6581614017486572,0.46136319637298584,0.4375,0.6064057350158691,0.6581614017486572,0.06679680198431015,0.03103071078658104,6.450225353240967,0.6581613703636235,0.4613631712272763,0.6901585930778682,0.5386368287727237,0.6064057527109981,0.4375,1.0,0.4375,nan
metadata_order,4,sub-47,2,tent_literal,ses-2,1,72,False,32,1055083268,EEGTTA-PHASE1|v1|metadata_order|tent_literal|sub-47|2|4,2002543706,True,True,0.6285814046859741,0.476940780878067,0.34375,0.6483653783798218,0.6285814046859741,0.07084494084119797,0.0371459499001503,6.4504828453063965,0.6285814170627575,0.4769407887943089,0.692083348817552,0.5230592112056911,0.6483653704635799,0.34375,1.0,0.34375,nan
metadata_order,5,sub-47,2,tent_literal,ses-2,1,72,True,8,607039507,EEGTTA-PHASE1|v1|metadata_order|tent_literal|sub-47|2|5,1055083268,True,True,0.651746928691864,0.43749698996543884,0.25,0.6108663082122803,0.651746928691864,0.09005671739578247,0.042730387300252914,6.450846195220947,0.6517469380412332,0.437496991828084,0.6853134512610675,0.562503008171916,0.6108662765473127,0.25,1.0,0.25,nan
metadata_order,0,sub-48,2,tent_literal,ses-1,0,74,False,32,1696363068,EEGTTA-PHASE1|v1|metadata_order|tent_literal|sub-48|2|0,539834050,True,True,0.40352100133895874,0.4871271252632141,0.4375,0.7969027161598206,0.40352100133895874,0.11660946905612946,0.008617761544883251,7.559689044952393,0.4035209699614422,0.4871271215961315,0.6928157219399194,0.5128728784038685,0.7969027012004517,0.4375,0.0,0.5625,nan
metadata_order,1,sub-48,2,tent_literal,ses-1,0,74,False,32,543861188,EEGTTA-PHASE1|v1|metadata_order|tent_literal|sub-48|2|1,1696363068,True,True,0.48543107509613037,0.5173083543777466,0.59375,0.7526153326034546,0.48543107509613037,0.1171216145157814,0.013571065850555897,7.561690807342529,0.48543105006020065,0.517308355672867,0.6925479024867767,0.517308355672867,0.7526153126818826,0.59375,0.0,0.40625,nan
metadata_order,2,sub-48,2,tent_literal,ses-1,0,74,True,10,300738341,EEGTTA-PHASE1|v1|metadata_order|tent_literal|sub-48|2|2,543861188,True,True,0.5329667925834656,0.5674809813499451,0.699999988079071,0.6967973113059998,0.5329667925834656,0.16906499862670898,0.01748168095946312,7.562764644622803,0.5329667644953187,0.567480933573097,0.6840119763819097,0.567480933573097,0.6967972875572741,0.7,0.0,0.3,nan
metadata_order,3,sub-48,2,tent_literal,ses-2,1,71,False,32,1885204711,EEGTTA-PHASE1|v1|metadata_order|tent_literal|sub-48|2|3,300738341,True,True,0.41973674297332764,0.49946802854537964,0.46875,0.807892918586731,0.41973674297332764,0.16513897478580475,0.021518858149647713,7.563974380493164,0.4197367776320813,0.4994680566887837,0.6931466146324659,0.5005319433112163,0.8078929351468105,0.46875,1.0,0.46875,nan
metadata_order,4,sub-48,2,tent_literal,ses-2,1,71,False,32,1569998605,EEGTTA-PHASE1|v1|metadata_order|tent_literal|sub-48|2|4,1885204711,True,True,0.38082727789878845,0.508934497833252,0.46875,0.8213750720024109,0.38082727789878845,0.1163586899638176,0.02550605870783329,7.565291404724121,0.38082727321838217,0.5089345167798456,0.6929875208825149,0.5089345167798456,0.8213750716822688,0.46875,1.0,0.46875,nan
metadata_order,5,sub-48,2,tent_literal,ses-2,1,71,True,7,783864103,EEGTTA-PHASE1|v1|metadata_order|tent_literal|sub-48|2|5,1569998605,True,True,0.4315218925476074,0.4856504797935486,0.5714285969734192,0.7906147837638855,0.4315218925476074,0.15164874494075775,0.02905515767633915,7.566641807556152,0.43152189106121513,0.48565047793090343,0.6927353064428534,0.5143495220690966,0.7906147345368352,0.5714285714285714,1.0,0.5714285714285714,nan
metadata_order,0,sub-49,2,tent_literal,ses-1,0,73,False,32,171171104,EEGTTA-PHASE1|v1|metadata_order|tent_literal|sub-49|2|0,79747055,True,True,0.5504031181335449,0.3804708421230316,0.34375,0.7171746492385864,0.5504031181335449,0.18651266396045685,0.008566586300730705,6.940393447875977,0.5504030915281679,0.3804708387469873,0.6642941544344629,0.6195291612530127,0.7171746079111472,0.34375,0.0,0.65625,nan
metadata_order,1,sub-49,2,tent_literal,ses-1,0,73,False,32,354050559,EEGTTA-PHASE1|v1|metadata_order|tent_literal|sub-49|2|1,171171104,True,True,0.5278537273406982,0.32487475872039795,0.21875,0.7292312979698181,0.5278537273406982,0.2523551285266876,0.015301262959837914,6.9395551681518555,0.5278537182150858,0.32487474428489804,0.6304894447876992,0.675125255715102,0.7292313198558986,0.21875,0.0,0.78125,nan
metadata_order,2,sub-49,2,tent_literal,ses-1,0,73,True,9,807169189,EEGTTA-PHASE1|v1|metadata_order|tent_literal|sub-49|2|2,354050559,True,True,0.5058939456939697,0.3198595643043518,0.2222222238779068,0.7602187395095825,0.5058939456939697,0.27066341042518616,0.021482625976204872,6.939337730407715,0.5058939090502105,0.31985953946908313,0.6267635370478122,0.6801404605309169,0.7602187709675895,0.2222222222222222,0.0,0.7777777777777778,nan
metadata_order,3,sub-49,2,tent_literal,ses-2,1,73,False,32,1178942956,EEGTTA-PHASE1|v1|metadata_order|tent_literal|sub-49|2|3,807169189,True,True,0.49858275055885315,0.46887221932411194,0.40625,0.7523671984672546,0.49858275055885315,0.1394442319869995,0.026738710701465607,6.940010070800781,0.498582768738409,0.4688722190912813,0.6912080493369315,0.5311277809087187,0.7523671837989241,0.40625,1.0,0.40625,nan
metadata_order,4,sub-49,2,tent_literal,ses-2,1,73,False,32,1140136308,EEGTTA-PHASE1|v1|metadata_order|tent_literal|sub-49|2|4,1178942956,True,True,0.5878586769104004,0.4713209569454193,0.46875,0.67461097240448,0.5878586769104004,0.11494213342666626,0.031556665897369385,6.940857887268066,0.5878587025725508,0.47132094274275005,0.6915013007378006,0.52867905725725,0.6746110164094716,0.46875,1.0,0.46875,nan
metadata_order,5,sub-49,2,tent_literal,ses-2,1,73,True,9,1963445145,EEGTTA-PHASE1|v1|metadata_order|tent_literal|sub-49|2|5,1140136308,True,True,0.6093767881393433,0.4744017422199249,0.4444444477558136,0.6906141638755798,0.6093767881393433,0.14315254986286163,0.036057353019714355,6.941884994506836,0.6093768185304118,0.4744017455312941,0.691836066189043,0.5255982544687059,0.690614190366533,0.4444444444444444,1.0,0.4444444444444444,nan
metadata_order,0,sub-50,2,tent_literal,ses-2,0,71,False,32,346249368,EEGTTA-PHASE1|v1|metadata_order|tent_literal|sub-50|2|0,1894680085,True,True,0.5912015438079834,0.6534361839294434,0.90625,0.6631374359130859,0.5912015438079834,0.17673026025295258,0.008493682369589806,6.443521976470947,0.5912015585173906,0.6534361941739917,0.6452935102061289,0.6534361941739917,0.6631374517455697,0.90625,1.0,0.90625,nan
metadata_order,1,sub-50,2,tent_literal,ses-2,0,71,False,32,1542992484,EEGTTA-PHASE1|v1|metadata_order|tent_literal|sub-50|2|1,346249368,True,True,0.5657893419265747,0.6878170967102051,0.84375,0.7227274775505066,0.5657893419265747,0.224448099732399,0.015429086983203888,6.443811416625977,0.5657893950538257,0.6878171116113663,0.6208361114979777,0.6878171116113663,0.7227274812757969,0.84375,1.0,0.84375,nan
metadata_order,2,sub-50,2,tent_literal,ses-2,0,71,True,7,1540398059,EEGTTA-PHASE1|v1|metadata_order|tent_literal|sub-50|2|2,1542992484,True,True,0.5657809376716614,0.7115902304649353,1.0,0.7115902304649353,0.5657809376716614,0.2636932134628296,0.021838273853063583,6.444077014923096,0.5657809022849697,0.711590187890189,0.6007217064649228,0.711590187890189,0.711590187890189,1.0,1.0,1.0,nan
metadata_order,3,sub-50,2,tent_literal,ses-1,1,70,False,32,2071338491,EEGTTA-PHASE1|v1|metadata_order|tent_literal|sub-50|2|3,1540398059,True,True,0.6087181568145752,0.5083392858505249,0.5,0.6582221984863281,0.6087181568145752,0.06497455388307571,0.027206024155020714,6.444314002990723,0.6087181323913298,0.5083392462693155,0.6930080880542367,0.5083392462693155,0.6582221598364413,0.5,0.0,0.5,nan
metadata_order,4,sub-50,2,tent_literal,ses-1,1,70,False,32,1184077122,EEGTTA-PHASE1|v1|metadata_order|tent_literal|sub-50|2|4,2071338491,True,True,0.5723094940185547,0.5428330898284912,0.5,0.7098968029022217,0.5723094940185547,0.0954204797744751,0.031936030834913254,6.444409370422363,0.5723094680973448,0.5428330358117819,0.6894733414062008,0.5428330358117819,0.7098967712372541,0.5,0.0,0.5,nan
metadata_order,5,sub-50,2,tent_literal,ses-1,1,70,True,6,188256280,EEGTTA-PHASE1|v1|metadata_order|tent_literal|sub-50|2|5,1184077122,True,True,0.5549240112304688,0.518957257270813,0.3333333432674408,0.7065527439117432,0.5549240112304688,0.14198875427246094,0.0357794426381588,6.444753170013428,0.554924071080066,0.518957257270813,0.6924282530513723,0.518957257270813,0.7065527439117432,0.3333333333333333,0.0,0.6666666666666666,nan
metadata_order,0,sub-51,2,tent_literal,ses-2,0,67,False,32,673417978,EEGTTA-PHASE1|v1|metadata_order|tent_literal|sub-51|2|0,420523271,True,True,0.39989885687828064,0.47605395317077637,0.4375,0.8181979656219482,0.39989885687828064,0.1501447558403015,0.0085428636521101,7.616300582885742,0.399898845762488,0.4760539613853325,0.6919999162236301,0.5239460386146675,0.8181979760338436,0.4375,1.0,0.4375,nan
metadata_order,1,sub-51,2,tent_literal,ses-2,0,67,False,32,1475501563,EEGTTA-PHASE1|v1|metadata_order|tent_literal|sub-51|2|1,673417978,True,True,0.403651624917984,0.4716480076313019,0.4375,0.8207474946975708,0.403651624917984,0.22966516017913818,0.015241017565131187,7.617937088012695,0.4036516216824545,0.47164800130121876,0.6915386462534918,0.5283519986987812,0.8207475010276539,0.4375,1.0,0.4375,nan
metadata_order,2,sub-51,2,tent_literal,ses-2,0,67,True,3,1170730546,EEGTTA-PHASE1|v1|metadata_order|tent_literal|sub-51|2|2,1475501563,True,True,0.387386292219162,0.3594698905944824,0.3333333432674408,0.8606138229370117,0.387386292219162,0.5021823048591614,0.02079538069665432,7.618653297424316,0.38738632416086616,0.3594699054956436,0.6531125874819435,0.6405300945043564,0.8606138477722803,0.3333333333333333,1.0,0.3333333333333333,nan
metadata_order,3,sub-51,2,tent_literal,ses-1,1,70,False,32,2111832089,EEGTTA-PHASE1|v1|metadata_order|tent_literal|sub-51|2|3,1170730546,True,True,0.4303845465183258,0.3213799297809601,0.21875,0.8115418553352356,0.4303845465183258,0.23888660967350006,0.026487836614251137,7.619409084320068,0.43038454170349016,0.32137991915806197,0.6279052296363505,0.678620080841938,0.811541832430521,0.21875,0.0,0.78125,nan
metadata_order,4,sub-51,2,tent_literal,ses-1,1,70,False,32,746752135,EEGTTA-PHASE1|v1|metadata_order|tent_literal|sub-51|2|4,2111832089,True,True,0.42123717069625854,0.3388174772262573,0.28125,0.8150538206100464,0.42123717069625854,0.2746563255786896,0.0322885736823082,7.620189189910889,0.42123719945533317,0.33881746788392775,0.6402479935856371,0.6611825321160723,0.815053856029408,0.28125,0.0,0.71875,nan
metadata_order,5,sub-51,2,tent_literal,ses-1,1,70,True,6,812447981,EEGTTA-PHASE1|v1|metadata_order|tent_literal|sub-51|2|5,746752135,True,True,0.5419598817825317,0.36958521604537964,0.3333333432674408,0.6956951022148132,0.5419598817825317,0.15390801429748535,0.03757058456540108,7.62080717086792,0.5419598115826305,0.3695852209736283,0.6587345592245811,0.6304147790263717,0.6956950774183497,0.3333333333333333,0.0,0.6666666666666666,nan
metadata_order,0,sub-52,2,tent_literal,ses-1,0,72,False,32,401338888,EEGTTA-PHASE1|v1|metadata_order|tent_literal|sub-52|2|0,1088814559,True,True,0.6554355621337891,0.4910096824169159,0.375,0.6150558590888977,0.6554355621337891,0.022827260196208954,0.008496668189764023,6.329412937164307,0.6554356172771976,0.49100968800485134,0.6929855204288846,0.5089903119951487,0.6150558460503817,0.375,0.0,0.625,nan
metadata_order,1,sub-52,2,tent_literal,ses-1,0,72,False,32,40025852,EEGTTA-PHASE1|v1|metadata_order|tent_literal|sub-52|2|1,401338888,True,True,0.6602945327758789,0.502500057220459,0.4375,0.6009981632232666,0.6602945327758789,0.026547348126769066,0.014570703729987144,6.3303542137146,0.6602945388695871,0.5025000530295074,0.6931346799775564,0.5025000530295074,0.60099818976596,0.4375,0.0,0.5625,nan
metadata_order,2,sub-52,2,tent_literal,ses-1,0,72,True,8,1259669821,EEGTTA-PHASE1|v1|metadata_order|tent_literal|sub-52|2|2,40025852,True,True,0.6626549959182739,0.4623534083366394,0.375,0.5924206376075745,0.6626549959182739,0.04913577809929848,0.01963748410344124,6.330572128295898,0.6626550177928945,0.4623533971607685,0.6903099628644049,0.5376466028392315,0.592420618981123,0.375,0.0,0.625,nan
metadata_order,3,sub-52,2,tent_literal,ses-2,1,79,False,32,1894795940,EEGTTA-PHASE1|v1|metadata_order|tent_literal|sub-52|2|3,1259669821,True,True,0.669184148311615,0.5422040820121765,0.71875,0.5940865278244019,0.669184148311615,0.047072287648916245,0.024533886462450027,6.331125736236572,0.6691841561108054,0.5422040913254023,0.6895805676474506,0.5422040913254023,0.5940865334123373,0.71875,1.0,0.71875,nan
metadata_order,4,sub-52,2,tent_literal,ses-2,1,79,False,32,1743554047,EEGTTA-PHASE1|v1|metadata_order|tent_literal|sub-52|2|4,1894795940,True,True,0.6398887634277344,0.561355710029602,0.65625,0.6303954124450684,0.6398887634277344,0.06878265738487244,0.02953048050403595,6.331869602203369,0.6398887990229312,0.5613556685857475,0.6855991342245473,0.5613556685857475,0.6303953980095685,0.65625,1.0,0.65625,nan
metadata_order,5,sub-52,2,tent_literal,ses-2,1,79,True,15,2029531177,EEGTTA-PHASE1|v1|metadata_order|tent_literal|sub-52|2|5,1743554047,True,True,0.6548271179199219,0.48315343260765076,0.46666669845581055,0.6182135343551636,0.6548271179199219,0.032560862600803375,0.03455798327922821,6.332656383514404,0.6548270132821781,0.4831534226735433,0.6925794587805713,0.5168465773264568,0.6182135184605916,0.4666666666666667,1.0,0.4666666666666667,nan
metadata_order,0,sub-53,2,tent_literal,ses-1,0,72,False,32,23660850,EEGTTA-PHASE1|v1|metadata_order|tent_literal|sub-53|2|0,1403351704,True,True,0.5896976590156555,0.5465031862258911,0.625,0.680036723613739,0.5896976590156555,0.09250033646821976,0.008535714820027351,6.674299240112305,0.5896976656943923,0.5465031764470041,0.6888158325746654,0.5465031764470041,0.6800367296673357,0.625,0.0,0.375,nan
metadata_order,1,sub-53,2,tent_literal,ses-1,0,72,False,32,1939538049,EEGTTA-PHASE1|v1|metadata_order|tent_literal|sub-53|2|1,23660850,True,True,0.5985720753669739,0.5428605079650879,0.5625,0.6685167551040649,0.5985720753669739,0.10411231964826584,0.015465806238353252,6.675602436065674,0.5985720865247102,0.5428605488850735,0.6894686144250115,0.5428605488850735,0.6685167663381435,0.5625,0.0,0.4375,nan
metadata_order,2,sub-53,2,tent_literal,ses-1,0,72,True,8,1797030197,EEGTTA-PHASE1|v1|metadata_order|tent_literal|sub-53|2|2,1939538049,True,True,0.5443185567855835,0.5803027153015137,0.5,0.7332660555839539,0.5443185567855835,0.20106227695941925,0.02136542834341526,6.676905155181885,0.5443185494703324,0.5803027302026749,0.6801940988185327,0.5803027302026749,0.733266070485115,0.5,0.0,0.5,nan
metadata_order,3,sub-53,2,tent_literal,ses-2,1,72,False,32,472259432,EEGTTA-PHASE1|v1|metadata_order|tent_literal|sub-53|2|3,1797030197,True,True,0.5799199342727661,0.4639381766319275,0.375,0.6867711544036865,0.5799199342727661,0.11427753418684006,0.02602660283446312,6.678420543670654,0.5799199029440691,0.46393814822658896,0.6905440066298831,0.536061851773411,0.6867711455561221,0.375,1.0,0.375,nan
metadata_order,4,sub-53,2,tent_literal,ses-2,1,72,False,32,721485924,EEGTTA-PHASE1|v1|metadata_order|tent_literal|sub-53|2|4,472259432,True,True,0.6057170629501343,0.4874340891838074,0.4375,0.680610716342926,0.6057170629501343,0.07901527732610703,0.030288254842162132,6.679884910583496,0.6057170741771913,0.4874340817332268,0.6928313427035865,0.5125659182667732,0.6806107126176357,0.4375,1.0,0.4375,nan
metadata_order,5,sub-53,2,tent_literal,ses-2,1,72,True,8,1827032443,EEGTTA-PHASE1|v1|metadata_order|tent_literal|sub-53|2|5,721485924,True,True,0.5668689012527466,0.5050095319747925,0.5,0.7364046573638916,0.5668689012527466,0.18309688568115234,0.034644465893507004,6.681155204772949,0.5668689081872348,0.5050095207989216,0.6930969891229433,0.5050095207989216,0.7364046536386013,0.5,1.0,0.5,nan
metadata_order,0,sub-54,2,tent_literal,ses-1,0,64,False,32,721871853,EEGTTA-PHASE1|v1|metadata_order|tent_literal|sub-54|2|0,1993356896,True,True,0.44873687624931335,0.5414385795593262,0.5625,0.7765383720397949,0.44873687624931335,0.09205503016710281,0.00858236663043499,8.14492130279541,0.44873685594233564,0.5414385802578181,0.6897089263515312,0.5414385802578181,0.7765383340884,0.5625,0.0,0.4375,nan
metadata_order,1,sub-54,2,tent_literal,ses-1,0,64,True,32,207792544,EEGTTA-PHASE1|v1|metadata_order|tent_literal|sub-54|2|1,721871853,True,True,0.46474355459213257,0.4807124137878418,0.46875,0.7718280553817749,0.46474355459213257,0.14407803118228912,0.011969131417572498,8.147210121154785,0.4647435606050449,0.48071240355056943,0.6924029731731479,0.5192875964494306,0.7718280469925958,0.46875,0.0,0.53125,nan
metadata_order,2,sub-54,2,tent_literal,ses-2,1,63,False,32,1431403331,EEGTTA-PHASE1|v1|metadata_order|tent_literal|sub-54|2|2,207792544,True,True,0.4332229495048523,0.4750021696090698,0.5,0.8025544881820679,0.4332229495048523,0.13101698458194733,0.016786890104413033,8.149394035339355,0.4332229409616371,0.4750021580257453,0.6918968751784228,0.5249978419742547,0.8025544960401021,0.5,1.0,0.5,nan
metadata_order,3,sub-54,2,tent_literal,ses-2,1,63,True,31,874598226,EEGTTA-PHASE1|v1|metadata_order|tent_literal|sub-54|2|3,1431403331,True,True,0.3136945962905884,0.5145449042320251,0.5806451439857483,0.8702925443649292,0.3136945962905884,0.15621957182884216,0.02124953269958496,8.151446342468262,0.31369462104102885,0.5145449011451414,0.6927240125675495,0.5145449011451414,0.870292503229012,0.5806451612903226,1.0,0.5806451612903226,nan
metadata_order,0,sub-55,2,tent_literal,ses-1,0,74,False,32,1882376106,EEGTTA-PHASE1|v1|metadata_order|tent_literal|sub-55|2|0,1126889129,True,True,0.4420335292816162,0.4901282489299774,0.5,0.783498227596283,0.4420335292816162,0.08814913779497147,0.008575625717639923,7.33778190612793,0.44203353007547164,0.49012825640966184,0.692952265252597,0.5098717435903382,0.7834982461936306,0.5,0.0,0.5,nan
metadata_order,1,sub-55,2,tent_literal,ses-1,0,74,False,32,452159453,EEGTTA-PHASE1|v1|metadata_order|tent_literal|sub-55|2|1,1882376106,True,True,0.4914739429950714,0.5378678441047668,0.4375,0.7613062858581543,0.4914739429950714,0.08254289627075195,0.014654639177024364,7.340191841125488,0.49147395170289787,0.5378678643610328,0.690276482234559,0.5378678643610328,0.7613062842283398,0.4375,0.0,0.5625,nan
metadata_order,2,sub-55,2,tent_literal,ses-1,0,74,True,10,810296370,EEGTTA-PHASE1|v1|metadata_order|tent_literal|sub-55|2|2,452159453,True,True,0.5427762269973755,0.5127357840538025,0.6000000238418579,0.7207456827163696,0.5427762269973755,0.13652755320072174,0.020644113421440125,7.341949939727783,0.5427761830618204,0.512735728546977,0.6928227479096679,0.512735728546977,0.7207456666976213,0.6,0.0,0.4,nan
metadata_order,3,sub-55,2,tent_literal,ses-2,1,73,False,32,1568938890,EEGTTA-PHASE1|v1|metadata_order|tent_literal|sub-55|2|3,810296370,True,True,0.47221672534942627,0.517219066619873,0.5,0.77418053150177,0.47221672534942627,0.1326858103275299,0.026073841378092766,7.343647480010986,0.4722167316470135,0.5172191060846671,0.6925540680611468,0.5172191060846671,0.7741805404657498,0.5,1.0,0.5,nan
metadata_order,4,sub-55,2,tent_literal,ses-2,1,73,False,32,2098881834,EEGTTA-PHASE1|v1|metadata_order|tent_literal|sub-55|2|4,1568938890,True,True,0.5101767778396606,0.490488201379776,0.46875,0.7595347166061401,0.5101767778396606,0.07919616252183914,0.03127183020114899,7.345558166503906,0.5101767400948145,0.4904881869442761,0.6929662204689496,0.5095118130557239,0.7595346900634468,0.46875,1.0,0.46875,nan
metadata_order,5,sub-55,2,tent_literal,ses-2,1,73,True,9,1930271651,EEGTTA-PHASE1|v1|metadata_order|tent_literal|sub-55|2|5,2098881834,True,True,0.48937082290649414,0.5550263524055481,0.4444444477558136,0.7696837186813354,0.48937082290649414,0.1495402753353119,0.03625856339931488,7.347480297088623,0.48937079555699703,0.5550263755851321,0.6870790926764391,0.5550263755851321,0.7696837021244897,0.4444444444444444,1.0,0.4444444444444444,nan
metadata_order,0,sub-56,2,tent_literal,ses-1,0,72,False,32,1472521338,EEGTTA-PHASE1|v1|metadata_order|tent_literal|sub-56|2|0,1088870365,True,True,0.5636978149414062,0.5692743062973022,0.65625,0.7031952142715454,0.5636978149414062,0.1389244794845581,0.008561958558857441,7.511348247528076,0.5636978103425485,0.569274308916647,0.683518376278526,0.569274308916647,0.703195278707426,0.65625,0.0,0.34375,nan
metadata_order,1,sub-56,2,tent_literal,ses-1,0,72,False,32,1419028622,EEGTTA-PHASE1|v1|metadata_order|tent_literal|sub-56|2|1,1472521338,True,True,0.5357017517089844,0.555364191532135,0.625,0.7302310466766357,0.5357017517089844,0.1128276064991951,0.014321612194180489,7.511697769165039,0.535701795673835,0.55536422158184,0.6870041974092347,0.55536422158184,0.730231068780995,0.625,0.0,0.375,nan
metadata_order,2,sub-56,2,tent_literal,ses-1,0,72,True,8,583510737,EEGTTA-PHASE1|v1|metadata_order|tent_literal|sub-56|2|2,1419028622,True,True,0.417349636554718,0.4871288239955902,0.5,0.8341260552406311,0.417349636554718,0.14274859428405762,0.018198493868112564,7.51364803314209,0.4173496395404884,0.4871288265567273,0.6928158097445084,0.5128711734432727,0.8341260675806552,0.5,0.0,0.5,nan
metadata_order,3,sub-56,2,tent_literal,ses-2,1,72,False,32,2098902543,EEGTTA-PHASE1|v1|metadata_order|tent_literal|sub-56|2|3,583510737,True,True,0.40041375160217285,0.4885413944721222,0.53125,0.8192117214202881,0.40041375160217285,0.09649635851383209,0.022347476333379745,7.515804290771484,0.4004137435092963,0.48854139901231974,0.6928845584958343,0.5114586009876803,0.8192117019789293,0.53125,1.0,0.53125,nan
metadata_order,4,sub-56,2,tent_literal,ses-2,1,72,False,32,1056202251,EEGTTA-PHASE1|v1|metadata_order|tent_literal|sub-56|2|4,2098902543,True,True,0.5085887312889099,0.4622264504432678,0.40625,0.7390960454940796,0.5085887312889099,0.1395532637834549,0.025055184960365295,7.517850399017334,0.5085887600195667,0.46222644150839187,0.6902907763985635,0.5377735584916081,0.7390960693301167,0.40625,1.0,0.40625,nan
metadata_order,5,sub-56,2,tent_literal,ses-2,1,72,True,8,1779953836,EEGTTA-PHASE1|v1|metadata_order|tent_literal|sub-56|2|5,1056202251,True,True,0.570578932762146,0.5728190541267395,0.625,0.7000741958618164,0.570578932762146,0.15297460556030273,0.02830781601369381,7.519551753997803,0.5705788952755707,0.5728190951049328,0.6825041272174321,0.5728190951049328,0.7000741995871067,0.625,1.0,0.625,nan
metadata_order,0,sub-57,2,tent_literal,ses-1,0,71,False,32,1593247710,EEGTTA-PHASE1|v1|metadata_order|tent_literal|sub-57|2|0,1808695036,True,True,0.6191273927688599,0.4912782311439514,0.53125,0.6469125151634216,0.6191273927688599,0.05765487998723984,0.008499575778841972,6.631322860717773,0.6191273518009612,0.4912782432511449,0.6929950347621018,0.5087217567488551,0.6469125142320991,0.53125,0.0,0.46875,nan
metadata_order,1,sub-57,2,tent_literal,ses-1,0,71,False,32,480995733,EEGTTA-PHASE1|v1|metadata_order|tent_literal|sub-57|2|1,1593247710,True,True,0.5933815240859985,0.492935448884964,0.5,0.6729820370674133,0.5933815240859985,0.05355900153517723,0.014553185552358627,6.633367538452148,0.5933815076680303,0.4929354719351977,0.6930473621251043,0.5070645280648023,0.6729820475447923,0.5,0.0,0.5,nan
metadata_order,2,sub-57,2,tent_literal,ses-1,0,71,True,7,46666740,EEGTTA-PHASE1|v1|metadata_order|tent_literal|sub-57|2|2,480995733,True,True,0.5972121357917786,0.4865102171897888,0.4285714626312256,0.6863345503807068,0.5972121357917786,0.09172452241182327,0.019344670698046684,6.634585380554199,0.5972120423163024,0.4865102342196873,0.6927831888328603,0.5134897657803127,0.6863345503807068,0.42857142857142855,0.0,0.5714285714285714,nan
metadata_order,3,sub-57,2,tent_literal,ses-2,1,56,False,32,1308265366,EEGTTA-PHASE1|v1|metadata_order|tent_literal|sub-57|2|3,46666740,True,True,0.5929999947547913,0.5019978284835815,0.46875,0.6798606514930725,0.5929999947547913,0.061402902007102966,0.02415439859032631,6.636177062988281,0.5930000230413688,0.5019977849442512,0.6931391982493393,0.5019977849442512,0.6798606354277581,0.46875,1.0,0.46875,nan
metadata_order,4,sub-57,2,tent_literal,ses-2,1,56,True,24,744450808,EEGTTA-PHASE1|v1|metadata_order|tent_literal|sub-57|2|4,1308265366,True,True,0.5900062918663025,0.46974048018455505,0.4166666865348816,0.6730061769485474,0.5900062918663025,0.09346431493759155,0.029240736737847328,6.637391567230225,0.5900063135718661,0.4697404336184263,0.6913147783383597,0.5302595663815737,0.6730061440418164,0.4166666666666667,1.0,0.4166666666666667,nan
metadata_order,0,sub-58,2,tent_literal,ses-1,0,72,False,32,101115073,EEGTTA-PHASE1|v1|metadata_order|tent_literal|sub-58|2|0,1931929176,True,True,0.6712339520454407,0.5172598361968994,0.53125,0.581946074962616,0.6712339520454407,0.027317488566040993,0.008486943319439888,6.333560466766357,0.671233967714885,0.5172598157078028,0.6925512597001113,0.5172598157078028,0.5819460768252611,0.53125,0.0,0.46875,nan
metadata_order,1,sub-58,2,tent_literal,ses-1,0,72,False,32,777775906,EEGTTA-PHASE1|v1|metadata_order|tent_literal|sub-58|2|1,101115073,True,True,0.6475820541381836,0.563786506652832,0.625,0.6261624097824097,0.6475820541381836,0.06554647535085678,0.014177542179822922,6.334691524505615,0.6475820452173375,0.5637864889577031,0.6849875306540373,0.5637864889577031,0.6261624386534095,0.625,0.0,0.375,nan
metadata_order,2,sub-58,2,tent_literal,ses-1,0,72,True,8,1327078944,EEGTTA-PHASE1|v1|metadata_order|tent_literal|sub-58|2|2,777775906,True,True,0.67878258228302,0.5242432355880737,0.625,0.568058967590332,0.67878258228302,0.028858108446002007,0.01956201158463955,6.335720062255859,0.6787826008265198,0.5242432691156864,0.6919712473531566,0.5242432691156864,0.5680589936673641,0.625,0.0,0.375,nan
metadata_order,3,sub-58,2,tent_literal,ses-2,1,62,False,32,467219629,EEGTTA-PHASE1|v1|metadata_order|tent_literal|sub-58|2|3,1327078944,True,True,0.6746481657028198,0.5262311697006226,0.59375,0.5797871351242065,0.6746481657028198,0.028590543195605278,0.02516816183924675,6.336684703826904,0.6746481808892676,0.526231225579977,0.6917703942061177,0.526231225579977,0.5797871313989162,0.59375,1.0,0.59375,nan
metadata_order,4,sub-58,2,tent_literal,ses-2,1,62,True,30,613655024,EEGTTA-PHASE1|v1|metadata_order|tent_literal|sub-58|2|4,467219629,True,True,0.6537715196609497,0.5554845929145813,0.6000000238418579,0.6059229969978333,0.6537715196609497,0.05252011492848396,0.031216982752084732,6.337535381317139,0.6537714037513045,0.5554845998684566,0.6869773997061502,0.5554845998684566,0.605923001964887,0.6,1.0,0.6,nan
metadata_order,0,sub-59,2,tent_literal,ses-1,0,71,False,32,1683401965,EEGTTA-PHASE1|v1|metadata_order|tent_literal|sub-59|2|0,75772245,True,True,0.555385947227478,0.5079374313354492,0.5,0.7185210585594177,0.555385947227478,0.09099899977445602,0.008550048805773258,6.873513221740723,0.5553859310441476,0.5079374604392797,0.6930211687104106,0.5079374604392797,0.7185210927855223,0.5,0.0,0.5,nan
metadata_order,1,sub-59,2,tent_literal,ses-1,0,71,False,32,1995652452,EEGTTA-PHASE1|v1|metadata_order|tent_literal|sub-59|2|1,1683401965,True,True,0.5669779777526855,0.5233519077301025,0.53125,0.7093090415000916,0.5669779777526855,0.11359909921884537,0.014962627552449703,6.8749775886535645,0.5669779725943659,0.5233518877066672,0.6920561624097252,0.5233518877066672,0.7093090205453336,0.53125,0.0,0.46875,nan
metadata_order,2,sub-59,2,tent_literal,ses-1,0,71,True,7,1113253615,EEGTTA-PHASE1|v1|metadata_order|tent_literal|sub-59|2|2,1995652452,True,True,0.5174296498298645,0.4710749089717865,0.4285714626312256,0.7730519771575928,0.5174296498298645,0.1822211593389511,0.02017395570874214,6.876348495483398,0.5174296172558378,0.47107487278325216,0.6914729199993321,0.5289251272167479,0.773051957998957,0.42857142857142855,0.0,0.5714285714285714,nan
metadata_order,3,sub-59,2,tent_literal,ses-2,1,61,False,32,867563045,EEGTTA-PHASE1|v1|metadata_order|tent_literal|sub-59|2|3,1113253615,True,True,0.595205545425415,0.4843197464942932,0.4375,0.6741439700126648,0.595205545425415,0.07677875459194183,0.024819526821374893,6.877721309661865,0.5952055088492998,0.48431973648257554,0.6926553585970902,0.5156802635174245,0.6741440284531564,0.4375,1.0,0.4375,nan
metadata_order,4,sub-59,2,tent_literal,ses-2,1,61,True,29,1981089770,EEGTTA-PHASE1|v1|metadata_order|tent_literal|sub-59|2|4,867563045,True,True,0.5247273445129395,0.4534544348716736,0.3103448152542114,0.7255780696868896,0.5247273445129395,0.17772510647773743,0.02944091334939003,6.879068374633789,0.5247273379332694,0.45345442857721757,0.6888079200872506,0.5465455714227825,0.7255780081553705,0.3103448275862069,1.0,0.3103448275862069,nan
metadata_order,0,sub-60,2,tent_literal,ses-1,0,60,False,32,737515829,EEGTTA-PHASE1|v1|metadata_order|tent_literal|sub-60|2|0,1695999017,True,True,0.6159038543701172,0.5232158303260803,0.59375,0.6558489799499512,0.6159038543701172,0.05720409005880356,0.008506284095346928,6.553873062133789,0.615903876657784,0.5232158470898867,0.6920688417871419,0.5232158470898867,0.6558489594608545,0.59375,0.0,0.40625,nan
metadata_order,1,sub-60,2,tent_literal,ses-1,0,60,True,28,1090851403,EEGTTA-PHASE1|v1|metadata_order|tent_literal|sub-60|2|1,737515829,True,True,0.5563939213752747,0.49644356966018677,0.5,0.7178632616996765,0.5563939213752747,0.08182846009731293,0.01470724307000637,6.555368900299072,0.5563939249347778,0.4964435747491994,0.6931218840255107,0.5035564252508006,0.7178632310658161,0.5,0.0,0.5,nan
metadata_order,2,sub-60,2,tent_literal,ses-2,1,67,False,32,1451781656,EEGTTA-PHASE1|v1|metadata_order|tent_literal|sub-60|2|2,1090851403,True,True,0.5939769744873047,0.49019861221313477,0.46875,0.6783368587493896,0.5939769744873047,0.06578069180250168,0.01979988068342209,6.55717134475708,0.5939769726730983,0.49019855819642544,0.6929550317297146,0.5098014418035746,0.6783368196338415,0.46875,1.0,0.46875,nan
metadata_order,3,sub-60,2,tent_literal,ses-2,1,67,False,32,55726772,EEGTTA-PHASE1|v1|metadata_order|tent_literal|sub-60|2|3,1451781656,True,True,0.5302314758300781,0.5365341901779175,0.5,0.7301212549209595,0.5302314758300781,0.08808921277523041,0.02561815269291401,6.5587310791015625,0.5302315144537778,0.536534164682962,0.6904753097013934,0.536534164682962,0.7301212655147538,0.5,1.0,0.5,nan
metadata_order,4,sub-60,2,tent_literal,ses-2,1,67,True,3,1779812677,EEGTTA-PHASE1|v1|metadata_order|tent_literal|sub-60|2|4,55726772,True,True,0.6128377914428711,0.6927687525749207,1.0,0.6927687525749207,0.6128377914428711,0.33571216464042664,0.029999665915966034,6.559699535369873,0.6128377916330865,0.6927687923113505,0.6168673506155844,0.6927687923113505,0.6927687923113505,1.0,1.0,1.0,nan
metadata_order,0,sub-61,2,tent_literal,ses-2,0,74,False,32,1359780310,EEGTTA-PHASE1|v1|metadata_order|tent_literal|sub-61|2|0,951735416,True,True,0.5878510475158691,0.5346435308456421,0.5,0.6776685118675232,0.5878510475158691,0.062141839414834976,0.008552305400371552,6.887526512145996,0.5878510596663387,0.5346435359679163,0.6907449071349916,0.5346435359679163,0.6776685253717005,0.5,1.0,0.5,nan
metadata_order,1,sub-61,2,tent_literal,ses-2,0,74,False,32,332232672,EEGTTA-PHASE1|v1|metadata_order|tent_literal|sub-61|2|1,1359780310,True,True,0.5619150400161743,0.4822899103164673,0.40625,0.7074784636497498,0.5619150400161743,0.08937256783246994,0.013776537962257862,6.8902058601379395,0.5619150358091114,0.482289896113798,0.6925197537681838,0.517710103886202,0.707478477852419,0.40625,1.0,0.40625,nan
metadata_order,2,sub-61,2,tent_literal,ses-2,0,74,True,10,465230735,EEGTTA-PHASE1|v1|metadata_order|tent_literal|sub-61|2|2,332232672,True,True,0.5548943877220154,0.5235154032707214,0.699999988079071,0.7000217437744141,0.5548943877220154,0.12893690168857574,0.018390411511063576,6.892199993133545,0.5548943690108586,0.5235153943300247,0.6920408249511479,0.5235153943300247,0.7000217050313949,0.7,1.0,0.7,nan
metadata_order,3,sub-61,2,tent_literal,ses-1,1,74,False,32,459873295,EEGTTA-PHASE1|v1|metadata_order|tent_literal|sub-61|2|3,465230735,True,True,0.5406776666641235,0.48233941197395325,0.40625,0.7099390029907227,0.5406776666641235,0.10422322899103165,0.022556595504283905,6.894011497497559,0.5406777114322452,0.48233942314982414,0.6925232588403474,0.5176605768501759,0.7099390216171741,0.40625,0.0,0.59375,nan
metadata_order,4,sub-61,2,tent_literal,ses-1,1,74,False,32,1741884347,EEGTTA-PHASE1|v1|metadata_order|tent_literal|sub-61|2|4,459873295,True,True,0.5745778679847717,0.5420728921890259,0.53125,0.6940904855728149,0.5745778679847717,0.08911243826150894,0.02663639560341835,6.895904541015625,0.5745778311225747,0.542072860058397,0.6896027397828965,0.542072860058397,0.694090532604605,0.53125,0.0,0.46875,nan
metadata_order,5,sub-61,2,tent_literal,ses-1,1,74,True,10,954458389,EEGTTA-PHASE1|v1|metadata_order|tent_literal|sub-61|2|5,1741884347,True,True,0.5515121817588806,0.5682508945465088,0.6000000238418579,0.713172972202301,0.5515121817588806,0.15012617409229279,0.030673081055283546,6.897711277008057,0.5515121396617019,0.5682508915662765,0.6838016627799686,0.5682508915662765,0.7131729513406754,0.6,0.0,0.4,nan
metadata_order,0,sub-62,2,tent_literal,ses-1,0,71,False,32,596274162,EEGTTA-PHASE1|v1|metadata_order|tent_literal|sub-62|2|0,155787127,True,True,0.5328828692436218,0.48244982957839966,0.53125,0.7316412925720215,0.5328828692436218,0.07565674185752869,0.008518515154719353,6.903233051300049,0.5328828414513453,0.48244985251221806,0.692531038652243,0.5175501474877819,0.7316412845393643,0.53125,0.0,0.46875,nan
metadata_order,1,sub-62,2,tent_literal,ses-1,0,71,False,32,1641836206,EEGTTA-PHASE1|v1|metadata_order|tent_literal|sub-62|2|1,596274162,True,True,0.5512116551399231,0.4838993549346924,0.46875,0.7073013782501221,0.5512116551399231,0.07563093304634094,0.015044378116726875,6.904510021209717,0.5512116173218963,0.4838993613375351,0.6926286297914346,0.5161006386624649,0.7073013867484406,0.46875,0.0,0.53125,nan
metadata_order,2,sub-62,2,tent_literal,ses-1,0,71,True,7,1468036542,EEGTTA-PHASE1|v1|metadata_order|tent_literal|sub-62|2|2,1641836206,True,True,0.5979282259941101,0.399680495262146,0.1428571492433548,0.6860779523849487,0.5979282259941101,0.22431421279907227,0.018772892653942108,6.905034065246582,0.5979282283613246,0.39968045694487436,0.6728818907064569,0.6003195430551256,0.6860779055527279,0.14285714285714285,0.0,0.8571428571428571,nan
metadata_order,3,sub-62,2,tent_literal,ses-2,1,66,False,32,1050501172,EEGTTA-PHASE1|v1|metadata_order|tent_literal|sub-62|2|3,1468036542,True,True,0.5906785726547241,0.4622398018836975,0.375,0.6762979030609131,0.5906785726547241,0.10076551884412766,0.023164713755249977,6.905710697174072,0.5906785493182727,0.46223978721536696,0.6902927963490908,0.537760212784633,0.6762978693004698,0.375,1.0,0.375,nan
metadata_order,4,sub-62,2,tent_literal,ses-2,1,66,False,32,1333183566,EEGTTA-PHASE1|v1|metadata_order|tent_literal|sub-62|2|4,1050501172,True,True,0.5115369558334351,0.4871671497821808,0.5,0.734972357749939,0.5115369558334351,0.08841022849082947,0.027737591415643692,6.906476020812988,0.5115369678040972,0.48716714839974884,0.6928177802297759,0.5128328516002512,0.7349722995277261,0.5,1.0,0.5,nan
metadata_order,5,sub-62,2,tent_literal,ses-2,1,66,True,2,1868442831,EEGTTA-PHASE1|v1|metadata_order|tent_literal|sub-62|2|5,1333183566,True,True,0.6611166596412659,0.4174315631389618,0.5,0.5941040515899658,0.6611166596412659,0.22877787053585052,0.0316634476184845,6.906966686248779,0.6611166429338615,0.4174315631389618,0.6794494290626238,0.5825684368610382,0.5941040217876434,0.5,1.0,0.5,nan
metadata_order,0,sub-63,2,tent_literal,ses-1,0,67,False,32,1622529336,EEGTTA-PHASE1|v1|metadata_order|tent_literal|sub-63|2|0,1105328317,True,True,0.4383484721183777,0.5296100378036499,0.53125,0.7831907272338867,0.4383484721183777,0.08850087970495224,0.008551858365535736,7.67331600189209,0.43834844720331884,0.5296100770065095,0.6913926408624618,0.5296100770065095,0.783190736459801,0.53125,0.0,0.46875,nan
metadata_order,1,sub-63,2,tent_literal,ses-1,0,67,False,32,866410617,EEGTTA-PHASE1|v1|metadata_order|tent_literal|sub-63|2|1,1622529336,True,True,0.45205333828926086,0.45671752095222473,0.5,0.7836693525314331,0.45205333828926086,0.17198072373867035,0.014261435717344284,7.675517559051514,0.4520533413622043,0.45671752266935073,0.6893957414219496,0.5432824773306493,0.7836693545395974,0.5,0.0,0.5,nan
metadata_order,2,sub-63,2,tent_literal,ses-1,0,67,True,3,1122729044,EEGTTA-PHASE1|v1|metadata_order|tent_literal|sub-63|2|2,866410617,True,True,0.5944206118583679,0.3875841796398163,0.3333333432674408,0.7087119817733765,0.5944206118583679,0.3230782747268677,0.01889808103442192,7.676438808441162,0.5944206070204617,0.3875841697057088,0.6676551810956411,0.6124158302942913,0.7087119023005167,0.3333333333333333,0.0,0.6666666666666666,nan
metadata_order,3,sub-63,2,tent_literal,ses-2,1,73,False,32,350774791,EEGTTA-PHASE1|v1|metadata_order|tent_literal|sub-63|2|3,1122729044,True,True,0.4726627469062805,0.45514804124832153,0.40625,0.755256175994873,0.4726627469062805,0.11330248415470123,0.023896345868706703,7.677505970001221,0.4726627116956481,0.45514805199491093,0.6891183727360797,0.5448519480050891,0.7552561987758963,0.40625,1.0,0.40625,nan
metadata_order,4,sub-63,2,tent_literal,ses-2,1,73,False,32,1019778031,EEGTTA-PHASE1|v1|metadata_order|tent_literal|sub-63|2|4,350774791,True,True,0.49920880794525146,0.48792582750320435,0.5,0.7445962429046631,0.49920880794525146,0.08985422551631927,0.028559910133481026,7.6787543296813965,0.4992088394511821,0.4879258484579623,0.6928555819446721,0.5120741515420377,0.7445962554775178,0.5,1.0,0.5,nan
metadata_order,5,sub-63,2,tent_literal,ses-2,1,73,True,9,776825216,EEGTTA-PHASE1|v1|metadata_order|tent_literal|sub-63|2|5,1019778031,True,True,0.43031615018844604,0.3875804841518402,0.2222222238779068,0.7858460545539856,0.43031615018844604,0.2988862097263336,0.03306230530142784,7.679832458496094,0.4303161614225788,0.3875804686297973,0.6676534879042202,0.6124195313702028,0.7858461065010892,0.2222222222222222,1.0,0.2222222222222222,nan
metadata_order,0,sub-64,2,tent_literal,ses-1,0,69,False,32,1164290464,EEGTTA-PHASE1|v1|metadata_order|tent_literal|sub-64|2|0,1060707958,True,True,0.6041152477264404,0.4604032039642334,0.375,0.6462761163711548,0.6041152477264404,0.11968827247619629,0.008515842258930206,6.9708733558654785,0.6041152332354055,0.460403204895556,0.6900080821712755,0.539596795104444,0.6462761117145419,0.375,0.0,0.625,nan
metadata_order,1,sub-64,2,tent_literal,ses-1,0,69,False,32,947865500,EEGTTA-PHASE1|v1|metadata_order|tent_literal|sub-64|2|1,1164290464,True,True,0.5241292715072632,0.5108780860900879,0.5,0.7433245182037354,0.5241292715072632,0.09410499781370163,0.014272055588662624,6.97171688079834,0.5241292860577804,0.5108780700247735,0.6929104970714036,0.5108780700247735,0.7433245156425983,0.5,0.0,0.5,nan
metadata_order,2,sub-64,2,tent_literal,ses-1,0,69,True,5,678949185,EEGTTA-PHASE1|v1|metadata_order|tent_literal|sub-64|2|2,947865500,True,True,0.6120328307151794,0.5204710960388184,0.6000000238418579,0.669790506362915,0.6120328307151794,0.1319524645805359,0.017831623554229736,6.973030090332031,0.6120327606581807,0.5204710602760315,0.6923088176319607,0.5204710602760315,0.6697904944419861,0.6,0.0,0.4,nan
metadata_order,3,sub-64,2,tent_literal,ses-2,1,70,False,32,1970910171,EEGTTA-PHASE1|v1|metadata_order|tent_literal|sub-64|2|3,678949185,True,True,0.5172437429428101,0.4730764925479889,0.4375,0.7210290431976318,0.5172437429428101,0.12738585472106934,0.022308889776468277,6.974280834197998,0.5172437734313693,0.4730764685664326,0.6916967260617473,0.5269235314335674,0.721029015025124,0.4375,1.0,0.4375,nan
metadata_order,4,sub-64,2,tent_literal,ses-2,1,70,False,32,1477155782,EEGTTA-PHASE1|v1|metadata_order|tent_literal|sub-64|2|4,1970910171,True,True,0.543658971786499,0.5291666388511658,0.5625,0.7197131514549255,0.543658971786499,0.09325698763132095,0.02672199159860611,6.975622177124023,0.5436589683741128,0.529166619409807,0.691444830966822,0.529166619409807,0.7197131522698328,0.5625,1.0,0.5625,nan
metadata_order,5,sub-64,2,tent_literal,ses-2,1,70,True,6,400050607,EEGTTA-PHASE1|v1|metadata_order|tent_literal|sub-64|2|5,1477155782,True,True,0.6753937602043152,0.4826439321041107,0.5,0.5787302851676941,0.6753937602043152,0.07172012329101562,0.030918821692466736,6.976843357086182,0.6753937226366666,0.48264393707116443,0.6925445936724521,0.5173560629288356,0.5787302702665329,0.5,1.0,0.5,nan
metadata_order,0,sub-65,2,tent_literal,ses-2,0,55,False,32,329187510,EEGTTA-PHASE1|v1|metadata_order|tent_literal|sub-65|2|0,870260030,True,True,0.46746838092803955,0.5522054433822632,0.625,0.7724752426147461,0.46746838092803955,0.157178595662117,0.00856588501483202,7.2907586097717285,0.46746840086934294,0.5522054178163671,0.6876864220390546,0.5522054178163671,0.772475253279481,0.625,1.0,0.625,nan
metadata_order,1,sub-65,2,tent_literal,ses-2,0,55,True,23,1361759813,EEGTTA-PHASE1|v1|metadata_order|tent_literal|sub-65|2|1,329187510,True,True,0.38909316062927246,0.5474162101745605,0.6086956858634949,0.8364399075508118,0.38909316062927246,0.1601138561964035,0.015263146720826626,7.292120933532715,0.38909314514314064,0.5474162358998159,0.6886438175433063,0.5474162358998159,0.8364398636850123,0.6086956521739131,1.0,0.6086956521739131,nan
metadata_order,2,sub-65,2,tent_literal,ses-1,1,74,False,32,794716518,EEGTTA-PHASE1|v1|metadata_order|tent_literal|sub-65|2|2,1361759813,True,True,0.5326396226882935,0.49164727330207825,0.40625,0.7318527102470398,0.5326396226882935,0.11046790331602097,0.02045089192688465,7.293750762939453,0.532639608652044,0.4916472799377516,0.6930076382042583,0.5083527200622484,0.7318526998860762,0.40625,0.0,0.59375,nan
metadata_order,3,sub-65,2,tent_literal,ses-1,1,74,False,32,821964034,EEGTTA-PHASE1|v1|metadata_order|tent_literal|sub-65|2|3,794716518,True,True,0.5335720777511597,0.5377671718597412,0.59375,0.7294712066650391,0.5335720777511597,0.09671235084533691,0.02563101425766945,7.295635223388672,0.5335720666270384,0.5377671836176887,0.6902917413622692,0.5377671836176887,0.7294712209841236,0.59375,0.0,0.40625,nan
metadata_order,4,sub-65,2,tent_literal,ses-1,1,74,True,10,1900022077,EEGTTA-PHASE1|v1|metadata_order|tent_literal|sub-65|2|4,821964034,True,True,0.5311619639396667,0.4489173889160156,0.4000000059604645,0.7325113415718079,0.5311619639396667,0.16473479568958282,0.02997034415602684,7.297167778015137,0.5311619644931789,0.44891735911369324,0.6879191911651945,0.5510826408863068,0.7325113356113434,0.4,0.0,0.6,nan
metadata_order,0,sub-66,2,tent_literal,ses-1,0,65,False,32,1778157119,EEGTTA-PHASE1|v1|metadata_order|tent_literal|sub-66|2|0,2110254888,True,True,0.6629108786582947,0.5151134133338928,0.53125,0.5992264747619629,0.6629108786582947,0.029999539256095886,0.008494810201227665,6.343667507171631,0.6629108699602222,0.5151134124025702,0.6926902805009167,0.5151134124025702,0.5992264831438661,0.53125,0.0,0.46875,nan
metadata_order,1,sub-66,2,tent_literal,ses-1,0,65,False,32,957675388,EEGTTA-PHASE1|v1|metadata_order|tent_literal|sub-66|2|1,1778157119,True,True,0.647423267364502,0.5185766816139221,0.53125,0.6155484914779663,0.647423267364502,0.041399069130420685,0.015011514537036419,6.3441362380981445,0.6474232549395793,0.5185767079237849,0.6924568335310721,0.5185767079237849,0.6155484726186842,0.53125,0.0,0.46875,nan
metadata_order,2,sub-66,2,tent_literal,ses-1,0,65,True,1,1732880067,EEGTTA-PHASE1|v1|metadata_order|tent_literal|sub-66|2|2,957675388,True,True,0.6555666923522949,0.6362118124961853,1.0,0.6362118124961853,0.6555666923522949,0.17570270597934723,0.019339747726917267,6.344238758087158,0.6555666871320573,0.6362118124961853,0.6555666871320573,0.6362118124961853,0.6362118124961853,1.0,0.0,0.0,nan
metadata_order,3,sub-66,2,tent_literal,ses-2,1,69,False,32,526711481,EEGTTA-PHASE1|v1|metadata_order|tent_literal|sub-66|2|3,1732880067,True,True,0.6445080041885376,0.5215467810630798,0.53125,0.6278099417686462,0.6445080041885376,0.033074650913476944,0.023957369849085808,6.344692707061768,0.644508017684621,0.521546792704612,0.6922183644061193,0.521546792704612,0.627809941302985,0.53125,1.0,0.53125,nan
metadata_order,4,sub-66,2,tent_literal,ses-2,1,69,False,32,1376697152,EEGTTA-PHASE1|v1|metadata_order|tent_literal|sub-66|2|4,526711481,True,True,0.6562154293060303,0.5492669343948364,0.59375,0.6092596054077148,0.6562154293060303,0.05752677470445633,0.02869165688753128,6.345238208770752,0.6562154143295226,0.5492669716477394,0.6882848256132952,0.5492669716477394,0.6092595607042313,0.59375,1.0,0.59375,nan
metadata_order,5,sub-66,2,tent_literal,ses-2,1,69,True,5,767532984,EEGTTA-PHASE1|v1|metadata_order|tent_literal|sub-66|2|5,1376697152,True,True,0.6705154776573181,0.5480175018310547,0.800000011920929,0.5819539427757263,0.6705154776573181,0.06462998688220978,0.03333740681409836,6.34575891494751,0.6705155168097303,0.5480174839496612,0.688528708545201,0.5480174839496612,0.5819539248943328,0.8,1.0,0.8,nan
metadata_order,0,sub-67,2,tent_literal,ses-2,0,72,False,32,1627053375,EEGTTA-PHASE1|v1|metadata_order|tent_literal|sub-67|2|0,1356018672,True,True,0.5923644304275513,0.4550347924232483,0.375,0.687903881072998,0.5923644304275513,0.11406318098306656,0.008512326516211033,6.691762447357178,0.5923644752431219,0.4550347630865872,0.6890979671643482,0.5449652369134128,0.687903821002692,0.375,1.0,0.375,nan
metadata_order,1,sub-67,2,tent_literal,ses-2,0,72,False,32,1659186496,EEGTTA-PHASE1|v1|metadata_order|tent_literal|sub-67|2|1,1627053375,True,True,0.5630368590354919,0.4788838326931,0.4375,0.7072356939315796,0.5630368590354919,0.06821276992559433,0.015350605361163616,6.693598747253418,0.5630368557473726,0.4788838326931,0.6922551302336519,0.5211161673069,0.7072356529533863,0.4375,1.0,0.4375,nan
metadata_order,2,sub-67,2,tent_literal,ses-2,0,72,True,8,1017149817,EEGTTA-PHASE1|v1|metadata_order|tent_literal|sub-67|2|2,1659186496,True,True,0.5705063343048096,0.49132779240608215,0.375,0.6987638473510742,0.5705063343048096,0.10908378660678864,0.021030142903327942,6.695230484008789,0.5705063167735936,0.4913278012536466,0.6929967589553818,0.5086721987463534,0.6987638385035098,0.375,1.0,0.375,nan
metadata_order,3,sub-67,2,tent_literal,ses-1,1,74,False,32,1603251436,EEGTTA-PHASE1|v1|metadata_order|tent_literal|sub-67|2|3,1017149817,True,True,0.6207432746887207,0.4762750566005707,0.46875,0.6554011702537537,0.6207432746887207,0.07718242704868317,0.026712540537118912,6.697079181671143,0.6207432574009838,0.47627508267760277,0.6920210143423987,0.5237249173223972,0.6554011553525925,0.46875,0.0,0.53125,nan
metadata_order,4,sub-67,2,tent_literal,ses-1,1,74,False,32,1460171365,EEGTTA-PHASE1|v1|metadata_order|tent_literal|sub-67|2|4,1603251436,True,True,0.6201901435852051,0.47781288623809814,0.375,0.6530822515487671,0.6201901435852051,0.0897364392876625,0.03244825825095177,6.699031352996826,0.62019014725542,0.47781290765851736,0.6921623230695668,0.5221870923414826,0.6530822338536382,0.375,0.0,0.625,nan
metadata_order,5,sub-67,2,tent_literal,ses-1,1,74,True,10,609748076,EEGTTA-PHASE1|v1|metadata_order|tent_literal|sub-67|2|5,1460171365,True,True,0.6102384924888611,0.4500983655452728,0.4000000059604645,0.6754078269004822,0.6102384924888611,0.10938785970211029,0.03826623782515526,6.700943946838379,0.6102385159672826,0.45009839683771136,0.6881585395162324,0.5499016031622886,0.6754077777266503,0.4,0.0,0.6,nan
metadata_order,0,sub-68,2,tent_literal,ses-2,0,73,False,32,1041021309,EEGTTA-PHASE1|v1|metadata_order|tent_literal|sub-68|2|0,1126059640,True,True,0.44906285405158997,0.5606337785720825,0.59375,0.7961235642433167,0.44906285405158997,0.1081216111779213,0.008521674200892448,6.9070048332214355,0.44906284663661966,0.5606338024372235,0.6857761359196839,0.5606338024372235,0.796123581356369,0.59375,1.0,0.59375,nan
metadata_order,1,sub-68,2,tent_literal,ses-2,0,73,False,32,398199178,EEGTTA-PHASE1|v1|metadata_order|tent_literal|sub-68|2|1,1041021309,True,True,0.507909893989563,0.5608488321304321,0.59375,0.7502024173736572,0.507909893989563,0.08989837765693665,0.014581769704818726,6.908564567565918,0.5079099456542966,0.5608488461002707,0.6857236284445389,0.5608488461002707,0.7502024071291089,0.59375,1.0,0.59375,nan
metadata_order,2,sub-68,2,tent_literal,ses-2,0,73,True,9,2102917348,EEGTTA-PHASE1|v1|metadata_order|tent_literal|sub-68|2|2,398199178,True,True,0.56410151720047,0.5579174160957336,0.4444444477558136,0.689217209815979,0.56410151720047,0.13532985746860504,0.02069552056491375,6.910218238830566,0.5641015247586503,0.5579173548354043,0.6864232566280344,0.5579173548354043,0.6892172247171402,0.4444444444444444,1.0,0.4444444444444444,nan
metadata_order,3,sub-68,2,tent_literal,ses-1,1,73,False,32,2130690564,EEGTTA-PHASE1|v1|metadata_order|tent_literal|sub-68|2|3,2102917348,True,True,0.5323415994644165,0.5992991328239441,0.75,0.7295063734054565,0.5323415994644165,0.22272257506847382,0.02616383135318756,6.911760330200195,0.5323415698482716,0.5992991415550932,0.6732948175145425,0.5992991415550932,0.7295063870260492,0.75,0.0,0.25,nan
metadata_order,4,sub-68,2,tent_literal,ses-1,1,73,False,32,837457282,EEGTTA-PHASE1|v1|metadata_order|tent_literal|sub-68|2|4,2130690564,True,True,0.49570775032043457,0.5391301512718201,0.5625,0.7402946949005127,0.49570775032043457,0.10251908004283905,0.031240832060575485,6.91351842880249,0.49570777581932407,0.5391301589552313,0.6900817082240391,0.5391301589552313,0.7402946611400694,0.5625,0.0,0.4375,nan
metadata_order,5,sub-68,2,tent_literal,ses-1,1,73,True,9,1525859539,EEGTTA-PHASE1|v1|metadata_order|tent_literal|sub-68|2|5,837457282,True,True,0.5183145999908447,0.534412682056427,0.5555555820465088,0.7018802762031555,0.5183145999908447,0.09172296524047852,0.03625958785414696,6.915120601654053,0.5183145779737328,0.5344126586698823,0.6907768449835026,0.5344126586698823,0.7018802730987469,0.5555555555555556,0.0,0.4444444444444444,nan
metadata_order,0,sub-69,2,tent_literal,ses-1,0,73,False,32,1719898373,EEGTTA-PHASE1|v1|metadata_order|tent_literal|sub-69|2|0,1303756206,True,True,0.3909032344818115,0.5183545351028442,0.5,0.8304016590118408,0.3909032344818115,0.1415143758058548,0.008622244000434875,7.746057510375977,0.39090322372461117,0.518354527768679,0.6924732517737774,0.518354527768679,0.8304016141919419,0.5,0.0,0.5,nan
metadata_order,1,sub-69,2,tent_literal,ses-1,0,73,False,32,1040994365,EEGTTA-PHASE1|v1|metadata_order|tent_literal|sub-69|2|1,1719898373,True,True,0.4039181172847748,0.46119225025177,0.46875,0.8173730373382568,0.4039181172847748,0.10365917533636093,0.015263873152434826,7.748502254486084,0.4039181280614129,0.46119226262089796,0.6901320680774627,0.538807737379102,0.8173730771231931,0.46875,0.0,0.53125,nan
metadata_order,2,sub-69,2,tent_literal,ses-1,0,73,True,9,851128385,EEGTTA-PHASE1|v1|metadata_order|tent_literal|sub-69|2|2,1040994365,True,True,0.4067610204219818,0.5418224930763245,0.5555555820465088,0.823759138584137,0.4067610204219818,0.15615223348140717,0.019895218312740326,7.750449180603027,0.40676103738532227,0.5418224702071812,0.6896448518493323,0.5418224702071812,0.823759134962327,0.5555555555555556,0.0,0.4444444444444444,nan
metadata_order,3,sub-69,2,tent_literal,ses-2,1,70,False,32,837126049,EEGTTA-PHASE1|v1|metadata_order|tent_literal|sub-69|2|3,851128385,True,True,0.41121265292167664,0.48512306809425354,0.4375,0.8048217296600342,0.41121265292167664,0.13200628757476807,0.02474290505051613,7.752345561981201,0.4112126537997226,0.48512305875192396,0.6927044684629569,0.514876941248076,0.804821779980557,0.4375,1.0,0.4375,nan
metadata_order,4,sub-69,2,tent_literal,ses-2,1,70,False,32,1786082855,EEGTTA-PHASE1|v1|metadata_order|tent_literal|sub-69|2|4,837126049,True,True,0.4616595506668091,0.5515673160552979,0.59375,0.7831583023071289,0.4616595506668091,0.12153179943561554,0.0289880633354187,7.754483699798584,0.4616595157474068,0.5515672968358558,0.6878193396481224,0.5515672968358558,0.7831582693725068,0.59375,1.0,0.59375,nan
metadata_order,5,sub-69,2,tent_literal,ses-2,1,70,True,6,399963201,EEGTTA-PHASE1|v1|metadata_order|tent_literal|sub-69|2|5,1786082855,True,True,0.3299194574356079,0.4794274568557739,0.5,0.8607796430587769,0.3299194574356079,0.24618637561798096,0.03344089910387993,7.756624698638916,0.32991948218122236,0.4794274428859353,0.692300481354016,0.5205725571140647,0.8607795775557557,0.5,1.0,0.5,nan
metadata_order,0,sub-70,2,tent_literal,ses-1,0,70,False,32,2113424721,EEGTTA-PHASE1|v1|metadata_order|tent_literal|sub-70|2|0,807456833,True,True,0.6614444255828857,0.5157678723335266,0.5625,0.5993528366088867,0.6614444255828857,0.02676103450357914,0.008486954495310783,6.325544357299805,0.6614444359928443,0.5157678378745914,0.6926498486856668,0.5157678378745914,0.5993528226390481,0.5625,0.0,0.4375,nan
metadata_order,1,sub-70,2,tent_literal,ses-1,0,70,False,32,1703074326,EEGTTA-PHASE1|v1|metadata_order|tent_literal|sub-70|2|1,2113424721,True,True,0.6598505973815918,0.5114670991897583,0.5,0.60184645652771,0.6598505973815918,0.030249807983636856,0.014739371836185455,6.326567649841309,0.659850587994666,0.5114671429619193,0.6928841667649661,0.5114671429619193,0.6018464909866452,0.5,0.0,0.5,nan
metadata_order,2,sub-70,2,tent_literal,ses-1,0,70,True,6,712870599,EEGTTA-PHASE1|v1|metadata_order|tent_literal|sub-70|2|2,1703074326,True,True,0.6324173212051392,0.5160675048828125,0.5,0.6541420221328735,0.6324173212051392,0.06085991486907005,0.0200217105448246,6.327807903289795,0.6324173192574227,0.5160674899816513,0.6926307631895681,0.5160674899816513,0.6541420569022497,0.5,0.0,0.5,nan
metadata_order,3,sub-70,2,tent_literal,ses-2,1,69,False,32,1702021928,EEGTTA-PHASE1|v1|metadata_order|tent_literal|sub-70|2|3,712870599,True,True,0.6661931276321411,0.523079514503479,0.5,0.5993767380714417,0.6661931276321411,0.03066970780491829,0.025745254009962082,6.329071521759033,0.6661930901323126,0.5230795033276081,0.6920814749822936,0.5230795033276081,0.5993767604231834,0.5,1.0,0.5,nan
metadata_order,4,sub-70,2,tent_literal,ses-2,1,69,False,32,122537235,EEGTTA-PHASE1|v1|metadata_order|tent_literal|sub-70|2|4,1702021928,True,True,0.6589940786361694,0.5252978801727295,0.5625,0.6046891212463379,0.6589940786361694,0.036738321185112,0.03141273185610771,6.33027982711792,0.6589940947483773,0.5252978429198265,0.6918666721865323,0.5252978429198265,0.6046891361474991,0.5625,1.0,0.5625,nan
metadata_order,5,sub-70,2,tent_literal,ses-2,1,69,True,5,1869636503,EEGTTA-PHASE1|v1|metadata_order|tent_literal|sub-70|2|5,122537235,True,True,0.6714023947715759,0.5912619829177856,1.0,0.5912619829177856,0.6714023947715759,0.09494194388389587,0.03645652160048485,6.331493854522705,0.6714023874859529,0.5912619471549988,0.6763959489568541,0.5912619471549988,0.5912619471549988,1.0,1.0,1.0,nan
metadata_order,0,sub-71,2,tent_literal,ses-1,0,70,False,32,1291017960,EEGTTA-PHASE1|v1|metadata_order|tent_literal|sub-71|2|0,2027362279,True,True,0.6077186465263367,0.45863276720046997,0.28125,0.6657515168190002,0.6077186465263367,0.12396744638681412,0.008498662151396275,6.644537448883057,0.6077186548726967,0.4586327695287764,0.6897207698245255,0.5413672304712236,0.6657515107654035,0.28125,0.0,0.71875,nan
metadata_order,1,sub-71,2,tent_literal,ses-1,0,70,False,32,2007989148,EEGTTA-PHASE1|v1|metadata_order|tent_literal|sub-71|2|1,1291017960,True,True,0.5915592908859253,0.5073636174201965,0.46875,0.6759505271911621,0.5915592908859253,0.06880128383636475,0.01362483762204647,6.644900798797607,0.591559289181387,0.5073636034503579,0.6930387313279284,0.5073636034503579,0.6759504666551948,0.46875,0.0,0.53125,nan
metadata_order,2,sub-71,2,tent_literal,ses-1,0,70,True,6,1924552958,EEGTTA-PHASE1|v1|metadata_order|tent_literal|sub-71|2|2,2007989148,True,True,0.6750456690788269,0.516556978225708,0.5,0.5804452896118164,0.6750456690788269,0.05454633757472038,0.0174036156386137,6.645713806152344,0.6750456629271083,0.5165569682916006,0.6925988139192718,0.5165569682916006,0.580445259809494,0.5,0.0,0.5,nan
metadata_order,3,sub-71,2,tent_literal,ses-2,1,72,False,32,1811783526,EEGTTA-PHASE1|v1|metadata_order|tent_literal|sub-71|2|3,1924552958,True,True,0.6069623231887817,0.48563194274902344,0.4375,0.6784141063690186,0.6069623231887817,0.07512664049863815,0.02114788070321083,6.647054195404053,0.6069623483856863,0.4856319762766361,0.6927342435063812,0.5143680237233639,0.6784140877425671,0.4375,1.0,0.4375,nan
metadata_order,4,sub-71,2,tent_literal,ses-2,1,72,False,32,445655643,EEGTTA-PHASE1|v1|metadata_order|tent_literal|sub-71|2|4,1811783526,True,True,0.6174546480178833,0.5209640860557556,0.5625,0.6451088786125183,0.6174546480178833,0.056614864617586136,0.024352161213755608,6.648911476135254,0.6174546298903499,0.5209640837274492,0.692267937227044,0.5209640837274492,0.6451088697649539,0.5625,1.0,0.5625,nan
metadata_order,5,sub-71,2,tent_literal,ses-2,1,72,True,8,68706520,EEGTTA-PHASE1|v1|metadata_order|tent_literal|sub-71|2|5,445655643,True,True,0.6053608059883118,0.5549789667129517,0.625,0.690392017364502,0.6053608059883118,0.13113465905189514,0.026371998712420464,6.650994777679443,0.605360808470405,0.5549789257347584,0.6870895745649599,0.5549789257347584,0.6903919838368893,0.625,1.0,0.625,nan
metadata_order,0,sub-01,0,tent_det,ses-1,0,69,False,32,2105619991,EEGTTA-PHASE1|v1|metadata_order|tent_det|sub-01|0|0,1827781330,True,False,0.585002064704895,0.5126670598983765,0.53125,0.6855556964874268,0.585002064704895,0.07330912351608276,0.008518262766301632,6.5263352394104,0.5850020365703452,0.5126670717727393,0.6928262368089206,0.5126670717727393,0.685555647360161,0.53125,0.0,0.46875,nan
metadata_order,1,sub-01,0,tent_det,ses-1,0,69,False,32,898070387,EEGTTA-PHASE1|v1|metadata_order|tent_det|sub-01|0|1,2105619991,True,False,0.60246342420578,0.509219229221344,0.5625,0.669293999671936,0.60246342420578,0.05256913602352142,0.014978907071053982,6.52883243560791,0.6024633931833879,0.5092192003503442,0.6929771836165405,0.5092192003503442,0.6692940099164844,0.5625,0.0,0.4375,nan
metadata_order,2,sub-01,0,tent_det,ses-1,0,69,True,5,346802319,EEGTTA-PHASE1|v1|metadata_order|tent_det|sub-01|0|2,898070387,True,False,0.6045485138893127,0.5043438076972961,0.6000000238418579,0.6874213218688965,0.6045485138893127,0.11435002833604813,0.0199171993881464,6.5304274559021,0.6045485007610016,0.5043437838554382,0.6931094431688738,0.5043437838554382,0.6874213099479676,0.6,0.0,0.4,nan
metadata_order,3,sub-01,0,tent_det,ses-2,1,54,False,32,1763145657,EEGTTA-PHASE1|v1|metadata_order|tent_det|sub-01|0|3,346802319,True,False,0.5774476528167725,0.4770236909389496,0.40625,0.6888540983200073,0.5774476528167725,0.08167071640491486,0.02366034872829914,6.532236576080322,0.5774476135154112,0.47702367696911097,0.6920909858183961,0.522976323030889,0.6888541271910071,0.40625,1.0,0.40625,nan
metadata_order,4,sub-01,0,tent_det,ses-2,1,54,True,22,1562623097,EEGTTA-PHASE1|v1|metadata_order|tent_det|sub-01|0|4,1763145657,True,False,0.6135231256484985,0.5128660202026367,0.6363636255264282,0.6652542948722839,0.6135231256484985,0.07281678915023804,0.027928439900279045,6.534145355224609,0.6135231721437161,0.5128660323944959,0.692816074435424,0.5128660323944959,0.6652542122385718,0.6363636363636364,1.0,0.6363636363636364,nan
metadata_order,0,sub-02,0,tent_det,ses-1,0,70,False,32,818420226,EEGTTA-PHASE1|v1|metadata_order|tent_det|sub-02|0|0,243982109,True,False,0.5181956887245178,0.4751585125923157,0.40625,0.7487151026725769,0.5181956887245178,0.10396026819944382,0.008544615469872952,6.532981872558594,0.5181956863742231,0.4751585356425494,0.6919124756079413,0.5248414643574506,0.7487150907982141,0.40625,0.0,0.59375,nan
metadata_order,1,sub-02,0,tent_det,ses-1,0,70,False,32,841915821,EEGTTA-PHASE1|v1|metadata_order|tent_det|sub-02|0|1,818420226,True,False,0.5541691780090332,0.49640852212905884,0.5,0.7242076992988586,0.5541691780090332,0.10036535561084747,0.015022373758256435,6.5345330238342285,0.5541691623164438,0.49640852794982493,0.6931213829951322,0.5035914720501751,0.7242077195551246,0.5,0.0,0.5,nan
metadata_order,2,sub-02,0,tent_det,ses-1,0,70,True,6,1586884011,EEGTTA-PHASE1|v1|metadata_order|tent_det|sub-02|0|2,841915821,True,False,0.5833846926689148,0.5444797873497009,0.5,0.7143455743789673,0.5833846926689148,0.16116255521774292,0.019828397780656815,6.536154270172119,0.5833846723297992,0.5444797848661741,0.6891850424192737,0.5444797848661741,0.7143455569942793,0.5,0.0,0.5,nan
metadata_order,3,sub-02,0,tent_det,ses-2,1,64,False,32,2086574565,EEGTTA-PHASE1|v1|metadata_order|tent_det|sub-02|0|3,1586884011,True,False,0.5342381000518799,0.5057616829872131,0.53125,0.735336422920227,0.5342381000518799,0.1042783334851265,0.02414667047560215,6.537412166595459,0.5342381121956256,0.5057616940757725,0.6930807848532234,0.5057616940757725,0.7353364490845706,0.53125,1.0,0.53125,nan
metadata_order,4,sub-02,0,tent_det,ses-2,1,64,True,32,1337855664,EEGTTA-PHASE1|v1|metadata_order|tent_det|sub-02|0|4,2086574565,True,False,0.5607316493988037,0.48840904235839844,0.53125,0.711072564125061,0.5607316493988037,0.08646830916404724,0.02876782976090908,6.53837251663208,0.5607316462437784,0.48840902314987034,0.6928784549992599,0.5115909768501297,0.7110725386301056,0.53125,1.0,0.53125,nan
metadata_order,0,sub-03,0,tent_det,ses-1,0,73,False,32,566196007,EEGTTA-PHASE1|v1|metadata_order|tent_det|sub-03|0|0,891611305,True,False,0.5327000617980957,0.5085122585296631,0.5,0.7278873324394226,0.5327000617980957,0.08057891577482224,0.008531935513019562,6.590359687805176,0.5327000202651797,0.5085122714517638,0.693002256028233,0.5085122714517638,0.7278873567702249,0.5,0.0,0.5,nan
metadata_order,1,sub-03,0,tent_det,ses-1,0,73,False,32,554823518,EEGTTA-PHASE1|v1|metadata_order|tent_det|sub-03|0|1,566196007,True,False,0.5393975973129272,0.5326929092407227,0.625,0.7325661182403564,0.5393975973129272,0.10380860418081284,0.01354612410068512,6.5917582511901855,0.5393975894869847,0.532692889100872,0.6910080047711136,0.532692889100872,0.7325661309296265,0.625,0.0,0.375,nan
metadata_order,2,sub-03,0,tent_det,ses-1,0,73,True,9,903596834,EEGTTA-PHASE1|v1|metadata_order|tent_det|sub-03|0|2,554823518,True,False,0.5436691641807556,0.5734398365020752,0.6666666865348816,0.7287536263465881,0.5436691641807556,0.17927837371826172,0.019324669614434242,6.592867851257324,0.5436691697010334,0.573439790142907,0.6823212513351139,0.573439790142907,0.7287536131011115,0.6666666666666666,0.0,0.3333333333333333,nan
metadata_order,3,sub-03,0,tent_det,ses-2,1,70,False,32,397287424,EEGTTA-PHASE1|v1|metadata_order|tent_det|sub-03|0|3,903596834,True,False,0.5375117063522339,0.47390323877334595,0.4375,0.7347452044487,0.5375117063522339,0.1141810417175293,0.024340786039829254,6.59426736831665,0.5375117016644426,0.4739032124634832,0.6917844768207755,0.5260967875365168,0.7347451711539179,0.4375,1.0,0.4375,nan
metadata_order,4,sub-03,0,tent_det,ses-2,1,70,False,32,185986702,EEGTTA-PHASE1|v1|metadata_order|tent_det|sub-03|0|4,397287424,True,False,0.5589133501052856,0.49114394187927246,0.5,0.7163711190223694,0.5589133501052856,0.07922305166721344,0.029061857610940933,6.595698356628418,0.5589133775671297,0.4911439651623368,0.692990313651273,0.5088560348376632,0.7163710882887244,0.5,1.0,0.5,nan
metadata_order,5,sub-03,0,tent_det,ses-2,1,70,True,6,1605476770,EEGTTA-PHASE1|v1|metadata_order|tent_det|sub-03|0|5,185986702,True,False,0.5970861315727234,0.4481266736984253,0.5,0.6651670932769775,0.5970861315727234,0.10652347654104233,0.03341563791036606,6.597052574157715,0.5970861517235805,0.4481266972919305,0.6877558055299913,0.5518733027080696,0.6651670696834723,0.5,1.0,0.5,nan
metadata_order,0,sub-04,0,tent_det,ses-1,0,4,True,4,1624233835,EEGTTA-PHASE1|v1|metadata_order|tent_det|sub-04|0|0,1999513350,True,False,0.6031779050827026,0.6813547015190125,1.0,0.6813547015190125,0.6031779050827026,0.31425583362579346,0.008509499952197075,6.6517558097839355,0.6031778612213221,0.6813546866178513,0.6258441129828362,0.6813546866178513,0.6813546866178513,1.0,0.0,0.0,nan
metadata_order,1,sub-04,0,tent_det,ses-2,1,62,False,32,727624345,EEGTTA-PHASE1|v1|metadata_order|tent_det|sub-04|0|1,1624233835,True,False,0.5277419686317444,0.5188146233558655,0.5,0.739558219909668,0.5277419686317444,0.10383670777082443,0.01357377041131258,6.652525901794434,0.5277419871953315,0.5188146352302283,0.6924390323885183,0.5188146352302283,0.739558219211176,0.5,1.0,0.5,nan
metadata_order,2,sub-04,0,tent_det,ses-2,1,62,True,30,269814983,EEGTTA-PHASE1|v1|metadata_order|tent_det|sub-04|0|2,727624345,True,False,0.5290857553482056,0.49736857414245605,0.4333333671092987,0.7375791072845459,0.5290857553482056,0.110537588596344,0.01809760369360447,6.653578758239746,0.529085681667289,0.49736857786774635,0.693133331731139,0.5026314221322536,0.7375790717701117,0.43333333333333335,1.0,0.43333333333333335,nan
metadata_order,0,sub-05,0,tent_det,ses-1,0,65,False,32,480078310,EEGTTA-PHASE1|v1|metadata_order|tent_det|sub-05|0|0,1869510603,True,False,0.5520754456520081,0.49257397651672363,0.40625,0.7256035804748535,0.5520754456520081,0.10215327143669128,0.00856071524322033,6.601892471313477,0.5520754038124729,0.49257400119677186,0.693036885588441,0.5074259988032281,0.7256035818718374,0.40625,0.0,0.59375,nan
metadata_order,1,sub-05,0,tent_det,ses-1,0,65,False,32,1935142463,EEGTTA-PHASE1|v1|metadata_order|tent_det|sub-05|0|1,480078310,True,False,0.5585740804672241,0.5127637982368469,0.53125,0.7036377191543579,0.5585740804672241,0.07681309431791306,0.014196734875440598,6.603886127471924,0.5585740283441348,0.5127638045232743,0.6928213157506324,0.5127638045232743,0.7036377240438014,0.53125,0.0,0.46875,nan
metadata_order,2,sub-05,0,tent_det,ses-1,0,65,True,1,438654210,EEGTTA-PHASE1|v1|metadata_order|tent_det|sub-05|0|2,1935142463,True,False,0.685781717300415,0.43938928842544556,0.0,0.5606107115745544,0.685781717300415,0.12438111007213593,0.01891198568046093,6.605450630187988,0.685781762882007,0.43938928842544556,0.685781762882007,0.5606107115745544,0.5606107115745544,0.0,0.0,1.0,nan
metadata_order,3,sub-05,0,tent_det,ses-2,1,67,False,32,1942646439,EEGTTA-PHASE1|v1|metadata_order|tent_det|sub-05|0|3,438654210,True,False,0.548171877861023,0.5114645957946777,0.5625,0.7217753529548645,0.548171877861023,0.09249106049537659,0.023660115897655487,6.606801986694336,0.5481718935995823,0.5114645957946777,0.6928842836073977,0.5114645957946777,0.7217753641307354,0.5625,1.0,0.5625,nan
metadata_order,4,sub-05,0,tent_det,ses-2,1,67,False,32,2139306273,EEGTTA-PHASE1|v1|metadata_order|tent_det|sub-05|0|4,1942646439,True,False,0.5530354976654053,0.5467040538787842,0.625,0.7172699570655823,0.5530354976654053,0.10580583661794662,0.028040939942002296,6.6081976890563965,0.5530354894619125,0.5467040941584855,0.6887782695605684,0.5467040941584855,0.7172699912916869,0.625,1.0,0.625,nan
metadata_order,5,sub-05,0,tent_det,ses-2,1,67,True,3,296064575,EEGTTA-PHASE1|v1|metadata_order|tent_det|sub-05|0|5,2139306273,True,False,0.6374529600143433,0.5360472202301025,0.3333333432674408,0.6350691318511963,0.6374529600143433,0.13758553564548492,0.031542323529720306,6.608950138092041,0.6374528895096973,0.5360472400983175,0.6905461175629684,0.5360472400983175,0.6350690722465515,0.3333333333333333,1.0,0.3333333333333333,nan
metadata_order,0,sub-06,0,tent_det,ses-1,0,74,False,32,1544196929,EEGTTA-PHASE1|v1|metadata_order|tent_det|sub-06|0|0,990223799,True,False,0.6287239193916321,0.532356321811676,0.625,0.6517915725708008,0.6287239193916321,0.05575375258922577,0.00849399995058775,6.447643756866455,0.6287238766893025,0.53235630877316,0.691051855253015,0.53235630877316,0.6517915558069944,0.625,0.0,0.375,nan
metadata_order,1,sub-06,0,tent_det,ses-1,0,74,False,32,649868033,EEGTTA-PHASE1|v1|metadata_order|tent_det|sub-06|0|1,1544196929,True,False,0.6379868984222412,0.5240992307662964,0.59375,0.63333660364151,0.6379868984222412,0.04855700954794884,0.014825763180851936,6.449917316436768,0.637986878486271,0.5240992866456509,0.6919851791740989,0.5240992866456509,0.6333365887403488,0.59375,0.0,0.40625,nan
metadata_order,2,sub-06,0,tent_det,ses-1,0,74,True,10,456550561,EEGTTA-PHASE1|v1|metadata_order|tent_det|sub-06|0|2,649868033,True,False,0.6370542645454407,0.4887610971927643,0.4000000059604645,0.6432685852050781,0.6370542645454407,0.04873376712203026,0.019834794104099274,6.452097415924072,0.6370542133727193,0.48876110315322874,0.6928945336777481,0.5112388968467713,0.6432685732841492,0.4,0.0,0.6,nan
metadata_order,3,sub-06,0,tent_det,ses-2,1,64,False,32,808003044,EEGTTA-PHASE1|v1|metadata_order|tent_det|sub-06|0|3,456550561,True,False,0.6026731729507446,0.5289605855941772,0.59375,0.6682204008102417,0.6026731729507446,0.06082174554467201,0.02536146529018879,6.454245090484619,0.6026731891194381,0.5289605711586773,0.691468812012275,0.5289605711586773,0.6682204003445804,0.59375,1.0,0.59375,nan
metadata_order,4,sub-06,0,tent_det,ses-2,1,64,True,32,1297514118,EEGTTA-PHASE1|v1|metadata_order|tent_det|sub-06|0|4,808003044,True,False,0.5916628837585449,0.48935946822166443,0.4375,0.6842023134231567,0.5916628837585449,0.06675279140472412,0.03048809990286827,6.456395626068115,0.5916628805728745,0.48935945611447096,0.6929207211164429,0.510640543885529,0.6842023255303502,0.4375,1.0,0.4375,nan
metadata_order,0,sub-07,0,tent_det,ses-1,0,63,False,32,534975926,EEGTTA-PHASE1|v1|metadata_order|tent_det|sub-07|0|0,1218871346,True,False,0.4049343168735504,0.5174624919891357,0.53125,0.8241361379623413,0.4049343168735504,0.12498915940523148,0.008607836440205574,8.071976661682129,0.4049343455625944,0.5174624763894826,0.6925371803531296,0.5174624763894826,0.8241360790561885,0.53125,0.0,0.46875,nan
metadata_order,1,sub-07,0,tent_det,ses-1,0,63,True,31,1339880585,EEGTTA-PHASE1|v1|metadata_order|tent_det|sub-07|0|1,534975926,True,False,0.40297994017601013,0.49075639247894287,0.4838709533214569,0.8091138005256653,0.40297994017601013,0.09309162199497223,0.0142894322052598,8.07401180267334,0.40297994130740605,0.49075642301731054,0.6929762833935731,0.5092435769826895,0.8091138411283253,0.4838709677419355,0.0,0.5161290322580645,nan
metadata_order,2,sub-07,0,tent_det,ses-2,1,68,False,32,1757769864,EEGTTA-PHASE1|v1|metadata_order|tent_det|sub-07|0|2,1339880585,True,False,0.34699609875679016,0.5484129786491394,0.53125,0.8512989282608032,0.34699609875679016,0.22806964814662933,0.019598687067627907,8.075762748718262,0.3469960933024141,0.548412993819511,0.6884521923682589,0.548412993819511,0.851298980145657,0.53125,1.0,0.53125,nan
metadata_order,3,sub-07,0,tent_det,ses-2,1,68,False,32,1421878004,EEGTTA-PHASE1|v1|metadata_order|tent_det|sub-07|0|3,1757769864,True,False,0.4151020050048828,0.4785318970680237,0.46875,0.7994006872177124,0.4151020050048828,0.12769362330436707,0.024878181517124176,8.077500343322754,0.4151019739932549,0.4785318942995218,0.6922251380128668,0.5214681057004782,0.7994006974367949,0.46875,1.0,0.46875,nan
metadata_order,4,sub-07,0,tent_det,ses-2,1,68,True,4,1021185120,EEGTTA-PHASE1|v1|metadata_order|tent_det|sub-07|0|4,1421878004,True,False,0.5438109636306763,0.5195690393447876,0.5,0.754707932472229,0.5438109636306763,0.4294546842575073,0.028466051444411278,8.079140663146973,0.5438109975365003,0.5195690654218197,0.6923810882645178,0.5195690654218197,0.7547079659998417,0.5,1.0,0.5,nan
metadata_order,0,sub-08,0,tent_det,ses-2,0,62,False,32,1197752044,EEGTTA-PHASE1|v1|metadata_order|tent_det|sub-08|0|0,1123638746,True,False,0.5535156726837158,0.44034528732299805,0.40625,0.7053086757659912,0.5535156726837158,0.10549531877040863,0.00851737055927515,6.721776962280273,0.5535156596101458,0.4403452770784497,0.6860128260802087,0.5596547229215503,0.7053086636587977,0.40625,1.0,0.40625,nan
metadata_order,1,sub-08,0,tent_det,ses-2,0,62,True,30,465634633,EEGTTA-PHASE1|v1|metadata_order|tent_det|sub-08|0|1,1197752044,True,False,0.5507791042327881,0.4517435133457184,0.46666669845581055,0.7259026169776917,0.5507791042327881,0.10795982927083969,0.014486171305179596,6.723672389984131,0.5507790558358877,0.4517434727400541,0.6884825382273017,0.5482565272599459,0.7259025800973177,0.4666666666666667,1.0,0.4666666666666667,nan
metadata_order,2,sub-08,0,tent_det,ses-1,1,65,False,32,1443488612,EEGTTA-PHASE1|v1|metadata_order|tent_det|sub-08|0|2,465634633,True,False,0.5161936283111572,0.46726956963539124,0.46875,0.7455674409866333,0.5161936283111572,0.10690346360206604,0.020086465403437614,6.725780487060547,0.5161936503203017,0.46726958046201617,0.6910030870160035,0.5327304195379838,0.7455674562370405,0.46875,0.0,0.53125,nan
metadata_order,3,sub-08,0,tent_det,ses-1,1,65,False,32,543890794,EEGTTA-PHASE1|v1|metadata_order|tent_det|sub-08|0|3,1443488612,True,False,0.5191806554794312,0.444103479385376,0.4375,0.7424653768539429,0.5191806554794312,0.1386314332485199,0.02564152702689171,6.727456092834473,0.5191806800371078,0.44410345156211406,0.6868852507633292,0.5558965484378859,0.7424653599737212,0.4375,0.0,0.5625,nan
metadata_order,4,sub-08,0,tent_det,ses-1,1,65,True,1,324993075,EEGTTA-PHASE1|v1|metadata_order|tent_det|sub-08|0|4,543890794,True,False,0.6316864490509033,0.6734803318977356,1.0,0.6734803318977356,0.6316864490509033,0.3334128260612488,0.02769443765282631,6.728906631469727,0.6316864754890954,0.6734803318977356,0.6316864754890954,0.6734803318977356,0.6734803318977356,1.0,0.0,0.0,nan
metadata_order,0,sub-09,0,tent_det,ses-2,0,58,False,32,912962239,EEGTTA-PHASE1|v1|metadata_order|tent_det|sub-09|0|0,2004090872,True,False,0.5583928823471069,0.5253730416297913,0.53125,0.7284817695617676,0.5583928823471069,0.1224110946059227,0.008589495904743671,6.902055263519287,0.5583928592164291,0.5253730588592589,0.691859043133783,0.5253730588592589,0.7284817746840417,0.53125,1.0,0.53125,nan
metadata_order,1,sub-09,0,tent_det,ses-2,0,58,True,26,1770248652,EEGTTA-PHASE1|v1|metadata_order|tent_det|sub-09|0|1,912962239,True,False,0.5219261050224304,0.513414204120636,0.5384615659713745,0.7295823097229004,0.5219261050224304,0.0799165889620781,0.013662047684192657,6.9033026695251465,0.5219260379690239,0.5134141877866708,0.6927872565081461,0.5134141877866708,0.7295822435273573,0.5384615384615384,1.0,0.5384615384615384,nan
metadata_order,2,sub-09,0,tent_det,ses-1,1,69,False,32,101277501,EEGTTA-PHASE1|v1|metadata_order|tent_det|sub-09|0|2,1770248652,True,False,0.4656611680984497,0.5212665796279907,0.5,0.7559866309165955,0.4656611680984497,0.13558851182460785,0.018004072830080986,6.904808044433594,0.4656611640974416,0.5212665800208924,0.6922423727830644,0.5212665800208924,0.7559866379742743,0.5,0.0,0.5,nan
metadata_order,3,sub-09,0,tent_det,ses-1,1,69,False,32,1655225144,EEGTTA-PHASE1|v1|metadata_order|tent_det|sub-09|0|3,101277501,True,False,0.4901306629180908,0.5690183639526367,0.59375,0.76145339012146,0.4901306629180908,0.13074466586112976,0.022647857666015625,6.906498908996582,0.4901306688784196,0.5690184055602003,0.6835896118832545,0.5690184055602003,0.7614534267449926,0.59375,0.0,0.40625,nan
metadata_order,4,sub-09,0,tent_det,ses-1,1,69,True,5,561499804,EEGTTA-PHASE1|v1|metadata_order|tent_det|sub-09|0|4,1655225144,True,False,0.6673290133476257,0.4851914346218109,0.6000000238418579,0.5919753909111023,0.6673290133476257,0.1118563786149025,0.0257890447974205,6.908120632171631,0.6673289594876172,0.4851914167404175,0.6927085281412328,0.5148085832595826,0.5919754028320312,0.6,0.0,0.4,nan
metadata_order,0,sub-10,0,tent_det,ses-2,0,71,False,32,940393148,EEGTTA-PHASE1|v1|metadata_order|tent_det|sub-10|0|0,1268053514,True,False,0.6257269382476807,0.48438742756843567,0.375,0.6385767459869385,0.6257269382476807,0.052404072135686874,0.00848925020545721,6.32930326461792,0.6257269507145058,0.4843874368816614,0.6926595970546522,0.5156125631183386,0.6385767478495836,0.375,1.0,0.375,nan
metadata_order,1,sub-10,0,tent_det,ses-2,0,71,False,32,332772793,EEGTTA-PHASE1|v1|metadata_order|tent_det|sub-10|0|1,940393148,True,False,0.6454935073852539,0.4786074757575989,0.34375,0.6323395371437073,0.6454935073852539,0.045737240463495255,0.015629753470420837,6.3289594650268555,0.6454935181860649,0.4786074748262763,0.6922316208426683,0.5213925251737237,0.632339552976191,0.34375,1.0,0.34375,nan
metadata_order,2,sub-10,0,tent_det,ses-2,0,71,True,7,1587230413,EEGTTA-PHASE1|v1|metadata_order|tent_det|sub-10|0|2,332772793,True,False,0.6682464480400085,0.49995845556259155,0.4285714626312256,0.6036416888237,0.6682464480400085,0.05467843636870384,0.02166428416967392,6.328444480895996,0.6682463996173098,0.49995845556259155,0.6931471771080648,0.5000415444374084,0.6036416888237,0.42857142857142855,1.0,0.42857142857142855,nan
metadata_order,3,sub-10,0,tent_det,ses-1,1,69,False,32,1146257082,EEGTTA-PHASE1|v1|metadata_order|tent_det|sub-10|0|3,1587230413,True,False,0.6042788028717041,0.49037647247314453,0.5,0.6744893789291382,0.6042788028717041,0.06426001340150833,0.027874335646629333,6.3280134201049805,0.6042787911901427,0.490376481320709,0.6929619448987047,0.509623518679291,0.6744894073344767,0.5,0.0,0.5,nan
metadata_order,4,sub-10,0,tent_det,ses-1,1,69,False,32,1478208563,EEGTTA-PHASE1|v1|metadata_order|tent_det|sub-10|0|4,1146257082,True,False,0.5845215916633606,0.49290531873703003,0.53125,0.6946042776107788,0.5845215916633606,0.07243732362985611,0.03394868224859238,6.327702045440674,0.5845215776467056,0.49290533270686865,0.6930465085736166,0.5070946672931314,0.6946042785421014,0.53125,0.0,0.46875,nan
metadata_order,5,sub-10,0,tent_det,ses-1,1,69,True,5,45660294,EEGTTA-PHASE1|v1|metadata_order|tent_det|sub-10|0|5,1478208563,True,False,0.6250119209289551,0.4812701344490051,0.6000000238418579,0.6615368127822876,0.6250119209289551,0.06562519818544388,0.039491716772317886,6.32790994644165,0.6250118714249734,0.4812701404094696,0.692445401099212,0.5187298595905304,0.66153684258461,0.6,0.0,0.4,nan
metadata_order,0,sub-11,0,tent_det,ses-2,0,66,False,32,491524665,EEGTTA-PHASE1|v1|metadata_order|tent_det|sub-11|0|0,2106147178,True,False,0.5280240774154663,0.5143988132476807,0.53125,0.7269872426986694,0.5280240774154663,0.08314903825521469,0.008519530296325684,6.614366054534912,0.5280240866084499,0.5143988055642694,0.6927324720256965,0.5143988055642694,0.7269872429315001,0.53125,1.0,0.53125,nan
metadata_order,1,sub-11,0,tent_det,ses-2,0,66,False,32,329861123,EEGTTA-PHASE1|v1|metadata_order|tent_det|sub-11|0|1,491524665,True,False,0.5486956834793091,0.5338722467422485,0.59375,0.7287269234657288,0.5486956834793091,0.11633291095495224,0.014500490389764309,6.616398811340332,0.5486956645617227,0.5338722469750792,0.6908507639476089,0.5338722469750792,0.7287268897052854,0.59375,1.0,0.59375,nan
metadata_order,2,sub-11,0,tent_det,ses-2,0,66,True,2,1659602895,EEGTTA-PHASE1|v1|metadata_order|tent_det|sub-11|0|2,329861123,True,False,0.49639296531677246,0.5736429691314697,0.5,0.7906734943389893,0.49639296531677246,0.26790979504585266,0.019463075324892998,6.618547439575195,0.4963929392054361,0.5736429840326309,0.6822610419822475,0.5736429840326309,0.7906734794378281,0.5,1.0,0.5,nan
metadata_order,3,sub-11,0,tent_det,ses-1,1,64,False,32,1517332968,EEGTTA-PHASE1|v1|metadata_order|tent_det|sub-11|0|3,1659602895,True,False,0.5678931474685669,0.4996330142021179,0.4375,0.7049941420555115,0.5678931474685669,0.08515466004610062,0.024287035688757896,6.620773792266846,0.5678931306797113,0.4996329757850617,0.6931469111463724,0.5003670242149383,0.7049941432196647,0.4375,0.0,0.5625,nan
metadata_order,4,sub-11,0,tent_det,ses-1,1,64,True,32,261497642,EEGTTA-PHASE1|v1|metadata_order|tent_det|sub-11|0|4,1517332968,True,False,0.5248575210571289,0.5451154112815857,0.59375,0.7342878580093384,0.5248575210571289,0.11614150553941727,0.029081163927912712,6.622735977172852,0.5248575311519547,0.5451154173351824,0.6890708369203675,0.5451154173351824,0.7342878370545805,0.59375,0.0,0.40625,nan
metadata_order,0,sub-12,0,tent_det,ses-2,0,66,False,32,1008101633,EEGTTA-PHASE1|v1|metadata_order|tent_det|sub-12|0|0,1781155999,True,False,0.5726969242095947,0.5129203796386719,0.5625,0.7005483508110046,0.5726969242095947,0.06798019260168076,0.008534898050129414,6.799902439117432,0.5726968907517516,0.5129203707911074,0.6928132714304287,0.5129203707911074,0.7005483410321176,0.5625,1.0,0.5625,nan
metadata_order,1,sub-12,0,tent_det,ses-2,0,66,False,32,479750786,EEGTTA-PHASE1|v1|metadata_order|tent_det|sub-12|0|1,1008101633,True,False,0.5613252520561218,0.5653489232063293,0.65625,0.7004876136779785,0.5613252520561218,0.16416750848293304,0.01398431695997715,6.802034378051758,0.5613252323179612,0.5653489264041127,0.6845817324889212,0.5653489264041127,0.7004876179307757,0.65625,1.0,0.65625,nan
metadata_order,2,sub-12,0,tent_det,ses-2,0,66,True,2,1007150023,EEGTTA-PHASE1|v1|metadata_order|tent_det|sub-12|0|2,479750786,True,False,0.3497462272644043,0.5008126497268677,0.5,0.8884471654891968,0.3497462272644043,0.20983874797821045,0.018554463982582092,6.803824424743652,0.3497461686862326,0.5008126385509968,0.6931458597965348,0.5008126385509968,0.8884472362697124,0.5,1.0,0.5,nan
metadata_order,3,sub-12,0,tent_det,ses-1,1,57,False,32,1436682944,EEGTTA-PHASE1|v1|metadata_order|tent_det|sub-12|0|3,1007150023,True,False,0.5022605657577515,0.5194656848907471,0.5625,0.749451756477356,0.5022605657577515,0.13191275298595428,0.02345336601138115,6.805483818054199,0.502260522387329,0.5194656961830333,0.6923891623542651,0.5194656961830333,0.7494517787126824,0.5625,0.0,0.4375,nan
metadata_order,4,sub-12,0,tent_det,ses-1,1,57,True,25,1137099182,EEGTTA-PHASE1|v1|metadata_order|tent_det|sub-12|0|4,1436682944,True,False,0.607884407043457,0.5237516760826111,0.5199999809265137,0.6611769795417786,0.607884407043457,0.0694611519575119,0.028102697804570198,6.807037830352783,0.6078844137581154,0.5237516850233078,0.692018470751156,0.5237516850233078,0.6611769658327102,0.52,0.0,0.48,nan
metadata_order,0,sub-13,0,tent_det,ses-2,0,69,False,32,932641810,EEGTTA-PHASE1|v1|metadata_order|tent_det|sub-13|0|0,1809304650,True,False,0.4719031751155853,0.4848743677139282,0.40625,0.7745105624198914,0.4719031751155853,0.11880819499492645,0.008548058569431305,7.297975540161133,0.47190317560182293,0.4848743658512831,0.6926895411275994,0.5151256341487169,0.7745105493813753,0.40625,1.0,0.40625,nan
metadata_order,1,sub-13,0,tent_det,ses-2,0,69,False,32,1290122461,EEGTTA-PHASE1|v1|metadata_order|tent_det|sub-13|0|1,932641810,True,False,0.49972012639045715,0.47276729345321655,0.40625,0.735613226890564,0.49972012639045715,0.1223803237080574,0.01515697967261076,7.299520492553711,0.4997201218451709,0.47276730806333944,0.691663207335496,0.5272326919366606,0.7356132011045702,0.40625,1.0,0.40625,nan
metadata_order,2,sub-13,0,tent_det,ses-2,0,69,True,5,696195078,EEGTTA-PHASE1|v1|metadata_order|tent_det|sub-13|0|2,1290122461,True,False,0.5443118214607239,0.5129265189170837,0.4000000059604645,0.6998217701911926,0.5443118214607239,0.1350826621055603,0.018437249585986137,7.301097393035889,0.5443118258098532,0.5129264548420907,0.6928129568535545,0.5129264548420907,0.699821762740612,0.4,1.0,0.4,nan
metadata_order,3,sub-13,0,tent_det,ses-1,1,72,False,32,1776187032,EEGTTA-PHASE1|v1|metadata_order|tent_det|sub-13|0|3,696195078,True,False,0.5079834461212158,0.491461843252182,0.46875,0.7449681758880615,0.5079834461212158,0.09245812147855759,0.022242560982704163,7.302628040313721,0.5079834071100591,0.49146183282573475,0.6930013728757892,0.5085381671742653,0.7449681825892185,0.46875,0.0,0.53125,nan
metadata_order,4,sub-13,0,tent_det,ses-1,1,72,False,32,1619703378,EEGTTA-PHASE1|v1|metadata_order|tent_det|sub-13|0|4,1776187032,True,False,0.450857937335968,0.5131480097770691,0.5,0.8000602722167969,0.450857937335968,0.1612396240234375,0.02649645321071148,7.304213523864746,0.4508579488052049,0.5131479923147708,0.6928014012998567,0.5131479923147708,0.8000602188985795,0.5,0.0,0.5,nan
metadata_order,5,sub-13,0,tent_det,ses-1,1,72,True,8,503061516,EEGTTA-PHASE1|v1|metadata_order|tent_det|sub-13|0|5,1619703378,True,False,0.5352268218994141,0.46097105741500854,0.375,0.7430123090744019,0.5352268218994141,0.11018851399421692,0.03076714277267456,7.306218147277832,0.5352268395185306,0.46097106765955687,0.690097564124384,0.5390289323404431,0.7430122839286923,0.375,0.0,0.625,nan
metadata_order,0,sub-14,0,tent_det,ses-2,0,70,False,32,1357952838,EEGTTA-PHASE1|v1|metadata_order|tent_det|sub-14|0|0,1970646791,True,False,0.5333589911460876,0.5086939334869385,0.5,0.7345434427261353,0.5333589911460876,0.09371496737003326,0.008557942695915699,6.6858978271484375,0.5333589677330857,0.5086939136963338,0.6929960046710233,0.5086939136963338,0.7345434476155788,0.5,1.0,0.5,nan
metadata_order,1,sub-14,0,tent_det,ses-2,0,70,False,32,1367681212,EEGTTA-PHASE1|v1|metadata_order|tent_det|sub-14|0|1,1357952838,True,False,0.5617601871490479,0.5309395790100098,0.59375,0.7045539617538452,0.5617601871490479,0.10168585926294327,0.01478200126439333,6.687115669250488,0.5617602158781649,0.5309395921649411,0.6912314401666875,0.5309395921649411,0.7045539262471721,0.59375,1.0,0.59375,nan
metadata_order,2,sub-14,0,tent_det,ses-2,0,70,True,6,1126297597,EEGTTA-PHASE1|v1|metadata_order|tent_det|sub-14|0|2,1367681212,True,False,0.5426721572875977,0.47851523756980896,0.3333333432674408,0.741820216178894,0.5426721572875977,0.16933920979499817,0.01965903863310814,6.6878767013549805,0.5426721910925151,0.47851524998744327,0.6922237072910941,0.5214847500125568,0.7418201540907224,0.3333333333333333,1.0,0.3333333333333333,nan
metadata_order,3,sub-14,0,tent_det,ses-1,1,71,False,32,1882541653,EEGTTA-PHASE1|v1|metadata_order|tent_det|sub-14|0|3,1126297597,True,False,0.5416650772094727,0.5286745429039001,0.5625,0.7273756265640259,0.5416650772094727,0.10180800408124924,0.02475275658071041,6.688784122467041,0.5416650457381206,0.5286745375487953,0.6915018197504414,0.5286745375487953,0.7273756095673889,0.5625,0.0,0.4375,nan
metadata_order,4,sub-14,0,tent_det,ses-1,1,71,False,32,1154350308,EEGTTA-PHASE1|v1|metadata_order|tent_det|sub-14|0|4,1882541653,True,False,0.5312477350234985,0.4921455681324005,0.40625,0.7336210608482361,0.5312477350234985,0.1524440199136734,0.028802134096622467,6.68959903717041,0.5312477287681144,0.49214555718936026,0.6930237909411312,0.5078544428106397,0.7336210457142442,0.40625,0.0,0.59375,nan
metadata_order,5,sub-14,0,tent_det,ses-1,1,71,True,7,1920453018,EEGTTA-PHASE1|v1|metadata_order|tent_det|sub-14|0|5,1154350308,True,False,0.5554494261741638,0.5193960070610046,0.4285714626312256,0.7106789946556091,0.5554494261741638,0.1305166631937027,0.03234075754880905,6.690606117248535,0.5554493926382761,0.5193959879023688,0.6923945830465679,0.5193959879023688,0.7106790308441434,0.42857142857142855,0.0,0.5714285714285714,nan
metadata_order,0,sub-15,0,tent_det,ses-2,0,73,False,32,137459040,EEGTTA-PHASE1|v1|metadata_order|tent_det|sub-15|0|0,568166994,True,False,0.34045058488845825,0.4696195125579834,0.46875,0.853804349899292,0.34045058488845825,0.1928332895040512,0.008707303553819656,10.740926742553711,0.34045060640170643,0.46961950437980704,0.691300094008392,0.530380495620193,0.8538043245498557,0.46875,1.0,0.46875,nan
metadata_order,1,sub-15,0,tent_det,ses-2,0,73,False,32,1155450407,EEGTTA-PHASE1|v1|metadata_order|tent_det|sub-15|0|1,137459040,True,False,0.34916335344314575,0.47717881202697754,0.40625,0.8399257659912109,0.34916335344314575,0.12334496527910233,0.015106955543160439,10.743260383605957,0.34916337610999726,0.4771788069218843,0.6921052048981908,0.5228211930781157,0.8399257263928206,0.40625,1.0,0.40625,nan
metadata_order,2,sub-15,0,tent_det,ses-2,0,73,True,9,1434157444,EEGTTA-PHASE1|v1|metadata_order|tent_det|sub-15|0|2,1155450407,True,False,0.4033438563346863,0.47703829407691956,0.4444444477558136,0.8021481037139893,0.4033438563346863,0.17460641264915466,0.019660422578454018,10.745341300964355,0.4033438500620767,0.4770383038040664,0.6920923306205594,0.5229616961959336,0.8021480376935668,0.4444444444444444,1.0,0.4444444444444444,nan
metadata_order,3,sub-15,0,tent_det,ses-1,1,73,False,32,480150743,EEGTTA-PHASE1|v1|metadata_order|tent_det|sub-15|0|3,1434157444,True,False,0.2771821618080139,0.4825328588485718,0.5,0.8812510967254639,0.2771821618080139,0.13218644261360168,0.02430637925863266,10.747417449951172,0.2771821672964493,0.48253287075544904,0.6925368551760543,0.517467129244551,0.8812510550162642,0.5,0.0,0.5,nan
metadata_order,4,sub-15,0,tent_det,ses-1,1,73,False,32,291504164,EEGTTA-PHASE1|v1|metadata_order|tent_det|sub-15|0|4,480150743,True,False,0.3558761477470398,0.4790470600128174,0.4375,0.8231130838394165,0.3558761477470398,0.12211320549249649,0.029195692390203476,10.749371528625488,0.35587612207050395,0.47904708162968745,0.6922688738124362,0.5209529183703125,0.8231131032007397,0.4375,0.0,0.5625,nan
metadata_order,5,sub-15,0,tent_det,ses-1,1,73,True,9,44191413,EEGTTA-PHASE1|v1|metadata_order|tent_det|sub-15|0|5,291504164,True,False,0.42566296458244324,0.6197682023048401,0.6666666865348816,0.7931107878684998,0.42566296458244324,0.2331477850675583,0.03160279989242554,10.750997543334961,0.42566300084305986,0.619768180187849,0.6641774995005738,0.619768180187849,0.7931107967400143,0.6666666666666666,0.0,0.3333333333333333,nan
metadata_order,0,sub-16,0,tent_det,ses-2,0,73,False,32,32764336,EEGTTA-PHASE1|v1|metadata_order|tent_det|sub-16|0|0,1731476115,True,False,0.5155755281448364,0.4381343126296997,0.375,0.7411332130432129,0.5155755281448364,0.18063890933990479,0.008546166121959686,7.082277297973633,0.5155755660477971,0.43813429825240746,0.6854727982256108,0.5618657017475925,0.7411332423216663,0.375,1.0,0.375,nan
metadata_order,1,sub-16,0,tent_det,ses-2,0,73,False,32,2100828276,EEGTTA-PHASE1|v1|metadata_order|tent_det|sub-16|0|1,32764336,True,False,0.44447600841522217,0.43925583362579346,0.4375,0.7911068201065063,0.44447600841522217,0.14459602534770966,0.015606203116476536,7.084524631500244,0.4444759730783346,0.4392558423569426,0.6857492138055765,0.5607441576430574,0.7911068598041311,0.4375,1.0,0.4375,nan
metadata_order,2,sub-16,0,tent_det,ses-2,0,73,True,9,1023262386,EEGTTA-PHASE1|v1|metadata_order|tent_det|sub-16|0|2,2100828276,True,False,0.5211852788925171,0.44804108142852783,0.4444444477558136,0.7354021072387695,0.5211852788925171,0.1442631036043167,0.021614857017993927,7.086345195770264,0.5211852763703415,0.44804104127817684,0.6877379534740651,0.5519589587218232,0.7354021341436439,0.4444444444444444,1.0,0.4444444444444444,nan
metadata_order,3,sub-16,0,tent_det,ses-1,1,72,False,32,80977135,EEGTTA-PHASE1|v1|metadata_order|tent_det|sub-16|0|3,1023262386,True,False,0.48227328062057495,0.4366554617881775,0.40625,0.7743425369262695,0.48227328062057495,0.17454233765602112,0.02758266218006611,7.0884246826171875,0.4822732616126804,0.4366554559674114,0.6851005118155389,0.5633445440325886,0.7743425762746483,0.40625,0.0,0.59375,nan
metadata_order,4,sub-16,0,tent_det,ses-1,1,72,False,32,474322328,EEGTTA-PHASE1|v1|metadata_order|tent_det|sub-16|0|4,80977135,True,False,0.524344801902771,0.49560195207595825,0.5,0.7431769967079163,0.524344801902771,0.09863428771495819,0.032506052404642105,7.090799331665039,0.5243447921960299,0.49560197279788554,0.6931084947745383,0.5043980272021145,0.7431770020630211,0.5,0.0,0.5,nan
metadata_order,5,sub-16,0,tent_det,ses-1,1,72,True,8,2118275085,EEGTTA-PHASE1|v1|metadata_order|tent_det|sub-16|0|5,474322328,True,False,0.5119848847389221,0.41846388578414917,0.375,0.7189599275588989,0.5119848847389221,0.208582803606987,0.037083107978105545,7.092625141143799,0.5119848861091337,0.4184638960286975,0.6797913418478048,0.5815361039713025,0.718959947116673,0.375,0.0,0.625,nan
metadata_order,0,sub-17,0,tent_det,ses-2,0,73,False,32,1473500787,EEGTTA-PHASE1|v1|metadata_order|tent_det|sub-17|0|0,681355541,True,False,0.4818063974380493,0.4870644509792328,0.5,0.7604705095291138,0.4818063974380493,0.09867670387029648,0.00854152999818325,7.12802267074585,0.48180642540004376,0.48706442532420624,0.6928124850335274,0.5129355746757938,0.7604704904806567,0.5,1.0,0.5,nan
metadata_order,1,sub-17,0,tent_det,ses-2,0,73,False,32,269588673,EEGTTA-PHASE1|v1|metadata_order|tent_det|sub-17|0|1,1473500787,True,False,0.4784032702445984,0.45239678025245667,0.40625,0.7597046494483948,0.4784032702445984,0.1519746631383896,0.014342447742819786,7.129580497741699,0.47840325098698255,0.45239678051439114,0.6886081758604381,0.5476032194856089,0.7597046976152342,0.40625,1.0,0.40625,nan
metadata_order,2,sub-17,0,tent_det,ses-2,0,73,True,9,2141958929,EEGTTA-PHASE1|v1|metadata_order|tent_det|sub-17|0|2,269588673,True,False,0.5248297452926636,0.4468711316585541,0.3333333432674408,0.7479893565177917,0.5248297452926636,0.2238849252462387,0.01833377219736576,7.130471706390381,0.524829700424394,0.4468711291750272,0.6874911551194514,0.5531288708249729,0.7479893556899495,0.3333333333333333,1.0,0.3333333333333333,nan
metadata_order,3,sub-17,0,tent_det,ses-1,1,73,False,32,968089764,EEGTTA-PHASE1|v1|metadata_order|tent_det|sub-17|0|3,2141958929,True,False,0.4667913019657135,0.4670509397983551,0.5,0.7914801836013794,0.4667913019657135,0.1395314484834671,0.022803187370300293,7.131716251373291,0.4667913011082007,0.46705092559568584,0.6909743233256889,0.5329490744043142,0.7914801419246942,0.5,0.0,0.5,nan
metadata_order,4,sub-17,0,tent_det,ses-1,1,73,False,32,545533427,EEGTTA-PHASE1|v1|metadata_order|tent_det|sub-17|0|4,968089764,True,False,0.4415276050567627,0.5400393009185791,0.53125,0.7954577803611755,0.4415276050567627,0.09106754511594772,0.027157017961144447,7.133460521697998,0.4415275710765879,0.5400393328293562,0.6899374486142194,0.5400393328293562,0.795457793153882,0.53125,0.0,0.46875,nan
metadata_order,5,sub-17,0,tent_det,ses-1,1,73,True,9,1032126856,EEGTTA-PHASE1|v1|metadata_order|tent_det|sub-17|0|5,545533427,True,False,0.32852473855018616,0.6095088124275208,0.6666666865348816,0.8611051440238953,0.32852473855018616,0.2588564157485962,0.031152848154306412,7.13520622253418,0.3285247075222718,0.6095088086124937,0.668967295756851,0.6095088086124937,0.8611051743298757,0.6666666666666666,0.0,0.3333333333333333,nan
metadata_order,0,sub-18,0,tent_det,ses-2,0,70,False,32,1914024150,EEGTTA-PHASE1|v1|metadata_order|tent_det|sub-18|0|0,1853507422,True,False,0.6385080218315125,0.440324604511261,0.34375,0.6285742521286011,0.6385080218315125,0.09048133343458176,0.008496587164700031,6.438628673553467,0.6385080045090898,0.44032460590824485,0.6860078690751558,0.5596753940917552,0.6285742544569075,0.34375,1.0,0.34375,nan
metadata_order,1,sub-18,0,tent_det,ses-2,0,70,False,32,259030161,EEGTTA-PHASE1|v1|metadata_order|tent_det|sub-18|0|1,1914024150,True,False,0.6451032161712646,0.4713810682296753,0.34375,0.6322736740112305,0.6451032161712646,0.059235163033008575,0.015161804854869843,6.440658092498779,0.6451032095038646,0.47138108406215906,0.6915082002463404,0.5286189159378409,0.6322736805304885,0.34375,1.0,0.34375,nan
metadata_order,2,sub-18,0,tent_det,ses-2,0,70,True,6,95601719,EEGTTA-PHASE1|v1|metadata_order|tent_det|sub-18|0|2,259030161,True,False,0.6621118783950806,0.40814995765686035,0.1666666716337204,0.5945858955383301,0.6621118783950806,0.13727320730686188,0.021069400012493134,6.442515850067139,0.6621118844361041,0.40814997255802155,0.6761781231198976,0.5918500274419785,0.5945859203735987,0.16666666666666666,1.0,0.16666666666666666,nan
metadata_order,3,sub-18,0,tent_det,ses-1,1,73,False,32,2071749278,EEGTTA-PHASE1|v1|metadata_order|tent_det|sub-18|0|3,95601719,True,False,0.6508239507675171,0.46625450253486633,0.3125,0.619236171245575,0.6508239507675171,0.05948398634791374,0.027231460437178612,6.44453239440918,0.6508239099796376,0.46625450905412436,0.6908679320567102,0.5337454909458756,0.6192361721768975,0.3125,0.0,0.6875,nan
metadata_order,4,sub-18,0,tent_det,ses-1,1,73,False,32,1002538319,EEGTTA-PHASE1|v1|metadata_order|tent_det|sub-18|0|4,2071749278,True,False,0.6548231840133667,0.46545135974884033,0.40625,0.6039729118347168,0.6548231840133667,0.05112975835800171,0.03323739022016525,6.446376323699951,0.6548231637453109,0.46545136207714677,0.690758060556888,0.5345486379228532,0.6039729057811201,0.40625,0.0,0.59375,nan
metadata_order,5,sub-18,0,tent_det,ses-1,1,73,True,9,387674917,EEGTTA-PHASE1|v1|metadata_order|tent_det|sub-18|0|5,1002538319,True,False,0.6444193720817566,0.4936327338218689,0.5555555820465088,0.6346940398216248,0.6444193720817566,0.06947334110736847,0.038688141852617264,6.448004722595215,0.6444193036932195,0.4936327106422848,0.6930660936206947,0.5063672893577151,0.6346940630012088,0.5555555555555556,0.0,0.4444444444444444,nan
metadata_order,0,sub-19,0,tent_det,ses-2,0,72,False,32,581759622,EEGTTA-PHASE1|v1|metadata_order|tent_det|sub-19|0|0,311061944,True,False,0.6238261461257935,0.4585241675376892,0.40625,0.654055118560791,0.6238261461257935,0.0853934958577156,0.00854497030377388,6.499721050262451,0.6238261514712988,0.4585241596214473,0.6897027333308408,0.5414758403785527,0.6540551264770329,0.40625,1.0,0.40625,nan
metadata_order,1,sub-19,0,tent_det,ses-2,0,72,False,32,274115133,EEGTTA-PHASE1|v1|metadata_order|tent_det|sub-19|0|1,581759622,True,False,0.5929968953132629,0.4493924379348755,0.4375,0.6733729243278503,0.5929968953132629,0.08968916535377502,0.015578098595142365,6.5028557777404785,0.5929969003220219,0.44939241954125464,0.68801614429348,0.5506075804587454,0.6733729091938585,0.4375,1.0,0.4375,nan
metadata_order,2,sub-19,0,tent_det,ses-2,0,72,True,8,1030925741,EEGTTA-PHASE1|v1|metadata_order|tent_det|sub-19|0|2,274115133,True,False,0.6437957286834717,0.4041931629180908,0.25,0.6342997550964355,0.6437957286834717,0.15554684400558472,0.020644357427954674,6.504864692687988,0.6437957189020597,0.4041931591928005,0.674675258517361,0.5958068408071995,0.6342997439205647,0.25,1.0,0.25,nan
metadata_order,3,sub-19,0,tent_det,ses-1,1,72,False,32,840313319,EEGTTA-PHASE1|v1|metadata_order|tent_det|sub-19|0|3,1030925741,True,False,0.6216872930526733,0.4889773428440094,0.375,0.6569920778274536,0.6216872930526733,0.05050830543041229,0.025636909529566765,6.507102012634277,0.6216872824937597,0.48897731862962246,0.6929041618640928,0.5110226813703775,0.65699209459126,0.375,0.0,0.625,nan
metadata_order,4,sub-19,0,tent_det,ses-1,1,72,False,32,1651105239,EEGTTA-PHASE1|v1|metadata_order|tent_det|sub-19|0|4,840313319,True,False,0.6403297185897827,0.4906042814254761,0.5,0.6436166763305664,0.6403297185897827,0.057181600481271744,0.030429944396018982,6.50921106338501,0.6403297038916155,0.4906042665243149,0.6929706105522859,0.5093957334756851,0.6436166763305664,0.5,0.0,0.5,nan
metadata_order,5,sub-19,0,tent_det,ses-1,1,72,True,8,638991314,EEGTTA-PHASE1|v1|metadata_order|tent_det|sub-19|0|5,1651105239,True,False,0.5956583023071289,0.476945698261261,0.5,0.6830219626426697,0.5956583023071289,0.10794971138238907,0.03462081775069237,6.511015892028809,0.5956582990173211,0.4769457019865513,0.6920838022682201,0.5230542980134487,0.6830219589173794,0.5,0.0,0.5,nan
metadata_order,0,sub-20,0,tent_det,ses-2,0,69,False,32,1952717213,EEGTTA-PHASE1|v1|metadata_order|tent_det|sub-20|0|0,1315120257,True,False,0.6468143463134766,0.46229809522628784,0.34375,0.6310309171676636,0.6468143463134766,0.049253035336732864,0.008500777184963226,6.341127395629883,0.6468143165020825,0.46229809522628784,0.6903016132024893,0.5377019047737122,0.6310309544205666,0.34375,1.0,0.34375,nan
metadata_order,1,sub-20,0,tent_det,ses-2,0,69,False,32,2022966015,EEGTTA-PHASE1|v1|metadata_order|tent_det|sub-20|0|1,1952717213,True,False,0.6316338777542114,0.4394291341304779,0.3125,0.6409239768981934,0.6316338777542114,0.06605689972639084,0.01572735793888569,6.3428192138671875,0.6316338921819435,0.43942912481725216,0.685791465437718,0.5605708751827478,0.6409239340573549,0.3125,1.0,0.3125,nan
metadata_order,2,sub-20,0,tent_det,ses-2,0,69,True,5,690189210,EEGTTA-PHASE1|v1|metadata_order|tent_det|sub-20|0|2,2022966015,True,False,0.6037312746047974,0.44490405917167664,0.20000000298023224,0.6598102450370789,0.6037312746047974,0.06537451595067978,0.02215043641626835,6.344888210296631,0.6037312362015065,0.4449040353298187,0.687063703640902,0.5550959646701813,0.6598102152347565,0.2,1.0,0.2,nan
metadata_order,3,sub-20,0,tent_det,ses-1,1,74,False,32,1688812874,EEGTTA-PHASE1|v1|metadata_order|tent_det|sub-20|0|3,690189210,True,False,0.6679248213768005,0.4898379147052765,0.375,0.5907328128814697,0.6679248213768005,0.0169125534594059,0.02815955877304077,6.346889495849609,0.667924833689131,0.489837889559567,0.6929406293612139,0.510162110440433,0.5907328007742763,0.375,0.0,0.625,nan
metadata_order,4,sub-20,0,tent_det,ses-1,1,74,False,32,1548618659,EEGTTA-PHASE1|v1|metadata_order|tent_det|sub-20|0|4,1688812874,True,False,0.6584337949752808,0.4996553063392639,0.5,0.6110771894454956,0.6584337949752808,0.028317898511886597,0.03364769369363785,6.3488616943359375,0.6584337759595087,0.49965528631582856,0.6931469429048784,0.5003447136841714,0.6110771573148668,0.5,0.0,0.5,nan
metadata_order,5,sub-20,0,tent_det,ses-1,1,74,True,10,918590583,EEGTTA-PHASE1|v1|metadata_order|tent_det|sub-20|0|5,1548618659,True,False,0.6713095307350159,0.4596982002258301,0.30000001192092896,0.5885934829711914,0.6713095307350159,0.04839678481221199,0.03891647607088089,6.350712776184082,0.671309515074902,0.4596982359886169,0.6898951895150351,0.5403017640113831,0.5885935187339782,0.3,0.0,0.7,nan
metadata_order,0,sub-21,0,tent_det,ses-2,0,64,False,32,1019597621,EEGTTA-PHASE1|v1|metadata_order|tent_det|sub-21|0|0,218371979,True,False,0.4614635109901428,0.49860429763793945,0.53125,0.7563601732254028,0.4614635109901428,0.09291020035743713,0.008600820787250996,7.807896137237549,0.4614635545747293,0.4986043138360401,0.6931432846751495,0.5013956861639599,0.7563601719284634,0.53125,1.0,0.53125,nan
metadata_order,1,sub-21,0,tent_det,ses-2,0,64,True,32,2091453138,EEGTTA-PHASE1|v1|metadata_order|tent_det|sub-21|0|1,1019597621,True,False,0.48559683561325073,0.5090514421463013,0.5,0.7634701728820801,0.48559683561325073,0.1431947648525238,0.01444337796419859,7.809301853179932,0.48559681867810944,0.5090514290495776,0.6929833148734162,0.5090514290495776,0.7634702083305456,0.5,1.0,0.5,nan
metadata_order,2,sub-21,0,tent_det,ses-1,1,63,False,32,1904362142,EEGTTA-PHASE1|v1|metadata_order|tent_det|sub-21|0|2,2091453138,True,False,0.4903702735900879,0.5498597025871277,0.5625,0.7619520425796509,0.4903702735900879,0.11254512518644333,0.019366614520549774,7.811296463012695,0.49037027037795844,0.5498596765683033,0.6881669327358457,0.5498596765683033,0.7619520052685402,0.5625,0.0,0.4375,nan
metadata_order,3,sub-21,0,tent_det,ses-1,1,63,True,31,768986077,EEGTTA-PHASE1|v1|metadata_order|tent_det|sub-21|0|3,1904362142,True,False,0.5054580569267273,0.5232959389686584,0.4838709533214569,0.73092120885849,0.5054580569267273,0.10464497655630112,0.024552488699555397,7.813342571258545,0.5054580626032299,0.5232959332305097,0.6920613865099483,0.5232959332305097,0.7309211992147949,0.4838709677419355,0.0,0.5161290322580645,nan
metadata_order,0,sub-22,0,tent_det,ses-2,0,73,False,32,1437542873,EEGTTA-PHASE1|v1|metadata_order|tent_det|sub-22|0|0,414086540,True,False,0.48444265127182007,0.5429179668426514,0.59375,0.7766422629356384,0.48444265127182007,0.18009769916534424,0.008567010052502155,7.112119197845459,0.48444262668236293,0.5429180258652195,0.6894587295461766,0.5429180258652195,0.776642263517715,0.59375,1.0,0.59375,nan
metadata_order,1,sub-22,0,tent_det,ses-2,0,73,False,32,64028663,EEGTTA-PHASE1|v1|metadata_order|tent_det|sub-22|0|1,1437542873,True,False,0.44139960408210754,0.5106228590011597,0.53125,0.7792081832885742,0.44139960408210754,0.09135187417268753,0.014551499858498573,7.11320686340332,0.44139959823093433,0.5106228589720558,0.6929214733127,0.5106228589720558,0.7792081982188392,0.53125,1.0,0.53125,nan
metadata_order,2,sub-22,0,tent_det,ses-2,0,73,True,9,1807886922,EEGTTA-PHASE1|v1|metadata_order|tent_det|sub-22|0|2,64028663,True,False,0.5571561455726624,0.49157312512397766,0.4444444477558136,0.7161188721656799,0.5571561455726624,0.19029326736927032,0.020190734416246414,7.1141862869262695,0.5571561551625932,0.4915730729699135,0.6930051476370267,0.5084269270300865,0.7161188614037302,0.4444444444444444,1.0,0.4444444444444444,nan
metadata_order,3,sub-22,0,tent_det,ses-1,1,73,False,32,69242186,EEGTTA-PHASE1|v1|metadata_order|tent_det|sub-22|0|3,1807886922,True,False,0.5559582710266113,0.5175328254699707,0.53125,0.7125114798545837,0.5559582710266113,0.0697261318564415,0.025310667231678963,7.1153130531311035,0.5559582136032748,0.5175328175537288,0.6925322551224312,0.5175328175537288,0.7125115138478577,0.53125,0.0,0.46875,nan
metadata_order,4,sub-22,0,tent_det,ses-1,1,73,False,32,1710005380,EEGTTA-PHASE1|v1|metadata_order|tent_det|sub-22|0|4,69242186,True,False,0.5106276273727417,0.457024484872818,0.375,0.7566390037536621,0.5106276273727417,0.15198980271816254,0.029151897877454758,7.116819858551025,0.5106276540167394,0.4570244795177132,0.6894488283155225,0.5429755204822868,0.7566389830317348,0.375,0.0,0.625,nan
metadata_order,5,sub-22,0,tent_det,ses-1,1,73,True,9,703770784,EEGTTA-PHASE1|v1|metadata_order|tent_det|sub-22|0|5,1710005380,True,False,0.49710381031036377,0.47551265358924866,0.5555555820465088,0.7412090301513672,0.49710381031036377,0.19025222957134247,0.03294607996940613,7.118169784545898,0.4971038193413707,0.47551266352335614,0.6919474413963462,0.5244873364766438,0.7412090433968438,0.5555555555555556,0.0,0.4444444444444444,nan
metadata_order,0,sub-23,0,tent_det,ses-1,0,74,False,32,1689477201,EEGTTA-PHASE1|v1|metadata_order|tent_det|sub-23|0|0,787095323,True,False,0.49378031492233276,0.5560375452041626,0.59375,0.7580868005752563,0.49378031492233276,0.1232585459947586,0.008569113910198212,7.352097511291504,0.4937802985556982,0.5560374916967703,0.6868535652897385,0.5560374916967703,0.758086820555036,0.59375,0.0,0.40625,nan
metadata_order,1,sub-23,0,tent_det,ses-1,0,74,False,32,566971571,EEGTTA-PHASE1|v1|metadata_order|tent_det|sub-23|0|1,1689477201,True,False,0.48154887557029724,0.5241247415542603,0.5625,0.752669095993042,0.48154887557029724,0.10277871042490005,0.015233864076435566,7.353879928588867,0.48154887009799774,0.5241247563390061,0.6919827207640152,0.5241247563390061,0.7526691408129409,0.5625,0.0,0.4375,nan
metadata_order,2,sub-23,0,tent_det,ses-1,0,74,True,10,600848522,EEGTTA-PHASE1|v1|metadata_order|tent_det|sub-23|0|2,566971571,True,False,0.3745163381099701,0.5677852630615234,0.6000000238418579,0.8561176657676697,0.3745163381099701,0.21621641516685486,0.021397065371274948,7.355262756347656,0.3745163692080802,0.5677852213382721,0.6839291490566441,0.5677852213382721,0.8561176002025604,0.6,0.0,0.4,nan
metadata_order,3,sub-23,0,tent_det,ses-2,1,74,False,32,1932589695,EEGTTA-PHASE1|v1|metadata_order|tent_det|sub-23|0|3,600848522,True,False,0.506848156452179,0.5341836810112,0.59375,0.7517867088317871,0.506848156452179,0.09669840335845947,0.027633508667349815,7.356781482696533,0.5068481773863354,0.5341836289153434,0.6908083155890903,0.5341836289153434,0.7517866864218377,0.59375,1.0,0.59375,nan
metadata_order,4,sub-23,0,tent_det,ses-2,1,74,False,32,1272012485,EEGTTA-PHASE1|v1|metadata_order|tent_det|sub-23|0|4,1932589695,True,False,0.4997338652610779,0.5583857297897339,0.625,0.7674087882041931,0.4997338652610779,0.15071609616279602,0.03365118429064751,7.358593940734863,0.4997338660132082,0.5583856884622946,0.686313824166241,0.5583856884622946,0.76740879972931,0.625,1.0,0.625,nan
metadata_order,5,sub-23,0,tent_det,ses-2,1,74,True,10,273585664,EEGTTA-PHASE1|v1|metadata_order|tent_det|sub-23|0|5,1272012485,True,False,0.40174609422683716,0.4930122494697571,0.4000000059604645,0.825605034828186,0.40174609422683716,0.16803322732448578,0.03892785683274269,7.360347270965576,0.4017460537202314,0.4930122423917055,0.6930495198679157,0.5069877576082945,0.8256050061434508,0.4,1.0,0.4,nan
metadata_order,0,sub-24,0,tent_det,ses-2,0,70,False,32,210273241,EEGTTA-PHASE1|v1|metadata_order|tent_det|sub-24|0|0,1293750696,True,False,0.5325478315353394,0.5740982890129089,0.53125,0.730847954750061,0.5325478315353394,0.1185508742928505,0.008535033091902733,6.890674114227295,0.5325478196372817,0.5740982897114009,0.6821255152151644,0.5740982897114009,0.7308479242492467,0.53125,1.0,0.53125,nan
metadata_order,1,sub-24,0,tent_det,ses-2,0,70,False,32,2101583317,EEGTTA-PHASE1|v1|metadata_order|tent_det|sub-24|0|1,210273241,True,False,0.4911224842071533,0.5538840889930725,0.59375,0.7577401399612427,0.4911224842071533,0.11909469962120056,0.014566661790013313,6.893694877624512,0.49112248351510757,0.5538840768567752,0.687328900169281,0.5538840768567752,0.7577401595481206,0.59375,1.0,0.59375,nan
metadata_order,2,sub-24,0,tent_det,ses-2,0,70,True,6,480386202,EEGTTA-PHASE1|v1|metadata_order|tent_det|sub-24|0|2,2101583317,True,False,0.5775810480117798,0.5299238562583923,0.3333333432674408,0.6614078879356384,0.5775810480117798,0.16021095216274261,0.020055389031767845,6.896048069000244,0.5775809622197934,0.5299238612254461,0.6913552350063676,0.5299238612254461,0.6614078432321548,0.3333333333333333,1.0,0.3333333333333333,nan
metadata_order,3,sub-24,0,tent_det,ses-1,1,72,False,32,1056232499,EEGTTA-PHASE1|v1|metadata_order|tent_det|sub-24|0|3,480386202,True,False,0.5873939990997314,0.5853358507156372,0.6875,0.6788617372512817,0.5873939990997314,0.12601608037948608,0.0258951373398304,6.8983001708984375,0.5873939897877135,0.5853358427993953,0.6785112241177953,0.5853358427993953,0.6788617414422333,0.6875,0.0,0.3125,nan
metadata_order,4,sub-24,0,tent_det,ses-1,1,72,False,32,1229502670,EEGTTA-PHASE1|v1|metadata_order|tent_det|sub-24|0|4,1056232499,True,False,0.5833346247673035,0.62432861328125,0.75,0.6867972612380981,0.5833346247673035,0.1818072497844696,0.031473562121391296,6.900448799133301,0.5833346235007555,0.6243286216631532,0.661905234047248,0.6243286216631532,0.6867972975596786,0.75,0.0,0.25,nan
metadata_order,5,sub-24,0,tent_det,ses-1,1,72,True,8,1091376855,EEGTTA-PHASE1|v1|metadata_order|tent_det|sub-24|0|5,1229502670,True,False,0.5318279266357422,0.6015125513076782,0.5,0.7095364332199097,0.5318279266357422,0.10965445637702942,0.036786988377571106,6.902879238128662,0.5318279043408604,0.6015125382691622,0.6723936173133738,0.6015125382691622,0.7095364611595869,0.5,0.0,0.5,nan
metadata_order,0,sub-25,0,tent_det,ses-2,0,73,False,32,1188294597,EEGTTA-PHASE1|v1|metadata_order|tent_det|sub-25|0|0,1005410779,True,False,0.35253727436065674,0.537627100944519,0.5625,0.851448118686676,0.35253727436065674,0.172139972448349,0.008585170842707157,8.4566011428833,0.35253723036077667,0.5376270755223231,0.6903129082217028,0.5376270755223231,0.8514481292077107,0.5625,1.0,0.5625,nan
metadata_order,1,sub-25,0,tent_det,ses-2,0,73,False,32,108136235,EEGTTA-PHASE1|v1|metadata_order|tent_det|sub-25|0|1,1188294597,True,False,0.4283641576766968,0.5096367597579956,0.53125,0.8005557060241699,0.4283641576766968,0.10888664424419403,0.01562895067036152,8.459121704101562,0.42836417110210656,0.5096367869555252,0.6929614337333803,0.5096367869555252,0.8005557421565754,0.53125,1.0,0.53125,nan
metadata_order,2,sub-25,0,tent_det,ses-2,0,73,True,9,1445990788,EEGTTA-PHASE1|v1|metadata_order|tent_det|sub-25|0|2,108136235,True,False,0.36626866459846497,0.550574541091919,0.6666666865348816,0.8184376955032349,0.36626866459846497,0.1983022391796112,0.021966176107525826,8.460750579833984,0.3662686894014049,0.550574500268946,0.6880228615245252,0.550574500268946,0.8184377230807311,0.6666666666666666,1.0,0.6666666666666666,nan
metadata_order,3,sub-25,0,tent_det,ses-1,1,73,False,32,591746733,EEGTTA-PHASE1|v1|metadata_order|tent_det|sub-25|0|3,1445990788,True,False,0.47381073236465454,0.5249450206756592,0.5,0.7744965553283691,0.47381073236465454,0.1144876480102539,0.027621755376458168,8.462596893310547,0.4738107100533482,0.5249449795228429,0.6919021597750676,0.5249449795228429,0.7744965219753794,0.5,0.0,0.5,nan
metadata_order,4,sub-25,0,tent_det,ses-1,1,73,False,32,771185140,EEGTTA-PHASE1|v1|metadata_order|tent_det|sub-25|0|4,591746733,True,False,0.39747050404548645,0.5205420255661011,0.5625,0.8111132383346558,0.39747050404548645,0.10360490530729294,0.033224884420633316,8.464585304260254,0.3974705184596034,0.5205419995545526,0.6923029954923192,0.5205419995545526,0.8111132345438818,0.5625,0.0,0.4375,nan
metadata_order,5,sub-25,0,tent_det,ses-1,1,73,True,9,7839941,EEGTTA-PHASE1|v1|metadata_order|tent_det|sub-25|0|5,771185140,True,False,0.3736419379711151,0.5165016651153564,0.5555555820465088,0.8350386023521423,0.3736419379711151,0.23338516056537628,0.038324352353811264,8.466302871704102,0.3736419592813326,0.5165016243958639,0.6926024744357684,0.5165016243958639,0.8350386232034199,0.5555555555555556,0.0,0.4444444444444444,nan
metadata_order,0,sub-26,0,tent_det,ses-2,0,74,False,32,2020617536,EEGTTA-PHASE1|v1|metadata_order|tent_det|sub-26|0|0,1705780404,True,False,0.6735056638717651,0.48507267236709595,0.40625,0.5760771036148071,0.6735056638717651,0.01743994653224945,0.008480583317577839,6.322605609893799,0.6735056336786684,0.48507269378751516,0.6927014653938165,0.5149273062124848,0.5760770859196782,0.40625,1.0,0.40625,nan
metadata_order,1,sub-26,0,tent_det,ses-2,0,74,False,32,1896982457,EEGTTA-PHASE1|v1|metadata_order|tent_det|sub-26|0|1,2020617536,True,False,0.6672464609146118,0.5033762454986572,0.65625,0.5918533802032471,0.6672464609146118,0.019967302680015564,0.014430180191993713,6.3231377601623535,0.6672464505529274,0.503376230597496,0.6931243825205996,0.503376230597496,0.5918533690273762,0.65625,1.0,0.65625,nan
metadata_order,2,sub-26,0,tent_det,ses-2,0,74,True,10,544871824,EEGTTA-PHASE1|v1|metadata_order|tent_det|sub-26|0|2,1896982457,True,False,0.6782538890838623,0.5059595704078674,0.6000000238418579,0.5781611800193787,0.6782538890838623,0.018171649426221848,0.018684180453419685,6.324034690856934,0.6782539236654689,0.5059595584869385,0.693076146203251,0.5059595584869385,0.5781611323356628,0.6,1.0,0.6,nan
metadata_order,3,sub-26,0,tent_det,ses-1,1,73,False,32,2144073206,EEGTTA-PHASE1|v1|metadata_order|tent_det|sub-26|0|3,544871824,True,False,0.6708018779754639,0.5200040340423584,0.53125,0.5855952501296997,0.6708018779754639,0.02482357993721962,0.023103788495063782,6.324864864349365,0.6708018233860469,0.5200040126219392,0.6923466458765828,0.5200040126219392,0.5855952417477965,0.53125,0.0,0.46875,nan
metadata_order,4,sub-26,0,tent_det,ses-1,1,73,False,32,1461650489,EEGTTA-PHASE1|v1|metadata_order|tent_det|sub-26|0|4,2144073206,True,False,0.6674987077713013,0.5029079914093018,0.5,0.5921507477760315,0.6674987077713013,0.018669629469513893,0.027807828038930893,6.326058387756348,0.6674987207277123,0.5029079914093018,0.693130267636523,0.5029079914093018,0.5921507440507412,0.5,0.0,0.5,nan
metadata_order,5,sub-26,0,tent_det,ses-1,1,73,True,9,601173730,EEGTTA-PHASE1|v1|metadata_order|tent_det|sub-26|0|5,1461650489,True,False,0.6719369888305664,0.4883941113948822,0.4444444477558136,0.5877081751823425,0.6719369888305664,0.021201981231570244,0.03234975412487984,6.32740592956543,0.6719369948291098,0.48839406503571403,0.6928777609106365,0.511605934964286,0.5877081784937117,0.4444444444444444,0.0,0.5555555555555556,nan
metadata_order,0,sub-27,0,tent_det,ses-2,0,74,False,32,1570944426,EEGTTA-PHASE1|v1|metadata_order|tent_det|sub-27|0|0,2062857464,True,False,0.43872904777526855,0.5184488296508789,0.5,0.7866883277893066,0.43872904777526855,0.12554095685482025,0.008551349863409996,7.856210708618164,0.43872905614326213,0.5184488479135325,0.6924663060371989,0.5184488479135325,0.7866882946254918,0.5,1.0,0.5,nan
metadata_order,1,sub-27,0,tent_det,ses-2,0,74,False,32,756605016,EEGTTA-PHASE1|v1|metadata_order|tent_det|sub-27|0|1,1570944426,True,False,0.4556958079338074,0.5237215757369995,0.5625,0.7825855016708374,0.4556958079338074,0.13750043511390686,0.014747481793165207,7.8577375411987305,0.4556958321491267,0.5237215650267899,0.6920213326906963,0.5237215650267899,0.782585512381047,0.5625,1.0,0.5625,nan
metadata_order,2,sub-27,0,tent_det,ses-2,0,74,True,10,622064467,EEGTTA-PHASE1|v1|metadata_order|tent_det|sub-27|0|2,756605016,True,False,0.37922200560569763,0.5568187832832336,0.699999988079071,0.8268753290176392,0.37922200560569763,0.19851937890052795,0.019296880811452866,7.859508991241455,0.3792220082650516,0.5568187711760402,0.6866764662415075,0.5568187711760402,0.8268752219155431,0.7,1.0,0.7,nan
metadata_order,3,sub-27,0,tent_det,ses-1,1,73,False,32,975191472,EEGTTA-PHASE1|v1|metadata_order|tent_det|sub-27|0|3,622064467,True,False,0.434695303440094,0.5318471193313599,0.625,0.7807921171188354,0.434695303440094,0.10277401655912399,0.023865478113293648,7.861312389373779,0.434695333313449,0.5318471406390017,0.6911173260175302,0.5318471406390017,0.780792162866419,0.625,0.0,0.375,nan
metadata_order,4,sub-27,0,tent_det,ses-1,1,73,False,32,124669756,EEGTTA-PHASE1|v1|metadata_order|tent_det|sub-27|0|4,975191472,True,False,0.5216020345687866,0.5149275064468384,0.4375,0.7210083603858948,0.5216020345687866,0.06847764551639557,0.028560977429151535,7.863223075866699,0.521601957763952,0.5149274781142594,0.6927014551265847,0.5149274781142594,0.721008355190861,0.4375,0.0,0.5625,nan
metadata_order,5,sub-27,0,tent_det,ses-1,1,73,True,9,1548283160,EEGTTA-PHASE1|v1|metadata_order|tent_det|sub-27|0|5,124669756,True,False,0.4341224730014801,0.5655180811882019,0.5555555820465088,0.7682062983512878,0.4341224730014801,0.12721280753612518,0.033248063176870346,7.8650312423706055,0.434122426252575,0.5655180739445819,0.6845372054620849,0.5655180739445819,0.7682062791039547,0.5555555555555556,0.0,0.4444444444444444,nan
metadata_order,0,sub-28,0,tent_det,ses-2,0,57,False,32,1221332417,EEGTTA-PHASE1|v1|metadata_order|tent_det|sub-28|0|0,1058516894,True,False,0.48258447647094727,0.44387906789779663,0.34375,0.7693619132041931,0.48258447647094727,0.2087944597005844,0.008531583473086357,6.971599578857422,0.4825844940973913,0.443879084661603,0.6868347728984132,0.556120915338397,0.7693618964403868,0.34375,1.0,0.34375,nan
metadata_order,1,sub-28,0,tent_det,ses-2,0,57,True,25,1826722886,EEGTTA-PHASE1|v1|metadata_order|tent_det|sub-28|0|1,1221332417,True,False,0.5184870958328247,0.4772650897502899,0.4399999976158142,0.7216953039169312,0.5184870958328247,0.2063894271850586,0.014924218878149986,6.973089218139648,0.5184871088486588,0.47726508786901833,0.6921130715911057,0.5227349121309817,0.7216953499056399,0.44,1.0,0.44,nan
metadata_order,2,sub-28,0,tent_det,ses-1,1,74,False,32,1525027901,EEGTTA-PHASE1|v1|metadata_order|tent_det|sub-28|0|2,1826722886,True,False,0.5199919939041138,0.4970255494117737,0.5,0.7309355735778809,0.5199919939041138,0.08188195526599884,0.0200932789593935,6.974832534790039,0.5199919846502364,0.49702553858514875,0.6931294856141579,0.5029744614148512,0.7309356030309573,0.5,0.0,0.5,nan
metadata_order,3,sub-28,0,tent_det,ses-1,1,74,False,32,299951232,EEGTTA-PHASE1|v1|metadata_order|tent_det|sub-28|0|3,1525027901,True,False,0.5233933329582214,0.44064897298812866,0.375,0.7217591404914856,0.5233933329582214,0.13654686510562897,0.025273755192756653,6.976587295532227,0.5233933286721066,0.44064898148644716,0.6860854553912064,0.5593510185135528,0.7217591729713604,0.375,0.0,0.625,nan
metadata_order,4,sub-28,0,tent_det,ses-1,1,74,True,10,686355844,EEGTTA-PHASE1|v1|metadata_order|tent_det|sub-28|0|4,299951232,True,False,0.47697457671165466,0.5010027289390564,0.4000000059604645,0.769463062286377,0.47697457671165466,0.13841022551059723,0.03034217655658722,6.978160381317139,0.4769745248277327,0.5010026499629021,0.6931451699447015,0.5010026499629021,0.7694630339741707,0.4,0.0,0.6,nan
metadata_order,0,sub-29,0,tent_det,ses-1,0,72,False,32,395395438,EEGTTA-PHASE1|v1|metadata_order|tent_det|sub-29|0|0,1078664073,True,False,0.4193931818008423,0.4378964900970459,0.40625,0.7980902194976807,0.4193931818008423,0.1616733819246292,0.008518804796040058,7.491011619567871,0.41939318486749444,0.43789647991070524,0.6854135290369472,0.5621035200892948,0.798090188705828,0.40625,0.0,0.59375,nan
metadata_order,1,sub-29,0,tent_det,ses-1,0,72,False,32,1320945554,EEGTTA-PHASE1|v1|metadata_order|tent_det|sub-29|0|1,395395438,True,False,0.42708486318588257,0.45322734117507935,0.34375,0.7918438911437988,0.42708486318588257,0.1509764939546585,0.016052279621362686,7.4931182861328125,0.4270848373844468,0.4532273540389724,0.6887654160372465,0.5467726459610276,0.7918439118075185,0.34375,0.0,0.65625,nan
metadata_order,2,sub-29,0,tent_det,ses-1,0,72,True,8,1766641348,EEGTTA-PHASE1|v1|metadata_order|tent_det|sub-29|0|2,1320945554,True,False,0.5029395818710327,0.5848139524459839,0.625,0.7649052143096924,0.5029395818710327,0.23839446902275085,0.020271990448236465,7.494818687438965,0.5029396155572097,0.5848139273002744,0.6786905761110495,0.5848139273002744,0.7649051798507571,0.625,0.0,0.375,nan
metadata_order,3,sub-29,0,tent_det,ses-2,1,74,False,32,1869972049,EEGTTA-PHASE1|v1|metadata_order|tent_det|sub-29|0|3,1766641348,True,False,0.46656113862991333,0.5526303648948669,0.5625,0.7665419578552246,0.46656113862991333,0.13314960896968842,0.023902850225567818,7.496558666229248,0.4665611396522629,0.552630356993177,0.6875969957979366,0.552630356993177,0.7665419992845273,0.5625,1.0,0.5625,nan
metadata_order,4,sub-29,0,tent_det,ses-2,1,74,False,32,1779101886,EEGTTA-PHASE1|v1|metadata_order|tent_det|sub-29|0|4,1869972049,True,False,0.5036001205444336,0.5465011596679688,0.59375,0.7363617420196533,0.5036001205444336,0.0950390100479126,0.02741973102092743,7.498227119445801,0.5036001481756294,0.5465011813212186,0.6888162047610504,0.5465011813212186,0.7363618060480803,0.59375,1.0,0.59375,nan
metadata_order,5,sub-29,0,tent_det,ses-2,1,74,True,10,174289606,EEGTTA-PHASE1|v1|metadata_order|tent_det|sub-29|0|5,1779101886,True,False,0.4972356855869293,0.548112690448761,0.6000000238418579,0.7534937262535095,0.4972356855869293,0.15687553584575653,0.031071171164512634,7.499715805053711,0.49723568240238974,0.5481126680970192,0.6885103517268509,0.5481126680970192,0.7534936770796776,0.6,1.0,0.6,nan
metadata_order,0,sub-30,0,tent_det,ses-1,0,73,False,32,1751087347,EEGTTA-PHASE1|v1|metadata_order|tent_det|sub-30|0|0,1602700375,True,False,0.6625698804855347,0.49297717213630676,0.46875,0.5955126285552979,0.6625698804855347,0.0240020751953125,0.00851716473698616,6.3361005783081055,0.6625698728308315,0.49297715490683913,0.6930485366099546,0.5070228450931609,0.5955126681365073,0.46875,0.0,0.53125,nan
metadata_order,1,sub-30,0,tent_det,ses-1,0,73,False,32,164236816,EEGTTA-PHASE1|v1|metadata_order|tent_det|sub-30|0|1,1751087347,True,False,0.6564058065414429,0.5206277370452881,0.53125,0.6086825132369995,0.6564058065414429,0.03357429802417755,0.01411778386682272,6.3380608558654785,0.6564058389600698,0.5206277584657073,0.692295930151458,0.5206277584657073,0.6086825365200639,0.53125,0.0,0.46875,nan
metadata_order,2,sub-30,0,tent_det,ses-1,0,73,True,9,1768937231,EEGTTA-PHASE1|v1|metadata_order|tent_det|sub-30|0|2,164236816,True,False,0.6695516705513,0.49709054827690125,0.4444444477558136,0.5844497084617615,0.6695516705513,0.022445792332291603,0.019052457064390182,6.340126037597656,0.6695516063175841,0.4970905085404714,0.6931302501832931,0.5029094914595287,0.5844496919049157,0.4444444444444444,0.0,0.5555555555555556,nan
metadata_order,3,sub-30,0,tent_det,ses-2,1,73,False,32,1568090306,EEGTTA-PHASE1|v1|metadata_order|tent_det|sub-30|0|3,1768937231,True,False,0.6347281336784363,0.47738003730773926,0.4375,0.6471417546272278,0.6347281336784363,0.0540151484310627,0.023742208257317543,6.3417816162109375,0.634728111153853,0.4773800000548363,0.6921235024115504,0.5226199999451637,0.6471417732536793,0.4375,1.0,0.4375,nan
metadata_order,4,sub-30,0,tent_det,ses-2,1,73,False,32,869573162,EEGTTA-PHASE1|v1|metadata_order|tent_det|sub-30|0|4,1568090306,True,False,0.6479324102401733,0.5237699151039124,0.46875,0.6195175647735596,0.6479324102401733,0.037675537168979645,0.028346572071313858,6.34335470199585,0.6479323310257026,0.5237699178978801,0.6920167365340553,0.5237699178978801,0.6195175582543015,0.46875,1.0,0.46875,nan
metadata_order,5,sub-30,0,tent_det,ses-2,1,73,True,9,991379773,EEGTTA-PHASE1|v1|metadata_order|tent_det|sub-30|0|5,869573162,True,False,0.649194061756134,0.49637624621391296,0.3333333432674408,0.6279280781745911,0.649194061756134,0.04592883214354515,0.03292068466544151,6.344762325286865,0.6491940442647542,0.49637626939349705,0.6931209174830111,0.503623730606503,0.6279280516836379,0.3333333333333333,1.0,0.3333333333333333,nan
metadata_order,0,sub-31,0,tent_det,ses-1,0,73,False,32,588488539,EEGTTA-PHASE1|v1|metadata_order|tent_det|sub-31|0|0,1989587822,True,False,0.5716894865036011,0.524357259273529,0.53125,0.7041795253753662,0.5716894865036011,0.05999339371919632,0.008531690575182438,6.714376449584961,0.5716894461579205,0.5243572606705129,0.6919601585170383,0.5243572606705129,0.7041794979013503,0.53125,0.0,0.46875,nan
metadata_order,1,sub-31,0,tent_det,ses-1,0,73,False,32,1249645615,EEGTTA-PHASE1|v1|metadata_order|tent_det|sub-31|0|1,588488539,True,False,0.6172753572463989,0.5111256837844849,0.5,0.6578085422515869,0.6172753572463989,0.07486937940120697,0.013779976405203342,6.71545934677124,0.6172753706246489,0.5111256809905171,0.692899598571985,0.5111256809905171,0.6578085152432323,0.5,0.0,0.5,nan
metadata_order,2,sub-31,0,tent_det,ses-1,0,73,True,9,1016993213,EEGTTA-PHASE1|v1|metadata_order|tent_det|sub-31|0|2,1249645615,True,False,0.5507309436798096,0.5503275394439697,0.6666666865348816,0.7305372953414917,0.5507309436798096,0.17883794009685516,0.018894731998443604,6.717181205749512,0.5507309154917448,0.5503274707330598,0.6880728832837032,0.5503274707330598,0.7305372580885887,0.6666666666666666,0.0,0.3333333333333333,nan
metadata_order,3,sub-31,0,tent_det,ses-2,1,71,False,32,258462896,EEGTTA-PHASE1|v1|metadata_order|tent_det|sub-31|0|3,1016993213,True,False,0.5471559166908264,0.4696460962295532,0.34375,0.7073291540145874,0.5471559166908264,0.15524663031101227,0.023129407316446304,6.719273567199707,0.5471558947421411,0.4696460901759565,0.6913033273329092,0.5303539098240435,0.7073291190899909,0.34375,1.0,0.34375,nan
metadata_order,4,sub-31,0,tent_det,ses-2,1,71,False,32,1935377358,EEGTTA-PHASE1|v1|metadata_order|tent_det|sub-31|0|4,258462896,True,False,0.5884116888046265,0.48818331956863403,0.40625,0.6883004903793335,0.5884116888046265,0.12464553117752075,0.027352435514330864,6.721222877502441,0.5884116625926856,0.4881833395920694,0.6928678876310708,0.5118166604079306,0.6883004740811884,0.40625,1.0,0.40625,nan
metadata_order,5,sub-31,0,tent_det,ses-2,1,71,True,7,1153524090,EEGTTA-PHASE1|v1|metadata_order|tent_det|sub-31|0|5,1935377358,True,False,0.5674656629562378,0.5058512687683105,0.5714285969734192,0.7129647135734558,0.5674656629562378,0.12155008316040039,0.031638551503419876,6.722673416137695,0.5674656756857719,0.5058512538671494,0.6930787046533121,0.5058512538671494,0.7129647029297692,0.5714285714285714,1.0,0.5714285714285714,nan
metadata_order,0,sub-32,0,tent_det,ses-1,0,68,False,32,228398423,EEGTTA-PHASE1|v1|metadata_order|tent_det|sub-32|0|0,1056648591,True,False,0.6294599771499634,0.44525471329689026,0.15625,0.6299924850463867,0.6294599771499634,0.08726345747709274,0.008507353253662586,6.3397040367126465,0.6294599591980719,0.4452547081746161,0.6871410524167318,0.5547452918253839,0.6299925087951124,0.15625,0.0,0.84375,nan
metadata_order,1,sub-32,0,tent_det,ses-1,0,68,False,32,76665166,EEGTTA-PHASE1|v1|metadata_order|tent_det|sub-32|0|1,228398423,True,False,0.5922256112098694,0.45009294152259827,0.25,0.6751084327697754,0.5922256112098694,0.1003175675868988,0.015937648713588715,6.340610504150391,0.5922256141224742,0.45009294943884015,0.688157448488608,0.5499070505611598,0.675108406227082,0.25,0.0,0.75,nan
metadata_order,2,sub-32,0,tent_det,ses-1,0,68,True,4,360826813,EEGTTA-PHASE1|v1|metadata_order|tent_det|sub-32|0|2,76665166,True,False,0.6210342645645142,0.4875817894935608,0.5,0.6805675029754639,0.6210342645645142,0.08687373995780945,0.021294280886650085,6.341517925262451,0.621034236927158,0.4875818006694317,0.6928387254945708,0.5124181993305683,0.680567491799593,0.5,0.0,0.5,nan
metadata_order,3,sub-32,0,tent_det,ses-2,1,65,False,32,620903972,EEGTTA-PHASE1|v1|metadata_order|tent_det|sub-32|0|3,360826813,True,False,0.6189334392547607,0.5494856834411621,0.46875,0.6485248804092407,0.6189334392547607,0.07871778309345245,0.026388097554445267,6.342241287231445,0.6189334740478076,0.549485681578517,0.6882414879950487,0.549485681578517,0.6485248524695635,0.46875,1.0,0.46875,nan
metadata_order,4,sub-32,0,tent_det,ses-2,1,65,False,32,1106860194,EEGTTA-PHASE1|v1|metadata_order|tent_det|sub-32|0|4,620903972,True,False,0.5873138904571533,0.5886946320533752,0.75,0.6878368258476257,0.5873138904571533,0.09613891690969467,0.031038088724017143,6.343079566955566,0.5873138914218576,0.5886946176178753,0.6773301396973279,0.5886946176178753,0.6878368663601577,0.75,1.0,0.75,nan
metadata_order,5,sub-32,0,tent_det,ses-2,1,65,True,1,225751381,EEGTTA-PHASE1|v1|metadata_order|tent_det|sub-32|0|5,1106860194,True,False,0.682016134262085,0.5744636058807373,1.0,0.5744636058807373,0.682016134262085,0.08814311772584915,0.03466102108359337,6.343764305114746,0.6820161617946401,0.5744636058807373,0.6820161617946401,0.5744636058807373,0.5744636058807373,1.0,1.0,1.0,nan
metadata_order,0,sub-33,0,tent_det,ses-1,0,73,False,32,690636747,EEGTTA-PHASE1|v1|metadata_order|tent_det|sub-33|0|0,177196389,True,False,0.6468367576599121,0.5202667117118835,0.5,0.6278801560401917,0.6468367576599121,0.05085238814353943,0.008520354516804218,6.366128921508789,0.6468367759091938,0.5202666847035289,0.6923254784527462,0.5202666847035289,0.6278801681473851,0.5,0.0,0.5,nan
metadata_order,1,sub-33,0,tent_det,ses-1,0,73,False,32,17599158,EEGTTA-PHASE1|v1|metadata_order|tent_det|sub-33|0|1,690636747,True,False,0.6551569700241089,0.4965364336967468,0.53125,0.6131734848022461,0.6551569700241089,0.028277449309825897,0.014767933636903763,6.3663530349731445,0.6551569607007909,0.4965364304371178,0.6931231877398256,0.5034635695628822,0.613173461984843,0.53125,0.0,0.46875,nan
metadata_order,2,sub-33,0,tent_det,ses-1,0,73,True,9,1165016280,EEGTTA-PHASE1|v1|metadata_order|tent_det|sub-33|0|2,17599158,True,False,0.6710673570632935,0.5119004249572754,0.4444444477558136,0.5915250778198242,0.6710673570632935,0.06661923229694366,0.019663218408823013,6.366748809814453,0.6710673649108932,0.5119004415141212,0.6928639127955976,0.5119004415141212,0.5915250877539316,0.4444444444444444,0.0,0.5555555555555556,nan
metadata_order,3,sub-33,0,tent_det,ses-2,1,72,False,32,352005528,EEGTTA-PHASE1|v1|metadata_order|tent_det|sub-33|0|3,1165016280,True,False,0.6160410642623901,0.4969211518764496,0.40625,0.6645280122756958,0.6160410642623901,0.05578835681080818,0.024348774924874306,6.367542743682861,0.6160410689771798,0.49692113418132067,0.6931282216106722,0.5030788658186793,0.6645279703661799,0.40625,1.0,0.40625,nan
metadata_order,4,sub-33,0,tent_det,ses-2,1,72,False,32,976702241,EEGTTA-PHASE1|v1|metadata_order|tent_det|sub-33|0|4,352005528,True,False,0.6405836939811707,0.5041922330856323,0.46875,0.6277087926864624,0.6405836939811707,0.03288539871573448,0.028960920870304108,6.368383407592773,0.6405837349884826,0.504192229360342,0.6931120305740834,0.504192229360342,0.6277087666094303,0.46875,1.0,0.46875,nan
metadata_order,5,sub-33,0,tent_det,ses-2,1,72,True,8,1765856323,EEGTTA-PHASE1|v1|metadata_order|tent_det|sub-33|0|5,976702241,True,False,0.6603235006332397,0.48017096519470215,0.375,0.6156912446022034,0.6603235006332397,0.04097883403301239,0.033093370497226715,6.369264125823975,0.6603235505970169,0.48017095774412155,0.6923605924644569,0.5198290422558784,0.615691252052784,0.375,1.0,0.375,nan
metadata_order,0,sub-34,0,tent_det,ses-1,0,72,False,32,727679413,EEGTTA-PHASE1|v1|metadata_order|tent_det|sub-34|0|0,322638668,True,False,0.4608931541442871,0.477314829826355,0.46875,0.7603998184204102,0.4608931541442871,0.09853379428386688,0.008501354604959488,6.612003803253174,0.4608931547328867,0.4773148168460466,0.6921175920911462,0.5226851831539534,0.7603998053236865,0.46875,0.0,0.53125,nan
metadata_order,1,sub-34,0,tent_det,ses-1,0,72,False,32,1347711186,EEGTTA-PHASE1|v1|metadata_order|tent_det|sub-34|0|1,727679413,True,False,0.515440821647644,0.48193085193634033,0.5625,0.7409194707870483,0.515440821647644,0.10601601004600525,0.014886243268847466,6.613448619842529,0.5154408103357432,0.4819308769656345,0.6924940519407647,0.5180691230343655,0.7409194681094959,0.5625,0.0,0.4375,nan
metadata_order,2,sub-34,0,tent_det,ses-1,0,72,True,8,22487141,EEGTTA-PHASE1|v1|metadata_order|tent_det|sub-34|0|2,1347711186,True,False,0.46236908435821533,0.40277987718582153,0.25,0.7848501205444336,0.46236908435821533,0.24830970168113708,0.021256115287542343,6.615056991577148,0.46236903441779553,0.40277988370507956,0.6741227257013079,0.5972201162949204,0.784850143827498,0.25,0.0,0.75,nan
metadata_order,3,sub-34,0,tent_det,ses-2,1,73,False,32,1041556592,EEGTTA-PHASE1|v1|metadata_order|tent_det|sub-34|0|3,22487141,True,False,0.46657779812812805,0.4933338463306427,0.4375,0.7722285985946655,0.46657779812812805,0.12273483723402023,0.027698293328285217,6.616641044616699,0.46657781037996293,0.49333383690100163,0.6930583024658841,0.5066661630989984,0.7722285707714036,0.4375,1.0,0.4375,nan
metadata_order,4,sub-34,0,tent_det,ses-2,1,73,False,32,1192259171,EEGTTA-PHASE1|v1|metadata_order|tent_det|sub-34|0|4,1041556592,True,False,0.5097334384918213,0.46294307708740234,0.34375,0.7461012005805969,0.5097334384918213,0.1603902280330658,0.03430056944489479,6.618279933929443,0.5097334490557125,0.4629430709173903,0.6903982287370738,0.5370569290826097,0.7461012104758993,0.34375,1.0,0.34375,nan
metadata_order,5,sub-34,0,tent_det,ses-2,1,73,True,9,1311562925,EEGTTA-PHASE1|v1|metadata_order|tent_det|sub-34|0|5,1192259171,True,False,0.5919848084449768,0.48239755630493164,0.3333333432674408,0.6783360242843628,0.5919848084449768,0.12493180483579636,0.04052101820707321,6.619604110717773,0.5919847953193194,0.48239757120609283,0.6925273614919101,0.5176024287939072,0.678336062365108,0.3333333333333333,1.0,0.3333333333333333,nan
metadata_order,0,sub-35,0,tent_det,ses-1,0,73,False,32,114908025,EEGTTA-PHASE1|v1|metadata_order|tent_det|sub-35|0|0,1716677516,True,False,0.4875516891479492,0.493441641330719,0.4375,0.7580920457839966,0.4875516891479492,0.14201395213603973,0.008536250330507755,7.133866786956787,0.48755167593977633,0.4934416126925498,0.693061153204866,0.5065583873074502,0.7580920706968755,0.4375,0.0,0.5625,nan
metadata_order,1,sub-35,0,tent_det,ses-1,0,73,False,32,651490671,EEGTTA-PHASE1|v1|metadata_order|tent_det|sub-35|0|1,114908025,True,False,0.49577975273132324,0.5297043323516846,0.5625,0.7583239078521729,0.49577975273132324,0.10545577853918076,0.013459674082696438,7.135590553283691,0.4957797549311149,0.5297043427126482,0.6913814450891116,0.5297043427126482,0.7583239012164995,0.5625,0.0,0.4375,nan
metadata_order,2,sub-35,0,tent_det,ses-1,0,73,True,9,1464831294,EEGTTA-PHASE1|v1|metadata_order|tent_det|sub-35|0|2,651490671,True,False,0.5967116355895996,0.4947686791419983,0.4444444477558136,0.6871336102485657,0.5967116355895996,0.09894818812608719,0.018718793988227844,7.137551307678223,0.5967116901725988,0.494768641061253,0.6930924453285975,0.5052313589387469,0.6871335688564513,0.4444444444444444,0.0,0.5555555555555556,nan
metadata_order,3,sub-35,0,tent_det,ses-2,1,73,False,32,416015880,EEGTTA-PHASE1|v1|metadata_order|tent_det|sub-35|0|3,1464831294,True,False,0.49538302421569824,0.5070402026176453,0.5,0.7546126842498779,0.49538302421569824,0.0948580652475357,0.023717278614640236,7.139358997344971,0.4953830026801505,0.5070401729899459,0.6930480492127706,0.5070401729899459,0.7546126766246744,0.5,1.0,0.5,nan
metadata_order,4,sub-35,0,tent_det,ses-2,1,73,False,32,2062323469,EEGTTA-PHASE1|v1|metadata_order|tent_det|sub-35|0|4,416015880,True,False,0.5057217478752136,0.4985859990119934,0.4375,0.7565913796424866,0.5057217478752136,0.08869996666908264,0.028895966708660126,7.141323089599609,0.5057217361111498,0.49858599138678983,0.6931431817138987,0.5014140086132102,0.7565913388389163,0.4375,1.0,0.4375,nan
metadata_order,5,sub-35,0,tent_det,ses-2,1,73,True,9,1725865446,EEGTTA-PHASE1|v1|metadata_order|tent_det|sub-35|0|5,2062323469,True,False,0.4443660080432892,0.5171650052070618,0.5555555820465088,0.8006065487861633,0.4443660080432892,0.12772803008556366,0.03345705196261406,7.143369197845459,0.44436601782771284,0.5171650056209829,0.6925577899211306,0.5171650056209829,0.8006064821448591,0.5555555555555556,1.0,0.5555555555555556,nan
metadata_order,0,sub-36,0,tent_det,ses-1,0,73,False,32,1137291669,EEGTTA-PHASE1|v1|metadata_order|tent_det|sub-36|0|0,2068748854,True,False,0.39877527952194214,0.4714401960372925,0.5,0.8046973347663879,0.39877527952194214,0.10918771475553513,0.008553341962397099,7.2164201736450195,0.398775296048794,0.4714401670062216,0.6915149642018152,0.5285598329937784,0.8046973377204267,0.5,0.0,0.5,nan
metadata_order,1,sub-36,0,tent_det,ses-1,0,73,False,32,719398191,EEGTTA-PHASE1|v1|metadata_order|tent_det|sub-36|0|1,1137291669,True,False,0.4693998098373413,0.4216177761554718,0.34375,0.7756390571594238,0.4693998098373413,0.2275805026292801,0.01362792868167162,7.218089580535889,0.4693997894334182,0.4216177715570666,0.6808088038075917,0.5783822284429334,0.7756390319555067,0.34375,0.0,0.65625,nan
metadata_order,2,sub-36,0,tent_det,ses-1,0,73,True,9,1269649168,EEGTTA-PHASE1|v1|metadata_order|tent_det|sub-36|0|2,719398191,True,False,0.5502893924713135,0.440677672624588,0.5555555820465088,0.7041183114051819,0.5502893924713135,0.18307340145111084,0.01936195231974125,7.220242500305176,0.5502893994162457,0.4406776651740074,0.6860922956025428,0.5593223348259926,0.7041182691852251,0.5555555555555556,0.0,0.4444444444444444,nan
metadata_order,3,sub-36,0,tent_det,ses-2,1,72,False,32,1972370277,EEGTTA-PHASE1|v1|metadata_order|tent_det|sub-36|0|3,1269649168,True,False,0.4381924271583557,0.4348904490470886,0.40625,0.7798465490341187,0.4381924271583557,0.13879834115505219,0.02483951859176159,7.222217559814453,0.4381924070846577,0.43489047261027736,0.6846445537663943,0.5651095273897226,0.7798465813502844,0.40625,1.0,0.40625,nan
metadata_order,4,sub-36,0,tent_det,ses-2,1,72,False,32,1811605583,EEGTTA-PHASE1|v1|metadata_order|tent_det|sub-36|0|4,1972370277,True,False,0.3088807463645935,0.4754672646522522,0.5,0.8562588691711426,0.3088807463645935,0.18581438064575195,0.029758092015981674,7.223954200744629,0.3088807267263121,0.4754672761482652,0.6919429880432385,0.5245327238517348,0.8562588837521616,0.5,1.0,0.5,nan
metadata_order,5,sub-36,0,tent_det,ses-2,1,72,True,8,1893014927,EEGTTA-PHASE1|v1|metadata_order|tent_det|sub-36|0|5,1811605583,True,False,0.39760828018188477,0.4940953850746155,0.625,0.7843236327171326,0.39760828018188477,0.15825709700584412,0.03375993296504021,7.225357532501221,0.3976082881398145,0.4940954080084339,0.6930774505259973,0.5059045919915661,0.7843236246844754,0.625,1.0,0.625,nan
metadata_order,0,sub-37,0,tent_det,ses-1,0,71,False,32,99095886,EEGTTA-PHASE1|v1|metadata_order|tent_det|sub-37|0|0,706020121,True,False,0.5925263166427612,0.5256325006484985,0.53125,0.6894621849060059,0.5925263166427612,0.08265392482280731,0.008490893058478832,6.542543411254883,0.5925262908688838,0.5256324699148536,0.6918325573529589,0.5256324699148536,0.6894622156396508,0.53125,0.0,0.46875,nan
metadata_order,1,sub-37,0,tent_det,ses-1,0,71,False,32,1535750323,EEGTTA-PHASE1|v1|metadata_order|tent_det|sub-37|0|1,99095886,True,False,0.5866349935531616,0.501380443572998,0.4375,0.6826162934303284,0.5866349935531616,0.07492465525865555,0.014287467114627361,6.544393539428711,0.5866349971354232,0.5013804663904011,0.6931433691801931,0.5013804663904011,0.6826162631623447,0.4375,0.0,0.5625,nan
metadata_order,2,sub-37,0,tent_det,ses-1,0,71,True,7,507165499,EEGTTA-PHASE1|v1|metadata_order|tent_det|sub-37|0|2,1535750323,True,False,0.6110681891441345,0.49678653478622437,0.4285714626312256,0.6733152866363525,0.6110681891441345,0.1043088510632515,0.019052300602197647,6.546045303344727,0.6110681782311091,0.4967865582023348,0.693126528001395,0.5032134417976653,0.6733152887650898,0.42857142857142855,0.0,0.5714285714285714,nan
metadata_order,3,sub-37,0,tent_det,ses-2,1,51,False,32,1814377583,EEGTTA-PHASE1|v1|metadata_order|tent_det|sub-37|0|3,507165499,True,False,0.5642303228378296,0.49882951378822327,0.4375,0.7235207557678223,0.5642303228378296,0.09032050520181656,0.023635411635041237,6.547746181488037,0.564230343892637,0.49882952589541674,0.6931444405381837,0.5011704741045833,0.7235207660123706,0.4375,1.0,0.4375,nan
metadata_order,4,sub-37,0,tent_det,ses-2,1,51,True,19,1729007200,EEGTTA-PHASE1|v1|metadata_order|tent_det|sub-37|0|4,1814377583,True,False,0.5417296886444092,0.49814099073410034,0.4736842215061188,0.7220874428749084,0.5417296886444092,0.18087968230247498,0.028306175023317337,6.549195766448975,0.5417296702137554,0.49814095740255554,0.6931402684652613,0.5018590425974445,0.7220874950289726,0.47368421052631576,1.0,0.47368421052631576,nan
metadata_order,0,sub-38,0,tent_det,ses-1,0,71,False,32,1392929211,EEGTTA-PHASE1|v1|metadata_order|tent_det|sub-38|0|0,68649428,True,False,0.5668988227844238,0.5650439262390137,0.625,0.6938444375991821,0.5668988227844238,0.10414502769708633,0.008546152152121067,6.709632873535156,0.566898785808765,0.5650439478922635,0.6846617219498641,0.5650439478922635,0.6938444271218032,0.625,0.0,0.375,nan
metadata_order,1,sub-38,0,tent_det,ses-1,0,71,False,32,404098616,EEGTTA-PHASE1|v1|metadata_order|tent_det|sub-38|0|1,1392929211,True,False,0.5595324635505676,0.5434439182281494,0.625,0.7168386578559875,0.5595324635505676,0.12960560619831085,0.01512843556702137,6.711706638336182,0.5595324710569236,0.5434439468663186,0.6893676635333685,0.5434439468663186,0.7168386590201408,0.625,0.0,0.375,nan
metadata_order,2,sub-38,0,tent_det,ses-1,0,71,True,7,574473278,EEGTTA-PHASE1|v1|metadata_order|tent_det|sub-38|0|2,404098616,True,False,0.5423223972320557,0.5252529978752136,0.4285714626312256,0.7375167012214661,0.5423223972320557,0.12668849527835846,0.020429184660315514,6.713296413421631,0.5423224066596269,0.5252529808453151,0.6918712116855423,0.5252529808453151,0.7375166160719735,0.42857142857142855,0.0,0.5714285714285714,nan
metadata_order,3,sub-38,0,tent_det,ses-2,1,72,False,32,419362276,EEGTTA-PHASE1|v1|metadata_order|tent_det|sub-38|0|3,574473278,True,False,0.5706413388252258,0.5186197757720947,0.53125,0.6906266212463379,0.5706413388252258,0.06559226661920547,0.02547893114387989,6.714934825897217,0.5706413475394916,0.518619756679982,0.6924536295297916,0.518619756679982,0.6906266664154828,0.53125,1.0,0.53125,nan
metadata_order,4,sub-38,0,tent_det,ses-2,1,72,False,32,193555724,EEGTTA-PHASE1|v1|metadata_order|tent_det|sub-38|0|4,419362276,True,False,0.5715941190719604,0.5403323173522949,0.59375,0.6854478716850281,0.5715941190719604,0.07663707435131073,0.030452236533164978,6.71665620803833,0.5715941063940437,0.5403322977945209,0.6898902546753141,0.5403322977945209,0.685447876341641,0.59375,1.0,0.59375,nan
metadata_order,5,sub-38,0,tent_det,ses-2,1,72,True,8,577758856,EEGTTA-PHASE1|v1|metadata_order|tent_det|sub-38|0|5,193555724,True,False,0.5323449373245239,0.4820832908153534,0.375,0.7301560640335083,0.5323449373245239,0.10849689692258835,0.03513607382774353,6.718350887298584,0.5323449180651231,0.48208328941836953,0.6925050260579053,0.5179167105816305,0.7301560803316534,0.375,1.0,0.375,nan
metadata_order,0,sub-40,0,tent_det,ses-2,0,70,False,32,616803566,EEGTTA-PHASE1|v1|metadata_order|tent_det|sub-40|0|0,2022246295,True,False,0.4921112656593323,0.4502953290939331,0.28125,0.7585356831550598,0.4921112656593323,0.17018817365169525,0.008556335233151913,6.680823802947998,0.49211130642023626,0.45029533631168306,0.6881979028544816,0.5497046636883169,0.7585356796626002,0.28125,1.0,0.28125,nan
metadata_order,1,sub-40,0,tent_det,ses-2,0,70,False,32,2075250636,EEGTTA-PHASE1|v1|metadata_order|tent_det|sub-40|0|1,616803566,True,False,0.5600906610488892,0.48991283774375916,0.4375,0.6885184049606323,0.5600906610488892,0.07016105949878693,0.014563947916030884,6.682276725769043,0.5600906633833798,0.4899128347169608,0.6929436649464742,0.5100871652830392,0.6885184228885919,0.4375,1.0,0.4375,nan
metadata_order,2,sub-40,0,tent_det,ses-2,0,70,True,6,1037275779,EEGTTA-PHASE1|v1|metadata_order|tent_det|sub-40|0|2,2075250636,True,False,0.6154396533966064,0.6032170057296753,0.6666666865348816,0.6781356334686279,0.6154396533966064,0.2168874442577362,0.018281253054738045,6.683234691619873,0.6154396420667362,0.6032170206308365,0.6716856970642731,0.6032170206308365,0.6781356384356817,0.6666666666666666,1.0,0.6666666666666666,nan
metadata_order,3,sub-40,0,tent_det,ses-1,1,73,False,32,812976923,EEGTTA-PHASE1|v1|metadata_order|tent_det|sub-40|0|3,1037275779,True,False,0.6142171621322632,0.538123369216919,0.59375,0.6683557033538818,0.6142171621322632,0.08885247260332108,0.021872231736779213,6.68454122543335,0.6142171257096514,0.5381234381347895,0.6902375644375098,0.5381234381347895,0.6683557238429785,0.59375,0.0,0.40625,nan
metadata_order,4,sub-40,0,tent_det,ses-1,1,73,False,32,1469247293,EEGTTA-PHASE1|v1|metadata_order|tent_det|sub-40|0|4,812976923,True,False,0.5585837364196777,0.4998117685317993,0.5,0.6888093948364258,0.5585837364196777,0.10308932512998581,0.025558996945619583,6.685942649841309,0.5585837788612078,0.4998117755167186,0.6931471097030314,0.5001882244832814,0.6888093766756356,0.5,0.0,0.5,nan
metadata_order,5,sub-40,0,tent_det,ses-1,1,73,True,9,1212770690,EEGTTA-PHASE1|v1|metadata_order|tent_det|sub-40|0|5,1469247293,True,False,0.602411687374115,0.45224297046661377,0.3333333432674408,0.675081729888916,0.602411687374115,0.15441003441810608,0.029117848724126816,6.687281608581543,0.6024116837741373,0.4522429555654526,0.6885787488685057,0.5477570444345474,0.6750817050536474,0.3333333333333333,0.0,0.6666666666666666,nan
metadata_order,0,sub-41,0,tent_det,ses-1,0,69,False,32,1871880803,EEGTTA-PHASE1|v1|metadata_order|tent_det|sub-41|0|0,1109674970,True,False,0.4928947687149048,0.4355766773223877,0.40625,0.7390279769897461,0.4928947687149048,0.16444623470306396,0.00854875985532999,7.560195446014404,0.4928947452560616,0.4355766895459965,0.6848233334631677,0.5644233104540035,0.739027961040847,0.40625,0.0,0.59375,nan
metadata_order,1,sub-41,0,tent_det,ses-1,0,69,False,32,429739443,EEGTTA-PHASE1|v1|metadata_order|tent_det|sub-41|0|1,1871880803,True,False,0.4312608242034912,0.4398570656776428,0.4375,0.7918761968612671,0.4312608242034912,0.15020936727523804,0.015363061800599098,7.561668395996094,0.4312607967154869,0.43985707726096734,0.6858952912589906,0.5601429227390327,0.791876177827362,0.4375,0.0,0.5625,nan
metadata_order,2,sub-41,0,tent_det,ses-1,0,69,True,5,2074195227,EEGTTA-PHASE1|v1|metadata_order|tent_det|sub-41|0|2,429739443,True,False,0.5728899240493774,0.4562729001045227,0.6000000238418579,0.7077010869979858,0.5728899240493774,0.23719456791877747,0.020316505804657936,7.562747955322266,0.5728898836644467,0.4562728971242905,0.6893181719049752,0.5437271028757096,0.7077010542154312,0.6,0.0,0.4,nan
metadata_order,3,sub-41,0,tent_det,ses-2,1,67,False,32,1893403264,EEGTTA-PHASE1|v1|metadata_order|tent_det|sub-41|0|3,2074195227,True,False,0.4625508189201355,0.4506034255027771,0.46875,0.7718566656112671,0.4625508189201355,0.17286482453346252,0.025606896728277206,7.56422758102417,0.46255079472095917,0.4506034368823748,0.6882591702436135,0.5493965631176252,0.7718566691328306,0.46875,1.0,0.46875,nan
metadata_order,4,sub-41,0,tent_det,ses-2,1,67,False,32,1381574775,EEGTTA-PHASE1|v1|metadata_order|tent_det|sub-41|0|4,1893403264,True,False,0.458163321018219,0.41876697540283203,0.40625,0.7852795720100403,0.458163321018219,0.15728184580802917,0.031201696023344994,7.565837860107422,0.4581633133168316,0.4187670037499629,0.679890900521086,0.5812329962500371,0.7852796069928445,0.40625,1.0,0.40625,nan
metadata_order,5,sub-41,0,tent_det,ses-2,1,67,True,3,87119142,EEGTTA-PHASE1|v1|metadata_order|tent_det|sub-41|0|5,1381574775,True,False,0.5482363700866699,0.42144203186035156,0.3333333432674408,0.6972419619560242,0.5482363700866699,0.30453771352767944,0.03625296801328659,7.567134380340576,0.548236336143583,0.4214420144756635,0.6807531773627393,0.5785579855243366,0.6972419594724973,0.3333333333333333,1.0,0.3333333333333333,nan
metadata_order,0,sub-42,0,tent_det,ses-2,0,67,False,32,1212741463,EEGTTA-PHASE1|v1|metadata_order|tent_det|sub-42|0|0,1262253742,True,False,0.339678555727005,0.5238573551177979,0.5625,0.8459364175796509,0.339678555727005,0.13959148526191711,0.008577798493206501,8.962430000305176,0.3396785418054248,0.523857388903707,0.6920083982085784,0.523857388903707,0.8459364135960641,0.5625,1.0,0.5625,nan
metadata_order,1,sub-42,0,tent_det,ses-2,0,67,False,32,1824655048,EEGTTA-PHASE1|v1|metadata_order|tent_det|sub-42|0|1,1212741463,True,False,0.3142439126968384,0.4838656187057495,0.46875,0.8634135127067566,0.3142439126968384,0.15242622792720795,0.012550939805805683,8.964505195617676,0.3142439065493481,0.48386562584346393,0.6926264541094763,0.5161343741565361,0.8634134981184616,0.46875,1.0,0.46875,nan
metadata_order,2,sub-42,0,tent_det,ses-2,0,67,True,3,1674841695,EEGTTA-PHASE1|v1|metadata_order|tent_det|sub-42|0|2,1824655048,True,False,0.30561694502830505,0.5113930702209473,0.6666666865348816,0.8262706995010376,0.30561694502830505,0.2618141174316406,0.016631588339805603,8.966320991516113,0.30561697554463846,0.5113930410395066,0.6928875553224904,0.5113930410395066,0.8262706889460484,0.6666666666666666,1.0,0.6666666666666666,nan
metadata_order,3,sub-42,0,tent_det,ses-1,1,71,False,32,793810074,EEGTTA-PHASE1|v1|metadata_order|tent_det|sub-42|0|3,1674841695,True,False,0.41752877831459045,0.5317330956459045,0.53125,0.7967852354049683,0.41752877831459045,0.12180818617343903,0.021328171715140343,8.968170166015625,0.4175287640399901,0.5317330854504831,0.6911318489174212,0.5317330854504831,0.7967852828532926,0.53125,0.0,0.46875,nan
metadata_order,4,sub-42,0,tent_det,ses-1,1,71,False,32,1474925430,EEGTTA-PHASE1|v1|metadata_order|tent_det|sub-42|0|4,793810074,True,False,0.41961297392845154,0.4921514391899109,0.5,0.8016082048416138,0.41961297392845154,0.15677239000797272,0.025913171470165253,8.969856262207031,0.4196129431075228,0.49215144861955196,0.6930239759825298,0.507848551380448,0.8016082065878436,0.5,0.0,0.5,nan
metadata_order,5,sub-42,0,tent_det,ses-1,1,71,True,7,1231747363,EEGTTA-PHASE1|v1|metadata_order|tent_det|sub-42|0|5,1474925430,True,False,0.24433498084545135,0.5097970962524414,0.5714285969734192,0.9137028455734253,0.24433498084545135,0.22853147983551025,0.030727991834282875,8.971564292907715,0.24433497891655295,0.5097971140806165,0.6929552013856792,0.5097971140806165,0.9137027766555548,0.5714285714285714,0.0,0.42857142857142855,nan
metadata_order,0,sub-45,0,tent_det,ses-2,0,73,False,32,1784739223,EEGTTA-PHASE1|v1|metadata_order|tent_det|sub-45|0|0,1037249185,True,False,0.3803233206272125,0.5004220008850098,0.5,0.8293641805648804,0.3803233206272125,0.1643410623073578,0.008603472262620926,7.712917804718018,0.3803233152609188,0.5004220093142067,0.6931468243761805,0.5004220093142067,0.8293641348827805,0.5,1.0,0.5,nan
metadata_order,1,sub-45,0,tent_det,ses-2,0,73,False,32,1530156494,EEGTTA-PHASE1|v1|metadata_order|tent_det|sub-45|0|1,1784739223,True,False,0.5067687630653381,0.49313488602638245,0.5,0.7526644468307495,0.5067687630653381,0.12597548961639404,0.015109851025044918,7.714754581451416,0.5067687691227185,0.4931348932659603,0.6930529182171721,0.5068651067340397,0.7526644693934941,0.5,1.0,0.5,nan
metadata_order,2,sub-45,0,tent_det,ses-2,0,73,True,9,834816026,EEGTTA-PHASE1|v1|metadata_order|tent_det|sub-45|0|2,1530156494,True,False,0.5252700448036194,0.42579248547554016,0.3333333432674408,0.7320570349693298,0.5252700448036194,0.2837429940700531,0.019242459908127785,7.715660572052002,0.5252700940524877,0.4257924904425939,0.6820928786458968,0.5742075095574062,0.7320570730500751,0.3333333333333333,1.0,0.3333333333333333,nan
metadata_order,3,sub-45,0,tent_det,ses-1,1,68,False,32,258808449,EEGTTA-PHASE1|v1|metadata_order|tent_det|sub-45|0|3,834816026,True,False,0.4592421352863312,0.530280351638794,0.65625,0.7692552804946899,0.4592421352863312,0.11533723026514053,0.023628443479537964,7.716781139373779,0.4592421384299106,0.5302803823469731,0.6913122548574601,0.5302803823469731,0.7692553205670265,0.65625,0.0,0.34375,nan
metadata_order,4,sub-45,0,tent_det,ses-1,1,68,False,32,947256865,EEGTTA-PHASE1|v1|metadata_order|tent_det|sub-45|0|4,258808449,True,False,0.4663698375225067,0.49132686853408813,0.46875,0.7721226215362549,0.4663698375225067,0.12061790376901627,0.028016362339258194,7.718026161193848,0.466369839049868,0.49132687472592806,0.6929967268103108,0.5086731252740719,0.772122578091512,0.46875,0.0,0.53125,nan
metadata_order,5,sub-45,0,tent_det,ses-1,1,68,True,4,2039557151,EEGTTA-PHASE1|v1|metadata_order|tent_det|sub-45|0|5,947256865,True,False,0.5552488565444946,0.3723849356174469,0.5,0.6856625080108643,0.5552488565444946,0.2666774392127991,0.03159693628549576,7.719505310058594,0.5552488402083952,0.37238493002951145,0.6602127907600663,0.6276150699704885,0.6856624837964773,0.5,0.0,0.5,nan
metadata_order,0,sub-46,0,tent_det,ses-1,0,70,False,32,306689254,EEGTTA-PHASE1|v1|metadata_order|tent_det|sub-46|0|0,1134494536,True,False,0.5892761945724487,0.4634067714214325,0.40625,0.6787141561508179,0.5892761945724487,0.09875243157148361,0.00852137990295887,7.597232818603516,0.5892762236305595,0.46340678015258163,0.6904666571563964,0.5365932198474184,0.6787142107496038,0.40625,0.0,0.59375,nan
metadata_order,1,sub-46,0,tent_det,ses-1,0,70,False,32,1111532351,EEGTTA-PHASE1|v1|metadata_order|tent_det|sub-46|0|1,306689254,True,False,0.5104920268058777,0.501358151435852,0.53125,0.7534884214401245,0.5104920268058777,0.08249678462743759,0.013849000446498394,7.600364685058594,0.5104920117112075,0.5013581546954811,0.6931434913870549,0.5013581546954811,0.7534884517081082,0.53125,0.0,0.46875,nan
metadata_order,2,sub-46,0,tent_det,ses-1,0,70,True,6,23735404,EEGTTA-PHASE1|v1|metadata_order|tent_det|sub-46|0|2,1111532351,True,False,0.3510063886642456,0.4244849681854248,0.3333333432674408,0.8715829849243164,0.3510063886642456,0.3051064610481262,0.019382823258638382,7.602639675140381,0.35100638330623585,0.4244849781195323,0.6816983847044682,0.5755150218804677,0.871582974990209,0.3333333333333333,0.0,0.6666666666666666,nan
metadata_order,3,sub-46,0,tent_det,ses-2,1,60,False,32,364166187,EEGTTA-PHASE1|v1|metadata_order|tent_det|sub-46|0|3,23735404,True,False,0.5078383088111877,0.4587375521659851,0.375,0.7561994194984436,0.5078383088111877,0.13983669877052307,0.025104444473981857,7.604863166809082,0.507838309032181,0.45873753575142473,0.6897381229926248,0.5412624642485753,0.7561994582647458,0.375,1.0,0.375,nan
metadata_order,4,sub-46,0,tent_det,ses-2,1,60,True,28,1528538272,EEGTTA-PHASE1|v1|metadata_order|tent_det|sub-46|0|4,364166187,True,False,0.4578527808189392,0.47594985365867615,0.535714328289032,0.788864016532898,0.4578527808189392,0.12056184560060501,0.03067312389612198,7.607222557067871,0.4578527608882146,0.4759498447445886,0.6919899141335346,0.5240501552554113,0.7888639700998153,0.5357142857142857,1.0,0.5357142857142857,nan
metadata_order,0,sub-47,0,tent_det,ses-1,0,73,False,32,1672710254,EEGTTA-PHASE1|v1|metadata_order|tent_det|sub-47|0|0,1005209016,True,False,0.5705479979515076,0.3188566565513611,0.15625,0.70185387134552,0.5705479979515076,0.29658961296081543,0.008513330481946468,6.879941463470459,0.5705479902386706,0.3188566596945748,0.6260046342523207,0.6811433403054252,0.7018539054552093,0.15625,0.0,0.84375,nan
metadata_order,1,sub-47,0,tent_det,ses-1,0,73,False,32,226466525,EEGTTA-PHASE1|v1|metadata_order|tent_det|sub-47|0|1,1672710254,True,False,0.5920372605323792,0.3539855182170868,0.09375,0.6869819760322571,0.5920372605323792,0.27441588044166565,0.016555922105908394,6.8805060386657715,0.5920372879121927,0.3539855172857642,0.6498789804404848,0.6460144827142358,0.6869820104911923,0.09375,0.0,0.90625,nan
metadata_order,2,sub-47,0,tent_det,ses-1,0,73,True,9,307375222,EEGTTA-PHASE1|v1|metadata_order|tent_det|sub-47|0|2,226466525,True,False,0.633126974105835,0.36595121026039124,0.1111111119389534,0.6465020775794983,0.633126974105835,0.2689884603023529,0.024273285642266273,6.8807053565979,0.633126945007711,0.36595122350586784,0.6567656381496255,0.6340487764941322,0.6465020543999143,0.1111111111111111,0.0,0.8888888888888888,nan
metadata_order,3,sub-47,0,tent_det,ses-2,1,72,False,32,1796752724,EEGTTA-PHASE1|v1|metadata_order|tent_det|sub-47|0|3,307375222,True,False,0.5403794646263123,0.4504913091659546,0.3125,0.7309129238128662,0.5403794646263123,0.1819104701280594,0.03120415285229683,6.8816118240356445,0.5403794426747317,0.4504912968259305,0.6882369150001528,0.5495087031740695,0.7309129063505679,0.3125,1.0,0.3125,nan
metadata_order,4,sub-47,0,tent_det,ses-2,1,72,False,32,1654935732,EEGTTA-PHASE1|v1|metadata_order|tent_det|sub-47|0|4,1796752724,True,False,0.5734480619430542,0.43600398302078247,0.3125,0.6880017518997192,0.5734480619430542,0.17038418352603912,0.03790062293410301,6.88265323638916,0.573448034531873,0.436003994429484,0.6849336912187254,0.563996005570516,0.6880017404910177,0.3125,1.0,0.3125,nan
metadata_order,5,sub-47,0,tent_det,ses-2,1,72,True,8,863401350,EEGTTA-PHASE1|v1|metadata_order|tent_det|sub-47|0|5,1654935732,True,False,0.599405825138092,0.4032450020313263,0.25,0.684891402721405,0.599405825138092,0.19534127414226532,0.04424431547522545,6.8836846351623535,0.5994058168523129,0.40324499644339085,0.6743054819265974,0.5967550035566092,0.6848913636058569,0.25,1.0,0.25,nan
metadata_order,0,sub-48,0,tent_det,ses-1,0,74,False,32,2105047119,EEGTTA-PHASE1|v1|metadata_order|tent_det|sub-48|0|0,213095017,True,False,0.6073226928710938,0.4817963242530823,0.46875,0.6664006114006042,0.6073226928710938,0.08729014545679092,0.008488284423947334,6.310929298400879,0.6073227286271082,0.4817963228560984,0.6924842863476295,0.5182036771439016,0.666400586720556,0.46875,0.0,0.53125,nan
metadata_order,1,sub-48,0,tent_det,ses-1,0,74,False,32,2084640045,EEGTTA-PHASE1|v1|metadata_order|tent_det|sub-48|0|1,2105047119,True,False,0.6205471158027649,0.4865058958530426,0.46875,0.64102703332901,0.6205471158027649,0.0664161667227745,0.016181549057364464,6.309961318969727,0.6205471194465053,0.48650588607415557,0.6927829541162092,0.5134941139258444,0.641027043107897,0.46875,0.0,0.53125,nan
metadata_order,2,sub-48,0,tent_det,ses-1,0,74,True,10,566987249,EEGTTA-PHASE1|v1|metadata_order|tent_det|sub-48|0|2,2084640045,True,False,0.5642997622489929,0.46530094742774963,0.30000001192092896,0.7018792629241943,0.5642997622489929,0.09524320811033249,0.023097271099686623,6.309497833251953,0.5642997472700271,0.46530092805624007,0.6907371927356611,0.5346990719437599,0.7018792644143105,0.3,0.0,0.7,nan
metadata_order,3,sub-48,0,tent_det,ses-2,1,71,False,32,1331031167,EEGTTA-PHASE1|v1|metadata_order|tent_det|sub-48|0|3,566987249,True,False,0.6364623308181763,0.47212135791778564,0.40625,0.6304572224617004,0.6364623308181763,0.09835870563983917,0.029904214665293694,6.3089752197265625,0.6364623583473383,0.4721213928423822,0.6915919406614557,0.5278786071576178,0.6304571875371039,0.40625,1.0,0.40625,nan
metadata_order,4,sub-48,0,tent_det,ses-2,1,71,False,32,1766946347,EEGTTA-PHASE1|v1|metadata_order|tent_det|sub-48|0|4,1331031167,True,False,0.6428587436676025,0.4871465265750885,0.4375,0.6281756162643433,0.6428587436676025,0.04756728187203407,0.03648659586906433,6.308497428894043,0.6428587817021779,0.4871465228497982,0.6928167204073354,0.5128534771502018,0.6281756013631821,0.4375,1.0,0.4375,nan
metadata_order,5,sub-48,0,tent_det,ses-2,1,71,True,7,364014194,EEGTTA-PHASE1|v1|metadata_order|tent_det|sub-48|0|5,1766946347,True,False,0.6094968914985657,0.4883717894554138,0.4285714626312256,0.670103907585144,0.6094968914985657,0.0731341540813446,0.04260901361703873,6.308203220367432,0.6094968136776183,0.48837179371288847,0.6928767258142315,0.5116282062871116,0.6701039118426186,0.42857142857142855,1.0,0.42857142857142855,nan
metadata_order,0,sub-49,0,tent_det,ses-1,0,73,False,32,127975497,EEGTTA-PHASE1|v1|metadata_order|tent_det|sub-49|0|0,1038423242,True,False,0.5140731334686279,0.38806718587875366,0.34375,0.758735179901123,0.5140731334686279,0.19170844554901123,0.008570628240704536,7.044764995574951,0.5140731272548834,0.38806719274725765,0.6678756623495155,0.6119328072527424,0.7587351395050064,0.34375,0.0,0.65625,nan
metadata_order,1,sub-49,0,tent_det,ses-1,0,73,False,32,1258199122,EEGTTA-PHASE1|v1|metadata_order|tent_det|sub-49|0|1,127975497,True,False,0.5136761665344238,0.37811827659606934,0.34375,0.7490768432617188,0.5136761665344238,0.16158556938171387,0.015864167362451553,7.046777725219727,0.5136762174437348,0.3781182673119474,0.6631354081596328,0.6218817326880526,0.7490768413699698,0.34375,0.0,0.65625,nan
metadata_order,2,sub-49,0,tent_det,ses-1,0,73,True,9,212197198,EEGTTA-PHASE1|v1|metadata_order|tent_det|sub-49|0|2,1258199122,True,False,0.5208000540733337,0.34800663590431213,0.2222222238779068,0.7406828999519348,0.5208000540733337,0.20079311728477478,0.022211428731679916,7.048238277435303,0.5208000636036932,0.34800661520825493,0.6462039148541332,0.6519933847917451,0.7406829107138846,0.2222222222222222,0.0,0.7777777777777778,nan
metadata_order,3,sub-49,0,tent_det,ses-2,1,73,False,32,2000232349,EEGTTA-PHASE1|v1|metadata_order|tent_det|sub-49|0|3,212197198,True,False,0.5064965486526489,0.4759517014026642,0.40625,0.7473498582839966,0.5064965486526489,0.1580975353717804,0.02827085740864277,7.049920558929443,0.5064965597186248,0.4759516705526039,0.6919900899063641,0.5240483294473961,0.7473499003099278,0.40625,1.0,0.40625,nan
metadata_order,4,sub-49,0,tent_det,ses-2,1,73,False,32,1916132517,EEGTTA-PHASE1|v1|metadata_order|tent_det|sub-49|0|4,2000232349,True,False,0.5513720512390137,0.49309831857681274,0.5,0.7043502926826477,0.5513720512390137,0.12435587495565414,0.03399590030312538,7.051506519317627,0.5513719978221945,0.49309832393191755,0.6930519112693969,0.5069016760680825,0.7043503059539944,0.5,1.0,0.5,nan
metadata_order,5,sub-49,0,tent_det,ses-2,1,73,True,9,422441853,EEGTTA-PHASE1|v1|metadata_order|tent_det|sub-49|0|5,1916132517,True,False,0.5389683246612549,0.5188841819763184,0.5555555820465088,0.7461545467376709,0.5389683246612549,0.12733015418052673,0.03903387859463692,7.053291320800781,0.5389683087252868,0.518884206811587,0.6924337843652861,0.518884206811587,0.7461545351478789,0.5555555555555556,1.0,0.5555555555555556,nan
metadata_order,0,sub-50,0,tent_det,ses-2,0,71,False,32,2129275108,EEGTTA-PHASE1|v1|metadata_order|tent_det|sub-50|0|0,1187514411,True,False,0.522315502166748,0.5051485896110535,0.5625,0.7331196069717407,0.522315502166748,0.1481308937072754,0.008515261113643646,6.82537317276001,0.5223154859294369,0.5051486073061824,0.6930941633086092,0.5051486073061824,0.7331195892766118,0.5625,1.0,0.5625,nan
metadata_order,1,sub-50,0,tent_det,ses-2,0,71,False,32,175132348,EEGTTA-PHASE1|v1|metadata_order|tent_det|sub-50|0|1,2129275108,True,False,0.492027223110199,0.4928860068321228,0.53125,0.7669227123260498,0.492027223110199,0.19654643535614014,0.01589455083012581,6.827456474304199,0.49202722991488584,0.4928860040381551,0.6930459592675589,0.5071139959618449,0.766922733746469,0.53125,1.0,0.53125,nan
metadata_order,2,sub-50,0,tent_det,ses-2,0,71,True,7,469738511,EEGTTA-PHASE1|v1|metadata_order|tent_det|sub-50|0|2,175132348,True,False,0.48793330788612366,0.4721594452857971,0.4285714626312256,0.7790452837944031,0.48793330788612366,0.20184792578220367,0.021667275577783585,6.829184532165527,0.4879332785620466,0.47215940058231354,0.6915961805751094,0.5278405994176865,0.7790452263184956,0.42857142857142855,1.0,0.42857142857142855,nan
metadata_order,3,sub-50,0,tent_det,ses-1,1,70,False,32,1338727423,EEGTTA-PHASE1|v1|metadata_order|tent_det|sub-50|0|3,469738511,True,False,0.4849100708961487,0.4720664322376251,0.4375,0.759422242641449,0.4849100708961487,0.11565620452165604,0.02686603181064129,6.830760478973389,0.48491006571870143,0.47206640359945595,0.6915857961344303,0.527933596400544,0.7594222526531667,0.4375,0.0,0.5625,nan
metadata_order,4,sub-50,0,tent_det,ses-1,1,70,False,32,1488396471,EEGTTA-PHASE1|v1|metadata_order|tent_det|sub-50|0|4,1338727423,True,False,0.43936842679977417,0.47562074661254883,0.46875,0.794771671295166,0.43936842679977417,0.13073132932186127,0.032045621424913406,6.8322577476501465,0.4393684183636324,0.47562072123400867,0.6919580106438233,0.5243792787659913,0.794771719025448,0.46875,0.0,0.53125,nan
metadata_order,5,sub-50,0,tent_det,ses-1,1,70,True,6,29548017,EEGTTA-PHASE1|v1|metadata_order|tent_det|sub-50|0|5,1488396471,True,False,0.6308454275131226,0.5517421364784241,0.5,0.6432026624679565,0.6308454275131226,0.1441662460565567,0.03640475496649742,6.833371639251709,0.6308454463260647,0.5517421265443166,0.6877830871936947,0.5517421265443166,0.643202672402064,0.5,0.0,0.5,nan
metadata_order,0,sub-51,0,tent_det,ses-2,0,67,False,32,1002014910,EEGTTA-PHASE1|v1|metadata_order|tent_det|sub-51|0|0,750711193,True,False,0.6029236316680908,0.4809072017669678,0.53125,0.6681206822395325,0.6029236316680908,0.06498464196920395,0.00852129515260458,6.547413349151611,0.6029236696501095,0.4809072178322822,0.6924179346143441,0.5190927821677178,0.6681206549983472,0.53125,1.0,0.53125,nan
metadata_order,1,sub-51,0,tent_det,ses-2,0,67,False,32,315879207,EEGTTA-PHASE1|v1|metadata_order|tent_det|sub-51|0|1,1002014910,True,False,0.615020751953125,0.4758441150188446,0.375,0.6530128717422485,0.615020751953125,0.07154309004545212,0.013549501076340675,6.549283504486084,0.6150207480775767,0.47584411269053817,0.6919797123784412,0.5241558873094618,0.653012836817652,0.375,1.0,0.375,nan
metadata_order,2,sub-51,0,tent_det,ses-2,0,67,True,3,1044800423,EEGTTA-PHASE1|v1|metadata_order|tent_det|sub-51|0|2,315879207,True,False,0.6686092615127563,0.5083271265029907,0.3333333432674408,0.599345862865448,0.6686092615127563,0.054227255284786224,0.0186912901699543,6.550278186798096,0.6686092582197688,0.5083271364370981,0.6930084917458135,0.5083271364370981,0.5993458330631256,0.3333333333333333,1.0,0.3333333333333333,nan
metadata_order,3,sub-51,0,tent_det,ses-1,1,70,False,32,31008736,EEGTTA-PHASE1|v1|metadata_order|tent_det|sub-51|0|3,1044800423,True,False,0.5502834320068359,0.40886518359184265,0.375,0.7187119722366333,0.5502834320068359,0.11279292404651642,0.024185720831155777,6.551358699798584,0.5502834242924286,0.4088652088539675,0.6764428595532184,0.5911347911460325,0.7187119991285726,0.375,0.0,0.625,nan
metadata_order,4,sub-51,0,tent_det,ses-1,1,70,False,32,415934156,EEGTTA-PHASE1|v1|metadata_order|tent_det|sub-51|0|4,31008736,True,False,0.571316659450531,0.40457600355148315,0.28125,0.7137203216552734,0.571316659450531,0.15172120928764343,0.029532890766859055,6.552651882171631,0.5713166567234129,0.4045760277658701,0.6748235162549507,0.5954239722341299,0.7137203011661768,0.28125,0.0,0.71875,nan
metadata_order,5,sub-51,0,tent_det,ses-1,1,70,True,6,864121233,EEGTTA-PHASE1|v1|metadata_order|tent_det|sub-51|0|5,415934156,True,False,0.5164437890052795,0.4081103503704071,0.3333333432674408,0.7533831596374512,0.5164437890052795,0.16626660525798798,0.03495030477643013,6.554366111755371,0.5164437697385295,0.4081103503704071,0.6761633955291126,0.5918896496295929,0.7533831099669138,0.3333333333333333,0.0,0.6666666666666666,nan
metadata_order,0,sub-52,0,tent_det,ses-1,0,72,False,32,940147614,EEGTTA-PHASE1|v1|metadata_order|tent_det|sub-52|0|0,387490062,True,False,0.6515790224075317,0.4601442217826843,0.375,0.6145491003990173,0.6515790224075317,0.049514658749103546,0.008489016443490982,6.400885581970215,0.6515790659300236,0.4601442466955632,0.6899668454742138,0.5398557533044368,0.6145490903872997,0.375,0.0,0.625,nan
metadata_order,1,sub-52,0,tent_det,ses-1,0,72,False,32,998581332,EEGTTA-PHASE1|v1|metadata_order|tent_det|sub-52|0|1,940147614,True,False,0.6483536958694458,0.4908856153488159,0.5625,0.6233999133110046,0.6483536958694458,0.032988741993904114,0.014330596663057804,6.403069019317627,0.6483536439696191,0.49088560696691275,0.6929810270366872,0.5091143930330873,0.6233999142423272,0.5625,0.0,0.4375,nan
metadata_order,2,sub-52,0,tent_det,ses-1,0,72,True,8,1038792998,EEGTTA-PHASE1|v1|metadata_order|tent_det|sub-52|0|2,998581332,True,False,0.6489807963371277,0.4438568651676178,0.25,0.595710039138794,0.6489807963371277,0.07231598347425461,0.019649775698781013,6.404594421386719,0.648980755650679,0.44385685957968235,0.6868297616187639,0.5561431404203176,0.5957100745290518,0.25,0.0,0.75,nan
metadata_order,3,sub-52,0,tent_det,ses-2,1,79,False,32,906663143,EEGTTA-PHASE1|v1|metadata_order|tent_det|sub-52|0|3,1038792998,True,False,0.6355779767036438,0.48592373728752136,0.4375,0.6330652236938477,0.6355779767036438,0.054468460381031036,0.025268761441111565,6.4058098793029785,0.6355780147507857,0.4859237498603761,0.6927508465609782,0.5140762501396239,0.6330651701427996,0.4375,1.0,0.4375,nan
metadata_order,4,sub-52,0,tent_det,ses-2,1,79,False,32,1354871556,EEGTTA-PHASE1|v1|metadata_order|tent_det|sub-52|0|4,906663143,True,False,0.6314184665679932,0.5235357284545898,0.46875,0.6439099311828613,0.6314184665679932,0.04993215575814247,0.03054940328001976,6.407012939453125,0.6314184385803991,0.523535787127912,0.6920389045226856,0.523535787127912,0.6439099432900548,0.46875,1.0,0.46875,nan
metadata_order,5,sub-52,0,tent_det,ses-2,1,79,True,15,1154567953,EEGTTA-PHASE1|v1|metadata_order|tent_det|sub-52|0|5,1354871556,True,False,0.6188064813613892,0.5190542340278625,0.5333333611488342,0.6556951999664307,0.6188064813613892,0.05795096606016159,0.03585349768400192,6.408255577087402,0.6188064883980411,0.5190542062123616,0.6924208791562336,0.5190542062123616,0.6556951522827148,0.5333333333333333,1.0,0.5333333333333333,nan
metadata_order,0,sub-53,0,tent_det,ses-1,0,72,False,32,164461911,EEGTTA-PHASE1|v1|metadata_order|tent_det|sub-53|0|0,541057724,True,False,0.4545130729675293,0.5600083470344543,0.53125,0.77979975938797,0.4545130729675293,0.08119317144155502,0.008512919768691063,7.586250305175781,0.45451304224289824,0.5600083506433293,0.6859277862525475,0.5600083506433293,0.779799793031998,0.53125,0.0,0.46875,nan
metadata_order,1,sub-53,0,tent_det,ses-1,0,72,False,32,556339208,EEGTTA-PHASE1|v1|metadata_order|tent_det|sub-53|0|1,164461911,True,False,0.40870392322540283,0.5792394876480103,0.59375,0.8122827410697937,0.40870392322540283,0.09757889807224274,0.014162345789372921,7.588955879211426,0.4087039098176821,0.5792394578747917,0.6805362959089919,0.5792394578747917,0.8122827261395287,0.59375,0.0,0.40625,nan
metadata_order,2,sub-53,0,tent_det,ses-1,0,72,True,8,1854292869,EEGTTA-PHASE1|v1|metadata_order|tent_det|sub-53|0|2,556339208,True,False,0.44264256954193115,0.562562108039856,0.5,0.7888659834861755,0.44264256954193115,0.20689909160137177,0.018352728337049484,7.59091854095459,0.44264257107554433,0.5625621397048235,0.6852985828267164,0.5625621397048235,0.7888659816235304,0.5,0.0,0.5,nan
metadata_order,3,sub-53,0,tent_det,ses-2,1,72,False,32,874656398,EEGTTA-PHASE1|v1|metadata_order|tent_det|sub-53|0|3,1854292869,True,False,0.44403576850891113,0.45701444149017334,0.5,0.7895057201385498,0.44403576850891113,0.13219577074050903,0.02282634750008583,7.59301233291626,0.4440357724717827,0.4570144557801541,0.689447100749629,0.5429855442198459,0.789505679771537,0.5,1.0,0.5,nan
metadata_order,4,sub-53,0,tent_det,ses-2,1,72,False,32,1650995766,EEGTTA-PHASE1|v1|metadata_order|tent_det|sub-53|0|4,874656398,True,False,0.4816375970840454,0.5154621601104736,0.59375,0.7676524519920349,0.4816375970840454,0.11927514523267746,0.027190260589122772,7.595052242279053,0.481637590747541,0.5154621705878526,0.6926689468806897,0.5154621705878526,0.767652467591688,0.59375,1.0,0.59375,nan
metadata_order,5,sub-53,0,tent_det,ses-2,1,72,True,8,2126995003,EEGTTA-PHASE1|v1|metadata_order|tent_det|sub-53|0|5,1650995766,True,False,0.4243079125881195,0.5180346965789795,0.5,0.7553163766860962,0.4243079125881195,0.13989511132240295,0.03140401840209961,7.596904277801514,0.42430794332362115,0.5180347007699311,0.6924965385723115,0.5180347007699311,0.7553163724951446,0.5,1.0,0.5,nan
metadata_order,0,sub-54,0,tent_det,ses-1,0,64,False,32,1167858064,EEGTTA-PHASE1|v1|metadata_order|tent_det|sub-54|0|0,1166499254,True,False,0.6218346357345581,0.5756194591522217,0.6875,0.648201584815979,0.6218346357345581,0.10860905796289444,0.008535148575901985,6.660252094268799,0.6218346080250803,0.5756194414570928,0.6816665782476022,0.5756194414570928,0.6482015876099467,0.6875,0.0,0.3125,nan
metadata_order,1,sub-54,0,tent_det,ses-1,0,64,True,32,793823807,EEGTTA-PHASE1|v1|metadata_order|tent_det|sub-54|0|1,1167858064,True,False,0.6231542825698853,0.5178519487380981,0.46875,0.6375956535339355,0.6231542825698853,0.050337519496679306,0.01383191253989935,6.662469387054443,0.6231543226506777,0.517851937096566,0.6925096617554836,0.517851937096566,0.6375956502743065,0.46875,0.0,0.53125,nan
metadata_order,2,sub-54,0,tent_det,ses-2,1,63,False,32,88892518,EEGTTA-PHASE1|v1|metadata_order|tent_det|sub-54|0|2,793823807,True,False,0.6158356666564941,0.4807180166244507,0.375,0.6629897952079773,0.6158356666564941,0.08738955110311508,0.017953908070921898,6.664716720581055,0.6158357068493245,0.4807180115021765,0.6924034059805815,0.5192819884978235,0.6629897928796709,0.375,1.0,0.375,nan
metadata_order,3,sub-54,0,tent_det,ses-2,1,63,True,31,2061445345,EEGTTA-PHASE1|v1|metadata_order|tent_det|sub-54|0|3,88892518,True,False,0.5890233516693115,0.5323208570480347,0.5483870506286621,0.681974470615387,0.5890233516693115,0.08419714123010635,0.022334616631269455,6.666955471038818,0.5890233264267681,0.5323208979060573,0.6910564422080681,0.5323208979060573,0.6819744816710872,0.5483870967741935,1.0,0.5483870967741935,nan
metadata_order,0,sub-55,0,tent_det,ses-1,0,74,False,32,1653434720,EEGTTA-PHASE1|v1|metadata_order|tent_det|sub-55|0|0,1430327352,True,False,0.5889933109283447,0.41679495573043823,0.28125,0.6916511654853821,0.5889933109283447,0.15521866083145142,0.008521800860762596,6.515748023986816,0.5889932927386649,0.4167949571274221,0.6792363983134186,0.5832050428725779,0.6916511603631079,0.28125,0.0,0.71875,nan
metadata_order,1,sub-55,0,tent_det,ses-1,0,74,False,32,1643115790,EEGTTA-PHASE1|v1|metadata_order|tent_det|sub-55|0|1,1653434720,True,False,0.588189423084259,0.5194660425186157,0.625,0.6917028427124023,0.588189423084259,0.08141151815652847,0.013873916119337082,6.515472412109375,0.588189414207524,0.5194660513661802,0.6923891346844786,0.5194660513661802,0.6917028636671603,0.625,0.0,0.375,nan
metadata_order,2,sub-55,0,tent_det,ses-1,0,74,True,10,1605883044,EEGTTA-PHASE1|v1|metadata_order|tent_det|sub-55|0|2,1643115790,True,False,0.6265583038330078,0.4832576811313629,0.4000000059604645,0.655782163143158,0.6265583038330078,0.06527306139469147,0.01939714327454567,6.515653133392334,0.6265582934702696,0.48325766921043395,0.6925864644707289,0.516742330789566,0.6557821452617645,0.4,0.0,0.6,nan
metadata_order,3,sub-55,0,tent_det,ses-2,1,73,False,32,1712176106,EEGTTA-PHASE1|v1|metadata_order|tent_det|sub-55|0|3,1605883044,True,False,0.5146986842155457,0.6981074213981628,0.8125,0.7379747629165649,0.5146986842155457,0.23632776737213135,0.022339344024658203,6.516291618347168,0.5146986829599989,0.6981074158102274,0.6124593665212325,0.6981074158102274,0.7379747200757265,0.8125,1.0,0.8125,nan
metadata_order,4,sub-55,0,tent_det,ses-2,1,73,False,32,867692883,EEGTTA-PHASE1|v1|metadata_order|tent_det|sub-55|0|4,1712176106,True,False,0.5186357498168945,0.7088750600814819,0.90625,0.7407110929489136,0.5186357498168945,0.25501543283462524,0.024982314556837082,6.516839027404785,0.5186357354536594,0.7088750167749822,0.6031559036649485,0.7088750167749822,0.7407111176289618,0.90625,1.0,0.90625,nan
metadata_order,5,sub-55,0,tent_det,ses-2,1,73,True,9,749242288,EEGTTA-PHASE1|v1|metadata_order|tent_det|sub-55|0|5,867692883,True,False,0.5559266209602356,0.7132331132888794,1.0,0.7132331132888794,0.5559266209602356,0.297985315322876,0.02790386974811554,6.517198085784912,0.5559266509568063,0.713233106666141,0.599231370629008,0.713233106666141,0.713233106666141,1.0,1.0,1.0,nan
metadata_order,0,sub-56,0,tent_det,ses-1,0,72,False,32,967778341,EEGTTA-PHASE1|v1|metadata_order|tent_det|sub-56|0|0,150150379,True,False,0.46285226941108704,0.5519946217536926,0.53125,0.7673894762992859,0.46285226941108704,0.08360183984041214,0.008637330494821072,8.7023344039917,0.46285223607740766,0.5519946485674154,0.6877305063946783,0.5519946485674154,0.7673894867384661,0.53125,0.0,0.46875,nan
metadata_order,1,sub-56,0,tent_det,ses-1,0,72,False,32,294483627,EEGTTA-PHASE1|v1|metadata_order|tent_det|sub-56|0|1,967778341,True,False,0.48303815722465515,0.5246754884719849,0.5,0.7661178708076477,0.48303815722465515,0.1014513373374939,0.013954161666333675,8.704414367675781,0.48303814978024706,0.5246754626568872,0.6919289288524586,0.5246754626568872,0.7661178779962938,0.5,0.0,0.5,nan
metadata_order,2,sub-56,0,tent_det,ses-1,0,72,True,8,1426922476,EEGTTA-PHASE1|v1|metadata_order|tent_det|sub-56|0|2,294483627,True,False,0.39065515995025635,0.5425801873207092,0.625,0.8046470284461975,0.39065515995025635,0.11763933300971985,0.01858058013021946,8.706631660461426,0.3906551335454657,0.5425801603123546,0.6895166447272593,0.5425801603123546,0.8046470107510686,0.625,0.0,0.375,nan
metadata_order,3,sub-56,0,tent_det,ses-2,1,72,False,32,6472041,EEGTTA-PHASE1|v1|metadata_order|tent_det|sub-56|0|3,1426922476,True,False,0.3583928942680359,0.5139811038970947,0.46875,0.8322715163230896,0.3583928942680359,0.07421813160181046,0.023612558841705322,8.708911895751953,0.3583928916635065,0.5139811015760642,0.6927561871961241,0.5139811015760642,0.8322715409958619,0.46875,1.0,0.46875,nan
metadata_order,4,sub-56,0,tent_det,ses-2,1,72,False,32,1081449517,EEGTTA-PHASE1|v1|metadata_order|tent_det|sub-56|0|4,6472041,True,False,0.40382784605026245,0.4713309109210968,0.375,0.8166838884353638,0.40382784605026245,0.17882078886032104,0.028686800971627235,8.711014747619629,0.4038278476918481,0.4713309235521592,0.691502446756835,0.5286690764478408,0.816683909331914,0.375,1.0,0.375,nan
metadata_order,5,sub-56,0,tent_det,ses-2,1,72,True,8,192718572,EEGTTA-PHASE1|v1|metadata_order|tent_det|sub-56|0|5,1081449517,True,False,0.386485755443573,0.41797327995300293,0.25,0.8249276876449585,0.386485755443573,0.3214764893054962,0.03283413499593735,8.712569236755371,0.38648578566164493,0.4179733023047447,0.6796294014982878,0.5820266976952553,0.8249276801943779,0.25,1.0,0.25,nan
metadata_order,0,sub-57,0,tent_det,ses-1,0,71,False,32,164400967,EEGTTA-PHASE1|v1|metadata_order|tent_det|sub-57|0|0,1486060218,True,False,0.5664952993392944,0.5269021391868591,0.59375,0.7067620754241943,0.5664952993392944,0.10257270187139511,0.008531436324119568,6.8373308181762695,0.566495287188189,0.5269021152053028,0.6916990337767792,0.5269021152053028,0.706762054702267,0.59375,0.0,0.40625,nan
metadata_order,1,sub-57,0,tent_det,ses-1,0,71,False,32,172518841,EEGTTA-PHASE1|v1|metadata_order|tent_det|sub-57|0|1,164400967,True,False,0.5726633071899414,0.4793004095554352,0.46875,0.708236813545227,0.5726633071899414,0.07344380021095276,0.01388547196984291,6.838612079620361,0.5726632751201658,0.4793004079256207,0.6922899893822749,0.5206995920743793,0.7082367741968483,0.46875,0.0,0.53125,nan
metadata_order,2,sub-57,0,tent_det,ses-1,0,71,True,7,342188878,EEGTTA-PHASE1|v1|metadata_order|tent_det|sub-57|0|2,172518841,True,False,0.6235407590866089,0.4530459940433502,0.4285714626312256,0.6497204899787903,0.6235407590866089,0.08017058670520782,0.01837448589503765,6.839883327484131,0.6235407440106303,0.45304596424102783,0.6887313138149783,0.5469540357589722,0.649720413344247,0.42857142857142855,0.0,0.5714285714285714,nan
metadata_order,3,sub-57,0,tent_det,ses-2,1,56,False,32,175647765,EEGTTA-PHASE1|v1|metadata_order|tent_det|sub-57|0|3,342188878,True,False,0.560964822769165,0.5162312984466553,0.53125,0.7012314796447754,0.560964822769165,0.0677550807595253,0.023056335747241974,6.841554641723633,0.5609648250957716,0.5162313038017601,0.6926201775298302,0.5162313038017601,0.7012315189931542,0.53125,1.0,0.53125,nan
metadata_order,4,sub-57,0,tent_det,ses-2,1,56,True,24,631373146,EEGTTA-PHASE1|v1|metadata_order|tent_det|sub-57|0|4,175647765,True,False,0.48889872431755066,0.4984525144100189,0.375,0.7572916746139526,0.48889872431755066,0.09415502101182938,0.027470003813505173,6.84372091293335,0.4888987198778487,0.4984524844912812,0.693142390943799,0.5015475155087188,0.7572916449280456,0.375,1.0,0.375,nan
metadata_order,0,sub-58,0,tent_det,ses-1,0,72,False,32,958453840,EEGTTA-PHASE1|v1|metadata_order|tent_det|sub-58|0|0,14292832,True,False,0.5115901827812195,0.5280410051345825,0.53125,0.7525935173034668,0.5115901827812195,0.12409723550081253,0.008512540720403194,7.420685768127441,0.5115901724937841,0.5280409933475312,0.6915737605539902,0.5280409933475312,0.7525935365410987,0.53125,0.0,0.46875,nan
metadata_order,1,sub-58,0,tent_det,ses-1,0,72,False,32,1862491133,EEGTTA-PHASE1|v1|metadata_order|tent_det|sub-58|0|1,958453840,True,False,0.4694958031177521,0.42130744457244873,0.4375,0.7705948948860168,0.4694958031177521,0.17124313116073608,0.012973232194781303,7.4225311279296875,0.46949577945608745,0.4213074429426342,0.6807105003505949,0.5786925570573658,0.7705948629882187,0.4375,0.0,0.5625,nan
metadata_order,2,sub-58,0,tent_det,ses-1,0,72,True,8,1631163241,EEGTTA-PHASE1|v1|metadata_order|tent_det|sub-58|0|2,1862491133,True,False,0.5281006097793579,0.513251543045044,0.375,0.7328413128852844,0.5281006097793579,0.15528403222560883,0.017461217939853668,7.424683570861816,0.5281005977622315,0.5132515206933022,0.6927959338318942,0.5132515206933022,0.7328413054347038,0.375,0.0,0.625,nan
metadata_order,3,sub-58,0,tent_det,ses-2,1,62,False,32,352022612,EEGTTA-PHASE1|v1|metadata_order|tent_det|sub-58|0|3,1631163241,True,False,0.4909606873989105,0.5141283869743347,0.46875,0.7694247364997864,0.4909606873989105,0.18191030621528625,0.021815622225403786,7.426570892333984,0.4909606831058766,0.5141284165438265,0.692747903108216,0.5141284165438265,0.7694247255567461,0.46875,1.0,0.46875,nan
metadata_order,4,sub-58,0,tent_det,ses-2,1,62,True,30,610559732,EEGTTA-PHASE1|v1|metadata_order|tent_det|sub-58|0|4,352022612,True,False,0.5069662928581238,0.49816885590553284,0.4333333671092987,0.7398312091827393,0.5069662928581238,0.15885353088378906,0.02645273134112358,7.4284987449646,0.5069662837991173,0.4981688126921654,0.6931404740510401,0.5018311873078346,0.7398311470945677,0.43333333333333335,1.0,0.43333333333333335,nan
metadata_order,0,sub-59,0,tent_det,ses-1,0,71,False,32,1513205101,EEGTTA-PHASE1|v1|metadata_order|tent_det|sub-59|0|0,1230749543,True,False,0.5394910573959351,0.5176113843917847,0.5,0.7278984785079956,0.5394910573959351,0.0983407124876976,0.008558595553040504,6.831954002380371,0.5394910283905492,0.5176113941706717,0.6925267298203496,0.5176113941706717,0.727898524608463,0.5,0.0,0.5,nan
metadata_order,1,sub-59,0,tent_det,ses-1,0,71,False,32,800450946,EEGTTA-PHASE1|v1|metadata_order|tent_det|sub-59|0|1,1513205101,True,False,0.5530649423599243,0.5193212032318115,0.5625,0.7076265215873718,0.5530649423599243,0.07226183265447617,0.015332759357988834,6.83418607711792,0.5530649302500374,0.5193211913428968,0.6924003777668042,0.5193211913428968,0.7076265483774478,0.5625,0.0,0.4375,nan
metadata_order,2,sub-59,0,tent_det,ses-1,0,71,True,7,52101961,EEGTTA-PHASE1|v1|metadata_order|tent_det|sub-59|0|2,800450946,True,False,0.5848758220672607,0.4825725853443146,0.4285714626312256,0.7182177305221558,0.5848758220672607,0.1233108788728714,0.019953390583395958,6.83636474609375,0.5848757657515957,0.48257251935345785,0.6925396233446799,0.5174274806465422,0.7182177496807916,0.42857142857142855,0.0,0.5714285714285714,nan
metadata_order,3,sub-59,0,tent_det,ses-2,1,61,False,32,737445723,EEGTTA-PHASE1|v1|metadata_order|tent_det|sub-59|0|3,52101961,True,False,0.5910996198654175,0.5116674304008484,0.53125,0.6898821592330933,0.5910996198654175,0.10015897452831268,0.02484658919274807,6.838443279266357,0.5910996487794214,0.5116674604360014,0.6928748965801415,0.5116674604360014,0.6898821440991014,0.53125,1.0,0.53125,nan
metadata_order,4,sub-59,0,tent_det,ses-2,1,61,True,29,1701467055,EEGTTA-PHASE1|v1|metadata_order|tent_det|sub-59|0|4,737445723,True,False,0.4996875822544098,0.45845216512680054,0.4482758641242981,0.7572733163833618,0.4996875822544098,0.18872764706611633,0.029151227325201035,6.839986801147461,0.4996875841875403,0.4584521709074234,0.6896907522173141,0.5415478290925766,0.7572732838834154,0.4482758620689655,1.0,0.4482758620689655,nan
metadata_order,0,sub-60,0,tent_det,ses-1,0,60,False,32,1625622821,EEGTTA-PHASE1|v1|metadata_order|tent_det|sub-60|0|0,1900766962,True,False,0.5372876524925232,0.5086222290992737,0.53125,0.7251307964324951,0.5372876524925232,0.0715489313006401,0.00856762658804655,7.03617000579834,0.5372876263477605,0.5086222423706204,0.692998487062885,0.5086222423706204,0.7251308092381805,0.53125,0.0,0.46875,nan
metadata_order,1,sub-60,0,tent_det,ses-1,0,60,True,28,1651468780,EEGTTA-PHASE1|v1|metadata_order|tent_det|sub-60|0|1,1625622821,True,False,0.45835191011428833,0.5365809202194214,0.535714328289032,0.7693150639533997,0.45835191011428833,0.08779172599315643,0.015692181885242462,7.038452625274658,0.4583518508328512,0.5365808593258927,0.6904684693349933,0.5365808593258927,0.7693150865296567,0.5357142857142857,0.0,0.4642857142857143,nan
metadata_order,2,sub-60,0,tent_det,ses-2,1,67,False,32,1139937508,EEGTTA-PHASE1|v1|metadata_order|tent_det|sub-60|0|2,1651468780,True,False,0.47885268926620483,0.49134981632232666,0.46875,0.7611377835273743,0.47885268926620483,0.08781729638576508,0.02244475483894348,7.040943622589111,0.4788527053570609,0.4913498173118569,0.6929975217728023,0.5086501826881431,0.7611378086148761,0.46875,1.0,0.46875,nan
metadata_order,3,sub-60,0,tent_det,ses-2,1,67,False,32,1195278542,EEGTTA-PHASE1|v1|metadata_order|tent_det|sub-60|0|3,1139937508,True,False,0.508196234703064,0.48153018951416016,0.46875,0.729861319065094,0.508196234703064,0.1003514975309372,0.028956521302461624,7.043379306793213,0.5081962367838988,0.4815302408132993,0.6924647613049726,0.5184697591867007,0.7298613646235026,0.46875,1.0,0.46875,nan
metadata_order,4,sub-60,0,tent_det,ses-2,1,67,True,3,1375848477,EEGTTA-PHASE1|v1|metadata_order|tent_det|sub-60|0|4,1195278542,True,False,0.6338609457015991,0.4964829385280609,0.6666666865348816,0.6549971103668213,0.6338609457015991,0.19817747175693512,0.033807702362537384,7.0452799797058105,0.6338609529206306,0.49648292859395343,0.6931224407733751,0.5035170714060466,0.6549971501032511,0.6666666666666666,1.0,0.6666666666666666,nan
metadata_order,0,sub-61,0,tent_det,ses-2,0,74,False,32,1136447672,EEGTTA-PHASE1|v1|metadata_order|tent_det|sub-61|0|0,986346989,True,False,0.5034765005111694,0.5194845199584961,0.53125,0.7490374445915222,0.5034765005111694,0.09125813841819763,0.00855922605842352,7.2580485343933105,0.5034764990876712,0.5194845501100644,0.6923876928806376,0.5194845501100644,0.7490374516928568,0.53125,1.0,0.53125,nan
metadata_order,1,sub-61,0,tent_det,ses-2,0,74,False,32,792073366,EEGTTA-PHASE1|v1|metadata_order|tent_det|sub-61|0|1,1136447672,True,False,0.5086495876312256,0.4939718246459961,0.46875,0.7467692494392395,0.5086495876312256,0.11289328336715698,0.014558536931872368,7.259544372558594,0.5086496392224956,0.49397181265521795,0.6930745007138139,0.506028187344782,0.7467692316276953,0.46875,1.0,0.46875,nan
metadata_order,2,sub-61,0,tent_det,ses-2,0,74,True,10,1409118891,EEGTTA-PHASE1|v1|metadata_order|tent_det|sub-61|0|2,792073366,True,False,0.5362126231193542,0.4696119427680969,0.5,0.7312111258506775,0.5362126231193542,0.11700791865587234,0.019697394222021103,7.260463237762451,0.5362126792202759,0.4696119152009487,0.6912991705032393,0.5303880847990513,0.7312111176550389,0.5,1.0,0.5,nan
metadata_order,3,sub-61,0,tent_det,ses-1,1,74,False,32,43341043,EEGTTA-PHASE1|v1|metadata_order|tent_det|sub-61|0|3,1409118891,True,False,0.5157885551452637,0.5614762306213379,0.59375,0.7498781681060791,0.5157885551452637,0.11391017585992813,0.024049658328294754,7.262034893035889,0.5157885393109216,0.5614762499462813,0.6855693614031773,0.5614762499462813,0.7498781785834581,0.59375,0.0,0.40625,nan
metadata_order,4,sub-61,0,tent_det,ses-1,1,74,False,32,973195140,EEGTTA-PHASE1|v1|metadata_order|tent_det|sub-61|0|4,43341043,True,False,0.5062440633773804,0.5051312446594238,0.4375,0.741187334060669,0.5062440633773804,0.07150757312774658,0.02844475395977497,7.263620853424072,0.506244027061806,0.5051312490832061,0.69309452020126,0.5051312490832061,0.7411872998345643,0.4375,0.0,0.5625,nan
metadata_order,5,sub-61,0,tent_det,ses-1,1,74,True,10,1958077962,EEGTTA-PHASE1|v1|metadata_order|tent_det|sub-61|0|5,973195140,True,False,0.5032618045806885,0.49846744537353516,0.5,0.7410687804222107,0.5032618045806885,0.1523703932762146,0.032036907970905304,7.2647833824157715,0.503261776414054,0.4984674774110317,0.6931424833016191,0.5015325225889683,0.7410687364637851,0.5,0.0,0.5,nan
metadata_order,0,sub-62,0,tent_det,ses-1,0,71,False,32,1571606376,EEGTTA-PHASE1|v1|metadata_order|tent_det|sub-62|0|0,1138845266,True,False,0.6506458520889282,0.45539164543151855,0.40625,0.6192575693130493,0.6506458520889282,0.04978697746992111,0.00849460531026125,6.362729072570801,0.6506458123982771,0.4553916435688734,0.6891620731197181,0.5446083564311266,0.6192575637251139,0.40625,0.0,0.59375,nan
metadata_order,1,sub-62,0,tent_det,ses-1,0,71,False,32,1720619954,EEGTTA-PHASE1|v1|metadata_order|tent_det|sub-62|0|1,1571606376,True,False,0.6249661445617676,0.45790737867355347,0.4375,0.6281710863113403,0.6249661445617676,0.04769790172576904,0.015530552715063095,6.3638787269592285,0.6249661794509612,0.45790736365597695,0.6895994029269221,0.542092636344023,0.6281710305484012,0.4375,0.0,0.5625,nan
metadata_order,2,sub-62,0,tent_det,ses-1,0,71,True,7,1239944007,EEGTTA-PHASE1|v1|metadata_order|tent_det|sub-62|0|2,1720619954,True,False,0.6578884124755859,0.4746239483356476,0.5714285969734192,0.6108934283256531,0.6578884124755859,0.040189869701862335,0.02144508808851242,6.365008354187012,0.6578883864069057,0.4746239313057491,0.691858737378114,0.5253760686942509,0.6108933900083814,0.5714285714285714,0.0,0.42857142857142855,nan
metadata_order,3,sub-62,0,tent_det,ses-2,1,66,False,32,1247567460,EEGTTA-PHASE1|v1|metadata_order|tent_det|sub-62|0|3,1239944007,True,False,0.6300490498542786,0.4360274076461792,0.375,0.6490065455436707,0.6300490498542786,0.07511401176452637,0.027483562007546425,6.366217613220215,0.6300490720883256,0.43602738506160676,0.684939710755895,0.5639726149383932,0.6490065718535334,0.375,1.0,0.375,nan
metadata_order,4,sub-62,0,tent_det,ses-2,1,66,False,32,1552242471,EEGTTA-PHASE1|v1|metadata_order|tent_det|sub-62|0|4,1247567460,True,False,0.6237282752990723,0.47958195209503174,0.5,0.6553237438201904,0.6237282752990723,0.052727341651916504,0.03353822976350784,6.367631912231445,0.6237282447858832,0.4795819600112736,0.692313155954505,0.5204180399887264,0.6553237470798194,0.5,1.0,0.5,nan
metadata_order,5,sub-62,0,tent_det,ses-2,1,66,True,2,1324114254,EEGTTA-PHASE1|v1|metadata_order|tent_det|sub-62|0|5,1552242471,True,False,0.6765037775039673,0.41120362281799316,0.0,0.5887963771820068,0.6765037775039673,0.11022691428661346,0.03849947452545166,6.368630409240723,0.6765037868466548,0.41120360791683197,0.6772936248736072,0.588796392083168,0.588796392083168,0.0,1.0,0.0,nan
metadata_order,0,sub-63,0,tent_det,ses-1,0,67,False,32,1875639275,EEGTTA-PHASE1|v1|metadata_order|tent_det|sub-63|0|0,1837235406,True,False,0.4322556257247925,0.4511312246322632,0.40625,0.7977361679077148,0.4322556257247925,0.19325730204582214,0.008613314479589462,7.447649002075195,0.43225561268762813,0.45113121601752937,0.688363230859216,0.5488687839824706,0.7977361616212875,0.40625,0.0,0.59375,nan
metadata_order,1,sub-63,0,tent_det,ses-1,0,67,False,32,867200022,EEGTTA-PHASE1|v1|metadata_order|tent_det|sub-63|0|1,1875639275,True,False,0.46477219462394714,0.47179415822029114,0.4375,0.7902721762657166,0.46477219462394714,0.1762356013059616,0.01563369855284691,7.449874401092529,0.46477219551980586,0.47179415239952505,0.6915551958976756,0.528205847600475,0.7902721709106117,0.4375,0.0,0.5625,nan
metadata_order,2,sub-63,0,tent_det,ses-1,0,67,True,3,217276884,EEGTTA-PHASE1|v1|metadata_order|tent_det|sub-63|0|2,867200022,True,False,0.5471273064613342,0.4759001135826111,0.6666666865348816,0.733137845993042,0.5471273064613342,0.3277876377105713,0.020827697589993477,7.451009750366211,0.5471273007605143,0.4759001036485036,0.6919851203538736,0.5240998963514965,0.7331377963225046,0.6666666666666666,0.0,0.3333333333333333,nan
metadata_order,3,sub-63,0,tent_det,ses-2,1,73,False,32,1221063465,EEGTTA-PHASE1|v1|metadata_order|tent_det|sub-63|0|3,217276884,True,False,0.5563117265701294,0.43921875953674316,0.375,0.7169312834739685,0.5563117265701294,0.1571531891822815,0.026096437126398087,7.452426910400391,0.5563117286030541,0.43921877062530257,0.6857401587392385,0.5607812293746974,0.7169312872865703,0.375,1.0,0.375,nan
metadata_order,4,sub-63,0,tent_det,ses-2,1,73,False,32,43339643,EEGTTA-PHASE1|v1|metadata_order|tent_det|sub-63|0|4,1221063465,True,False,0.4952988028526306,0.5268532633781433,0.53125,0.7590239644050598,0.4952988028526306,0.11597957462072372,0.03083116002380848,7.453986167907715,0.49529883414641906,0.5268532544723712,0.6917042918989079,0.5268532544723712,0.7590239882119931,0.53125,1.0,0.53125,nan
metadata_order,5,sub-63,0,tent_det,ses-2,1,73,True,9,578689399,EEGTTA-PHASE1|v1|metadata_order|tent_det|sub-63|0|5,43339643,True,False,0.43400853872299194,0.3414686918258667,0.2222222238779068,0.7915371060371399,0.43400853872299194,0.3822481632232666,0.0355958566069603,7.455201148986816,0.43400854097498737,0.3414686657488346,0.6420048326205805,0.6585313342511654,0.791537046018574,0.2222222222222222,1.0,0.2222222222222222,nan
metadata_order,0,sub-64,0,tent_det,ses-1,0,69,False,32,165733914,EEGTTA-PHASE1|v1|metadata_order|tent_det|sub-64|0|0,1800602540,True,False,0.36147093772888184,0.43183809518814087,0.34375,0.8384071588516235,0.36147093772888184,0.18759292364120483,0.008566907607018948,7.3065266609191895,0.36147094796146795,0.4318380741169676,0.6838260871582448,0.5681619258830324,0.8384071612963453,0.34375,0.0,0.65625,nan
metadata_order,1,sub-64,0,tent_det,ses-1,0,69,False,32,199160044,EEGTTA-PHASE1|v1|metadata_order|tent_det|sub-64|0|1,165733914,True,False,0.4388350248336792,0.521795928478241,0.53125,0.7817702889442444,0.4388350248336792,0.08235619217157364,0.014804939739406109,7.308346271514893,0.43883502947646424,0.5217959067667834,0.6921967563161133,0.5217959067667834,0.7817702808533795,0.53125,0.0,0.46875,nan
metadata_order,2,sub-64,0,tent_det,ses-1,0,69,True,5,1685930792,EEGTTA-PHASE1|v1|metadata_order|tent_det|sub-64|0|2,199160044,True,False,0.5407565236091614,0.5278176665306091,0.4000000059604645,0.7194644808769226,0.5407565236091614,0.12307018786668777,0.020551329478621483,7.30990743637085,0.5407564722121813,0.5278176248073578,0.6915987406729129,0.5278176248073578,0.7194644510746002,0.4,0.0,0.6,nan
metadata_order,3,sub-64,0,tent_det,ses-2,1,70,False,32,806092753,EEGTTA-PHASE1|v1|metadata_order|tent_det|sub-64|0|3,1685930792,True,False,0.4884469509124756,0.5520451664924622,0.5625,0.7551816701889038,0.4884469509124756,0.10351214557886124,0.025314657017588615,7.311959743499756,0.48844694519396115,0.5520451493212022,0.6877199600555969,0.5520451493212022,0.7551816575578414,0.5625,1.0,0.5625,nan
metadata_order,4,sub-64,0,tent_det,ses-2,1,70,False,32,85421751,EEGTTA-PHASE1|v1|metadata_order|tent_det|sub-64|0|4,806092753,True,False,0.48869776725769043,0.5257937908172607,0.53125,0.766076922416687,0.48869776725769043,0.11897875368595123,0.029577866196632385,7.314379692077637,0.4886977337939182,0.5257937695132568,0.6918159526410139,0.5257937695132568,0.7660769511712715,0.53125,1.0,0.53125,nan
metadata_order,5,sub-64,0,tent_det,ses-2,1,70,True,6,686478189,EEGTTA-PHASE1|v1|metadata_order|tent_det|sub-64|0|5,85421751,True,False,0.5057808756828308,0.5788012742996216,0.5,0.7323259115219116,0.5057808756828308,0.12800705432891846,0.03360487148165703,7.3165974617004395,0.5057808391059112,0.5788012444972992,0.6806759778054934,0.5788012444972992,0.7323258817195892,0.5,1.0,0.5,nan
metadata_order,0,sub-65,0,tent_det,ses-2,0,55,False,32,627346992,EEGTTA-PHASE1|v1|metadata_order|tent_det|sub-65|0|0,782197064,True,False,0.4923344850540161,0.489286869764328,0.46875,0.7657631635665894,0.4923344850540161,0.09074560552835464,0.008547096513211727,6.8418049812316895,0.4923344989117133,0.4892868852475658,0.6929176213381978,0.5107131147524342,0.7657631592592224,0.46875,1.0,0.46875,nan
metadata_order,1,sub-65,0,tent_det,ses-2,0,55,True,23,2054506795,EEGTTA-PHASE1|v1|metadata_order|tent_det|sub-65|0|1,627346992,True,False,0.556519627571106,0.5207086801528931,0.43478262424468994,0.6979013681411743,0.556519627571106,0.08738922327756882,0.0142696313560009,6.8436994552612305,0.5565196479162634,0.5207086977670374,0.692289234848503,0.5207086977670374,0.6979013453440174,0.43478260869565216,1.0,0.43478260869565216,nan
metadata_order,2,sub-65,0,tent_det,ses-1,1,74,False,32,565089546,EEGTTA-PHASE1|v1|metadata_order|tent_det|sub-65|0|2,2054506795,True,False,0.5869923830032349,0.46160078048706055,0.5,0.6779998540878296,0.5869923830032349,0.08384639769792557,0.019941916689276695,6.845142841339111,0.5869923468913267,0.4616007572039962,0.6901952711303475,0.5383992427960038,0.6779998624697328,0.5,0.0,0.5,nan
metadata_order,3,sub-65,0,tent_det,ses-1,1,74,False,32,209620431,EEGTTA-PHASE1|v1|metadata_order|tent_det|sub-65|0|3,565089546,True,False,0.5836931467056274,0.4649714231491089,0.4375,0.698269248008728,0.5836931467056274,0.08757796883583069,0.025583356618881226,6.84666109085083,0.5836931109285921,0.4649714585393667,0.6906911718071714,0.5350285414606333,0.6982692163437605,0.4375,0.0,0.5625,nan
metadata_order,4,sub-65,0,tent_det,ses-1,1,74,True,10,1167794039,EEGTTA-PHASE1|v1|metadata_order|tent_det|sub-65|0|4,209620431,True,False,0.5987947583198547,0.4966545104980469,0.5,0.6844294667243958,0.5987947583198547,0.10903963446617126,0.03081873431801796,6.84817361831665,0.5987947529089035,0.4966544985771179,0.6931247956333755,0.503345501422882,0.6844294548034668,0.5,0.0,0.5,nan
metadata_order,0,sub-66,0,tent_det,ses-1,0,65,False,32,2060438788,EEGTTA-PHASE1|v1|metadata_order|tent_det|sub-66|0|0,897890305,True,False,0.4513501524925232,0.46847647428512573,0.40625,0.7605159282684326,0.4513501524925232,0.11964746564626694,0.008535276167094707,7.710480690002441,0.4513501392415822,0.4684764585108496,0.6911583944504898,0.5315235414891504,0.760515873262193,0.40625,0.0,0.59375,nan
metadata_order,1,sub-66,0,tent_det,ses-1,0,65,False,32,1839622983,EEGTTA-PHASE1|v1|metadata_order|tent_det|sub-66|0|1,2060438788,True,False,0.44926917552948,0.47831404209136963,0.5,0.7940424680709839,0.44926917552948,0.11385750770568848,0.015132098458707333,7.712970733642578,0.44926920251933755,0.4783140556537546,0.6922063250888595,0.5216859443462454,0.7940424731350504,0.5,0.0,0.5,nan
metadata_order,2,sub-66,0,tent_det,ses-1,0,65,True,1,1129957611,EEGTTA-PHASE1|v1|metadata_order|tent_det|sub-66|0|2,1839622983,True,False,0.6888800263404846,0.5461580157279968,1.0,0.5461580157279968,0.6888800263404846,0.11915750801563263,0.019028956070542336,7.7147626876831055,0.6888799826064029,0.5461580157279968,0.6888799826064029,0.5461580157279968,0.5461580157279968,1.0,0.0,0.0,nan
metadata_order,3,sub-66,0,tent_det,ses-2,1,69,False,32,323597741,EEGTTA-PHASE1|v1|metadata_order|tent_det|sub-66|0|3,1129957611,True,False,0.3990720808506012,0.4625917077064514,0.4375,0.8101738691329956,0.3990720808506012,0.120338574051857,0.023654697462916374,7.716647624969482,0.3990720903049096,0.46259171216638606,0.6903458036798016,0.5374082878336139,0.8101738721236416,0.4375,1.0,0.4375,nan
metadata_order,4,sub-66,0,tent_det,ses-2,1,69,False,32,449820603,EEGTTA-PHASE1|v1|metadata_order|tent_det|sub-66|0|4,323597741,True,False,0.37897026538848877,0.4320772588253021,0.4375,0.83301842212677,0.37897026538848877,0.10470535606145859,0.02861117199063301,7.718663692474365,0.37897029952130357,0.4320772745704744,0.6838915965872081,0.5679227254295256,0.8330184585356619,0.4375,1.0,0.4375,nan
metadata_order,5,sub-66,0,tent_det,ses-2,1,69,True,5,590891301,EEGTTA-PHASE1|v1|metadata_order|tent_det|sub-66|0|5,449820603,True,False,0.5373398661613464,0.4925784170627594,0.6000000238418579,0.7256664633750916,0.5373398661613464,0.24856072664260864,0.03213970363140106,7.720117568969727,0.5373398668298591,0.49257841110229494,0.6930370165509832,0.5074215888977051,0.7256663799285888,0.6,1.0,0.6,nan
metadata_order,0,sub-67,0,tent_det,ses-2,0,72,False,32,2079802174,EEGTTA-PHASE1|v1|metadata_order|tent_det|sub-67|0|0,354267956,True,False,0.45811593532562256,0.44875848293304443,0.375,0.7872635126113892,0.45811593532562256,0.15052007138729095,0.008590541779994965,6.84808874130249,0.45811590835321037,0.44875847741786856,0.687886562093966,0.5512415225821314,0.7872635069506941,0.375,1.0,0.375,nan
metadata_order,1,sub-67,0,tent_det,ses-2,0,72,False,32,1965316459,EEGTTA-PHASE1|v1|metadata_order|tent_det|sub-67|0|1,2079802174,True,False,0.49746933579444885,0.5037421584129333,0.53125,0.7459226846694946,0.49746933579444885,0.09813378006219864,0.014366108924150467,6.849255084991455,0.4974693313882074,0.5037421545130201,0.6931191728576686,0.5037421545130201,0.7459227109211497,0.53125,1.0,0.53125,nan
metadata_order,2,sub-67,0,tent_det,ses-2,0,72,True,8,1223316099,EEGTTA-PHASE1|v1|metadata_order|tent_det|sub-67|0|2,1965316459,True,False,0.5503707528114319,0.4439168870449066,0.625,0.692745566368103,0.5503707528114319,0.13797183334827423,0.019337521865963936,6.850436687469482,0.5503707337799901,0.4439168917015195,0.6868432929784618,0.5560831082984805,0.6927456064149737,0.625,1.0,0.625,nan
metadata_order,3,sub-67,0,tent_det,ses-1,1,74,False,32,1419366065,EEGTTA-PHASE1|v1|metadata_order|tent_det|sub-67|0|3,1223316099,True,False,0.5599584579467773,0.5045261383056641,0.5,0.706278920173645,0.5599584579467773,0.07840199768543243,0.02397175505757332,6.8519768714904785,0.5599584297800866,0.5045261906925589,0.6931062071959659,0.5045261906925589,0.706278890138492,0.5,0.0,0.5,nan
metadata_order,4,sub-67,0,tent_det,ses-1,1,74,False,32,2067123742,EEGTTA-PHASE1|v1|metadata_order|tent_det|sub-67|0|4,1419366065,True,False,0.567252516746521,0.5066349506378174,0.5,0.7078646421432495,0.567252516746521,0.09044787287712097,0.02857857383787632,6.853516578674316,0.5672525334856369,0.5066349382977933,0.6930591331633693,0.5066349382977933,0.7078646544832736,0.5,0.0,0.5,nan
metadata_order,5,sub-67,0,tent_det,ses-1,1,74,True,10,1034092089,EEGTTA-PHASE1|v1|metadata_order|tent_det|sub-67|0|5,2067123742,True,False,0.6396811604499817,0.5043166875839233,0.6000000238418579,0.6474711894989014,0.6396811604499817,0.09300566464662552,0.03267975524067879,6.854778289794922,0.6396811461960598,0.5043166875839233,0.6931099125135796,0.5043166875839233,0.6474712014198303,0.6,0.0,0.4,nan
metadata_order,0,sub-68,0,tent_det,ses-2,0,73,False,32,248700298,EEGTTA-PHASE1|v1|metadata_order|tent_det|sub-68|0|0,894110955,True,False,0.5579514503479004,0.48225322365760803,0.46875,0.6957584023475647,0.5579514503479004,0.10186392068862915,0.008514469489455223,7.053699970245361,0.557951435888958,0.48225321277277544,0.6925171513227697,0.5177467872272246,0.6957583983312361,0.46875,1.0,0.46875,nan
metadata_order,1,sub-68,0,tent_det,ses-2,0,73,False,32,2029608163,EEGTTA-PHASE1|v1|metadata_order|tent_det|sub-68|0|1,248700298,True,False,0.504233717918396,0.5348924398422241,0.53125,0.7501691579818726,0.504233717918396,0.10004086792469025,0.01375645399093628,7.055239677429199,0.5042336922109263,0.5348924233112484,0.6907102379436318,0.5348924233112484,0.75016919686459,0.53125,1.0,0.53125,nan
metadata_order,2,sub-68,0,tent_det,ses-2,0,73,True,9,1033405050,EEGTTA-PHASE1|v1|metadata_order|tent_det|sub-68|0|2,2029608163,True,False,0.5379997491836548,0.5749155879020691,0.6666666865348816,0.732379674911499,0.5379997491836548,0.18977859616279602,0.018506458029150963,7.056253433227539,0.5379997258997288,0.5749155580997467,0.6818801193131423,0.5749155580997467,0.7323796848456064,0.6666666666666666,1.0,0.6666666666666666,nan
metadata_order,3,sub-68,0,tent_det,ses-1,1,73,False,32,1750809608,EEGTTA-PHASE1|v1|metadata_order|tent_det|sub-68|0|3,1033405050,True,False,0.49611136317253113,0.5396891832351685,0.5625,0.754395067691803,0.49611136317253113,0.13710658252239227,0.02327062375843525,7.05718994140625,0.4961113476225179,0.5396891543641686,0.6899934057831052,0.5396891543641686,0.754395074211061,0.5625,0.0,0.4375,nan
metadata_order,4,sub-68,0,tent_det,ses-1,1,73,False,32,177299266,EEGTTA-PHASE1|v1|metadata_order|tent_det|sub-68|0|4,1750809608,True,False,0.4960632920265198,0.4875749945640564,0.46875,0.7414700984954834,0.4960632920265198,0.12286359071731567,0.027582352980971336,7.058541774749756,0.49606324718509337,0.48757495754398406,0.6928383854137546,0.5124250424560159,0.741470113163814,0.46875,0.0,0.53125,nan
metadata_order,5,sub-68,0,tent_det,ses-1,1,73,True,9,1268636470,EEGTTA-PHASE1|v1|metadata_order|tent_det|sub-68|0|5,177299266,True,False,0.5703514218330383,0.4901586174964905,0.5555555820465088,0.6960102319717407,0.5703514218330383,0.10065088421106339,0.03161186724901199,7.059828758239746,0.570351421344765,0.49015862743059796,0.6929534628226688,0.509841372569402,0.6960102551513248,0.5555555555555556,0.0,0.4444444444444444,nan
metadata_order,0,sub-69,0,tent_det,ses-1,0,73,False,32,1789506336,EEGTTA-PHASE1|v1|metadata_order|tent_det|sub-69|0|0,16629632,True,False,0.48414352536201477,0.46976861357688904,0.40625,0.7658646702766418,0.48414352536201477,0.15942232310771942,0.00855163298547268,7.137446403503418,0.4841435078599171,0.46976858703419566,0.6913181885573216,0.5302314129658043,0.7658647079952061,0.40625,0.0,0.59375,nan
metadata_order,1,sub-69,0,tent_det,ses-1,0,73,False,32,16145910,EEGTTA-PHASE1|v1|metadata_order|tent_det|sub-69|0|1,1789506336,True,False,0.5083868503570557,0.4877716600894928,0.4375,0.7462498545646667,0.5083868503570557,0.14921027421951294,0.014199602417647839,7.139771461486816,0.5083868552050889,0.4877716479677474,0.692848085552632,0.5122283520322526,0.746249877862283,0.4375,0.0,0.5625,nan
metadata_order,2,sub-69,0,tent_det,ses-1,0,73,True,9,980686290,EEGTTA-PHASE1|v1|metadata_order|tent_det|sub-69|0|2,16145910,True,False,0.468363493680954,0.49440738558769226,0.4444444477558136,0.7720293402671814,0.468363493680954,0.11597391217947006,0.019893456250429153,7.142045021057129,0.4683634641029959,0.49440736861692536,0.693084624203928,0.5055926313830746,0.7720293274356259,0.4444444444444444,0.0,0.5555555555555556,nan
metadata_order,3,sub-69,0,tent_det,ses-2,1,70,False,32,1112204168,EEGTTA-PHASE1|v1|metadata_order|tent_det|sub-69|0|3,980686290,True,False,0.4696083068847656,0.44099801778793335,0.40625,0.7730898857116699,0.4696083068847656,0.15779809653759003,0.025808289647102356,7.144477844238281,0.4696083055396941,0.4409980278578587,0.68616846580452,0.5590019721421413,0.7730898756417446,0.40625,1.0,0.40625,nan
metadata_order,4,sub-69,0,tent_det,ses-2,1,70,False,32,2006702450,EEGTTA-PHASE1|v1|metadata_order|tent_det|sub-69|0|4,1112204168,True,False,0.49435511231422424,0.5454347133636475,0.625,0.760361909866333,0.49435511231422424,0.13990184664726257,0.030754869803786278,7.146683216094971,0.4943550954896626,0.5454347202903591,0.6890128522388337,0.5454347202903591,0.7603618880384602,0.625,1.0,0.625,nan
metadata_order,5,sub-69,0,tent_det,ses-2,1,70,True,6,1701429390,EEGTTA-PHASE1|v1|metadata_order|tent_det|sub-69|0|5,2006702450,True,False,0.4546642303466797,0.5051760673522949,0.6666666865348816,0.7840697765350342,0.4546642303466797,0.18674248456954956,0.03453109413385391,7.148651599884033,0.45466425149903283,0.5051760300993919,0.6930935970276939,0.5051760300993919,0.7840697740515074,0.6666666666666666,1.0,0.6666666666666666,nan
metadata_order,0,sub-70,0,tent_det,ses-1,0,70,False,32,496343720,EEGTTA-PHASE1|v1|metadata_order|tent_det|sub-70|0|0,593059731,True,False,0.6683793067932129,0.4806492328643799,0.40625,0.595869779586792,0.6683793067932129,0.021681873127818108,0.008485313504934311,6.327432155609131,0.6683792764580584,0.48064923100173473,0.6923980889735384,0.5193507689982653,0.5958697404712439,0.40625,0.0,0.59375,nan
metadata_order,1,sub-70,0,tent_det,ses-1,0,70,False,32,640921645,EEGTTA-PHASE1|v1|metadata_order|tent_det|sub-70|0|1,496343720,True,False,0.6582285165786743,0.5141135454177856,0.46875,0.6038080453872681,0.6582285165786743,0.023448841646313667,0.014009106904268265,6.328954219818115,0.6582284588759933,0.5141135398298502,0.692748743626746,0.5141135398298502,0.6038080584257841,0.46875,0.0,0.53125,nan
metadata_order,2,sub-70,0,tent_det,ses-1,0,70,True,6,297294273,EEGTTA-PHASE1|v1|metadata_order|tent_det|sub-70|0|2,640921645,True,False,0.6673817038536072,0.5125575065612793,0.5,0.5897950530052185,0.6673817038536072,0.043990783393383026,0.018626781180500984,6.329914093017578,0.6673816723696856,0.5125575115283331,0.6928317652046999,0.5125575115283331,0.5897950480381647,0.5,0.0,0.5,nan
metadata_order,3,sub-70,0,tent_det,ses-2,1,69,False,32,389769736,EEGTTA-PHASE1|v1|metadata_order|tent_det|sub-70|0|3,297294273,True,False,0.6470476388931274,0.5332236886024475,0.5,0.6148439645767212,0.6470476388931274,0.034187112003564835,0.023132752627134323,6.3312087059021,0.6470476402212144,0.5332236979156733,0.690937924936885,0.5332236979156733,0.6148439962416887,0.5,1.0,0.5,nan
metadata_order,4,sub-70,0,tent_det,ses-2,1,69,False,32,910550782,EEGTTA-PHASE1|v1|metadata_order|tent_det|sub-70|0|4,389769736,True,False,0.6533932089805603,0.5338733792304993,0.6875,0.6065313816070557,0.6533932089805603,0.03940785303711891,0.027349073439836502,6.332646369934082,0.6533932188208329,0.5338733769021928,0.6908506106175187,0.5338733769021928,0.6065313727594912,0.6875,1.0,0.6875,nan
metadata_order,5,sub-70,0,tent_det,ses-2,1,69,True,5,1451533659,EEGTTA-PHASE1|v1|metadata_order|tent_det|sub-70|0|5,910550782,True,False,0.6679133176803589,0.5545938611030579,0.6000000238418579,0.5915214419364929,0.6679133176803589,0.05174186825752258,0.031084643676877022,6.334100246429443,0.6679133044728879,0.5545938432216644,0.6871743038683109,0.5545938432216644,0.5915214598178864,0.6,1.0,0.6,nan
metadata_order,0,sub-71,0,tent_det,ses-1,0,70,False,32,419555606,EEGTTA-PHASE1|v1|metadata_order|tent_det|sub-71|0|0,1604284538,True,False,0.5564826130867004,0.5129812955856323,0.59375,0.7002005577087402,0.5564826130867004,0.08687271177768707,0.008553250692784786,6.946337699890137,0.5564826341732845,0.5129813320236281,0.6928101127244524,0.5129813320236281,0.7002005622489378,0.59375,0.0,0.40625,nan
metadata_order,1,sub-71,0,tent_det,ses-1,0,70,False,32,1806668846,EEGTTA-PHASE1|v1|metadata_order|tent_det|sub-71|0|1,419555606,True,False,0.5446116328239441,0.4942146837711334,0.53125,0.7259526252746582,0.5446116328239441,0.11711454391479492,0.014212951995432377,6.948328971862793,0.5446116076271481,0.49421469029039145,0.6930802394493557,0.5057853097096086,0.7259525889530778,0.53125,0.0,0.46875,nan
metadata_order,2,sub-71,0,tent_det,ses-1,0,70,True,6,1188368659,EEGTTA-PHASE1|v1|metadata_order|tent_det|sub-71|0|2,1806668846,True,False,0.582103431224823,0.5852935910224915,0.5,0.6617381572723389,0.582103431224823,0.11084670573472977,0.019906984642148018,6.950085639953613,0.5821034286289047,0.585293581088384,0.6785257887620235,0.585293581088384,0.6617381473382314,0.5,0.0,0.5,nan
metadata_order,3,sub-71,0,tent_det,ses-2,1,72,False,32,1883870366,EEGTTA-PHASE1|v1|metadata_order|tent_det|sub-71|0|3,1188368659,True,False,0.46099624037742615,0.4802064299583435,0.46875,0.7820221185684204,0.46099624037742615,0.13131989538669586,0.024534054100513458,6.951436996459961,0.4609962319168791,0.48020644282223657,0.6923634059594963,0.5197935571777634,0.7820221429574303,0.46875,1.0,0.46875,nan
metadata_order,4,sub-71,0,tent_det,ses-2,1,72,False,32,922051234,EEGTTA-PHASE1|v1|metadata_order|tent_det|sub-71|0|4,1883870366,True,False,0.5633560419082642,0.5284371972084045,0.59375,0.6988512277603149,0.5633560419082642,0.07565000653266907,0.029528485611081123,6.952689170837402,0.5633560244145239,0.5284371880115941,0.6915289601683368,0.5284371880115941,0.6988511997042224,0.59375,1.0,0.59375,nan
metadata_order,5,sub-71,0,tent_det,ses-2,1,72,True,8,103426323,EEGTTA-PHASE1|v1|metadata_order|tent_det|sub-71|0|5,922051234,True,False,0.5000354647636414,0.5318114161491394,0.5,0.7464407682418823,0.5000354647636414,0.11907810717821121,0.03454598784446716,6.953937530517578,0.5000354760103525,0.5318114506080747,0.6911218761246782,0.5318114506080747,0.7464407635852695,0.5,1.0,0.5,nan
metadata_order,0,sub-01,1,tent_det,ses-1,0,69,False,32,596354469,EEGTTA-PHASE1|v1|metadata_order|tent_det|sub-01|1|0,578565338,True,False,0.534031867980957,0.4481576383113861,0.34375,0.7384718656539917,0.534031867980957,0.15872524678707123,0.008520846255123615,6.741321563720703,0.5340318855098456,0.4481576307443902,0.6877622452548001,0.5518423692556098,0.7384718769462779,0.34375,0.0,0.65625,nan
metadata_order,1,sub-01,1,tent_det,ses-1,0,69,False,32,1169746164,EEGTTA-PHASE1|v1|metadata_order|tent_det|sub-01|1|1,596354469,True,False,0.54057776927948,0.5100054740905762,0.5625,0.7235833406448364,0.54057776927948,0.08689473569393158,0.013360713608562946,6.742711544036865,0.5405777826980828,0.5100054103531875,0.6929469507229213,0.5100054103531875,0.7235833224258386,0.5625,0.0,0.4375,nan
metadata_order,2,sub-01,1,tent_det,ses-1,0,69,True,5,235978448,EEGTTA-PHASE1|v1|metadata_order|tent_det|sub-01|1|2,1169746164,True,False,0.5072810053825378,0.41174212098121643,0.20000000298023224,0.7690614461898804,0.5072810053825378,0.31651192903518677,0.01792280748486519,6.743680000305176,0.5072809587351024,0.41174209415912627,0.6774863383581385,0.5882579058408737,0.7690614193677903,0.2,0.0,0.8,nan
metadata_order,3,sub-01,1,tent_det,ses-2,1,54,False,32,589205004,EEGTTA-PHASE1|v1|metadata_order|tent_det|sub-01|1|3,235978448,True,False,0.5234147310256958,0.513197660446167,0.5,0.7333727478981018,0.5234147310256958,0.09115923196077347,0.02246677502989769,6.744849681854248,0.5234147114627647,0.5131976078846492,0.6927987863908125,0.5131976078846492,0.7333727669320069,0.5,1.0,0.5,nan
metadata_order,4,sub-01,1,tent_det,ses-2,1,54,True,22,89364886,EEGTTA-PHASE1|v1|metadata_order|tent_det|sub-01|1|4,589205004,True,False,0.5815051794052124,0.498640239238739,0.5454545617103577,0.6876406669616699,0.5815051794052124,0.08989911526441574,0.026848727837204933,6.74609375,0.5815051136146635,0.49864025752652774,0.6931434827561991,0.5013597424734723,0.6876406161622568,0.5454545454545454,1.0,0.5454545454545454,nan
metadata_order,0,sub-02,1,tent_det,ses-1,0,70,False,32,443450838,EEGTTA-PHASE1|v1|metadata_order|tent_det|sub-02|1|0,2016205807,True,False,0.44736069440841675,0.47382915019989014,0.5,0.7814304828643799,0.44736069440841675,0.13593874871730804,0.008567064069211483,7.476585865020752,0.44736070187583876,0.4738291292451322,0.6917767254442448,0.5261708707548678,0.7814304702915251,0.5,0.0,0.5,nan
metadata_order,1,sub-02,1,tent_det,ses-1,0,70,False,32,904546137,EEGTTA-PHASE1|v1|metadata_order|tent_det|sub-02|1|1,443450838,True,False,0.40742945671081543,0.4474785327911377,0.40625,0.7945411801338196,0.40742945671081543,0.15954190492630005,0.01375142578035593,7.478240489959717,0.40742944359594313,0.4474785094789695,0.6876199757663914,0.5525214905210305,0.7945411773689557,0.40625,0.0,0.59375,nan
metadata_order,2,sub-02,1,tent_det,ses-1,0,70,True,6,1773150241,EEGTTA-PHASE1|v1|metadata_order|tent_det|sub-02|1|2,904546137,True,False,0.6372671127319336,0.4807376265525818,0.3333333432674408,0.6490267515182495,0.6372671127319336,0.20129646360874176,0.01826833188533783,7.479294300079346,0.6372670990447524,0.4807376215855281,0.6924049184463821,0.5192623784144719,0.6490267167488734,0.3333333333333333,0.0,0.6666666666666666,nan
metadata_order,3,sub-02,1,tent_det,ses-2,1,64,False,32,274434906,EEGTTA-PHASE1|v1|metadata_order|tent_det|sub-02|1|3,1773150241,True,False,0.40152299404144287,0.4762764573097229,0.46875,0.8174903988838196,0.40152299404144287,0.16315704584121704,0.02275589294731617,7.480667591094971,0.4015230088143181,0.4762764548577252,0.6920211446559257,0.5237235451422748,0.8174904087863979,0.46875,1.0,0.46875,nan
metadata_order,4,sub-02,1,tent_det,ses-2,1,64,True,32,2136345104,EEGTTA-PHASE1|v1|metadata_order|tent_det|sub-02|1|4,274434906,True,False,0.4102209806442261,0.5602983236312866,0.65625,0.8036631345748901,0.4102209806442261,0.19891566038131714,0.026521001011133194,7.482202529907227,0.4102209609466715,0.5602983324170054,0.6858576731791377,0.5602983324170054,0.8036631071627198,0.65625,1.0,0.65625,nan
metadata_order,0,sub-03,1,tent_det,ses-1,0,73,False,32,1929517717,EEGTTA-PHASE1|v1|metadata_order|tent_det|sub-03|1|0,741663589,True,False,0.4100590944290161,0.5217976570129395,0.53125,0.8070453405380249,0.4100590944290161,0.09076069295406342,0.008499243296682835,7.799383640289307,0.41005909850982786,0.5217976812273264,0.692196601507794,0.5217976812273264,0.807045316323638,0.53125,0.0,0.46875,nan
metadata_order,1,sub-03,1,tent_det,ses-1,0,73,False,32,1577204596,EEGTTA-PHASE1|v1|metadata_order|tent_det|sub-03|1|1,1929517717,True,False,0.465259850025177,0.5637857913970947,0.6875,0.7762672901153564,0.465259850025177,0.12683290243148804,0.01349398959428072,7.802449703216553,0.46525986708586964,0.5637857879046351,0.6849877105038467,0.5637857879046351,0.7762672936078161,0.6875,0.0,0.3125,nan
metadata_order,2,sub-03,1,tent_det,ses-1,0,73,True,9,1835475719,EEGTTA-PHASE1|v1|metadata_order|tent_det|sub-03|1|2,1577204596,True,False,0.5417953133583069,0.5833735466003418,0.7777777910232544,0.7023596167564392,0.5417953133583069,0.19370684027671814,0.017122138291597366,7.804272174835205,0.5417952983641771,0.583373549911711,0.6791797309022515,0.583373549911711,0.702359633313285,0.7777777777777778,0.0,0.2222222222222222,nan
metadata_order,3,sub-03,1,tent_det,ses-2,1,70,False,32,884414156,EEGTTA-PHASE1|v1|metadata_order|tent_det|sub-03|1|3,1835475719,True,False,0.47669148445129395,0.5401619076728821,0.53125,0.7698466181755066,0.47669148445129395,0.11479515582323074,0.021273860707879066,7.806472301483154,0.47669145171130883,0.5401619137264788,0.6899177440116575,0.5401619137264788,0.7698466232977808,0.53125,1.0,0.53125,nan
metadata_order,4,sub-03,1,tent_det,ses-2,1,70,False,32,77668589,EEGTTA-PHASE1|v1|metadata_order|tent_det|sub-03|1|4,884414156,True,False,0.45823031663894653,0.5560315251350403,0.5,0.7803037762641907,0.45823031663894653,0.11715108901262283,0.02603333257138729,7.808778762817383,0.4582303321688356,0.5560315359034576,0.6868549058407921,0.5560315359034576,0.7803038064739667,0.5,1.0,0.5,nan
metadata_order,5,sub-03,1,tent_det,ses-2,1,70,True,6,1155361197,EEGTTA-PHASE1|v1|metadata_order|tent_det|sub-03|1|5,77668589,True,False,0.5829380750656128,0.589236855506897,0.6666666865348816,0.6898820400238037,0.5829380750656128,0.22310930490493774,0.03070405311882496,7.810615062713623,0.5829380226209374,0.5892368207375208,0.6771351138991859,0.5892368207375208,0.6898820549249649,0.6666666666666666,1.0,0.6666666666666666,nan
metadata_order,0,sub-04,1,tent_det,ses-1,0,4,True,4,1247840563,EEGTTA-PHASE1|v1|metadata_order|tent_det|sub-04|1|0,2121917628,True,False,0.5335883498191833,0.47197991609573364,0.5,0.7070573568344116,0.5335883498191833,0.3132029175758362,0.008586380630731583,8.57983112335205,0.5335883551833713,0.4719799254089594,0.6915761084714254,0.5280200745910406,0.7070573475211859,0.5,0.0,0.5,nan
metadata_order,1,sub-04,1,tent_det,ses-2,1,62,False,32,434537054,EEGTTA-PHASE1|v1|metadata_order|tent_det|sub-04|1|1,1247840563,True,False,0.43023425340652466,0.4985949993133545,0.46875,0.7878641486167908,0.43023425340652466,0.1432064026594162,0.013505893759429455,8.581245422363281,0.43023426900871736,0.4985949939346028,0.6931432324706619,0.5014050060653972,0.7878641428196715,0.46875,1.0,0.46875,nan
metadata_order,2,sub-04,1,tent_det,ses-2,1,62,True,30,560324846,EEGTTA-PHASE1|v1|metadata_order|tent_det|sub-04|1|2,434537054,True,False,0.41859501600265503,0.5362794399261475,0.6000000238418579,0.8086569905281067,0.41859501600265503,0.15761101245880127,0.018143467605113983,8.583162307739258,0.4185949954889598,0.5362794322757206,0.6905124714359219,0.5362794322757206,0.8086569226793169,0.6,1.0,0.6,nan
metadata_order,0,sub-05,1,tent_det,ses-1,0,65,False,32,159952616,EEGTTA-PHASE1|v1|metadata_order|tent_det|sub-05|1|0,1027427797,True,False,0.5459317564964294,0.46365272998809814,0.375,0.7258403301239014,0.5459317564964294,0.09527457505464554,0.008500013500452042,6.708405017852783,0.5459317473415422,0.4636527397669852,0.690502601818153,0.5363472602330148,0.7258403501473367,0.375,0.0,0.625,nan
metadata_order,1,sub-05,1,tent_det,ses-1,0,65,False,32,1580211109,EEGTTA-PHASE1|v1|metadata_order|tent_det|sub-05|1|1,159952616,True,False,0.5843428373336792,0.49712783098220825,0.53125,0.6748502254486084,0.5843428373336792,0.04990062862634659,0.015013804659247398,6.711161136627197,0.5843428554665848,0.4971278420998715,0.6931306818872032,0.5028721579001285,0.6748502329573967,0.53125,0.0,0.46875,nan
metadata_order,2,sub-05,1,tent_det,ses-1,0,65,True,1,1525053190,EEGTTA-PHASE1|v1|metadata_order|tent_det|sub-05|1|2,1580211109,True,False,0.6864380836486816,0.44214627146720886,0.0,0.5578536987304688,0.6864380836486816,0.12755939364433289,0.020694607868790627,6.712917804718018,0.6864380551525955,0.44214627146720886,0.6864380551525955,0.5578537285327911,0.5578537285327911,0.0,0.0,1.0,nan
metadata_order,3,sub-05,1,tent_det,ses-2,1,67,False,32,865081712,EEGTTA-PHASE1|v1|metadata_order|tent_det|sub-05|1|3,1525053190,True,False,0.5559249520301819,0.4964624047279358,0.5625,0.709269642829895,0.5559249520301819,0.08172034472227097,0.02626965567469597,6.714846134185791,0.5559249640035107,0.49646241567097604,0.6931221513453542,0.503537584329024,0.7092696654144675,0.5625,1.0,0.5625,nan
metadata_order,4,sub-05,1,tent_det,ses-2,1,67,False,32,1445080595,EEGTTA-PHASE1|v1|metadata_order|tent_det|sub-05|1|4,865081712,True,False,0.5170086026191711,0.5245540142059326,0.53125,0.7519760131835938,0.5170086026191711,0.0998813584446907,0.031509947031736374,6.716990947723389,0.5170086184790762,0.5245539954048581,0.6919408980620382,0.5245539954048581,0.7519760096329264,0.53125,1.0,0.53125,nan
metadata_order,5,sub-05,1,tent_det,ses-2,1,67,True,3,827882893,EEGTTA-PHASE1|v1|metadata_order|tent_det|sub-05|1|5,1445080595,True,False,0.6790503263473511,0.537071168422699,0.6666666865348816,0.5829693078994751,0.6790503263473511,0.0832701176404953,0.03576664999127388,6.7188825607299805,0.6790502029347465,0.5370711286862692,0.690396119690267,0.5370711286862692,0.5829692482948303,0.6666666666666666,1.0,0.6666666666666666,nan
metadata_order,0,sub-06,1,tent_det,ses-1,0,74,False,32,822289913,EEGTTA-PHASE1|v1|metadata_order|tent_det|sub-06|1|0,225518786,True,False,0.52918940782547,0.5255208015441895,0.5,0.7305987477302551,0.52918940782547,0.09759734570980072,0.008508985862135887,7.3330979347229,0.5291894020299304,0.5255207755835727,0.6918439943906667,0.5255207755835727,0.7305987774161622,0.5,0.0,0.5,nan
metadata_order,1,sub-06,1,tent_det,ses-1,0,74,False,32,1022050452,EEGTTA-PHASE1|v1|metadata_order|tent_det|sub-06|1|1,822289913,True,False,0.5632272958755493,0.5309125185012817,0.53125,0.7092984318733215,0.5632272958755493,0.07876771688461304,0.014095846563577652,7.33494234085083,0.5632272360287909,0.5309124984778464,0.6912347960529599,0.5309124984778464,0.7092984556220472,0.53125,0.0,0.46875,nan
metadata_order,2,sub-06,1,tent_det,ses-1,0,74,True,10,1809838445,EEGTTA-PHASE1|v1|metadata_order|tent_det|sub-06|1|2,1022050452,True,False,0.6357548832893372,0.5160574316978455,0.6000000238418579,0.6243047118186951,0.6357548832893372,0.10559306293725967,0.018709486350417137,7.3365278244018555,0.635754898019164,0.5160574361681938,0.6926314093679466,0.5160574361681938,0.6243046715855598,0.6,0.0,0.4,nan
metadata_order,3,sub-06,1,tent_det,ses-2,1,64,False,32,1599162552,EEGTTA-PHASE1|v1|metadata_order|tent_det|sub-06|1|3,1809838445,True,False,0.43159347772598267,0.5624744296073914,0.59375,0.8052258491516113,0.43159347772598267,0.14242149889469147,0.023629911243915558,7.33804178237915,0.4315934665404685,0.5624743892112747,0.6853206423045428,0.5624743892112747,0.8052258820971474,0.59375,1.0,0.59375,nan
metadata_order,4,sub-06,1,tent_det,ses-2,1,64,True,32,808714473,EEGTTA-PHASE1|v1|metadata_order|tent_det|sub-06|1|4,1599162552,True,False,0.4567604959011078,0.5181653499603271,0.5625,0.7889173030853271,0.4567604959011078,0.17955274879932404,0.028472084552049637,7.339437961578369,0.4567604991208539,0.5181653383478988,0.6924870762666766,0.5181653383478988,0.788917296071304,0.5625,1.0,0.5625,nan
metadata_order,0,sub-07,1,tent_det,ses-1,0,63,False,32,1751197422,EEGTTA-PHASE1|v1|metadata_order|tent_det|sub-07|1|0,467757812,True,False,0.6009901762008667,0.504646897315979,0.5625,0.6594482660293579,0.6009901762008667,0.05517680197954178,0.008487834595143795,6.527578353881836,0.6009901408522402,0.5046469324734062,0.6931039919753657,0.5046469324734062,0.6594482867512852,0.5625,0.0,0.4375,nan
metadata_order,1,sub-07,1,tent_det,ses-1,0,63,True,31,1799335379,EEGTTA-PHASE1|v1|metadata_order|tent_det|sub-07|1|1,1751197422,True,False,0.6092187166213989,0.4832495450973511,0.5161290168762207,0.6623342037200928,0.6092187166213989,0.07010591775178909,0.014677830040454865,6.5278849601745605,0.6092186933866707,0.4832495801871823,0.6925859224207073,0.5167504198128177,0.6623342263121759,0.5161290322580645,0.0,0.4838709677419355,nan
metadata_order,2,sub-07,1,tent_det,ses-2,1,68,False,32,1838879819,EEGTTA-PHASE1|v1|metadata_order|tent_det|sub-07|1|2,1799335379,True,False,0.5635022521018982,0.5276742577552795,0.5625,0.689976692199707,0.5635022521018982,0.08910445123910904,0.019288428127765656,6.528554439544678,0.5635022885482646,0.5276742625283077,0.6916146679218658,0.5276742625283077,0.6899766352726147,0.5625,1.0,0.5625,nan
metadata_order,3,sub-07,1,tent_det,ses-2,1,68,False,32,1095579843,EEGTTA-PHASE1|v1|metadata_order|tent_det|sub-07|1|3,1838879819,True,False,0.5167476534843445,0.5272930264472961,0.5625,0.7500340938568115,0.5167476534843445,0.11014510691165924,0.024249432608485222,6.529463291168213,0.5167476404166905,0.5272930207429454,0.6916566218616684,0.5272930207429454,0.7500341070117429,0.5625,1.0,0.5625,nan
metadata_order,4,sub-07,1,tent_det,ses-2,1,68,True,4,389878698,EEGTTA-PHASE1|v1|metadata_order|tent_det|sub-07|1|4,1095579843,True,False,0.6060262322425842,0.5387293100357056,0.75,0.6897357106208801,0.6060262322425842,0.14160212874412537,0.028884680941700935,6.530224800109863,0.606026214212958,0.5387293174862862,0.6901442534312526,0.5387293174862862,0.6897357031702995,0.75,1.0,0.75,nan
metadata_order,0,sub-08,1,tent_det,ses-2,0,62,False,32,492598110,EEGTTA-PHASE1|v1|metadata_order|tent_det|sub-08|1|0,311239134,True,False,0.4720833897590637,0.49709051847457886,0.5625,0.776678204536438,0.4720833897590637,0.1389545053243637,0.008560552261769772,7.238019943237305,0.4720833954716941,0.49709052697289735,0.6931302503978107,0.5029094730271026,0.7766781997634098,0.5625,1.0,0.5625,nan
metadata_order,1,sub-08,1,tent_det,ses-2,0,62,True,30,1763359458,EEGTTA-PHASE1|v1|metadata_order|tent_det|sub-08|1|1,492598110,True,False,0.5323469042778015,0.4965862035751343,0.5666667222976685,0.724050760269165,0.5323469042778015,0.09756939113140106,0.014004962518811226,7.240223407745361,0.5323468793873837,0.49658614372213683,0.6931238715494696,0.5034138562778632,0.724050685018301,0.5666666666666667,1.0,0.5666666666666667,nan
metadata_order,2,sub-08,1,tent_det,ses-1,1,65,False,32,928807439,EEGTTA-PHASE1|v1|metadata_order|tent_det|sub-08|1|2,1763359458,True,False,0.448377400636673,0.49152934551239014,0.4375,0.7761719822883606,0.448377400636673,0.12795400619506836,0.019114403054118156,7.242100238800049,0.4483774387381311,0.491529302787967,0.6930036682720392,0.508470697212033,0.7761719654081389,0.4375,0.0,0.5625,nan
metadata_order,3,sub-08,1,tent_det,ses-1,1,65,False,32,1492806441,EEGTTA-PHASE1|v1|metadata_order|tent_det|sub-08|1|3,928807439,True,False,0.4840831160545349,0.47717076539993286,0.4375,0.769737958908081,0.4840831160545349,0.16027896106243134,0.023888640105724335,7.24384880065918,0.48408310703398694,0.47717073565581813,0.6921044674716732,0.5228292643441819,0.7697379513992928,0.4375,0.0,0.5625,nan
metadata_order,4,sub-08,1,tent_det,ses-1,1,65,True,1,82122072,EEGTTA-PHASE1|v1|metadata_order|tent_det|sub-08|1|4,1492806441,True,False,0.6912000179290771,0.5311920642852783,1.0,0.5311920642852783,0.6912000179290771,0.07975985109806061,0.02775643952190876,7.245429992675781,0.6912000266799574,0.5311920642852783,0.6912000266799574,0.5311920642852783,0.5311920642852783,1.0,0.0,0.0,nan
metadata_order,0,sub-09,1,tent_det,ses-2,0,58,False,32,1465125207,EEGTTA-PHASE1|v1|metadata_order|tent_det|sub-09|1|0,582724887,True,False,0.5486846566200256,0.508679211139679,0.5625,0.7295334935188293,0.5486846566200256,0.08479845523834229,0.008520519360899925,6.695915222167969,0.548684654809507,0.5086792488582432,0.6929965142715299,0.5086792488582432,0.7295335340313613,0.5625,1.0,0.5625,nan
metadata_order,1,sub-09,1,tent_det,ses-2,0,58,True,26,1768032973,EEGTTA-PHASE1|v1|metadata_order|tent_det|sub-09|1|1,1465125207,True,False,0.5674685835838318,0.522617518901825,0.5384615659713745,0.6986621022224426,0.5674685835838318,0.09606172889471054,0.015130379237234592,6.698394775390625,0.567468577507629,0.5226174938277557,0.6921237293073518,0.5226174938277557,0.6986620860317578,0.5384615384615384,1.0,0.5384615384615384,nan
metadata_order,2,sub-09,1,tent_det,ses-1,1,69,False,32,1688238861,EEGTTA-PHASE1|v1|metadata_order|tent_det|sub-09|1|2,1768032973,True,False,0.5152578949928284,0.5740679502487183,0.59375,0.7316722869873047,0.5152578949928284,0.12736903131008148,0.02136588655412197,6.7006683349609375,0.5152578899684452,0.5740679567448979,0.6821345705155828,0.5740679567448979,0.7316722693152542,0.59375,0.0,0.40625,nan
metadata_order,3,sub-09,1,tent_det,ses-1,1,69,False,32,473008269,EEGTTA-PHASE1|v1|metadata_order|tent_det|sub-09|1|3,1688238861,True,False,0.5335540175437927,0.5796157121658325,0.59375,0.7090186476707458,0.5335540175437927,0.10817056149244308,0.027580341324210167,6.702847480773926,0.5335540281984079,0.5796157328295521,0.6804157283543584,0.5796157328295521,0.7090186568093486,0.59375,0.0,0.40625,nan
metadata_order,4,sub-09,1,tent_det,ses-1,1,69,True,5,1620250845,EEGTTA-PHASE1|v1|metadata_order|tent_det|sub-09|1|4,473008269,True,False,0.6612679362297058,0.5093569159507751,0.6000000238418579,0.5959977507591248,0.6612679362297058,0.08325253427028656,0.0332324393093586,6.704721450805664,0.6612678665597801,0.5093568623065948,0.6929720685938572,0.5093568623065948,0.5959977805614471,0.6,0.0,0.4,nan
metadata_order,0,sub-10,1,tent_det,ses-2,0,71,False,32,509273914,EEGTTA-PHASE1|v1|metadata_order|tent_det|sub-10|1|0,105984690,True,False,0.48255762457847595,0.5493519306182861,0.5625,0.7848353981971741,0.48255762457847595,0.12923119962215424,0.008524083532392979,7.038569927215576,0.48255763938557,0.5493519185110927,0.6882680162462194,0.5493519185110927,0.7848354140296578,0.5625,1.0,0.5625,nan
metadata_order,1,sub-10,1,tent_det,ses-2,0,71,False,32,1664918159,EEGTTA-PHASE1|v1|metadata_order|tent_det|sub-10|1|1,509273914,True,False,0.5548359155654907,0.5570586323738098,0.625,0.7207256555557251,0.5548359155654907,0.09888985008001328,0.01590661145746708,7.040156841278076,0.5548359086882697,0.5570586383109912,0.6866215973375513,0.5570586383109912,0.7207256347173825,0.625,1.0,0.625,nan
metadata_order,2,sub-10,1,tent_det,ses-2,0,71,True,7,80220443,EEGTTA-PHASE1|v1|metadata_order|tent_det|sub-10|1|2,1664918159,True,False,0.6453148126602173,0.6027814745903015,1.0,0.6027814745903015,0.6453148126602173,0.19806241989135742,0.0223233625292778,7.041233062744141,0.6453147376753086,0.6027814149856567,0.6718677704999496,0.6027814149856567,0.6027814149856567,1.0,1.0,1.0,nan
metadata_order,3,sub-10,1,tent_det,ses-1,1,69,False,32,1630445330,EEGTTA-PHASE1|v1|metadata_order|tent_det|sub-10|1|3,80220443,True,False,0.47671276330947876,0.5867272615432739,0.625,0.7669304013252258,0.47671276330947876,0.1535322219133377,0.028482193127274513,7.042436122894287,0.47671275926176293,0.586727255693404,0.6780275911231192,0.586727255693404,0.7669303773727734,0.625,0.0,0.375,nan
metadata_order,4,sub-10,1,tent_det,ses-1,1,69,False,32,1846022810,EEGTTA-PHASE1|v1|metadata_order|tent_det|sub-10|1|4,1630445330,True,False,0.4585419297218323,0.5618823766708374,0.53125,0.782700777053833,0.4585419297218323,0.08988140523433685,0.034697309136390686,7.043896675109863,0.45854189517251837,0.5618823325094127,0.685468660971787,0.5618823325094127,0.7827008100393869,0.53125,0.0,0.46875,nan
metadata_order,5,sub-10,1,tent_det,ses-1,1,69,True,5,1105506706,EEGTTA-PHASE1|v1|metadata_order|tent_det|sub-10|1|5,1846022810,True,False,0.6056988835334778,0.5547987818717957,0.6000000238418579,0.6542848944664001,0.6056988835334778,0.17442330718040466,0.0405336432158947,7.045078754425049,0.605698846779058,0.5547987163066864,0.6871293005948631,0.5547987163066864,0.6542848885059357,0.6,0.0,0.4,nan
metadata_order,0,sub-11,1,tent_det,ses-2,0,66,False,32,167386818,EEGTTA-PHASE1|v1|metadata_order|tent_det|sub-11|1|0,1952408691,True,False,0.38974225521087646,0.5496946573257446,0.53125,0.8166779279708862,0.38974225521087646,0.16322852671146393,0.008591810241341591,8.635991096496582,0.3897422691182788,0.5496946770895192,0.6881998947546735,0.5496946770895192,0.8166779231082728,0.53125,1.0,0.53125,nan
metadata_order,1,sub-11,1,tent_det,ses-2,0,66,False,32,824262791,EEGTTA-PHASE1|v1|metadata_order|tent_det|sub-11|1|1,167386818,True,False,0.34451568126678467,0.4523223042488098,0.46875,0.8457775712013245,0.34451568126678467,0.12042058259248734,0.013751035556197166,8.637829780578613,0.3445157010104517,0.452322318466031,0.6885939430629425,0.547677681533969,0.8457775830611354,0.46875,1.0,0.46875,nan
metadata_order,2,sub-11,1,tent_det,ses-2,0,66,True,2,1533372631,EEGTTA-PHASE1|v1|metadata_order|tent_det|sub-11|1|2,824262791,True,False,0.486086368560791,0.5860081911087036,0.5,0.7935394048690796,0.486086368560791,0.6657170057296753,0.016603749245405197,8.639156341552734,0.48608639940431353,0.5860081762075424,0.6782785281340415,0.5860081762075424,0.7935394197702408,0.5,1.0,0.5,nan
metadata_order,3,sub-11,1,tent_det,ses-1,1,64,False,32,1434620995,EEGTTA-PHASE1|v1|metadata_order|tent_det|sub-11|1|3,1533372631,True,False,0.3393480181694031,0.4792008399963379,0.5,0.8518896102905273,0.3393480181694031,0.1786748468875885,0.019928408786654472,8.640740394592285,0.3393480241932407,0.4792008338699816,0.6922817202338525,0.5207991661300184,0.8518895866145613,0.5,0.0,0.5,nan
metadata_order,4,sub-11,1,tent_det,ses-1,1,64,True,32,12334714,EEGTTA-PHASE1|v1|metadata_order|tent_det|sub-11|1|4,1434620995,True,False,0.277675986289978,0.5343968868255615,0.53125,0.896643877029419,0.277675986289978,0.1513359546661377,0.02338414452970028,8.642363548278809,0.2776759856271055,0.534396927250782,0.6907790133549416,0.534396927250782,0.8966438403294887,0.53125,0.0,0.46875,nan
metadata_order,0,sub-12,1,tent_det,ses-2,0,66,False,32,1883857436,EEGTTA-PHASE1|v1|metadata_order|tent_det|sub-12|1|0,1031601684,True,False,0.6293761134147644,0.4804146885871887,0.4375,0.6501816511154175,0.6293761134147644,0.0470103845000267,0.008505999110639095,6.363218307495117,0.6293761372622786,0.4804147030226886,0.6923798165419623,0.5195852969773114,0.6501816143281758,0.4375,1.0,0.4375,nan
metadata_order,1,sub-12,1,tent_det,ses-2,0,66,False,32,1342643999,EEGTTA-PHASE1|v1|metadata_order|tent_det|sub-12|1|1,1883857436,True,False,0.6244173645973206,0.5363690257072449,0.53125,0.6489344239234924,0.6244173645973206,0.06236759200692177,0.01414413284510374,6.363814830780029,0.6244173461148766,0.536369014531374,0.6904994324409877,0.536369014531374,0.6489344276487827,0.53125,1.0,0.53125,nan
metadata_order,2,sub-12,1,tent_det,ses-2,0,66,True,2,323402414,EEGTTA-PHASE1|v1|metadata_order|tent_det|sub-12|1|2,1342643999,True,False,0.6820386052131653,0.44659486413002014,0.0,0.5534051656723022,0.6820386052131653,0.07087484002113342,0.018912695348262787,6.3646135330200195,0.6820385996118279,0.44659486413002014,0.687432067655403,0.5534051358699799,0.5534051358699799,0.0,1.0,0.0,nan
metadata_order,3,sub-12,1,tent_det,ses-1,1,57,False,32,1072772744,EEGTTA-PHASE1|v1|metadata_order|tent_det|sub-12|1|3,323402414,True,False,0.6337927579879761,0.5092896819114685,0.5625,0.6371197700500488,0.6337927579879761,0.06676507741212845,0.023682743310928345,6.3653693199157715,0.6337927272071051,0.5092896521091461,0.6929745753562466,0.5092896521091461,0.6371197812259197,0.5625,0.0,0.4375,nan
metadata_order,4,sub-12,1,tent_det,ses-1,1,57,True,25,1424735306,EEGTTA-PHASE1|v1|metadata_order|tent_det|sub-12|1|4,1072772744,True,False,0.6304120421409607,0.48474764823913574,0.47999998927116394,0.6457861661911011,0.6304120421409607,0.05700898543000221,0.028744902461767197,6.366191864013672,0.6304120594674507,0.48474766194820407,0.6926818407429913,0.5152523380517959,0.6457862621545791,0.48,0.0,0.52,nan
metadata_order,0,sub-13,1,tent_det,ses-2,0,69,False,32,1467155408,EEGTTA-PHASE1|v1|metadata_order|tent_det|sub-13|1|0,1216252218,True,False,0.583575963973999,0.5387091636657715,0.65625,0.6736311912536621,0.583575963973999,0.09156143665313721,0.008532432839274406,6.894525527954102,0.5835759828503547,0.5387092072051018,0.6901473743006044,0.5387092072051018,0.6736311924178153,0.65625,1.0,0.65625,nan
metadata_order,1,sub-13,1,tent_det,ses-2,0,69,False,32,1489561825,EEGTTA-PHASE1|v1|metadata_order|tent_det|sub-13|1|1,1467155408,True,False,0.5119096040725708,0.5461787581443787,0.625,0.7482383847236633,0.5119096040725708,0.11436834186315536,0.01500309631228447,6.895898342132568,0.5119096498402397,0.5461787711828947,0.6888761386728558,0.5461787711828947,0.7482383754104376,0.625,1.0,0.625,nan
metadata_order,2,sub-13,1,tent_det,ses-2,0,69,True,5,989760860,EEGTTA-PHASE1|v1|metadata_order|tent_det|sub-13|1|2,1489561825,True,False,0.5242514610290527,0.44617587327957153,0.4000000059604645,0.7267856001853943,0.5242514610290527,0.2098170816898346,0.018768521025776863,6.8969831466674805,0.5242514428574345,0.4461758494377136,0.6873418595493823,0.5538241505622864,0.7267855763435364,0.4,1.0,0.4,nan
metadata_order,3,sub-13,1,tent_det,ses-1,1,72,False,32,2041975704,EEGTTA-PHASE1|v1|metadata_order|tent_det|sub-13|1|3,989760860,True,False,0.5310865640640259,0.5509495735168457,0.59375,0.7389628887176514,0.5310865640640259,0.12510749697685242,0.023162515833973885,6.898320198059082,0.5310865945971817,0.5509496138256509,0.6879464320622929,0.5509496138256509,0.7389628856617492,0.59375,0.0,0.40625,nan
metadata_order,4,sub-13,1,tent_det,ses-1,1,72,False,32,1375594464,EEGTTA-PHASE1|v1|metadata_order|tent_det|sub-13|1|4,2041975704,True,False,0.5648550987243652,0.5287847518920898,0.5,0.6942929029464722,0.5648550987243652,0.09532592445611954,0.027592087164521217,6.899474620819092,0.5648550947053838,0.5287847556173801,0.6914891396787362,0.5287847556173801,0.6942929327487946,0.5,0.0,0.5,nan
metadata_order,5,sub-13,1,tent_det,ses-1,1,72,True,8,2093897737,EEGTTA-PHASE1|v1|metadata_order|tent_det|sub-13|1|5,1375594464,True,False,0.5830049514770508,0.5586664080619812,0.5,0.678690493106842,0.5830049514770508,0.10465411096811295,0.03184444457292557,6.900813579559326,0.5830049574777878,0.5586663968861103,0.6862478065354165,0.5586663968861103,0.6786904595792294,0.5,0.0,0.5,nan
metadata_order,0,sub-14,1,tent_det,ses-2,0,70,False,32,232631087,EEGTTA-PHASE1|v1|metadata_order|tent_det|sub-14|1|0,351965667,True,False,0.6020892262458801,0.5294301509857178,0.53125,0.669776201248169,0.6020892262458801,0.07006820291280746,0.008529853075742722,6.775891304016113,0.6020892066974562,0.5294301710091531,0.6914139089869062,0.5294301710091531,0.6697761886753142,0.53125,1.0,0.53125,nan
metadata_order,1,sub-14,1,tent_det,ses-2,0,70,False,32,1468716650,EEGTTA-PHASE1|v1|metadata_order|tent_det|sub-14|1|1,232631087,True,False,0.6002742052078247,0.5311607122421265,0.5625,0.670750617980957,0.6002742052078247,0.0628611296415329,0.014637041836977005,6.778884410858154,0.6002741644800516,0.5311607434414327,0.691203937638769,0.5311607434414327,0.6707505867816508,0.5625,1.0,0.5625,nan
metadata_order,2,sub-14,1,tent_det,ses-2,0,70,True,6,1944117633,EEGTTA-PHASE1|v1|metadata_order|tent_det|sub-14|1|2,1468716650,True,False,0.619758665561676,0.5605653524398804,0.8333333730697632,0.6593538522720337,0.619758665561676,0.15755510330200195,0.019799916073679924,6.7808990478515625,0.6197586349439625,0.5605653201540312,0.6857928179092718,0.5605653201540312,0.6593538448214531,0.8333333333333334,1.0,0.8333333333333334,nan
metadata_order,3,sub-14,1,tent_det,ses-1,1,71,False,32,1732022278,EEGTTA-PHASE1|v1|metadata_order|tent_det|sub-14|1|3,1944117633,True,False,0.5672348737716675,0.5157161951065063,0.5,0.6752257347106934,0.5672348737716675,0.06334167718887329,0.024799391627311707,6.782946586608887,0.5672348302203755,0.5157161769457161,0.6926531027480438,0.5157161769457161,0.675225708168,0.5,0.0,0.5,nan
metadata_order,4,sub-14,1,tent_det,ses-1,1,71,False,32,411456814,EEGTTA-PHASE1|v1|metadata_order|tent_det|sub-14|1|4,1732022278,True,False,0.6073442697525024,0.501370370388031,0.4375,0.660743236541748,0.6073442697525024,0.12135938555002213,0.028865156695246696,6.7851152420043945,0.6073442202802126,0.5013703517615795,0.6931434248273425,0.5013703517615795,0.6607432775199413,0.4375,0.0,0.5625,nan
metadata_order,5,sub-14,1,tent_det,ses-1,1,71,True,7,762558438,EEGTTA-PHASE1|v1|metadata_order|tent_det|sub-14|1|5,411456814,True,False,0.5411481261253357,0.5101180076599121,0.5714285969734192,0.7394386529922485,0.5411481261253357,0.08966214954853058,0.033181559294462204,6.787329196929932,0.5411480096076439,0.5101180342691285,0.6929424173486303,0.5101180342691285,0.7394386093531337,0.5714285714285714,0.0,0.42857142857142855,nan
metadata_order,0,sub-15,1,tent_det,ses-2,0,73,False,32,1058737887,EEGTTA-PHASE1|v1|metadata_order|tent_det|sub-15|1|0,907938492,True,False,0.6236779689788818,0.5215502977371216,0.46875,0.6403136253356934,0.6236779689788818,0.03673834353685379,0.008497304283082485,6.380404949188232,0.6236778991612657,0.5215503368526697,0.6922180587315598,0.5215503368526697,0.6403136160224676,0.46875,1.0,0.46875,nan
metadata_order,1,sub-15,1,tent_det,ses-2,0,73,False,32,1834506065,EEGTTA-PHASE1|v1|metadata_order|tent_det|sub-15|1|1,1058737887,True,False,0.6484923362731934,0.5329638719558716,0.53125,0.6240440011024475,0.6484923362731934,0.0455203652381897,0.01503083948045969,6.38334846496582,0.6484923844528888,0.5329638374969363,0.6909723743431051,0.5329638374969363,0.6240439945831895,0.53125,1.0,0.53125,nan
metadata_order,2,sub-15,1,tent_det,ses-2,0,73,True,9,1104420000,EEGTTA-PHASE1|v1|metadata_order|tent_det|sub-15|1|2,1834506065,True,False,0.6529628038406372,0.5310789346694946,0.4444444477558136,0.6131581664085388,0.6529628038406372,0.05088368430733681,0.020653529092669487,6.385297775268555,0.652962811690707,0.5310788849989573,0.6912141405050414,0.5310788849989573,0.6131581829653846,0.4444444444444444,1.0,0.4444444444444444,nan
metadata_order,3,sub-15,1,tent_det,ses-1,1,73,False,32,123547635,EEGTTA-PHASE1|v1|metadata_order|tent_det|sub-15|1|3,1104420000,True,False,0.6450990438461304,0.5280318856239319,0.59375,0.6278189420700073,0.6450990438461304,0.05435134842991829,0.026637613773345947,6.387484073638916,0.645099030024614,0.5280318632721901,0.6915747855279326,0.5280318632721901,0.6278188861906528,0.59375,0.0,0.40625,nan
metadata_order,4,sub-15,1,tent_det,ses-1,1,73,False,32,1207655841,EEGTTA-PHASE1|v1|metadata_order|tent_det|sub-15|1|4,123547635,True,False,0.6505640149116516,0.4868457317352295,0.4375,0.6237139105796814,0.6505640149116516,0.03105209209024906,0.03235658258199692,6.389692306518555,0.650564008154523,0.48684573406353593,0.6928010712028855,0.5131542659364641,0.6237139268778265,0.4375,0.0,0.5625,nan
metadata_order,5,sub-15,1,tent_det,ses-1,1,73,True,9,1165050235,EEGTTA-PHASE1|v1|metadata_order|tent_det|sub-15|1|5,1207655841,True,False,0.672606348991394,0.498046875,0.4444444477558136,0.5800207853317261,0.672606348991394,0.030110962688922882,0.03761686757206917,6.391952991485596,0.6726064001513931,0.4980468716886308,0.6931395511201413,0.5019531283113692,0.5800208018885719,0.4444444444444444,0.0,0.5555555555555556,nan
metadata_order,0,sub-16,1,tent_det,ses-2,0,73,False,32,956291783,EEGTTA-PHASE1|v1|metadata_order|tent_det|sub-16|1|0,1983630317,True,False,0.5996168851852417,0.43852856755256653,0.34375,0.6724808216094971,0.5996168851852417,0.1167198047041893,0.008540266193449497,6.595789432525635,0.5996168600702378,0.43852857523597777,0.685570553926248,0.5614714247640222,0.6724808325525373,0.34375,1.0,0.34375,nan
metadata_order,1,sub-16,1,tent_det,ses-2,0,73,False,32,323627005,EEGTTA-PHASE1|v1|metadata_order|tent_det|sub-16|1|1,956291783,True,False,0.6252328753471375,0.453466534614563,0.34375,0.6528838872909546,0.6252328753471375,0.08331862092018127,0.01568734645843506,6.596242904663086,0.6252328723211926,0.45346653554588556,0.6888101804400204,0.5465334644541144,0.6528838789090514,0.34375,1.0,0.34375,nan
metadata_order,2,sub-16,1,tent_det,ses-2,0,73,True,9,1246628366,EEGTTA-PHASE1|v1|metadata_order|tent_det|sub-16|1|2,323627005,True,False,0.5280765891075134,0.4786075949668884,0.4444444477558136,0.7564228177070618,0.5280765891075134,0.1290474236011505,0.021602457389235497,6.597529888153076,0.5280766060106362,0.47860762808058,0.6922316339646182,0.52139237191942,0.7564228110843234,0.4444444444444444,1.0,0.4444444444444444,nan
metadata_order,3,sub-16,1,tent_det,ses-1,1,72,False,32,64163484,EEGTTA-PHASE1|v1|metadata_order|tent_det|sub-16|1|3,1246628366,True,False,0.5808674097061157,0.44108831882476807,0.40625,0.6868650913238525,0.5808674097061157,0.09785079210996628,0.027646934613585472,6.598776817321777,0.5808673879716353,0.44108832511119545,0.6861898598835885,0.5589116748888046,0.6868650664109737,0.40625,0.0,0.59375,nan
metadata_order,4,sub-16,1,tent_det,ses-1,1,72,False,32,1778170553,EEGTTA-PHASE1|v1|metadata_order|tent_det|sub-16|1|4,64163484,True,False,0.5840868353843689,0.48909708857536316,0.40625,0.6881932616233826,0.5840868353843689,0.07333320379257202,0.03332420065999031,6.600332260131836,0.5840868376285909,0.4890970685519278,0.6929094138866947,0.5109029314480722,0.6881932406686246,0.40625,0.0,0.59375,nan
metadata_order,5,sub-16,1,tent_det,ses-1,1,72,True,8,1484253812,EEGTTA-PHASE1|v1|metadata_order|tent_det|sub-16|1|5,1778170553,True,False,0.634765088558197,0.47230780124664307,0.5,0.6502745151519775,0.634765088558197,0.11033743619918823,0.0389646515250206,6.601687431335449,0.634765093417528,0.4723078031092882,0.6916126799645814,0.5276921968907118,0.6502745281904936,0.5,0.0,0.5,nan
metadata_order,0,sub-17,1,tent_det,ses-2,0,73,False,32,340770071,EEGTTA-PHASE1|v1|metadata_order|tent_det|sub-17|1|0,470206857,True,False,0.5170190930366516,0.4863157272338867,0.53125,0.7438886165618896,0.5170190930366516,0.08664939552545547,0.008533726446330547,7.125367641448975,0.5170190993189565,0.48631572516751476,0.6927726150357832,0.5136842748324852,0.7438886186282616,0.53125,1.0,0.53125,nan
metadata_order,1,sub-17,1,tent_det,ses-2,0,73,False,32,505563021,EEGTTA-PHASE1|v1|metadata_order|tent_det|sub-17|1|1,340770071,True,False,0.47843655943870544,0.4777976870536804,0.53125,0.7743892669677734,0.47843655943870544,0.1031593531370163,0.014437534846365452,7.126932621002197,0.4784365744460778,0.4777976949699223,0.6921609716172994,0.5222023050300777,0.7743892292492092,0.53125,1.0,0.53125,nan
metadata_order,2,sub-17,1,tent_det,ses-2,0,73,True,9,1766904190,EEGTTA-PHASE1|v1|metadata_order|tent_det|sub-17|1|2,505563021,True,False,0.5328282117843628,0.4469512403011322,0.4444444477558136,0.7339904308319092,0.5328282117843628,0.1702951192855835,0.018901420757174492,7.128286361694336,0.5328282257249219,0.4469512187772327,0.6875082269194164,0.5530487812227673,0.7339904026852714,0.4444444444444444,1.0,0.4444444444444444,nan
metadata_order,3,sub-17,1,tent_det,ses-1,1,73,False,32,568934419,EEGTTA-PHASE1|v1|metadata_order|tent_det|sub-17|1|3,1766904190,True,False,0.5093228816986084,0.4805285334587097,0.46875,0.7551496624946594,0.5093228816986084,0.0934050902724266,0.023797577247023582,7.129993915557861,0.5093229152928969,0.4805285360198468,0.6923887129637853,0.5194714639801532,0.7551496860105544,0.46875,0.0,0.53125,nan
metadata_order,4,sub-17,1,tent_det,ses-1,1,73,False,32,546809768,EEGTTA-PHASE1|v1|metadata_order|tent_det|sub-17|1|4,568934419,True,False,0.4651593565940857,0.63308185338974,0.6875,0.7817338705062866,0.4651593565940857,0.2011748105287552,0.028312956914305687,7.131770133972168,0.4651593640663168,0.6330818526137447,0.6572950705468292,0.6330818526137447,0.7817338675569916,0.6875,0.0,0.3125,nan
metadata_order,5,sub-17,1,tent_det,ses-1,1,73,True,9,94017480,EEGTTA-PHASE1|v1|metadata_order|tent_det|sub-17|1|5,546809768,True,False,0.5171191692352295,0.5852358341217041,0.7777777910232544,0.7126270532608032,0.5171191692352295,0.2358701080083847,0.03237079456448555,7.133430004119873,0.5171191600211702,0.5852358410807533,0.678545675793951,0.5852358410807533,0.712627046301754,0.7777777777777778,0.0,0.2222222222222222,nan
metadata_order,0,sub-18,1,tent_det,ses-2,0,70,False,32,1544356375,EEGTTA-PHASE1|v1|metadata_order|tent_det|sub-18|1|0,1933853128,True,False,0.6715473532676697,0.4761989712715149,0.3125,0.5855583548545837,0.6715473532676697,0.03387322649359703,0.008490110747516155,6.327055931091309,0.6715473719718301,0.47619896475225687,0.6920137737337846,0.5238010352477431,0.585558376275003,0.3125,1.0,0.3125,nan
metadata_order,1,sub-18,1,tent_det,ses-2,0,70,False,32,1650248596,EEGTTA-PHASE1|v1|metadata_order|tent_det|sub-18|1|1,1544356375,True,False,0.6608651280403137,0.45737379789352417,0.4375,0.6020828485488892,0.6608651280403137,0.05139150097966194,0.015495114028453827,6.327165126800537,0.6608651302880255,0.45737379509955645,0.6895087790710677,0.5426262049004436,0.6020828625187278,0.4375,1.0,0.4375,nan
metadata_order,2,sub-18,1,tent_det,ses-2,0,70,True,6,1833256489,EEGTTA-PHASE1|v1|metadata_order|tent_det|sub-18|1|2,1650248596,True,False,0.6055052280426025,0.45968902111053467,0.3333333432674408,0.6912517547607422,0.6055052280426025,0.09332702308893204,0.02089289389550686,6.327818393707275,0.6055052274689943,0.459689033528169,0.6898937026176829,0.5403109664718311,0.6912518019477526,0.3333333333333333,1.0,0.3333333333333333,nan
metadata_order,3,sub-18,1,tent_det,ses-1,1,73,False,32,772057498,EEGTTA-PHASE1|v1|metadata_order|tent_det|sub-18|1|3,1833256489,True,False,0.6671403050422668,0.4798193573951721,0.34375,0.5904597640037537,0.6671403050422668,0.03395789489150047,0.02654477395117283,6.328429698944092,0.6671403230652886,0.4798193797469139,0.692332444403297,0.5201806202530861,0.5904597528278828,0.34375,0.0,0.65625,nan
metadata_order,4,sub-18,1,tent_det,ses-1,1,73,False,32,603343518,EEGTTA-PHASE1|v1|metadata_order|tent_det|sub-18|1|4,772057498,True,False,0.6697182655334473,0.4748888313770294,0.375,0.5865919589996338,0.6697182655334473,0.03810952603816986,0.031978920102119446,6.329135417938232,0.6697182321554448,0.47488880157470703,0.6918855052897461,0.525111198425293,0.5865919664502144,0.375,0.0,0.625,nan
metadata_order,5,sub-18,1,tent_det,ses-1,1,73,True,9,2076258303,EEGTTA-PHASE1|v1|metadata_order|tent_det|sub-18|1|5,603343518,True,False,0.6358076333999634,0.4776822328567505,0.3333333432674408,0.6396192312240601,0.6358076333999634,0.08125273883342743,0.03699999675154686,6.329782962799072,0.6358076152071267,0.4776822096771664,0.6921506819830141,0.5223177903228335,0.6396192279126909,0.3333333333333333,0.0,0.6666666666666666,nan
metadata_order,0,sub-19,1,tent_det,ses-2,0,72,False,32,1371981331,EEGTTA-PHASE1|v1|metadata_order|tent_det|sub-19|1|0,1722490775,True,False,0.625763475894928,0.48630422353744507,0.4375,0.6453916430473328,0.625763475894928,0.06316616386175156,0.008504635654389858,6.451401233673096,0.6257634726098305,0.48630420537665486,0.692771984052728,0.5136957946233451,0.6453916500322521,0.4375,1.0,0.4375,nan
metadata_order,1,sub-19,1,tent_det,ses-2,0,72,False,32,1831793656,EEGTTA-PHASE1|v1|metadata_order|tent_det|sub-19|1|1,1371981331,True,False,0.6280773878097534,0.5100908875465393,0.4375,0.6382825374603271,0.6280773878097534,0.04400577396154404,0.015000224113464355,6.452434539794922,0.6280774255747629,0.5100908996537328,0.6929435142212672,0.5100908996537328,0.6382825216278434,0.4375,1.0,0.4375,nan
metadata_order,2,sub-19,1,tent_det,ses-2,0,72,True,8,144481242,EEGTTA-PHASE1|v1|metadata_order|tent_det|sub-19|1|2,1831793656,True,False,0.6212040185928345,0.5396937131881714,0.625,0.6581985950469971,0.6212040185928345,0.08286052197217941,0.019605116918683052,6.453201770782471,0.6212040348754724,0.5396937392652035,0.6899926763228332,0.5396937392652035,0.6581985838711262,0.625,1.0,0.625,nan
metadata_order,3,sub-19,1,tent_det,ses-1,1,72,False,32,268124596,EEGTTA-PHASE1|v1|metadata_order|tent_det|sub-19|1|3,144481242,True,False,0.6321196556091309,0.4768006503582001,0.46875,0.6476136445999146,0.6321196556091309,0.05785980820655823,0.024518661201000214,6.453946590423584,0.6321196222967399,0.47680065128952265,0.6920703744394301,0.5231993487104774,0.6476136511191726,0.46875,0.0,0.53125,nan
metadata_order,4,sub-19,1,tent_det,ses-1,1,72,False,32,582774452,EEGTTA-PHASE1|v1|metadata_order|tent_det|sub-19|1|4,268124596,True,False,0.6265096664428711,0.4859142601490021,0.4375,0.6393251419067383,0.6265096664428711,0.04366421699523926,0.029629899188876152,6.454756736755371,0.6265096800524997,0.48591424874030054,0.692750311278324,0.5140857512596995,0.6393250899855047,0.4375,0.0,0.5625,nan
metadata_order,5,sub-19,1,tent_det,ses-1,1,72,True,8,593214191,EEGTTA-PHASE1|v1|metadata_order|tent_det|sub-19|1|5,582774452,True,False,0.6437100172042847,0.5555288791656494,0.625,0.6491060256958008,0.6437100172042847,0.0984787866473198,0.034071460366249084,6.455455303192139,0.6437100696551624,0.5555288903415203,0.6869675253280423,0.5555288903415203,0.6491059847176075,0.625,0.0,0.375,nan
metadata_order,0,sub-20,1,tent_det,ses-2,0,69,False,32,73900450,EEGTTA-PHASE1|v1|metadata_order|tent_det|sub-20|1|0,1021311888,True,False,0.6247751116752625,0.4646756052970886,0.375,0.6370629072189331,0.6247751116752625,0.05351879820227623,0.00850758608430624,6.34056282043457,0.6247751335456115,0.4646756164729595,0.6906494762142501,0.5353243835270405,0.6370629109442234,0.375,1.0,0.375,nan
metadata_order,1,sub-20,1,tent_det,ses-2,0,69,False,32,1429334788,EEGTTA-PHASE1|v1|metadata_order|tent_det|sub-20|1|1,73900450,True,False,0.6468508839607239,0.46185481548309326,0.375,0.6204664707183838,0.6468508839607239,0.05034375190734863,0.015507216565310955,6.341634273529053,0.6468508772939936,0.4618548322468996,0.6902342434127435,0.5381451677531004,0.6204664502292871,0.375,1.0,0.375,nan
metadata_order,2,sub-20,1,tent_det,ses-2,0,69,True,5,1376108057,EEGTTA-PHASE1|v1|metadata_order|tent_det|sub-20|1|2,1429334788,True,False,0.6574330925941467,0.41463223099708557,0.20000000298023224,0.6192931532859802,0.6574330925941467,0.09624117612838745,0.02139430120587349,6.342042446136475,0.6574330711154129,0.4146322250366211,0.6785002144626079,0.5853677749633789,0.6192931175231934,0.2,1.0,0.2,nan
metadata_order,3,sub-20,1,tent_det,ses-1,1,74,False,32,1870303744,EEGTTA-PHASE1|v1|metadata_order|tent_det|sub-20|1|3,1376108057,True,False,0.6345490217208862,0.4547344744205475,0.34375,0.6419516801834106,0.6345490217208862,0.06324691325426102,0.02713015303015709,6.342498302459717,0.6345490300176451,0.45473446790128946,0.6890436276400803,0.5452655320987105,0.6419516755267978,0.34375,0.0,0.65625,nan
metadata_order,4,sub-20,1,tent_det,ses-1,1,74,False,32,1034049600,EEGTTA-PHASE1|v1|metadata_order|tent_det|sub-20|1|4,1870303744,True,False,0.6497104167938232,0.5003410577774048,0.53125,0.6179328560829163,0.6497104167938232,0.03935159742832184,0.032288383692502975,6.342779159545898,0.6497104070558131,0.5003410703502595,0.6931469479019596,0.5003410703502595,0.6179328546859324,0.53125,0.0,0.46875,nan
metadata_order,5,sub-20,1,tent_det,ses-1,1,74,True,10,1486337307,EEGTTA-PHASE1|v1|metadata_order|tent_det|sub-20|1|5,1034049600,True,False,0.6473090052604675,0.5036007761955261,0.4000000059604645,0.6047725081443787,0.6473090052604675,0.031723421066999435,0.03697323799133301,6.343398094177246,0.6473089433001793,0.5036007434129715,0.6931212496295547,0.5036007434129715,0.6047724694013595,0.4,0.0,0.6,nan
metadata_order,0,sub-21,1,tent_det,ses-2,0,64,False,32,890788289,EEGTTA-PHASE1|v1|metadata_order|tent_det|sub-21|1|0,1963320683,True,False,0.26053860783576965,0.5162063837051392,0.5625,0.8971865177154541,0.26053860783576965,0.11659936606884003,0.008595693856477737,11.174564361572266,0.2605386326291213,0.5162064325377287,0.6926217916311224,0.5162064325377287,0.8971865433886705,0.5625,1.0,0.5625,nan
metadata_order,1,sub-21,1,tent_det,ses-2,0,64,True,32,401752092,EEGTTA-PHASE1|v1|metadata_order|tent_det|sub-21|1|1,890788289,True,False,0.30637505650520325,0.5188459157943726,0.53125,0.8523762226104736,0.30637505650520325,0.08969589322805405,0.014660355634987354,11.176569938659668,0.3063750700670551,0.5188459385453825,0.6924366734712436,0.5188459385453825,0.8523761998594637,0.53125,1.0,0.53125,nan
metadata_order,2,sub-21,1,tent_det,ses-1,1,63,False,32,509918172,EEGTTA-PHASE1|v1|metadata_order|tent_det|sub-21|1|2,401752092,True,False,0.38181033730506897,0.5577121376991272,0.5625,0.8271260857582092,0.38181033730506897,0.13870000839233398,0.02030077576637268,11.179076194763184,0.38181032356716194,0.5577121452079155,0.6864709264160336,0.5577121452079155,0.8271260819747113,0.5625,0.0,0.4375,nan
metadata_order,3,sub-21,1,tent_det,ses-1,1,63,True,31,2052012331,EEGTTA-PHASE1|v1|metadata_order|tent_det|sub-21|1|3,509918172,True,False,0.48871707916259766,0.5241846442222595,0.4838709533214569,0.7478715777397156,0.48871707916259766,0.18236887454986572,0.02563687041401863,11.181381225585938,0.48871712189425776,0.5241847117581675,0.6919769234224253,0.5241847117581675,0.7478715755766437,0.4838709677419355,0.0,0.5161290322580645,nan
metadata_order,0,sub-22,1,tent_det,ses-2,0,73,False,32,1943354363,EEGTTA-PHASE1|v1|metadata_order|tent_det|sub-22|1|0,1731440543,True,False,0.634489893913269,0.5192294120788574,0.53125,0.6401870846748352,0.634489893913269,0.05777215212583542,0.008489785715937614,6.320187568664551,0.6344898527944187,0.5192294614389539,0.6924074537689078,0.5192294614389539,0.6401870800182223,0.53125,1.0,0.53125,nan
metadata_order,1,sub-22,1,tent_det,ses-2,0,73,False,32,823586162,EEGTTA-PHASE1|v1|metadata_order|tent_det|sub-22|1|1,1943354363,True,False,0.6274620294570923,0.5174347758293152,0.46875,0.655491292476654,0.6274620294570923,0.06765846163034439,0.014789777807891369,6.321656227111816,0.6274620512240088,0.5174347735010087,0.6925391146478351,0.5174347735010087,0.6554912836290896,0.46875,1.0,0.46875,nan
metadata_order,2,sub-22,1,tent_det,ses-2,0,73,True,9,910615169,EEGTTA-PHASE1|v1|metadata_order|tent_det|sub-22|1|2,823586162,True,False,0.641527533531189,0.4800810217857361,0.4444444477558136,0.6173593997955322,0.641527533531189,0.0606096051633358,0.019892096519470215,6.322450160980225,0.6415275325147737,0.48008103834258187,0.6923534404629093,0.5199189616574181,0.6173593766159482,0.4444444444444444,1.0,0.4444444444444444,nan
metadata_order,3,sub-22,1,tent_det,ses-1,1,73,False,32,569369167,EEGTTA-PHASE1|v1|metadata_order|tent_det|sub-22|1|3,910615169,True,False,0.6663379669189453,0.5438694953918457,0.71875,0.5989906787872314,0.6663379669189453,0.04568417742848396,0.024689899757504463,6.323245525360107,0.6663379669774261,0.5438694981858134,0.689293161112394,0.5438694981858134,0.5989907095208764,0.71875,0.0,0.28125,nan
metadata_order,4,sub-22,1,tent_det,ses-1,1,73,False,32,901416729,EEGTTA-PHASE1|v1|metadata_order|tent_det|sub-22|1|4,569369167,True,False,0.6513605713844299,0.5263200998306274,0.59375,0.6232575178146362,0.6513605713844299,0.038843221962451935,0.02958778478205204,6.324146270751953,0.6513605392771808,0.5263201319612563,0.6917610412878687,0.5263201319612563,0.6232575639151037,0.59375,0.0,0.40625,nan
metadata_order,5,sub-22,1,tent_det,ses-1,1,73,True,9,47241545,EEGTTA-PHASE1|v1|metadata_order|tent_det|sub-22|1|5,901416729,True,False,0.652889609336853,0.5673657655715942,0.4444444477558136,0.5916616916656494,0.652889609336853,0.06451880931854248,0.03429900109767914,6.325014114379883,0.6528896300713455,0.5673657423920102,0.6840432330585379,0.5673657423920102,0.591661661863327,0.4444444444444444,0.0,0.5555555555555556,nan
metadata_order,0,sub-23,1,tent_det,ses-1,0,74,False,32,1925348713,EEGTTA-PHASE1|v1|metadata_order|tent_det|sub-23|1|0,1548704487,True,False,0.4099099636077881,0.5315513014793396,0.59375,0.8072420358657837,0.4099099636077881,0.12225113064050674,0.008627395145595074,8.15918254852295,0.40990998641797644,0.5315512828874489,0.6911548902307956,0.5315512828874489,0.8072420172047714,0.59375,0.0,0.40625,nan
metadata_order,1,sub-23,1,tent_det,ses-1,0,74,False,32,135202893,EEGTTA-PHASE1|v1|metadata_order|tent_det|sub-23|1|1,1925348713,True,False,0.40982577204704285,0.49188655614852905,0.46875,0.8208516836166382,0.40982577204704285,0.11223820596933365,0.0138023030012846,8.161534309387207,0.4098257742093,0.4918865739600733,0.6930155194174143,0.5081134260399267,0.8208516844315454,0.46875,0.0,0.53125,nan
metadata_order,2,sub-23,1,tent_det,ses-1,0,74,True,10,1399694763,EEGTTA-PHASE1|v1|metadata_order|tent_det|sub-23|1|2,135202893,True,False,0.4519455134868622,0.522339403629303,0.5,0.7640406489372253,0.4519455134868622,0.3482714295387268,0.01751640997827053,8.163359642028809,0.4519454978335128,0.5223394028376788,0.6921487503897938,0.5223394028376788,0.7640406854916364,0.5,0.0,0.5,nan
metadata_order,3,sub-23,1,tent_det,ses-2,1,74,False,32,772610516,EEGTTA-PHASE1|v1|metadata_order|tent_det|sub-23|1|3,1399694763,True,False,0.4882209300994873,0.5076515078544617,0.5625,0.7630888223648071,0.4882209300994873,0.10858417302370071,0.021684201434254646,8.16528034210205,0.4882209365876732,0.5076515167565958,0.6930300845720309,0.5076515167565958,0.76308877620977,0.5625,1.0,0.5625,nan
metadata_order,4,sub-23,1,tent_det,ses-2,1,74,False,32,1207502652,EEGTTA-PHASE1|v1|metadata_order|tent_det|sub-23|1|4,772610516,True,False,0.3815077543258667,0.5118087530136108,0.53125,0.812932550907135,0.3815077543258667,0.12014744430780411,0.026122640818357468,8.16739273071289,0.381507753964915,0.5118087719265532,0.6928682604380092,0.5118087719265532,0.8129325655218054,0.53125,1.0,0.53125,nan
metadata_order,5,sub-23,1,tent_det,ses-2,1,74,True,10,2118643854,EEGTTA-PHASE1|v1|metadata_order|tent_det|sub-23|1|5,1207502652,True,False,0.44335776567459106,0.48340854048728943,0.4000000059604645,0.8024687170982361,0.44335776567459106,0.15991301834583282,0.02984183095395565,8.169548034667969,0.4433577786700521,0.48340854085981844,0.6925965264464038,0.5165914591401816,0.8024686869233847,0.4,1.0,0.4,nan
metadata_order,0,sub-24,1,tent_det,ses-2,0,70,False,32,1556065898,EEGTTA-PHASE1|v1|metadata_order|tent_det|sub-24|1|0,1996965173,True,False,0.6023234128952026,0.5655155777931213,0.71875,0.6638292074203491,0.6023234128952026,0.11277761310338974,0.0084980558604002,6.6900715827941895,0.6023234563044685,0.5655155824497342,0.6845378621773708,0.5655155824497342,0.663829161785543,0.71875,1.0,0.71875,nan
metadata_order,1,sub-24,1,tent_det,ses-2,0,70,False,32,1517461821,EEGTTA-PHASE1|v1|metadata_order|tent_det|sub-24|1|1,1556065898,True,False,0.5129518508911133,0.5127899050712585,0.4375,0.747023344039917,0.5129518508911133,0.13640020787715912,0.01230442151427269,6.692117691040039,0.5129518649440035,0.5127898973878473,0.6928199819216886,0.5127898973878473,0.7470233628991991,0.4375,1.0,0.4375,nan
metadata_order,2,sub-24,1,tent_det,ses-2,0,70,True,6,565242700,EEGTTA-PHASE1|v1|metadata_order|tent_det|sub-24|1|2,1517461821,True,False,0.4971081614494324,0.5156683921813965,0.5,0.7633740305900574,0.4971081614494324,0.15286590158939362,0.016397014260292053,6.694220542907715,0.4971081038402733,0.5156683772802353,0.6926561040761179,0.5156683772802353,0.7633740256230036,0.5,1.0,0.5,nan
metadata_order,3,sub-24,1,tent_det,ses-1,1,72,False,32,1121322812,EEGTTA-PHASE1|v1|metadata_order|tent_det|sub-24|1|3,565242700,True,False,0.5538681149482727,0.584725022315979,0.71875,0.7161587476730347,0.5538681149482727,0.14486776292324066,0.021454237401485443,6.69605827331543,0.5538680861334103,0.5847250311635435,0.6787210127152765,0.5847250311635435,0.7161587798036635,0.71875,0.0,0.28125,nan
metadata_order,4,sub-24,1,tent_det,ses-1,1,72,False,32,348126248,EEGTTA-PHASE1|v1|metadata_order|tent_det|sub-24|1|4,1121322812,True,False,0.5795873403549194,0.604111909866333,0.75,0.6930553913116455,0.5795873403549194,0.17160950601100922,0.026642965152859688,6.697680473327637,0.5795872931953254,0.6041118876310065,0.6713091751211717,0.6041118876310065,0.6930553688434884,0.75,0.0,0.25,nan
metadata_order,5,sub-24,1,tent_det,ses-1,1,72,True,8,406716380,EEGTTA-PHASE1|v1|metadata_order|tent_det|sub-24|1|5,348126248,True,False,0.5598581433296204,0.6626354455947876,0.75,0.7175863981246948,0.5598581433296204,0.264684796333313,0.031541019678115845,6.698822021484375,0.5598581583375872,0.6626354046165943,0.639271934339946,0.6626354046165943,0.7175864093005657,0.75,0.0,0.25,nan
metadata_order,0,sub-25,1,tent_det,ses-2,0,73,False,32,1580098425,EEGTTA-PHASE1|v1|metadata_order|tent_det|sub-25|1|0,841648141,True,False,0.31556224822998047,0.4602682292461395,0.5,0.8395999670028687,0.31556224822998047,0.1013462245464325,0.008567673154175282,9.717150688171387,0.3155622305814963,0.46026825881051536,0.6899866269385122,0.5397317411894846,0.8395999597902346,0.5,1.0,0.5,nan
metadata_order,1,sub-25,1,tent_det,ses-2,0,73,False,32,188709060,EEGTTA-PHASE1|v1|metadata_order|tent_det|sub-25|1|1,1580098425,True,False,0.3394426107406616,0.44085556268692017,0.4375,0.8502542972564697,0.3394426107406616,0.16989102959632874,0.01487680897116661,9.718268394470215,0.3394426270950597,0.4408555663576408,0.6861346452234383,0.5591444336423592,0.8502543308386521,0.4375,1.0,0.4375,nan
metadata_order,2,sub-25,1,tent_det,ses-2,0,73,True,9,1973119258,EEGTTA-PHASE1|v1|metadata_order|tent_det|sub-25|1|2,188709060,True,False,0.3363158106803894,0.4064776599407196,0.3333333432674408,0.8670467734336853,0.3363158106803894,0.26042383909225464,0.020024025812745094,9.71987247467041,0.3363158235150905,0.4064776624242465,0.6755508705470333,0.5935223375757535,0.8670467411478361,0.3333333333333333,1.0,0.3333333333333333,nan
metadata_order,3,sub-25,1,tent_det,ses-1,1,73,False,32,207495308,EEGTTA-PHASE1|v1|metadata_order|tent_det|sub-25|1|3,1973119258,True,False,0.45750856399536133,0.438182532787323,0.40625,0.7910423874855042,0.45750856399536133,0.1535729467868805,0.02505633793771267,9.721156120300293,0.4575085419605116,0.4381825448544987,0.685484794231008,0.5618174551455013,0.791042382868909,0.40625,0.0,0.59375,nan
metadata_order,4,sub-25,1,tent_det,ses-1,1,73,False,32,1788946746,EEGTTA-PHASE1|v1|metadata_order|tent_det|sub-25|1|4,207495308,True,False,0.37748217582702637,0.4704437255859375,0.40625,0.8273062109947205,0.37748217582702637,0.10716535896062851,0.029935425147414207,9.722723007202148,0.377482130580334,0.47044373523931426,0.6913990160560004,0.5295562647606857,0.8273062162425049,0.40625,0.0,0.59375,nan
metadata_order,5,sub-25,1,tent_det,ses-1,1,73,True,9,696394823,EEGTTA-PHASE1|v1|metadata_order|tent_det|sub-25|1|5,1788946746,True,False,0.39076343178749084,0.5246912837028503,0.4444444477558136,0.8127884268760681,0.39076343178749084,0.18569894134998322,0.034033920615911484,9.724122047424316,0.39076347702271363,0.5246912335019766,0.691927370476642,0.5246912335019766,0.8127884638314653,0.4444444444444444,0.0,0.5555555555555556,nan
metadata_order,0,sub-26,1,tent_det,ses-2,0,74,False,32,1466538501,EEGTTA-PHASE1|v1|metadata_order|tent_det|sub-26|1|0,1689996570,True,False,0.6468919515609741,0.4873851537704468,0.4375,0.6271195411682129,0.6468919515609741,0.031227048486471176,0.008479616604745388,6.333039283752441,0.6468919346869924,0.4873851556330919,0.6928288781895762,0.5126148443669081,0.6271195542067289,0.4375,1.0,0.4375,nan
metadata_order,1,sub-26,1,tent_det,ses-2,0,74,False,32,789378526,EEGTTA-PHASE1|v1|metadata_order|tent_det|sub-26|1|1,1466538501,True,False,0.6601817011833191,0.5170754790306091,0.5625,0.5990518927574158,0.6601817011833191,0.044917527586221695,0.013871273957192898,6.3335981369018555,0.6601817017921969,0.517075449693948,0.6925639251910143,0.517075449693948,0.5990518662147224,0.5625,1.0,0.5625,nan
metadata_order,2,sub-26,1,tent_det,ses-2,0,74,True,10,1987868736,EEGTTA-PHASE1|v1|metadata_order|tent_det|sub-26|1|2,789378526,True,False,0.6440026164054871,0.5299685597419739,0.6000000238418579,0.6174864172935486,0.6440026164054871,0.06412401795387268,0.019219595938920975,6.333681583404541,0.644002574809,0.529968547821045,0.6913498758165133,0.529968547821045,0.6174863696098327,0.6,1.0,0.6,nan
metadata_order,3,sub-26,1,tent_det,ses-1,1,73,False,32,243742700,EEGTTA-PHASE1|v1|metadata_order|tent_det|sub-26|1|3,1987868736,True,False,0.6747453212738037,0.5102887153625488,0.5,0.5753213167190552,0.6747453212738037,0.016494333744049072,0.023984970524907112,6.334218502044678,0.6747453135995818,0.5102887134999037,0.6929354503653321,0.5102887134999037,0.5753212738782167,0.5,0.0,0.5,nan
metadata_order,4,sub-26,1,tent_det,ses-1,1,73,False,32,251314539,EEGTTA-PHASE1|v1|metadata_order|tent_det|sub-26|1|4,243742700,True,False,0.6666510701179504,0.4870532751083374,0.4375,0.593386173248291,0.6666510701179504,0.025652781128883362,0.028672602027654648,6.334652900695801,0.6666510486765793,0.48705327603966,0.6928119077663775,0.51294672396034,0.5933861574158072,0.4375,0.0,0.5625,nan
metadata_order,5,sub-26,1,tent_det,ses-1,1,73,True,9,2113378494,EEGTTA-PHASE1|v1|metadata_order|tent_det|sub-26|1|5,251314539,True,False,0.6712071299552917,0.5054047107696533,0.5555555820465088,0.5914568305015564,0.6712071299552917,0.045617565512657166,0.033584244549274445,6.334834575653076,0.6712071129963696,0.5054046975241767,0.6930887579115456,0.5054046975241767,0.5914568503697714,0.5555555555555556,0.0,0.4444444444444444,nan
metadata_order,0,sub-27,1,tent_det,ses-2,0,74,False,32,1799681284,EEGTTA-PHASE1|v1|metadata_order|tent_det|sub-27|1|0,1901473347,True,False,0.542651355266571,0.5231794118881226,0.5625,0.7144428491592407,0.542651355266571,0.111817866563797,0.008562245406210423,6.699886798858643,0.5426513948704417,0.5231793851125985,0.6920722275416438,0.5231793851125985,0.7144428349565715,0.5625,1.0,0.5625,nan
metadata_order,1,sub-27,1,tent_det,ses-2,0,74,False,32,178224260,EEGTTA-PHASE1|v1|metadata_order|tent_det|sub-27|1|1,1799681284,True,False,0.5298382043838501,0.5254045724868774,0.53125,0.7270325422286987,0.5298382043838501,0.10698746144771576,0.015347401611506939,6.700976371765137,0.5298381885500384,0.5254045612819027,0.691855841143818,0.5254045612819027,0.7270325795107055,0.53125,1.0,0.53125,nan
metadata_order,2,sub-27,1,tent_det,ses-2,0,74,True,10,875976006,EEGTTA-PHASE1|v1|metadata_order|tent_det|sub-27|1|2,178224260,True,False,0.6236819624900818,0.46128031611442566,0.4000000059604645,0.6536447405815125,0.6236819624900818,0.12371664494276047,0.01942751184105873,6.7020182609558105,0.6236819041950025,0.4612802952528,0.6901457454136707,0.5387197047472,0.6536447435617447,0.4,1.0,0.4,nan
metadata_order,3,sub-27,1,tent_det,ses-1,1,73,False,32,1657644127,EEGTTA-PHASE1|v1|metadata_order|tent_det|sub-27|1|3,875976006,True,False,0.5489633679389954,0.5783923268318176,0.65625,0.719650387763977,0.5489633679389954,0.13563822209835052,0.024466486647725105,6.703127384185791,0.5489633589526858,0.5783922908376553,0.6808056225168204,0.5783922908376553,0.7196504461098812,0.65625,0.0,0.34375,nan
metadata_order,4,sub-27,1,tent_det,ses-1,1,73,False,32,1009380243,EEGTTA-PHASE1|v1|metadata_order|tent_det|sub-27|1|4,1657644127,True,False,0.5960906744003296,0.5006541013717651,0.5,0.6820546388626099,0.5960906744003296,0.05899563059210777,0.029335234314203262,6.704280376434326,0.59609068148864,0.5006540722679347,0.693146324938638,0.5006540722679347,0.6820546307135373,0.5,0.0,0.5,nan
metadata_order,5,sub-27,1,tent_det,ses-1,1,73,True,9,740287295,EEGTTA-PHASE1|v1|metadata_order|tent_det|sub-27|1|5,1009380243,True,False,0.611406147480011,0.5768139362335205,0.6666666865348816,0.6750229001045227,0.611406147480011,0.13347630202770233,0.034315936267375946,6.705529689788818,0.6114061607099617,0.5768139527903663,0.6812995506578063,0.5768139527903663,0.6750228901704153,0.6666666666666666,0.0,0.3333333333333333,nan
metadata_order,0,sub-28,1,tent_det,ses-2,0,57,False,32,953523271,EEGTTA-PHASE1|v1|metadata_order|tent_det|sub-28|1|0,2077899635,True,False,0.36828726530075073,0.46846190094947815,0.4375,0.8348724842071533,0.36828726530075073,0.25473877787590027,0.008535956032574177,7.624997138977051,0.3682872907806992,0.4684619115287205,0.6911565572997854,0.5315380884712795,0.8348724848037818,0.4375,1.0,0.4375,nan
metadata_order,1,sub-28,1,tent_det,ses-2,0,57,True,25,998014208,EEGTTA-PHASE1|v1|metadata_order|tent_det|sub-28|1|1,953523271,True,False,0.3775998651981354,0.4565851092338562,0.3999999761581421,0.8179411292076111,0.3775998651981354,0.17558591067790985,0.014568593353033066,7.627270698547363,0.37759988361208224,0.45658512405032525,0.6893727264225294,0.5434148759496747,0.8179412002218305,0.4,1.0,0.4,nan
metadata_order,2,sub-28,1,tent_det,ses-1,1,74,False,32,1975601529,EEGTTA-PHASE1|v1|metadata_order|tent_det|sub-28|1|2,998014208,True,False,0.4212704300880432,0.5211547613143921,0.53125,0.7926453351974487,0.4212704300880432,0.16804221272468567,0.0183508712798357,7.628962516784668,0.42127043341880327,0.5211546970640484,0.6922518709191714,0.5211546970640484,0.7926453845466312,0.53125,0.0,0.46875,nan
metadata_order,3,sub-28,1,tent_det,ses-1,1,74,False,32,696165815,EEGTTA-PHASE1|v1|metadata_order|tent_det|sub-28|1|3,1975601529,True,False,0.4387057423591614,0.4570885896682739,0.46875,0.786678671836853,0.4387057423591614,0.13901014626026154,0.022886935621500015,7.630840301513672,0.4387057405392042,0.45708858128637075,0.6894598665198973,0.5429114187136292,0.7866786988452077,0.46875,0.0,0.53125,nan
metadata_order,4,sub-28,1,tent_det,ses-1,1,74,True,10,717229066,EEGTTA-PHASE1|v1|metadata_order|tent_det|sub-28|1|4,696165815,True,False,0.4424056112766266,0.5401219725608826,0.5,0.7850555181503296,0.4424056112766266,0.17049209773540497,0.02675209380686283,7.632614612579346,0.44240559110876865,0.5401219543069601,0.6899241740439365,0.5401219543069601,0.7850554887205362,0.5,0.0,0.5,nan
metadata_order,0,sub-29,1,tent_det,ses-1,0,72,False,32,2146916991,EEGTTA-PHASE1|v1|metadata_order|tent_det|sub-29|1|0,1363320341,True,False,0.5846598148345947,0.4664732813835144,0.4375,0.6834570169448853,0.5846598148345947,0.11665655672550201,0.00852777250111103,6.98815393447876,0.58465980364039,0.46647329232655466,0.6908974126464436,0.5335267076734453,0.683457043254748,0.4375,0.0,0.5625,nan
metadata_order,1,sub-29,1,tent_det,ses-1,0,72,False,32,1077253383,EEGTTA-PHASE1|v1|metadata_order|tent_det|sub-29|1|1,2146916991,True,False,0.580733060836792,0.4821602702140808,0.4375,0.6837695837020874,0.580733060836792,0.11085201054811478,0.01400289312005043,6.989741325378418,0.5807330307987433,0.48216028162278235,0.6925105343387785,0.5178397183772177,0.6837695946451277,0.4375,0.0,0.5625,nan
metadata_order,2,sub-29,1,tent_det,ses-1,0,72,True,8,1102344752,EEGTTA-PHASE1|v1|metadata_order|tent_det|sub-29|1|2,1077253383,True,False,0.49428120255470276,0.49756893515586853,0.5,0.7641016244888306,0.49428120255470276,0.23673409223556519,0.018965590745210648,6.9914164543151855,0.49428117766765045,0.4975689481943846,0.6931353604876107,0.5024310518056154,0.7641016561537981,0.5,0.0,0.5,nan
metadata_order,3,sub-29,1,tent_det,ses-2,1,74,False,32,1389746207,EEGTTA-PHASE1|v1|metadata_order|tent_det|sub-29|1|3,1102344752,True,False,0.5710631608963013,0.5001369714736938,0.46875,0.6865931153297424,0.5710631608963013,0.09267695993185043,0.023965520784258842,6.9931464195251465,0.5710631672828783,0.500136969727464,0.6931471430385323,0.500136969727464,0.6865931096253917,0.46875,1.0,0.46875,nan
metadata_order,4,sub-29,1,tent_det,ses-2,1,74,False,32,199862606,EEGTTA-PHASE1|v1|metadata_order|tent_det|sub-29|1|4,1389746207,True,False,0.538218080997467,0.48307162523269653,0.5,0.7248923778533936,0.538218080997467,0.11363441497087479,0.029367104172706604,6.994809150695801,0.5382180466669728,0.4830716468859464,0.6925739327355726,0.5169283531140536,0.7248923897277564,0.5,1.0,0.5,nan
metadata_order,5,sub-29,1,tent_det,ses-2,1,74,True,10,935046499,EEGTTA-PHASE1|v1|metadata_order|tent_det|sub-29|1|5,199862606,True,False,0.6094961166381836,0.49671170115470886,0.4000000059604645,0.6616960167884827,0.6094961166381836,0.11016244441270828,0.034109100699424744,6.996499061584473,0.6094960982829866,0.49671167731285093,0.6931255542718564,0.5032883226871491,0.6616960346698761,0.4,1.0,0.4,nan
metadata_order,0,sub-30,1,tent_det,ses-1,0,73,False,32,1032503185,EEGTTA-PHASE1|v1|metadata_order|tent_det|sub-30|1|0,986542572,True,False,0.545286238193512,0.5368174314498901,0.46875,0.7158473134040833,0.545286238193512,0.09892568737268448,0.008521107025444508,7.049808025360107,0.5452861789557157,0.5368174235336483,0.6904336799573676,0.5368174235336483,0.715847332496196,0.46875,0.0,0.53125,nan
metadata_order,1,sub-30,1,tent_det,ses-1,0,73,False,32,661307369,EEGTTA-PHASE1|v1|metadata_order|tent_det|sub-30|1|1,1032503185,True,False,0.5035198926925659,0.5133398771286011,0.53125,0.7583141326904297,0.5035198926925659,0.08933597058057785,0.014476499520242214,7.051794528961182,0.5035198608483665,0.5133398526813835,0.6927912349864014,0.5133398526813835,0.758314153412357,0.53125,0.0,0.46875,nan
metadata_order,2,sub-30,1,tent_det,ses-1,0,73,True,9,1684251850,EEGTTA-PHASE1|v1|metadata_order|tent_det|sub-30|1|2,661307369,True,False,0.5591352581977844,0.48770448565483093,0.5555555820465088,0.7160482406616211,0.5591352581977844,0.12559112906455994,0.02001846767961979,7.053873538970947,0.5591352812485693,0.4877045386367374,0.6928447933391015,0.5122954613632626,0.7160482174820371,0.5555555555555556,0.0,0.4444444444444444,nan
metadata_order,3,sub-30,1,tent_det,ses-2,1,73,False,32,1856644126,EEGTTA-PHASE1|v1|metadata_order|tent_det|sub-30|1|3,1684251850,True,False,0.4864427447319031,0.525109052658081,0.53125,0.7870681285858154,0.4864427447319031,0.13570840656757355,0.025536254048347473,7.055947303771973,0.486442745676993,0.5251090172678232,0.6918857245505979,0.5251090172678232,0.7870681565254927,0.53125,1.0,0.53125,nan
metadata_order,4,sub-30,1,tent_det,ses-2,1,73,False,32,2138088412,EEGTTA-PHASE1|v1|metadata_order|tent_det|sub-30|1|4,1856644126,True,False,0.5031566619873047,0.5174762606620789,0.53125,0.7491225004196167,0.5031566619873047,0.08509789407253265,0.03114432841539383,7.058104991912842,0.5031566680328203,0.5174762993701734,0.692536214043759,0.5174762993701734,0.7491225026897155,0.53125,1.0,0.53125,nan
metadata_order,5,sub-30,1,tent_det,ses-2,1,73,True,9,257278667,EEGTTA-PHASE1|v1|metadata_order|tent_det|sub-30|1|5,2138088412,True,False,0.5651229023933411,0.5400506258010864,0.5555555820465088,0.71642005443573,0.5651229023933411,0.1291549950838089,0.03660065308213234,7.060029029846191,0.5651228992427934,0.540050615866979,0.6899356374191878,0.540050615866979,0.7164200511243608,0.5555555555555556,1.0,0.5555555555555556,nan
metadata_order,0,sub-31,1,tent_det,ses-1,0,73,False,32,366773133,EEGTTA-PHASE1|v1|metadata_order|tent_det|sub-31|1|0,174806610,True,False,0.6394048929214478,0.5307465195655823,0.59375,0.6286186575889587,0.6394048929214478,0.048046309500932693,0.008488340303301811,6.344956874847412,0.6394049220999346,0.5307465372607112,0.6912552880658622,0.5307465372607112,0.6286186883226037,0.59375,0.0,0.40625,nan
metadata_order,1,sub-31,1,tent_det,ses-1,0,73,False,32,1582485422,EEGTTA-PHASE1|v1|metadata_order|tent_det|sub-31|1|1,366773133,True,False,0.6424260139465332,0.5013014674186707,0.5,0.6260969638824463,0.6424260139465332,0.0364152155816555,0.014151510782539845,6.346317768096924,0.6424260366232851,0.501301500480622,0.6931437927491174,0.501301500480622,0.6260969606228173,0.5,0.0,0.5,nan
metadata_order,2,sub-31,1,tent_det,ses-1,0,73,True,9,155365562,EEGTTA-PHASE1|v1|metadata_order|tent_det|sub-31|1|2,1582485422,True,False,0.6523617506027222,0.47661569714546204,0.5555555820465088,0.5987176299095154,0.6523617506027222,0.036310646682977676,0.01938384585082531,6.347386837005615,0.6523617933361863,0.47661568721135456,0.6920531293498284,0.5233843127886455,0.5987176564004686,0.5555555555555556,0.0,0.4444444444444444,nan
metadata_order,3,sub-31,1,tent_det,ses-2,1,71,False,32,851448470,EEGTTA-PHASE1|v1|metadata_order|tent_det|sub-31|1|3,155365562,True,False,0.5935399532318115,0.4642406105995178,0.375,0.6734738945960999,0.5935399532318115,0.0762375071644783,0.023772887885570526,6.348974704742432,0.5935399599127462,0.46424059150740504,0.6905875252769181,0.535759408492595,0.6734738913364708,0.375,1.0,0.375,nan
metadata_order,4,sub-31,1,tent_det,ses-2,1,71,False,32,2064855972,EEGTTA-PHASE1|v1|metadata_order|tent_det|sub-31|1|4,851448470,True,False,0.59562087059021,0.4985445737838745,0.53125,0.6790235042572021,0.59562087059021,0.059685394167900085,0.028670569881796837,6.350688457489014,0.595620904980523,0.49854457215406,0.693142944013533,0.50145542784594,0.6790235245134681,0.53125,1.0,0.53125,nan
metadata_order,5,sub-31,1,tent_det,ses-2,1,71,True,7,2008573524,EEGTTA-PHASE1|v1|metadata_order|tent_det|sub-31|1|5,2064855972,True,False,0.6392853856086731,0.42192113399505615,0.1428571492433548,0.6387555599212646,0.6392853856086731,0.09932640194892883,0.033523522317409515,6.352312088012695,0.6392853143051683,0.42192111909389496,0.680904514158674,0.578078880906105,0.6387555577925274,0.14285714285714285,1.0,0.14285714285714285,nan
metadata_order,0,sub-32,1,tent_det,ses-1,0,68,False,32,634411650,EEGTTA-PHASE1|v1|metadata_order|tent_det|sub-32|1|0,308061316,True,False,0.5432311296463013,0.5136318206787109,0.53125,0.7210524082183838,0.5432311296463013,0.08042693138122559,0.008528254926204681,6.799436569213867,0.543231164829542,0.513631803682074,0.6927754823612255,0.513631803682074,0.7210523730609566,0.53125,0.0,0.46875,nan
metadata_order,1,sub-32,1,tent_det,ses-1,0,68,False,32,1630506619,EEGTTA-PHASE1|v1|metadata_order|tent_det|sub-32|1|1,634411650,True,False,0.5059103965759277,0.4882781207561493,0.5,0.7591932415962219,0.5059103965759277,0.11615098267793655,0.013421513140201569,6.801290035247803,0.5059104221068444,0.4882781208725646,0.6928723504812755,0.5117218791274354,0.7591932787327096,0.5,0.0,0.5,nan
metadata_order,2,sub-32,1,tent_det,ses-1,0,68,True,4,919121970,EEGTTA-PHASE1|v1|metadata_order|tent_det|sub-32|1|2,1630506619,True,False,0.5146437287330627,0.46935635805130005,0.25,0.7547309994697571,0.5146437287330627,0.22483207285404205,0.016999710351228714,6.8022918701171875,0.5146437290741525,0.46935635060071945,0.6912679365816636,0.5306436493992805,0.7547310069203377,0.25,0.0,0.75,nan
metadata_order,3,sub-32,1,tent_det,ses-2,1,65,False,32,1480749830,EEGTTA-PHASE1|v1|metadata_order|tent_det|sub-32|1|3,919121970,True,False,0.5443203449249268,0.47866928577423096,0.3125,0.7316385507583618,0.5443203449249268,0.1275654137134552,0.021109066903591156,6.8035688400268555,0.5443203398581973,0.47866928996518254,0.6922369059452678,0.5213307100348175,0.7316385130397975,0.3125,1.0,0.3125,nan
metadata_order,4,sub-32,1,tent_det,ses-2,1,65,False,32,1485617564,EEGTTA-PHASE1|v1|metadata_order|tent_det|sub-32|1|4,1480749830,True,False,0.5347296595573425,0.5365909337997437,0.53125,0.7230536341667175,0.5347296595573425,0.09130529314279556,0.025531968101859093,6.805028438568115,0.5347296726602362,0.5365909513784572,0.6904669897831297,0.5365909513784572,0.723053642665036,0.53125,1.0,0.53125,nan
metadata_order,5,sub-32,1,tent_det,ses-2,1,65,True,1,1013554505,EEGTTA-PHASE1|v1|metadata_order|tent_det|sub-32|1|5,1485617564,True,False,0.6718351244926453,0.3971402049064636,0.0,0.6028597950935364,0.6718351244926453,0.22462639212608337,0.029130028560757637,6.805887222290039,0.6718350678425851,0.3971402049064636,0.6718350678425851,0.6028597950935364,0.6028597950935364,0.0,1.0,0.0,nan
metadata_order,0,sub-33,1,tent_det,ses-1,0,73,False,32,654502466,EEGTTA-PHASE1|v1|metadata_order|tent_det|sub-33|1|0,983255704,True,False,0.6405082941055298,0.4882662296295166,0.46875,0.6330540180206299,0.6405082941055298,0.03920311480760574,0.008531997911632061,6.521202564239502,0.6405083024224153,0.48826621379703283,0.692871791802047,0.5117337862029672,0.633054063655436,0.46875,0.0,0.53125,nan
metadata_order,1,sub-33,1,tent_det,ses-1,0,73,False,32,242593354,EEGTTA-PHASE1|v1|metadata_order|tent_det|sub-33|1|1,654502466,True,False,0.6603453159332275,0.5045028924942017,0.5,0.6014044284820557,0.6603453159332275,0.025869721546769142,0.013376462273299694,6.522037982940674,0.6603452746104239,0.50450290273875,0.6931066277456162,0.50450290273875,0.6014044443145394,0.5,0.0,0.5,nan
metadata_order,2,sub-33,1,tent_det,ses-1,0,73,True,9,2066428041,EEGTTA-PHASE1|v1|metadata_order|tent_det|sub-33|1|2,242593354,True,False,0.6704879403114319,0.5210106372833252,0.5555555820465088,0.5943481922149658,0.6704879403114319,0.03820395469665527,0.01717407815158367,6.523360252380371,0.6704879266340036,0.5210105975468954,0.6922640301258635,0.5210105975468954,0.5943481657240126,0.5555555555555556,0.0,0.4444444444444444,nan
metadata_order,3,sub-33,1,tent_det,ses-2,1,72,False,32,969687624,EEGTTA-PHASE1|v1|metadata_order|tent_det|sub-33|1|3,2066428041,True,False,0.5159406661987305,0.5096076726913452,0.5625,0.7429397106170654,0.5159406661987305,0.08096161484718323,0.02100100927054882,6.52517032623291,0.5159406695876652,0.509607698477339,0.6929625534572137,0.509607698477339,0.7429397034575231,0.5625,1.0,0.5625,nan
metadata_order,4,sub-33,1,tent_det,ses-2,1,72,False,32,1284561800,EEGTTA-PHASE1|v1|metadata_order|tent_det|sub-33|1|4,969687624,True,False,0.6214256286621094,0.49595433473587036,0.5625,0.6441907286643982,0.6214256286621094,0.05580150708556175,0.025210551917552948,6.5269999504089355,0.62142560648685,0.49595429678447545,0.693114444773717,0.5040457032155246,0.6441907740663737,0.5625,1.0,0.5625,nan
metadata_order,5,sub-33,1,tent_det,ses-2,1,72,True,8,827746107,EEGTTA-PHASE1|v1|metadata_order|tent_det|sub-33|1|5,1284561800,True,False,0.6291124820709229,0.5161045789718628,0.5,0.6706741452217102,0.6291124820709229,0.07379726320505142,0.029545983299613,6.528996467590332,0.6291125012019858,0.5161045603454113,0.6926283771068915,0.5161045603454113,0.6706741340458393,0.5,1.0,0.5,nan
metadata_order,0,sub-34,1,tent_det,ses-1,0,72,False,32,52993524,EEGTTA-PHASE1|v1|metadata_order|tent_det|sub-34|1|0,1445207312,True,False,0.4797903895378113,0.4847252368927002,0.4375,0.7683638334274292,0.4797903895378113,0.12928475439548492,0.008523626253008842,6.771553039550781,0.4797903517050188,0.48472524754470214,0.6926804718246036,0.5152747524552979,0.768363845127169,0.4375,0.0,0.5625,nan
metadata_order,1,sub-34,1,tent_det,ses-1,0,72,False,32,933618607,EEGTTA-PHASE1|v1|metadata_order|tent_det|sub-34|1|1,52993524,True,False,0.510474443435669,0.49955642223358154,0.53125,0.7544072270393372,0.510474443435669,0.1147550567984581,0.014598317444324493,6.7734527587890625,0.5104744529437276,0.49955642386339605,0.6931467870403157,0.500443576136604,0.75440719188191,0.53125,0.0,0.46875,nan
metadata_order,2,sub-34,1,tent_det,ses-1,0,72,True,8,1711091493,EEGTTA-PHASE1|v1|metadata_order|tent_det|sub-34|1|2,933618607,True,False,0.47196078300476074,0.4652215838432312,0.375,0.7679116725921631,0.47196078300476074,0.2374308705329895,0.020288335159420967,6.774624824523926,0.4719607837138945,0.46522159688174725,0.6907261514875079,0.5347784031182528,0.7679116446524858,0.375,0.0,0.625,nan
metadata_order,3,sub-34,1,tent_det,ses-2,1,73,False,32,451376249,EEGTTA-PHASE1|v1|metadata_order|tent_det|sub-34|1|3,1711091493,True,False,0.49627986550331116,0.4999716877937317,0.53125,0.7458300590515137,0.49627986550331116,0.10368257015943527,0.025714054703712463,6.775843620300293,0.4962798911683379,0.49997168831760064,0.6931471789568426,0.5000283116823994,0.7458300771540962,0.53125,1.0,0.53125,nan
metadata_order,4,sub-34,1,tent_det,ses-2,1,73,False,32,696210086,EEGTTA-PHASE1|v1|metadata_order|tent_det|sub-34|1|4,451376249,True,False,0.5251466035842896,0.4792673587799072,0.5,0.7195324897766113,0.5251466035842896,0.08057066798210144,0.031117238104343414,6.777137756347656,0.5251465906671189,0.47926738782553,0.6922872516239231,0.52073261217447,0.7195324644562788,0.5,1.0,0.5,nan
metadata_order,5,sub-34,1,tent_det,ses-2,1,73,True,9,387549911,EEGTTA-PHASE1|v1|metadata_order|tent_det|sub-34|1|5,696210086,True,False,0.5849676132202148,0.45826467871665955,0.3333333432674408,0.6808775663375854,0.5849676132202148,0.17582978308200836,0.03651999309659004,6.778535842895508,0.5849676355802679,0.45826465057002175,0.6896594451201761,0.5417353494299783,0.6808775713046392,0.3333333333333333,1.0,0.3333333333333333,nan
metadata_order,0,sub-35,1,tent_det,ses-1,0,73,False,32,1483212122,EEGTTA-PHASE1|v1|metadata_order|tent_det|sub-35|1|0,2065117733,True,False,0.5628805160522461,0.4955061078071594,0.4375,0.7072729468345642,0.5628805160522461,0.13584460318088531,0.008569745346903801,7.797132968902588,0.5628805296519888,0.49550613400060683,0.6931067903529118,0.5044938659993932,0.7072729653446004,0.4375,0.0,0.5625,nan
metadata_order,1,sub-35,1,tent_det,ses-1,0,73,False,32,1587089645,EEGTTA-PHASE1|v1|metadata_order|tent_det|sub-35|1|1,1483212122,True,False,0.604442834854126,0.5190619826316833,0.59375,0.6664049625396729,0.604442834854126,0.09791184961795807,0.014317530207335949,7.7991719245910645,0.6044427891343194,0.5190619574859738,0.6924202879721959,0.5190619574859738,0.6664049280807376,0.59375,0.0,0.40625,nan
metadata_order,2,sub-35,1,tent_det,ses-1,0,73,True,9,533274647,EEGTTA-PHASE1|v1|metadata_order|tent_det|sub-35|1|2,1587089645,True,False,0.45788833498954773,0.505499005317688,0.4444444477558136,0.7857374548912048,0.45788833498954773,0.21287524700164795,0.02060488611459732,7.801873683929443,0.45788834709146886,0.5054990400870641,0.6930867004568964,0.5054990400870641,0.7857374929719501,0.4444444444444444,0.0,0.5555555555555556,nan
metadata_order,3,sub-35,1,tent_det,ses-2,1,73,False,32,1202905323,EEGTTA-PHASE1|v1|metadata_order|tent_det|sub-35|1|3,533274647,True,False,0.49023890495300293,0.5636746883392334,0.625,0.7572431564331055,0.49023890495300293,0.1613074541091919,0.025242995470762253,7.804169654846191,0.490238920717931,0.5636746997479349,0.6850161840745321,0.5636746997479349,0.7572431822773069,0.625,1.0,0.625,nan
metadata_order,4,sub-35,1,tent_det,ses-2,1,73,False,32,390653905,EEGTTA-PHASE1|v1|metadata_order|tent_det|sub-35|1|4,1202905323,True,False,0.5074223279953003,0.5278000831604004,0.59375,0.7484889030456543,0.5074223279953003,0.09734565764665604,0.02958644926548004,7.806718826293945,0.5074223007511425,0.5278001078404486,0.6916006911937425,0.5278001078404486,0.7484888746403158,0.59375,1.0,0.59375,nan
metadata_order,5,sub-35,1,tent_det,ses-2,1,73,True,9,1157901659,EEGTTA-PHASE1|v1|metadata_order|tent_det|sub-35|1|5,390653905,True,False,0.432554692029953,0.5702658891677856,0.6666666865348816,0.8191995024681091,0.432554692029953,0.18291498720645905,0.03368527442216873,7.809115886688232,0.43255472968154357,0.5702658842007319,0.6832398295831064,0.5702658842007319,0.8191995008124245,0.6666666666666666,1.0,0.6666666666666666,nan
metadata_order,0,sub-36,1,tent_det,ses-1,0,73,False,32,1273639069,EEGTTA-PHASE1|v1|metadata_order|tent_det|sub-36|1|0,2143022559,True,False,0.4160664677619934,0.4771065413951874,0.46875,0.8031667470932007,0.4160664677619934,0.13258512318134308,0.008565508760511875,7.846007347106934,0.4160664674914891,0.47710652284513344,0.6920985914031164,0.5228934771548666,0.803166720939771,0.46875,0.0,0.53125,nan
metadata_order,1,sub-36,1,tent_det,ses-1,0,73,False,32,1952406261,EEGTTA-PHASE1|v1|metadata_order|tent_det|sub-36|1|1,1273639069,True,False,0.4839682877063751,0.4481284022331238,0.4375,0.7517073750495911,0.4839682877063751,0.1264110654592514,0.01401290949434042,7.847999095916748,0.48396828157899663,0.4481283832574263,0.6877561566139091,0.5518716167425737,0.7517073455965146,0.4375,0.0,0.5625,nan
metadata_order,2,sub-36,1,tent_det,ses-1,0,73,True,9,44653123,EEGTTA-PHASE1|v1|metadata_order|tent_det|sub-36|1|2,1952406261,True,False,0.45824405550956726,0.47498252987861633,0.5555555820465088,0.7686161994934082,0.45824405550956726,0.18716703355312347,0.017977269366383553,7.850209712982178,0.4582440616410225,0.47498251539137626,0.6918949086720212,0.5250174846086237,0.7686161841783259,0.5555555555555556,0.0,0.4444444444444444,nan
metadata_order,3,sub-36,1,tent_det,ses-2,1,72,False,32,1870950732,EEGTTA-PHASE1|v1|metadata_order|tent_det|sub-36|1|3,44653123,True,False,0.36922040581703186,0.44418081641197205,0.375,0.8326572775840759,0.36922040581703186,0.14694039523601532,0.02251521870493889,7.852527618408203,0.3692204074338749,0.44418080540708615,0.6869026064919667,0.5558191945929138,0.8326572923142521,0.375,1.0,0.375,nan
metadata_order,4,sub-36,1,tent_det,ses-2,1,72,False,32,1064532964,EEGTTA-PHASE1|v1|metadata_order|tent_det|sub-36|1|4,1870950732,True,False,0.3911006450653076,0.4937376379966736,0.53125,0.8188536167144775,0.3911006450653076,0.10818729549646378,0.02660590596497059,7.854803562164307,0.39110065246216535,0.49373765978816664,0.6930687446993382,0.5062623402118334,0.8188535837471136,0.53125,1.0,0.53125,nan
metadata_order,5,sub-36,1,tent_det,ses-2,1,72,True,8,419234318,EEGTTA-PHASE1|v1|metadata_order|tent_det|sub-36|1|5,1064532964,True,False,0.45383477210998535,0.48911339044570923,0.5,0.7739960551261902,0.45383477210998535,0.10226108133792877,0.030428124591708183,7.85706901550293,0.4538347942052374,0.4891133776400238,0.6929101247347143,0.5108866223599762,0.7739960381295532,0.5,1.0,0.5,nan
metadata_order,0,sub-37,1,tent_det,ses-1,0,71,False,32,1857816512,EEGTTA-PHASE1|v1|metadata_order|tent_det|sub-37|1|0,51191002,True,False,0.5074470043182373,0.5275998711585999,0.5625,0.7534339427947998,0.5074470043182373,0.09984192997217178,0.008566141128540039,6.9796223640441895,0.5074470152967923,0.5275998583529145,0.6916229015647131,0.5275998583529145,0.7534339667763561,0.5625,0.0,0.4375,nan
metadata_order,1,sub-37,1,tent_det,ses-1,0,71,False,32,1779845993,EEGTTA-PHASE1|v1|metadata_order|tent_det|sub-37|1|1,1857816512,True,False,0.5508737564086914,0.5396113991737366,0.5,0.7172591090202332,0.5508737564086914,0.09147872775793076,0.014943924732506275,6.9821672439575195,0.5508737544983957,0.539611391723156,0.6900057649737533,0.539611391723156,0.717259120196104,0.5,0.0,0.5,nan
metadata_order,2,sub-37,1,tent_det,ses-1,0,71,True,7,1979866221,EEGTTA-PHASE1|v1|metadata_order|tent_det|sub-37|1|2,1779845993,True,False,0.45333153009414673,0.5530987977981567,0.5714285969734192,0.8216974139213562,0.45333153009414673,0.2227620780467987,0.020010683685541153,6.983850479125977,0.4533315277676649,0.5530987328716687,0.6874975823332985,0.5530987328716687,0.8216973851834025,0.5714285714285714,0.0,0.42857142857142855,nan
metadata_order,3,sub-37,1,tent_det,ses-2,1,51,False,32,975173316,EEGTTA-PHASE1|v1|metadata_order|tent_det|sub-37|1|3,1979866221,True,False,0.5510252714157104,0.5898892879486084,0.59375,0.722256600856781,0.5510252714157104,0.13124264776706696,0.02500549890100956,6.985526084899902,0.5510252288725225,0.5898893047124147,0.6768988106602417,0.5898893047124147,0.7222565840929747,0.59375,1.0,0.59375,nan
metadata_order,4,sub-37,1,tent_det,ses-2,1,51,True,19,412071164,EEGTTA-PHASE1|v1|metadata_order|tent_det|sub-37|1|4,975173316,True,False,0.501511812210083,0.5804363489151001,0.5789473652839661,0.7437735199928284,0.501511812210083,0.10734827071428299,0.02964010089635849,6.987637042999268,0.5015117921019115,0.58043635362073,0.6801507660025738,0.58043635362073,0.7437735497951508,0.5789473684210527,1.0,0.5789473684210527,nan
metadata_order,0,sub-38,1,tent_det,ses-1,0,71,False,32,1388242569,EEGTTA-PHASE1|v1|metadata_order|tent_det|sub-38|1|0,759385052,True,False,0.6598607301712036,0.5279576182365417,0.625,0.6069802045822144,0.6598607301712036,0.046336423605680466,0.00849258340895176,6.359377861022949,0.6598607206696391,0.5279576131142676,0.6915831086873642,0.5279576131142676,0.6069801948033273,0.625,0.0,0.375,nan
metadata_order,1,sub-38,1,tent_det,ses-1,0,71,False,32,1255811670,EEGTTA-PHASE1|v1|metadata_order|tent_det|sub-38|1|1,1388242569,True,False,0.6629705429077148,0.5254465937614441,0.65625,0.6049906015396118,0.6629705429077148,0.03878632187843323,0.015016905032098293,6.36077880859375,0.6629705835479979,0.5254466040059924,0.6918515616095129,0.5254466040059924,0.6049906024709344,0.65625,0.0,0.34375,nan
metadata_order,2,sub-38,1,tent_det,ses-1,0,71,True,7,882819696,EEGTTA-PHASE1|v1|metadata_order|tent_det|sub-38|1|2,1255811670,True,False,0.6123707890510559,0.503825843334198,0.4285714626312256,0.6819683313369751,0.6123707890510559,0.0699509009718895,0.01906348392367363,6.361684799194336,0.6123707834152483,0.503825843334198,0.6931179061198443,0.503825843334198,0.6819682547024318,0.42857142857142855,0.0,0.5714285714285714,nan
metadata_order,3,sub-38,1,tent_det,ses-2,1,72,False,32,1078190470,EEGTTA-PHASE1|v1|metadata_order|tent_det|sub-38|1|3,882819696,True,False,0.6639114618301392,0.5163781642913818,0.5625,0.5958449840545654,0.6639114618301392,0.02754363603889942,0.023521989583969116,6.362575054168701,0.6639114666753293,0.5163781652227044,0.6926105959866174,0.5163781652227044,0.5958449868485332,0.5625,1.0,0.5625,nan
metadata_order,4,sub-38,1,tent_det,ses-2,1,72,False,32,1594019011,EEGTTA-PHASE1|v1|metadata_order|tent_det|sub-38|1|4,1078190470,True,False,0.6382297277450562,0.5281345844268799,0.5625,0.6380112171173096,0.6382297277450562,0.051640450954437256,0.028347861021757126,6.363492488861084,0.6382297522743167,0.5281346193514764,0.6915632304717589,0.5281346193514764,0.6380111598409712,0.5625,1.0,0.5625,nan
metadata_order,5,sub-38,1,tent_det,ses-2,1,72,True,8,658010174,EEGTTA-PHASE1|v1|metadata_order|tent_det|sub-38|1|5,1594019011,True,False,0.6401605606079102,0.5592612624168396,0.625,0.6273783445358276,0.6401605606079102,0.08130725473165512,0.033294677734375,6.364784240722656,0.640160536417334,0.5592612735927105,0.6861068457848707,0.5592612735927105,0.6273783482611179,0.625,1.0,0.625,nan
metadata_order,0,sub-40,1,tent_det,ses-2,0,70,False,32,1733738292,EEGTTA-PHASE1|v1|metadata_order|tent_det|sub-40|1|0,496893109,True,False,0.39589622616767883,0.5458873510360718,0.59375,0.8241288661956787,0.39589622616767883,0.11952734738588333,0.008542736992239952,9.04821491241455,0.39589622957136306,0.5458873321767896,0.6889299543772367,0.5458873321767896,0.8241288925055414,0.59375,1.0,0.59375,nan
metadata_order,1,sub-40,1,tent_det,ses-2,0,70,False,32,648183762,EEGTTA-PHASE1|v1|metadata_order|tent_det|sub-40|1|1,1733738292,True,False,0.3494125008583069,0.48532789945602417,0.5,0.8326053619384766,0.3494125008583069,0.09434296190738678,0.014831267297267914,9.05099105834961,0.3494124998970415,0.485327921633143,0.6927165789832835,0.514672078366857,0.8326053509372286,0.5,1.0,0.5,nan
metadata_order,2,sub-40,1,tent_det,ses-2,0,70,True,6,698797189,EEGTTA-PHASE1|v1|metadata_order|tent_det|sub-40|1|2,648183762,True,False,0.6157239675521851,0.531259298324585,0.5,0.679515540599823,0.6157239675521851,0.2734445035457611,0.019178079441189766,9.05267333984375,0.6157239231479616,0.5312593479951223,0.6911916118032955,0.5312593479951223,0.6795154710610708,0.5,1.0,0.5,nan
metadata_order,3,sub-40,1,tent_det,ses-1,1,73,False,32,264567072,EEGTTA-PHASE1|v1|metadata_order|tent_det|sub-40|1|3,698797189,True,False,0.42692235112190247,0.504342257976532,0.46875,0.79473876953125,0.42692235112190247,0.11209090799093246,0.02310076169669628,9.054450035095215,0.4269223635417918,0.5043422714807093,0.6931094694426758,0.5043422714807093,0.7947387746535242,0.46875,0.0,0.53125,nan
metadata_order,4,sub-40,1,tent_det,ses-1,1,73,False,32,10873701,EEGTTA-PHASE1|v1|metadata_order|tent_det|sub-40|1|4,264567072,True,False,0.3626704812049866,0.5216676592826843,0.4375,0.829899787902832,0.3626704812049866,0.13206882774829865,0.026855716481804848,9.056232452392578,0.3626704682769992,0.5216676486161305,0.6922079124551344,0.5216676486161305,0.829899787393515,0.4375,0.0,0.5625,nan
metadata_order,5,sub-40,1,tent_det,ses-1,1,73,True,9,651898553,EEGTTA-PHASE1|v1|metadata_order|tent_det|sub-40|1|5,10873701,True,False,0.35720741748809814,0.5317748188972473,0.6666666865348816,0.8329966068267822,0.35720741748809814,0.18463128805160522,0.030906636267900467,9.05795669555664,0.3572074169158866,0.531774804668708,0.6911265427770082,0.531774804668708,0.8329966011871066,0.6666666666666666,0.0,0.3333333333333333,nan
metadata_order,0,sub-41,1,tent_det,ses-1,0,69,False,32,661004252,EEGTTA-PHASE1|v1|metadata_order|tent_det|sub-41|1|0,92255833,True,False,0.5704135894775391,0.4626780152320862,0.375,0.7001587152481079,0.5704135894775391,0.11569102108478546,0.008521435782313347,6.864107608795166,0.5704136114330274,0.4626780010294169,0.6903587245514248,0.5373219989705831,0.7001587667036802,0.375,0.0,0.625,nan
metadata_order,1,sub-41,1,tent_det,ses-1,0,69,False,32,1186977069,EEGTTA-PHASE1|v1|metadata_order|tent_det|sub-41|1|1,661004252,True,False,0.500892698764801,0.45615333318710327,0.375,0.7541185617446899,0.500892698764801,0.15456707775592804,0.014898380264639854,6.866452217102051,0.5008926928969222,0.45615331499720924,0.68929717359513,0.5438466850027908,0.7541185203299392,0.375,0.0,0.625,nan
metadata_order,2,sub-41,1,tent_det,ses-1,0,69,True,5,1617053060,EEGTTA-PHASE1|v1|metadata_order|tent_det|sub-41|1|2,1186977069,True,False,0.5883838534355164,0.4401199519634247,0.4000000059604645,0.7041329741477966,0.5883838534355164,0.17994408309459686,0.020681161433458328,6.868442058563232,0.5883838378368302,0.4401199370622635,0.6859586953314292,0.5598800629377365,0.7041329592466354,0.4,0.0,0.6,nan
metadata_order,3,sub-41,1,tent_det,ses-2,1,67,False,32,51413692,EEGTTA-PHASE1|v1|metadata_order|tent_det|sub-41|1|3,1617053060,True,False,0.5854504704475403,0.4710361063480377,0.46875,0.6681045293807983,0.5854504704475403,0.07797769457101822,0.026500515639781952,6.8705267906188965,0.585450453361139,0.47103610483463854,0.6914684264980975,0.5289638951653615,0.6681045569712296,0.46875,1.0,0.46875,nan
metadata_order,4,sub-41,1,tent_det,ses-2,1,67,False,32,633173638,EEGTTA-PHASE1|v1|metadata_order|tent_det|sub-41|1|4,51413692,True,False,0.581253170967102,0.44333696365356445,0.40625,0.7013395428657532,0.581253170967102,0.15316328406333923,0.03230069950222969,6.872471332550049,0.5812532049224861,0.44333693687804043,0.6867119592007177,0.5566630631219596,0.701339517487213,0.40625,1.0,0.40625,nan
metadata_order,5,sub-41,1,tent_det,ses-2,1,67,True,3,1964118371,EEGTTA-PHASE1|v1|metadata_order|tent_det|sub-41|1|5,633173638,True,False,0.48305583000183105,0.4721320569515228,0.6666666865348816,0.7468918561935425,0.48305583000183105,0.30696046352386475,0.037388965487480164,6.874073505401611,0.4830558082414334,0.47213201969861984,0.6915931267130407,0.5278679803013802,0.7468918040394783,0.6666666666666666,1.0,0.6666666666666666,nan
metadata_order,0,sub-42,1,tent_det,ses-2,0,67,False,32,931237601,EEGTTA-PHASE1|v1|metadata_order|tent_det|sub-42|1|0,2121759531,True,False,0.45418375730514526,0.48930448293685913,0.5,0.7774512767791748,0.45418375730514526,0.10762377083301544,0.00858316756784916,7.001401424407959,0.45418373806269363,0.48930446401936933,0.6929183741287926,0.5106955359806307,0.7774512845207937,0.5,1.0,0.5,nan
metadata_order,1,sub-42,1,tent_det,ses-2,0,67,False,32,1359590153,EEGTTA-PHASE1|v1|metadata_order|tent_det|sub-42|1|1,931237601,True,False,0.45521122217178345,0.4734635055065155,0.46875,0.7773756384849548,0.45521122217178345,0.1643042266368866,0.015557078644633293,7.003482818603516,0.45521119066542887,0.47346351260785013,0.6917381483186632,0.5265364873921499,0.7773756462847814,0.46875,1.0,0.46875,nan
metadata_order,2,sub-42,1,tent_det,ses-2,0,67,True,3,1476388552,EEGTTA-PHASE1|v1|metadata_order|tent_det|sub-42|1|2,1359590153,True,False,0.44148045778274536,0.4312079846858978,0.3333333432674408,0.8276845812797546,0.44148045778274536,0.3736862242221832,0.021344875916838646,7.004476547241211,0.4414804161538664,0.43120796978473663,0.6836524052053641,0.5687920302152634,0.8276845663785934,0.3333333333333333,1.0,0.3333333333333333,nan
metadata_order,3,sub-42,1,tent_det,ses-1,1,71,False,32,882984792,EEGTTA-PHASE1|v1|metadata_order|tent_det|sub-42|1|3,1476388552,True,False,0.5476763248443604,0.4854455590248108,0.4375,0.7200360298156738,0.5476763248443604,0.1664283126592636,0.02701421082019806,7.005641937255859,0.547676366297947,0.48544554848922417,0.6927234565916705,0.5145544515107758,0.7200359881971963,0.4375,0.0,0.5625,nan
metadata_order,4,sub-42,1,tent_det,ses-1,1,71,False,32,1796857111,EEGTTA-PHASE1|v1|metadata_order|tent_det|sub-42|1|4,882984792,True,False,0.5238174200057983,0.4788700342178345,0.4375,0.744424045085907,0.5238174200057983,0.1980908066034317,0.03279345482587814,7.006927013397217,0.5238174349284253,0.4788700146600604,0.6922539620208703,0.5211299853399396,0.7444240199401975,0.4375,0.0,0.5625,nan
metadata_order,5,sub-42,1,tent_det,ses-1,1,71,True,7,1158047113,EEGTTA-PHASE1|v1|metadata_order|tent_det|sub-42|1|5,1796857111,True,False,0.6515048146247864,0.4622023105621338,0.4285714626312256,0.6226515769958496,0.6515048146247864,0.15386727452278137,0.03807205706834793,7.007935047149658,0.6515047259088699,0.46220227650233675,0.6902871170607658,0.5377977234976632,0.6226515769958496,0.42857142857142855,0.0,0.5714285714285714,nan
metadata_order,0,sub-45,1,tent_det,ses-2,0,73,False,32,115790828,EEGTTA-PHASE1|v1|metadata_order|tent_det|sub-45|1|0,676535777,True,False,0.5044300556182861,0.4489114284515381,0.40625,0.7486329078674316,0.5044300556182861,0.11263259500265121,0.008531143888831139,6.769215106964111,0.5044300441692815,0.4489114561729366,0.6879179807205803,0.5510885438270634,0.7486328652448719,0.40625,1.0,0.40625,nan
metadata_order,1,sub-45,1,tent_det,ses-2,0,73,False,32,1051323902,EEGTTA-PHASE1|v1|metadata_order|tent_det|sub-45|1|1,115790828,True,False,0.5507688522338867,0.43222832679748535,0.40625,0.6997890472412109,0.5507688522338867,0.110599085688591,0.014961052685976028,6.771484851837158,0.5507688614536341,0.43222831995080924,0.6839328430253628,0.5677716800491908,0.6997890391867259,0.40625,1.0,0.40625,nan
metadata_order,2,sub-45,1,tent_det,ses-2,0,73,True,9,473377610,EEGTTA-PHASE1|v1|metadata_order|tent_det|sub-45|1|2,1051323902,True,False,0.516922116279602,0.4082471430301666,0.4444444477558136,0.734233021736145,0.516922116279602,0.16610361635684967,0.02100078947842121,6.773320198059082,0.5169220683144109,0.4082471711768044,0.6762142243784264,0.5917528288231956,0.734232990278138,0.4444444444444444,1.0,0.4444444444444444,nan
metadata_order,3,sub-45,1,tent_det,ses-1,1,68,False,32,826073318,EEGTTA-PHASE1|v1|metadata_order|tent_det|sub-45|1|3,473377610,True,False,0.5433328151702881,0.4336075186729431,0.375,0.7395001649856567,0.5433328151702881,0.17295034229755402,0.026499146595597267,6.775027751922607,0.5433328026726512,0.4336075275205076,0.6843051684772006,0.5663924724794924,0.7395002082921565,0.375,0.0,0.625,nan
metadata_order,4,sub-45,1,tent_det,ses-1,1,68,False,32,1511229281,EEGTTA-PHASE1|v1|metadata_order|tent_det|sub-45|1|4,826073318,True,False,0.5504485368728638,0.4463440179824829,0.375,0.7106949687004089,0.5504485368728638,0.12961147725582123,0.032210759818553925,6.776729106903076,0.550448549638876,0.44634398503694683,0.6873781421789562,0.5536560149630532,0.710694964393042,0.375,0.0,0.625,nan
metadata_order,5,sub-45,1,tent_det,ses-1,1,68,True,4,1552866330,EEGTTA-PHASE1|v1|metadata_order|tent_det|sub-45|1|5,1511229281,True,False,0.6290410757064819,0.44207942485809326,0.5,0.6545107364654541,0.6290410757064819,0.1514480710029602,0.037158846855163574,6.778584003448486,0.629041081862119,0.44207940250635147,0.6864225019947571,0.5579205974936485,0.6545107588171959,0.5,0.0,0.5,nan
metadata_order,0,sub-46,1,tent_det,ses-1,0,70,False,32,591125671,EEGTTA-PHASE1|v1|metadata_order|tent_det|sub-46|1|0,203701764,True,False,0.579452395439148,0.5202484130859375,0.59375,0.6960495710372925,0.579452395439148,0.11064673215150833,0.008515461347997189,6.88978910446167,0.5794523145472311,0.5202484047040343,0.6923269604956404,0.5202484047040343,0.696049583144486,0.59375,0.0,0.40625,nan
metadata_order,1,sub-46,1,tent_det,ses-1,0,70,False,32,515887509,EEGTTA-PHASE1|v1|metadata_order|tent_det|sub-46|1|1,591125671,True,False,0.5672230124473572,0.5031647682189941,0.5,0.7032737731933594,0.5672230124473572,0.08139731734991074,0.014206266030669212,6.891363620758057,0.5672229978834131,0.5031647816067562,0.69312714874095,0.5031647816067562,0.7032737411791459,0.5,0.0,0.5,nan
metadata_order,2,sub-46,1,tent_det,ses-1,0,70,True,6,1244780512,EEGTTA-PHASE1|v1|metadata_order|tent_det|sub-46|1|2,515887509,True,False,0.6197506189346313,0.49939537048339844,0.5,0.6357060074806213,0.6197506189346313,0.08168500661849976,0.019818928092718124,6.893167018890381,0.6197506101929412,0.49939539780219394,0.6931464494721319,0.5006046021978061,0.6357060198982557,0.5,0.0,0.5,nan
metadata_order,3,sub-46,1,tent_det,ses-2,1,60,False,32,1461473180,EEGTTA-PHASE1|v1|metadata_order|tent_det|sub-46|1|3,1244780512,True,False,0.5431162118911743,0.503270149230957,0.46875,0.7183631658554077,0.5431162118911743,0.09134054183959961,0.024667806923389435,6.895116806030273,0.5431162053325524,0.5032701333984733,0.6931257928625794,0.5032701333984733,0.7183631593361497,0.46875,1.0,0.46875,nan
metadata_order,4,sub-46,1,tent_det,ses-2,1,60,True,28,2004264094,EEGTTA-PHASE1|v1|metadata_order|tent_det|sub-46|1|4,1461473180,True,False,0.5633109211921692,0.5099615454673767,0.4285714626312256,0.7067216038703918,0.5633109211921692,0.08515208214521408,0.02964264340698719,6.896938323974609,0.5633109202419505,0.5099614981029715,0.6929487045397766,0.5099614981029715,0.706721514995609,0.42857142857142855,1.0,0.42857142857142855,nan
metadata_order,0,sub-47,1,tent_det,ses-1,0,73,False,32,1802610203,EEGTTA-PHASE1|v1|metadata_order|tent_det|sub-47|1|0,199474046,True,False,0.4719837009906769,0.2964467406272888,0.1875,0.7581661343574524,0.4719837009906769,0.26984891295433044,0.008583936840295792,7.966732501983643,0.4719836742775276,0.29644674628434586,0.6078235084506038,0.7035532537156541,0.7581661137992342,0.1875,0.0,0.8125,nan
metadata_order,1,sub-47,1,tent_det,ses-1,0,73,False,32,1065743495,EEGTTA-PHASE1|v1|metadata_order|tent_det|sub-47|1|1,1802610203,True,False,0.50934898853302,0.3272053897380829,0.28125,0.7442800998687744,0.50934898853302,0.2397685945034027,0.016370045021176338,7.967999458312988,0.5093489758053205,0.3272053872933611,0.6321818459166274,0.6727946127066389,0.7442801172146574,0.28125,0.0,0.71875,nan
metadata_order,2,sub-47,1,tent_det,ses-1,0,73,True,9,1809877317,EEGTTA-PHASE1|v1|metadata_order|tent_det|sub-47|1|2,1065743495,True,False,0.5051043033599854,0.30976587533950806,0.2222222238779068,0.7526587247848511,0.5051043033599854,0.2996816039085388,0.023676443845033646,7.968684196472168,0.5051042224343614,0.3097658616801103,0.6189131976734183,0.6902341383198898,0.7526587583124638,0.2222222222222222,0.0,0.7777777777777778,nan
metadata_order,3,sub-47,1,tent_det,ses-2,1,72,False,32,865182730,EEGTTA-PHASE1|v1|metadata_order|tent_det|sub-47|1|3,1809877317,True,False,0.48571038246154785,0.421358197927475,0.40625,0.789352297782898,0.48571038246154785,0.18387427926063538,0.030216537415981293,7.970165729522705,0.4857103640519198,0.42135817650705576,0.6807265983372833,0.5786418234929442,0.7893523154780269,0.40625,1.0,0.40625,nan
metadata_order,4,sub-47,1,tent_det,ses-2,1,72,False,32,1620295956,EEGTTA-PHASE1|v1|metadata_order|tent_det|sub-47|1|4,865182730,True,False,0.4548519551753998,0.4341621398925781,0.375,0.77797532081604,0.4548519551753998,0.16534334421157837,0.03596936911344528,7.9715495109558105,0.45485194778727306,0.43416212394367903,0.6844527013599049,0.565837876056321,0.7779753144131973,0.375,1.0,0.375,nan
metadata_order,5,sub-47,1,tent_det,ses-2,1,72,True,8,1719900019,EEGTTA-PHASE1|v1|metadata_order|tent_det|sub-47|1|5,1620295956,True,False,0.5618164539337158,0.45521339774131775,0.5,0.6844558119773865,0.5618164539337158,0.1567722111940384,0.04100453108549118,7.972823619842529,0.5618164300645798,0.4552133900579065,0.689130117880969,0.5447866099420935,0.6844558196607977,0.5,1.0,0.5,nan
metadata_order,0,sub-48,1,tent_det,ses-1,0,74,False,32,2136725155,EEGTTA-PHASE1|v1|metadata_order|tent_det|sub-48|1|0,1615832022,True,False,0.6400241851806641,0.46812471747398376,0.46875,0.6345901489257812,0.6400241851806641,0.06067482382059097,0.008511146530508995,6.391138553619385,0.6400242019690809,0.4681247095577419,0.691113733602065,0.5318752904422581,0.6345901382155716,0.46875,0.0,0.53125,nan
metadata_order,1,sub-48,1,tent_det,ses-1,0,74,False,32,1398280928,EEGTTA-PHASE1|v1|metadata_order|tent_det|sub-48|1|1,2136725155,True,False,0.6499811410903931,0.4932824969291687,0.625,0.6137057542800903,0.6499811410903931,0.030725639313459396,0.014712007716298103,6.392666339874268,0.6499810721104687,0.4932825230062008,0.6930569288504645,0.5067174769937992,0.6137057282030582,0.625,0.0,0.375,nan
metadata_order,2,sub-48,1,tent_det,ses-1,0,74,True,10,1408364750,EEGTTA-PHASE1|v1|metadata_order|tent_det|sub-48|1|2,1398280928,True,False,0.6445326209068298,0.46057406067848206,0.4000000059604645,0.61920565366745,0.6445326209068298,0.08238794654607773,0.019992372021079063,6.394330978393555,0.64453263004723,0.4605740666389465,0.6900351425148838,0.5394259333610535,0.6192056655883789,0.4,0.0,0.6,nan
metadata_order,3,sub-48,1,tent_det,ses-2,1,71,False,32,1868809725,EEGTTA-PHASE1|v1|metadata_order|tent_det|sub-48|1|3,1408364750,True,False,0.6625478267669678,0.5008804798126221,0.375,0.5972604751586914,0.6625478267669678,0.05225154384970665,0.024630799889564514,6.3958964347839355,0.6625478453080738,0.500880507286638,0.6931456299729802,0.500880507286638,0.5972605147399008,0.375,1.0,0.375,nan
metadata_order,4,sub-48,1,tent_det,ses-2,1,71,False,32,1562428666,EEGTTA-PHASE1|v1|metadata_order|tent_det|sub-48|1|4,1868809725,True,False,0.6526413559913635,0.5031731724739075,0.4375,0.6221845149993896,0.6526413559913635,0.03695959225296974,0.029245147481560707,6.397442817687988,0.652641324472129,0.5031731640920043,0.6931270424840547,0.5031731640920043,0.6221845345571637,0.4375,1.0,0.4375,nan
metadata_order,5,sub-48,1,tent_det,ses-2,1,71,True,7,1080490790,EEGTTA-PHASE1|v1|metadata_order|tent_det|sub-48|1|5,1562428666,True,False,0.5994842052459717,0.4655434191226959,0.4285714626312256,0.6607497930526733,0.5994842052459717,0.08610548824071884,0.03406080603599548,6.398889541625977,0.5994841574068405,0.46554340422153473,0.6907707835564623,0.5344565957784653,0.6607498122113091,0.42857142857142855,1.0,0.42857142857142855,nan
metadata_order,0,sub-49,1,tent_det,ses-1,0,73,False,32,394193644,EEGTTA-PHASE1|v1|metadata_order|tent_det|sub-49|1|0,629427368,True,False,0.4930257201194763,0.29430878162384033,0.1875,0.7659111022949219,0.4930257201194763,0.26726633310317993,0.00854223221540451,6.817590713500977,0.49302571735070866,0.2943087691674009,0.6059647328437092,0.7056912308325991,0.7659110402455553,0.1875,0.0,0.8125,nan
metadata_order,1,sub-49,1,tent_det,ses-1,0,73,False,32,771762243,EEGTTA-PHASE1|v1|metadata_order|tent_det|sub-49|1|1,394193644,True,False,0.5139855146408081,0.27416664361953735,0.125,0.7448717951774597,0.5139855146408081,0.3079230487346649,0.015500804409384727,6.818665981292725,0.5139854871488434,0.2741666432702914,0.5873591781308007,0.7258333567297086,0.744871799251996,0.125,0.0,0.875,nan
metadata_order,2,sub-49,1,tent_det,ses-1,0,73,True,9,1826529216,EEGTTA-PHASE1|v1|metadata_order|tent_det|sub-49|1|2,771762243,True,False,0.48998314142227173,0.26157698035240173,0.1111111119389534,0.7953197360038757,0.48998314142227173,0.3735020160675049,0.0224777702242136,6.820059299468994,0.4899831533459126,0.26157695965634453,0.5746999132067667,0.7384230403436555,0.7953197136521339,0.1111111111111111,0.0,0.8888888888888888,nan
metadata_order,3,sub-49,1,tent_det,ses-2,1,73,False,32,2062832893,EEGTTA-PHASE1|v1|metadata_order|tent_det|sub-49|1|3,1826529216,True,False,0.4256543815135956,0.4441799521446228,0.375,0.8117549419403076,0.4256543815135956,0.17575891315937042,0.028454910963773727,6.821544647216797,0.42565439211714357,0.4441799313062802,0.6869024105070949,0.5558200686937198,0.8117549590533599,0.375,1.0,0.375,nan
metadata_order,4,sub-49,1,tent_det,ses-2,1,73,False,32,956794825,EEGTTA-PHASE1|v1|metadata_order|tent_det|sub-49|1|4,2062832893,True,False,0.5513067245483398,0.4758642315864563,0.46875,0.7309936285018921,0.5513067245483398,0.14018024504184723,0.03400968760251999,6.822925567626953,0.5513066836302611,0.4758642406668514,0.6919816579180094,0.5241357593331486,0.7309936268720776,0.46875,1.0,0.46875,nan
metadata_order,5,sub-49,1,tent_det,ses-2,1,73,True,9,1059084404,EEGTTA-PHASE1|v1|metadata_order|tent_det|sub-49|1|5,956794825,True,False,0.6146335601806641,0.49690237641334534,0.4444444477558136,0.6680423021316528,0.6146335601806641,0.09383545070886612,0.03915156051516533,6.82416296005249,0.6146335452663396,0.49690236316786873,0.6931279897292948,0.5030976368321313,0.6680423253112369,0.4444444444444444,1.0,0.4444444444444444,nan
metadata_order,0,sub-50,1,tent_det,ses-2,0,71,False,32,5633524,EEGTTA-PHASE1|v1|metadata_order|tent_det|sub-50|1|0,113811843,True,False,0.5386190414428711,0.6850484609603882,0.78125,0.7303521633148193,0.5386190414428711,0.2591423988342285,0.008511780761182308,6.8450164794921875,0.5386190663522796,0.685048418585211,0.623005374315968,0.685048418585211,0.730352149810642,0.78125,1.0,0.78125,nan
metadata_order,1,sub-50,1,tent_det,ses-2,0,71,False,32,1208262290,EEGTTA-PHASE1|v1|metadata_order|tent_det|sub-50|1|1,5633524,True,False,0.5366305112838745,0.6591706871986389,0.78125,0.7333023548126221,0.5366305112838745,0.2245440036058426,0.015335598029196262,6.84529972076416,0.5366305480276377,0.6591706806793809,0.6415840287283407,0.6591706806793809,0.7333023613318801,0.78125,1.0,0.78125,nan
metadata_order,2,sub-50,1,tent_det,ses-2,0,71,True,7,498272677,EEGTTA-PHASE1|v1|metadata_order|tent_det|sub-50|1|2,1208262290,True,False,0.5165880918502808,0.6917328238487244,0.7142857313156128,0.731566309928894,0.5165880918502808,0.2224559783935547,0.0220729298889637,6.845505714416504,0.5165880776491723,0.6917328664234706,0.6177071380964739,0.6917328664234706,0.7315662758690971,0.7142857142857143,1.0,0.7142857142857143,nan
metadata_order,3,sub-50,1,tent_det,ses-1,1,70,False,32,795179074,EEGTTA-PHASE1|v1|metadata_order|tent_det|sub-50|1|3,498272677,True,False,0.5389126539230347,0.513124406337738,0.5625,0.7108234763145447,0.5389126539230347,0.08893165737390518,0.028006775304675102,6.8460893630981445,0.538912649846014,0.513124393299222,0.692802641590148,0.513124393299222,0.7108235005289316,0.5625,0.0,0.4375,nan
metadata_order,4,sub-50,1,tent_det,ses-1,1,70,False,32,1910180346,EEGTTA-PHASE1|v1|metadata_order|tent_det|sub-50|1|4,795179074,True,False,0.4967805743217468,0.5048586130142212,0.5,0.752770185470581,0.4967805743217468,0.10461792349815369,0.03302585706114769,6.846893787384033,0.49678055626874396,0.5048586206976324,0.6930999674267471,0.5048586206976324,0.7527701777871698,0.5,0.0,0.5,nan
metadata_order,5,sub-50,1,tent_det,ses-1,1,70,True,6,713820541,EEGTTA-PHASE1|v1|metadata_order|tent_det|sub-50|1|5,1910180346,True,False,0.648909330368042,0.5613602995872498,0.5,0.6040842533111572,0.648909330368042,0.11897625029087067,0.038055237382650375,6.847521781921387,0.6489093578016484,0.5613603194554647,0.6855979869701749,0.5613603194554647,0.6040841738382975,0.5,0.0,0.5,nan
metadata_order,0,sub-51,1,tent_det,ses-2,0,67,False,32,1063582756,EEGTTA-PHASE1|v1|metadata_order|tent_det|sub-51|1|0,2036477535,True,False,0.5466804504394531,0.5046949982643127,0.5,0.724689245223999,0.5466804504394531,0.082850880920887,0.008531033992767334,6.8268961906433105,0.5466804197245642,0.5046949980314821,0.6931030938990324,0.5046949980314821,0.7246893050614744,0.5,1.0,0.5,nan
metadata_order,1,sub-51,1,tent_det,ses-2,0,67,False,32,787927607,EEGTTA-PHASE1|v1|metadata_order|tent_det|sub-51|1|1,1063582756,True,False,0.5679012537002563,0.5037732720375061,0.5,0.708422839641571,0.5679012537002563,0.08141288161277771,0.015076590701937675,6.829120635986328,0.5679012914990804,0.5037732631899416,0.6931187052594623,0.5037732631899416,0.7084228373132646,0.5,1.0,0.5,nan
metadata_order,2,sub-51,1,tent_det,ses-2,0,67,True,3,1268782057,EEGTTA-PHASE1|v1|metadata_order|tent_det|sub-51|1|2,787927607,True,False,0.6114084124565125,0.5099648833274841,0.3333333432674408,0.6759237051010132,0.6114084124565125,0.14153410494327545,0.020485199987888336,6.830750465393066,0.6114084373536844,0.5099648833274841,0.6929485696113666,0.5099648833274841,0.6759236852327982,0.3333333333333333,1.0,0.3333333333333333,nan
metadata_order,3,sub-51,1,tent_det,ses-1,1,70,False,32,1085988903,EEGTTA-PHASE1|v1|metadata_order|tent_det|sub-51|1|3,1268782057,True,False,0.48726269602775574,0.34475094079971313,0.28125,0.7857345938682556,0.48726269602775574,0.20082302391529083,0.025048065930604935,6.832622528076172,0.48726267956170927,0.3447509198449552,0.6441365554752222,0.6552490801550448,0.7857346036471426,0.28125,0.0,0.71875,nan
metadata_order,4,sub-51,1,tent_det,ses-1,1,70,False,32,115013730,EEGTTA-PHASE1|v1|metadata_order|tent_det|sub-51|1|4,1085988903,True,False,0.5094104409217834,0.3833679258823395,0.28125,0.7455793619155884,0.5094104409217834,0.18049097061157227,0.029905231669545174,6.834633827209473,0.509410430543112,0.38336793589405715,0.6656888483301273,0.6166320641059428,0.7455793444532901,0.28125,0.0,0.71875,nan
metadata_order,5,sub-51,1,tent_det,ses-1,1,70,True,6,1191551245,EEGTTA-PHASE1|v1|metadata_order|tent_det|sub-51|1|5,115013730,True,False,0.5312330722808838,0.2858870327472687,0.1666666716337204,0.731118381023407,0.5312330722808838,0.31102630496025085,0.03421981632709503,6.836151599884033,0.5312330888506732,0.28588702778021496,0.5984277974405474,0.714112972219785,0.7311183363199234,0.16666666666666666,0.0,0.8333333333333334,nan
metadata_order,0,sub-52,1,tent_det,ses-1,0,72,False,32,374067572,EEGTTA-PHASE1|v1|metadata_order|tent_det|sub-52|1|0,2138663544,True,False,0.6683036088943481,0.5448907613754272,0.65625,0.5989607572555542,0.6683036088943481,0.04174913093447685,0.008497670292854309,6.325535297393799,0.6683035779425106,0.5448907101526856,0.6891113967317097,0.5448907101526856,0.5989607600495219,0.65625,0.0,0.34375,nan
metadata_order,1,sub-52,1,tent_det,ses-1,0,72,False,32,1155119438,EEGTTA-PHASE1|v1|metadata_order|tent_det|sub-52|1|1,374067572,True,False,0.6711227893829346,0.5293096303939819,0.59375,0.5823092460632324,0.6711227893829346,0.03287889435887337,0.015545695088803768,6.326844692230225,0.6711228133488129,0.5293096723034978,0.6914280814522583,0.5293096723034978,0.5823092414066195,0.59375,0.0,0.40625,nan
metadata_order,2,sub-52,1,tent_det,ses-1,0,72,True,8,1442740073,EEGTTA-PHASE1|v1|metadata_order|tent_det|sub-52|1|2,1155119438,True,False,0.6541402339935303,0.48498931527137756,0.375,0.6175174713134766,0.6541402339935303,0.027825379744172096,0.021273944526910782,6.328629970550537,0.654140212380256,0.48498930409550667,0.6926964708597227,0.5150106959044933,0.6175174377858639,0.375,0.0,0.625,nan
metadata_order,3,sub-52,1,tent_det,ses-2,1,79,False,32,616969849,EEGTTA-PHASE1|v1|metadata_order|tent_det|sub-52|1|3,1442740073,True,False,0.6662217378616333,0.46866944432258606,0.375,0.597676694393158,0.6662217378616333,0.03758757933974266,0.02525925636291504,6.330297946929932,0.666221725312044,0.46866945922374725,0.691182688241911,0.5313305407762527,0.5976767241954803,0.375,1.0,0.375,nan
metadata_order,4,sub-52,1,tent_det,ses-2,1,79,False,32,783894536,EEGTTA-PHASE1|v1|metadata_order|tent_det|sub-52|1|4,616969849,True,False,0.6677426695823669,0.4867993891239166,0.46875,0.593212366104126,0.6677426695823669,0.02427510730922222,0.029358146712183952,6.332107067108154,0.6677426850973294,0.4867993928492069,0.6927986280034689,0.5132006071507931,0.5932123400270939,0.46875,1.0,0.46875,nan
metadata_order,5,sub-52,1,tent_det,ses-2,1,79,True,15,88140167,EEGTTA-PHASE1|v1|metadata_order|tent_det|sub-52|1|5,783894536,True,False,0.6484304666519165,0.5087597966194153,0.5333333611488342,0.6157289743423462,0.6484304666519165,0.03262295201420784,0.033583663403987885,6.3337507247924805,0.6484304714246926,0.5087597628434499,0.6929937058181389,0.5087597628434499,0.6157289644082388,0.5333333333333333,1.0,0.5333333333333333,nan
metadata_order,0,sub-53,1,tent_det,ses-1,0,72,False,32,690822032,EEGTTA-PHASE1|v1|metadata_order|tent_det|sub-53|1|0,1702888177,True,False,0.565373420715332,0.5087128281593323,0.53125,0.7178782224655151,0.565373420715332,0.0965585857629776,0.008550542406737804,6.988588809967041,0.5653733912784689,0.5087128495797515,0.6929953453795503,0.5087128495797515,0.7178782792761922,0.53125,0.0,0.46875,nan
metadata_order,1,sub-53,1,tent_det,ses-1,0,72,False,32,86832126,EEGTTA-PHASE1|v1|metadata_order|tent_det|sub-53|1|1,690822032,True,False,0.5127878785133362,0.5212308764457703,0.53125,0.7641950845718384,0.5127878785133362,0.13853591680526733,0.014710131101310253,6.990334987640381,0.5127879179894723,0.5212308705013129,0.6922454097393116,0.5212308705013129,0.7641950532633928,0.53125,0.0,0.46875,nan
metadata_order,2,sub-53,1,tent_det,ses-1,0,72,True,8,391899325,EEGTTA-PHASE1|v1|metadata_order|tent_det|sub-53|1|2,86832126,True,False,0.48558181524276733,0.4895707964897156,0.5,0.7624620199203491,0.48558181524276733,0.2449427992105484,0.019847536459565163,6.992125511169434,0.4855817867433087,0.48957078997045755,0.6929296279394261,0.5104292100295424,0.762462011538446,0.5,0.0,0.5,nan
metadata_order,3,sub-53,1,tent_det,ses-2,1,72,False,32,188954719,EEGTTA-PHASE1|v1|metadata_order|tent_det|sub-53|1|3,391899325,True,False,0.49733471870422363,0.4344339966773987,0.375,0.7557847499847412,0.49733471870422363,0.17566555738449097,0.024381866678595543,6.9939866065979,0.49733471523526507,0.43443398202362005,0.6845245633173627,0.56556601797638,0.7557847087591654,0.375,1.0,0.375,nan
metadata_order,4,sub-53,1,tent_det,ses-2,1,72,False,32,1120130523,EEGTTA-PHASE1|v1|metadata_order|tent_det|sub-53|1|4,188954719,True,False,0.5262650847434998,0.4774883985519409,0.46875,0.7415013313293457,0.5262650847434998,0.10026700794696808,0.029399992898106575,6.996156692504883,0.5262650634982919,0.47748838423285633,0.6921332921681432,0.5225116157671437,0.7415013009449467,0.46875,1.0,0.46875,nan
metadata_order,5,sub-53,1,tent_det,ses-2,1,72,True,8,1654197090,EEGTTA-PHASE1|v1|metadata_order|tent_det|sub-53|1|5,1120130523,True,False,0.5515860319137573,0.5267077684402466,0.375,0.7200049161911011,0.5515860319137573,0.281363308429718,0.03419864550232887,6.997868537902832,0.5515860008948102,0.5267077460885048,0.6917198939793585,0.5267077460885048,0.7200049087405205,0.375,1.0,0.375,nan
metadata_order,0,sub-54,1,tent_det,ses-1,0,64,False,32,201416207,EEGTTA-PHASE1|v1|metadata_order|tent_det|sub-54|1|0,331174529,True,False,0.6058932542800903,0.4879932999610901,0.46875,0.6717628836631775,0.6058932542800903,0.061454132199287415,0.008518784306943417,6.408161640167236,0.6058932001037591,0.48799328366294503,0.692858830369205,0.512006716337055,0.6717628776095808,0.46875,0.0,0.53125,nan
metadata_order,1,sub-54,1,tent_det,ses-1,0,64,True,32,140490298,EEGTTA-PHASE1|v1|metadata_order|tent_det|sub-54|1|1,201416207,True,False,0.6173195242881775,0.4471634328365326,0.3125,0.666230320930481,0.6173195242881775,0.10000225901603699,0.015220453962683678,6.4098663330078125,0.6173195093435034,0.44716345285996795,0.6875533409800627,0.552836547140032,0.6662303567864001,0.3125,0.0,0.6875,nan
metadata_order,2,sub-54,1,tent_det,ses-2,1,63,False,32,620107478,EEGTTA-PHASE1|v1|metadata_order|tent_det|sub-54|1|2,140490298,True,False,0.6316245794296265,0.4339960217475891,0.28125,0.6425412893295288,0.6316245794296265,0.10811740905046463,0.02203270047903061,6.411384105682373,0.6316245395504885,0.4339960189536214,0.6844086457222494,0.5660039810463786,0.6425412623211741,0.28125,1.0,0.28125,nan
metadata_order,3,sub-54,1,tent_det,ses-2,1,63,True,31,1184615767,EEGTTA-PHASE1|v1|metadata_order|tent_det|sub-54|1|3,620107478,True,False,0.603331446647644,0.5030409097671509,0.5483870506286621,0.6703028082847595,0.603331446647644,0.05875810980796814,0.028373470529913902,6.4132585525512695,0.6033314420969578,0.5030408854926786,0.6931286864767754,0.5030408854926786,0.670302938309408,0.5483870967741935,1.0,0.5483870967741935,nan
metadata_order,0,sub-55,1,tent_det,ses-1,0,74,False,32,2113186154,EEGTTA-PHASE1|v1|metadata_order|tent_det|sub-55|1|0,1937193135,True,False,0.6553528308868408,0.4709528088569641,0.3125,0.6138229370117188,0.6553528308868408,0.05494515225291252,0.008492556400597095,6.363438129425049,0.6553528455575405,0.47095282236114144,0.6914587530257239,0.5290471776388586,0.613822968211025,0.3125,0.0,0.6875,nan
metadata_order,1,sub-55,1,tent_det,ses-1,0,74,False,32,47062175,EEGTTA-PHASE1|v1|metadata_order|tent_det|sub-55|1|1,2113186154,True,False,0.6456790566444397,0.5112920999526978,0.53125,0.6227880716323853,0.6456790566444397,0.04780064523220062,0.015015747398138046,6.364262580871582,0.6456790614930421,0.5112920692190528,0.692892137222344,0.5112920692190528,0.622788087464869,0.53125,0.0,0.46875,nan
metadata_order,2,sub-55,1,tent_det,ses-1,0,74,True,10,540054915,EEGTTA-PHASE1|v1|metadata_order|tent_det|sub-55|1|2,47062175,True,False,0.6444723606109619,0.4851178228855133,0.4000000059604645,0.6380195021629333,0.6444723606109619,0.08621979504823685,0.021944371983408928,6.364810943603516,0.6444723594450718,0.4851178407669067,0.6927041578061481,0.5148821592330932,0.6380194544792175,0.4,0.0,0.6,nan
metadata_order,3,sub-55,1,tent_det,ses-2,1,73,False,32,673360100,EEGTTA-PHASE1|v1|metadata_order|tent_det|sub-55|1|3,540054915,True,False,0.639752984046936,0.5747700333595276,0.71875,0.625366747379303,0.639752984046936,0.09780919551849365,0.02639758214354515,6.365732192993164,0.6397530010018024,0.5747699970379472,0.6819240259936935,0.5747699970379472,0.625366716645658,0.71875,1.0,0.71875,nan
metadata_order,4,sub-55,1,tent_det,ses-2,1,73,False,32,1979917962,EEGTTA-PHASE1|v1|metadata_order|tent_det|sub-55|1|4,673360100,True,False,0.6290706396102905,0.5608401298522949,0.625,0.645905077457428,0.6290706396102905,0.10268329828977585,0.030529292300343513,6.366976737976074,0.6290706476346549,0.5608401349745691,0.6857257590994765,0.5608401349745691,0.6459051021374762,0.625,1.0,0.625,nan
metadata_order,5,sub-55,1,tent_det,ses-2,1,73,True,9,683224093,EEGTTA-PHASE1|v1|metadata_order|tent_det|sub-55|1|5,1979917962,True,False,0.6151500344276428,0.589897871017456,0.7777777910232544,0.6585211157798767,0.6151500344276428,0.1496235877275467,0.03416222706437111,6.368606090545654,0.6151500604515779,0.5898978677060869,0.6768956977938017,0.5898978677060869,0.6585211522049375,0.7777777777777778,1.0,0.7777777777777778,nan
metadata_order,0,sub-56,1,tent_det,ses-1,0,72,False,32,302577881,EEGTTA-PHASE1|v1|metadata_order|tent_det|sub-56|1|0,1397414320,True,False,0.5931932330131531,0.5046050548553467,0.46875,0.684974730014801,0.5931932330131531,0.06012165546417236,0.008514989167451859,6.704297065734863,0.5931932262939155,0.5046050287783146,0.6931047673802178,0.5046050287783146,0.6849747337400913,0.46875,0.0,0.53125,nan
metadata_order,1,sub-56,1,tent_det,ses-1,0,72,False,32,1940621202,EEGTTA-PHASE1|v1|metadata_order|tent_det|sub-56|1|1,302577881,True,False,0.5936741232872009,0.5588189363479614,0.6875,0.6749361753463745,0.5936741232872009,0.12481999397277832,0.013053941540420055,6.705812454223633,0.5936741270974133,0.5588189486297779,0.6862117950456641,0.5588189486297779,0.6749362040427513,0.6875,0.0,0.3125,nan
metadata_order,2,sub-56,1,tent_det,ses-1,0,72,True,8,977733321,EEGTTA-PHASE1|v1|metadata_order|tent_det|sub-56|1|2,1940621202,True,False,0.6241572499275208,0.5236561298370361,0.625,0.6373257040977478,0.6241572499275208,0.151298388838768,0.016337616369128227,6.707325458526611,0.6241572845547647,0.5236561335623264,0.6920275373202901,0.5236561335623264,0.6373257003724575,0.625,0.0,0.375,nan
metadata_order,3,sub-56,1,tent_det,ses-2,1,72,False,32,1469283167,EEGTTA-PHASE1|v1|metadata_order|tent_det|sub-56|1|3,977733321,True,False,0.5409842729568481,0.4637373685836792,0.4375,0.7175250053405762,0.5409842729568481,0.0787511020898819,0.020327545702457428,6.7090654373168945,0.5409842250234125,0.46373739978298545,0.690514917796659,0.5362626002170146,0.7175250076688826,0.4375,1.0,0.4375,nan
metadata_order,4,sub-56,1,tent_det,ses-2,1,72,False,32,940760746,EEGTTA-PHASE1|v1|metadata_order|tent_det|sub-56|1|4,1469283167,True,False,0.56585294008255,0.4957895278930664,0.5,0.708104133605957,0.56585294008255,0.08052696287631989,0.02452966943383217,6.710844039916992,0.5658529213344183,0.4957895374391228,0.6931117241509379,0.5042104625608772,0.7081041464116424,0.5,1.0,0.5,nan
metadata_order,5,sub-56,1,tent_det,ses-2,1,72,True,8,1544400302,EEGTTA-PHASE1|v1|metadata_order|tent_det|sub-56|1|5,940760746,True,False,0.6372272968292236,0.45467522740364075,0.375,0.6220553517341614,0.6372272968292236,0.1137058436870575,0.028185155242681503,6.712593078613281,0.6372272770864672,0.454675218090415,0.6890328632109308,0.545324781909585,0.6220553461462259,0.375,1.0,0.375,nan
metadata_order,0,sub-57,1,tent_det,ses-1,0,71,False,32,1015464464,EEGTTA-PHASE1|v1|metadata_order|tent_det|sub-57|1|0,709010488,True,False,0.5771559476852417,0.5419262647628784,0.53125,0.6887116432189941,0.5771559476852417,0.07034648209810257,0.008544339798390865,6.501279830932617,0.577155975282596,0.5419262670911849,0.6896274253144703,0.5419262670911849,0.6887115924619138,0.53125,0.0,0.46875,nan
metadata_order,1,sub-57,1,tent_det,ses-1,0,71,False,32,604327903,EEGTTA-PHASE1|v1|metadata_order|tent_det|sub-57|1|1,1015464464,True,False,0.6111254692077637,0.5046948194503784,0.5,0.6729345321655273,0.6111254692077637,0.057369768619537354,0.015621645376086235,6.502578258514404,0.6111254705756619,0.5046947964001447,0.6931030976856973,0.5046947964001447,0.672934491885826,0.5,0.0,0.5,nan
metadata_order,2,sub-57,1,tent_det,ses-1,0,71,True,7,1467105046,EEGTTA-PHASE1|v1|metadata_order|tent_det|sub-57|1|2,604327903,True,False,0.5706729888916016,0.5291883945465088,0.5714285969734192,0.7134919762611389,0.5706729888916016,0.10638877004384995,0.02180974930524826,6.504210472106934,0.5706729975522002,0.5291883775166103,0.6914422886899416,0.5291883775166103,0.7134919507162911,0.5714285714285714,0.0,0.42857142857142855,nan
metadata_order,3,sub-57,1,tent_det,ses-2,1,56,False,32,1725635721,EEGTTA-PHASE1|v1|metadata_order|tent_det|sub-57|1|3,1467105046,True,False,0.6289398074150085,0.5082445740699768,0.5,0.6450721025466919,0.6289398074150085,0.0504511259496212,0.027565564960241318,6.5058794021606445,0.628939803800117,0.5082445479929447,0.6930112292556987,0.5082445479929447,0.6450721360743046,0.5,1.0,0.5,nan
metadata_order,4,sub-57,1,tent_det,ses-2,1,56,True,24,302716676,EEGTTA-PHASE1|v1|metadata_order|tent_det|sub-57|1|4,1725635721,True,False,0.5939725637435913,0.49243447184562683,0.4166666865348816,0.6858567595481873,0.5939725637435913,0.056150808930397034,0.03259192779660225,6.507654190063477,0.5939725417643745,0.4924344482521216,0.6930327010448591,0.5075655517478783,0.6858567583064238,0.4166666666666667,1.0,0.4166666666666667,nan
metadata_order,0,sub-58,1,tent_det,ses-1,0,72,False,32,103234944,EEGTTA-PHASE1|v1|metadata_order|tent_det|sub-58|1|0,832167739,True,False,0.6707553863525391,0.5127256512641907,0.53125,0.5847495198249817,0.6707553863525391,0.02162734419107437,0.008482870645821095,6.298919677734375,0.6707553834850097,0.512725637294352,0.6928232618949058,0.512725637294352,0.5847495375201106,0.53125,0.0,0.46875,nan
metadata_order,1,sub-58,1,tent_det,ses-1,0,72,False,32,139746053,EEGTTA-PHASE1|v1|metadata_order|tent_det|sub-58|1|1,103234944,True,False,0.672897219657898,0.5101861357688904,0.5,0.5724879503250122,0.672897219657898,0.015292411670088768,0.015150602906942368,6.300319671630859,0.6728972496333194,0.5101861441507936,0.6929396511380729,0.5101861441507936,0.5724878935143352,0.5,0.0,0.5,nan
metadata_order,2,sub-58,1,tent_det,ses-1,0,72,True,8,215363697,EEGTTA-PHASE1|v1|metadata_order|tent_det|sub-58|1|2,139746053,True,False,0.686762273311615,0.500240683555603,0.625,0.5481894016265869,0.686762273311615,0.009172518737614155,0.02065321058034897,6.30122184753418,0.6867622427289652,0.5002407096326351,0.6931470646776863,0.5002407096326351,0.5481894351541996,0.625,0.0,0.375,nan
metadata_order,3,sub-58,1,tent_det,ses-2,1,62,False,32,1202504219,EEGTTA-PHASE1|v1|metadata_order|tent_det|sub-58|1|3,215363697,True,False,0.6519181728363037,0.49570587277412415,0.3125,0.6143531799316406,0.6519181728363037,0.03085438534617424,0.02504272758960724,6.302833557128906,0.6519181665973202,0.4957058699801564,0.6931103010013211,0.5042941300198436,0.6143532125279307,0.3125,1.0,0.3125,nan
metadata_order,4,sub-58,1,tent_det,ses-2,1,62,True,30,1738604351,EEGTTA-PHASE1|v1|metadata_order|tent_det|sub-58|1|4,1202504219,True,False,0.6606871485710144,0.5396149158477783,0.6000000238418579,0.6024406552314758,0.6606871485710144,0.03910966217517853,0.029821602627635002,6.304725170135498,0.6606871734161451,0.5396148959795634,0.6900052085491561,0.5396148959795634,0.6024406711260478,0.6,1.0,0.6,nan
metadata_order,0,sub-59,1,tent_det,ses-1,0,71,False,32,346136671,EEGTTA-PHASE1|v1|metadata_order|tent_det|sub-59|1|0,1141898315,True,False,0.5482500195503235,0.506544291973114,0.5,0.7140228748321533,0.5482500195503235,0.10272491723299026,0.008530395105481148,6.855504512786865,0.5482500669537282,0.5065443097846583,0.6930615221330135,0.5065443097846583,0.7140228868229315,0.5,0.0,0.5,nan
metadata_order,1,sub-59,1,tent_det,ses-1,0,71,False,32,934473745,EEGTTA-PHASE1|v1|metadata_order|tent_det|sub-59|1|1,346136671,True,False,0.5338842272758484,0.5136041641235352,0.46875,0.7382457256317139,0.5338842272758484,0.1510166972875595,0.015156473964452744,6.857515335083008,0.5338842333004601,0.5136041783262044,0.6927769875408707,0.5136041783262044,0.7382457077037543,0.46875,0.0,0.53125,nan
metadata_order,2,sub-59,1,tent_det,ses-1,0,71,True,7,416833313,EEGTTA-PHASE1|v1|metadata_order|tent_det|sub-59|1|2,934473745,True,False,0.6456314325332642,0.4915165901184082,0.5714285969734192,0.628761887550354,0.6456314325332642,0.15379922091960907,0.020753959193825722,6.859399795532227,0.6456313324849722,0.49151655605861116,0.6930032360109216,0.5084834439413888,0.628761853490557,0.5714285714285714,0.0,0.42857142857142855,nan
metadata_order,3,sub-59,1,tent_det,ses-2,1,61,False,32,908846970,EEGTTA-PHASE1|v1|metadata_order|tent_det|sub-59|1|3,416833313,True,False,0.5793862342834473,0.5071251392364502,0.4375,0.6904900074005127,0.5793862342834473,0.07985028624534607,0.026525042951107025,6.86130952835083,0.5793862443976147,0.5071251463377848,0.6930456417025159,0.5071251463377848,0.6904899779474363,0.4375,1.0,0.4375,nan
metadata_order,4,sub-59,1,tent_det,ses-2,1,61,True,29,1677378545,EEGTTA-PHASE1|v1|metadata_order|tent_det|sub-59|1|4,908846970,True,False,0.5077576041221619,0.47758400440216064,0.4482758641242981,0.7538095712661743,0.5077576041221619,0.1381811648607254,0.031214779242873192,6.863539218902588,0.5077575637425069,0.47758403035073443,0.6921418922559399,0.5224159696492656,0.7538095905349173,0.4482758620689655,1.0,0.4482758620689655,nan
metadata_order,0,sub-60,1,tent_det,ses-1,0,60,False,32,497215012,EEGTTA-PHASE1|v1|metadata_order|tent_det|sub-60|1|0,181576910,True,False,0.5472560524940491,0.45546770095825195,0.375,0.716949462890625,0.5472560524940491,0.1251380294561386,0.008534298278391361,6.729723930358887,0.5472560546976284,0.45546771422959864,0.6891756711884781,0.5445322857704014,0.7169495017733425,0.375,0.0,0.625,nan
metadata_order,1,sub-60,1,tent_det,ses-1,0,60,True,28,70874784,EEGTTA-PHASE1|v1|metadata_order|tent_det|sub-60|1|1,497215012,True,False,0.5195788145065308,0.5691007971763611,0.535714328289032,0.7331348061561584,0.5195788145065308,0.10236148536205292,0.014110637828707695,6.731706619262695,0.5195787920315169,0.5691007738932967,0.6835667122235283,0.5691007738932967,0.7331347187448826,0.5357142857142857,0.0,0.4642857142857143,nan
metadata_order,2,sub-60,1,tent_det,ses-2,1,67,False,32,1127017861,EEGTTA-PHASE1|v1|metadata_order|tent_det|sub-60|1|2,70874784,True,False,0.5345739126205444,0.5336813926696777,0.5625,0.7148765921592712,0.5345739126205444,0.0781860277056694,0.019353674724698067,6.733602046966553,0.5345739344261962,0.5336813780886587,0.6908765910534942,0.5336813780886587,0.7148765918391291,0.5625,1.0,0.5625,nan
metadata_order,3,sub-60,1,tent_det,ses-2,1,67,False,32,1061529304,EEGTTA-PHASE1|v1|metadata_order|tent_det|sub-60|1|3,1127017861,True,False,0.579014241695404,0.5028021931648254,0.53125,0.695238471031189,0.579014241695404,0.07746998220682144,0.024206502363085747,6.7354960441589355,0.5790141970401936,0.5028021970647387,0.6931314758609534,0.5028021970647387,0.6952384745818563,0.53125,1.0,0.53125,nan
metadata_order,4,sub-60,1,tent_det,ses-2,1,67,True,3,810948407,EEGTTA-PHASE1|v1|metadata_order|tent_det|sub-60|1|4,1061529304,True,False,0.5578780174255371,0.5074265003204346,0.6666666865348816,0.730648398399353,0.5578780174255371,0.17190814018249512,0.027033260092139244,6.737421035766602,0.5578779814555465,0.5074265052874883,0.6930368705422154,0.5074265052874883,0.7306483139594396,0.6666666666666666,1.0,0.6666666666666666,nan
metadata_order,0,sub-61,1,tent_det,ses-2,0,74,False,32,2138874730,EEGTTA-PHASE1|v1|metadata_order|tent_det|sub-61|1|0,225600954,True,False,0.6422067880630493,0.5275369882583618,0.53125,0.6296559572219849,0.6422067880630493,0.04400766268372536,0.008486788719892502,6.362969398498535,0.6422067742713888,0.5275370310992002,0.6916298367969931,0.5275370310992002,0.6296559739857912,0.53125,1.0,0.53125,nan
metadata_order,1,sub-61,1,tent_det,ses-2,0,74,False,32,1717254415,EEGTTA-PHASE1|v1|metadata_order|tent_det|sub-61|1|1,2138874730,True,False,0.6395941972732544,0.5308626890182495,0.53125,0.6261934041976929,0.6395941972732544,0.05682698264718056,0.015884192660450935,6.365077972412109,0.6395942442862961,0.5308627085760236,0.6912409554590694,0.5308627085760236,0.6261933920904994,0.53125,1.0,0.53125,nan
metadata_order,2,sub-61,1,tent_det,ses-2,0,74,True,10,9248264,EEGTTA-PHASE1|v1|metadata_order|tent_det|sub-61|1|2,1717254415,True,False,0.6508150696754456,0.5352258086204529,0.699999988079071,0.6251642107963562,0.6508150696754456,0.06997895985841751,0.022378327324986458,6.366767883300781,0.650815056767881,0.5352257639169693,0.6906634146264606,0.5352257639169693,0.6251642197370529,0.7,1.0,0.7,nan
metadata_order,3,sub-61,1,tent_det,ses-1,1,74,False,32,1347301744,EEGTTA-PHASE1|v1|metadata_order|tent_det|sub-61|1|3,9248264,True,False,0.6349735260009766,0.4905316233634949,0.40625,0.6369290351867676,0.6349735260009766,0.04310639947652817,0.027850402519106865,6.368549823760986,0.6349735244862006,0.4905316112563014,0.6929678690713488,0.5094683887436986,0.6369290137663484,0.40625,0.0,0.59375,nan
metadata_order,4,sub-61,1,tent_det,ses-1,1,74,False,32,1364899449,EEGTTA-PHASE1|v1|metadata_order|tent_det|sub-61|1|4,1347301744,True,False,0.6518949270248413,0.5169506072998047,0.59375,0.6093933582305908,0.6518949270248413,0.040997352451086044,0.032840993255376816,6.370424270629883,0.6518949023310546,0.5169505653902888,0.6925724271035578,0.5169505653902888,0.6093933442607522,0.59375,0.0,0.40625,nan
metadata_order,5,sub-61,1,tent_det,ses-1,1,74,True,10,1888428576,EEGTTA-PHASE1|v1|metadata_order|tent_det|sub-61|1|5,1364899449,True,False,0.6506560444831848,0.5360445380210876,0.699999988079071,0.6191360354423523,0.6506560444831848,0.0618775449693203,0.03798210248351097,6.372175693511963,0.6506560543392191,0.5360445439815521,0.6905465069742607,0.5360445439815521,0.6191360414028168,0.7,0.0,0.3,nan
metadata_order,0,sub-62,1,tent_det,ses-1,0,71,False,32,936714522,EEGTTA-PHASE1|v1|metadata_order|tent_det|sub-62|1|0,789507417,True,False,0.6098736524581909,0.4926280081272125,0.4375,0.6618722081184387,0.6098736524581909,0.059493325650691986,0.008494489826261997,6.419990062713623,0.609873700545795,0.492627986241132,0.6930384834478123,0.507372013758868,0.6618721927516162,0.4375,0.0,0.5625,nan
metadata_order,1,sub-62,1,tent_det,ses-1,0,71,False,32,1957305437,EEGTTA-PHASE1|v1|metadata_order|tent_det|sub-62|1|1,936714522,True,False,0.6315537691116333,0.49814537167549133,0.4375,0.6374462842941284,0.6315537691116333,0.05228278040885925,0.014547335915267467,6.421248912811279,0.6315537489453686,0.4981453842483461,0.6931403013449982,0.5018546157516539,0.6374462940730155,0.4375,0.0,0.5625,nan
metadata_order,2,sub-62,1,tent_det,ses-1,0,71,True,7,944355231,EEGTTA-PHASE1|v1|metadata_order|tent_det|sub-62|1|2,1957305437,True,False,0.6147769093513489,0.5072401165962219,0.4285714626312256,0.6478754281997681,0.6147769093513489,0.07859945297241211,0.019210195168852806,6.422692775726318,0.6147769303523732,0.507240063377789,0.6930423398606078,0.507240063377789,0.6478753707238606,0.42857142857142855,0.0,0.5714285714285714,nan
metadata_order,3,sub-62,1,tent_det,ses-2,1,66,False,32,887723924,EEGTTA-PHASE1|v1|metadata_order|tent_det|sub-62|1|3,944355231,True,False,0.5883405804634094,0.4797128438949585,0.40625,0.6924289464950562,0.5883405804634094,0.09266931563615799,0.024370448663830757,6.424337863922119,0.5883405668105166,0.4797128629870713,0.6923238187038472,0.5202871370129287,0.6924289236776531,0.40625,1.0,0.40625,nan
metadata_order,4,sub-62,1,tent_det,ses-2,1,66,False,32,1446431070,EEGTTA-PHASE1|v1|metadata_order|tent_det|sub-62|1|4,887723924,True,False,0.6221367716789246,0.5053973197937012,0.53125,0.649628758430481,0.6221367716789246,0.054801780730485916,0.029064755886793137,6.426075458526611,0.6221367390115817,0.5053973232861608,0.6930889172310872,0.5053973232861608,0.6496287772897631,0.53125,1.0,0.53125,nan
metadata_order,5,sub-62,1,tent_det,ses-2,1,66,True,2,738312768,EEGTTA-PHASE1|v1|metadata_order|tent_det|sub-62|1|5,1446431070,True,False,0.6249958872795105,0.5126674175262451,0.5,0.6819827556610107,0.6249958872795105,0.11361768841743469,0.032830189913511276,6.427525043487549,0.6249958737835861,0.5126674324274063,0.692826218530995,0.5126674324274063,0.6819827407598495,0.5,1.0,0.5,nan
metadata_order,0,sub-63,1,tent_det,ses-1,0,67,False,32,1646194657,EEGTTA-PHASE1|v1|metadata_order|tent_det|sub-63|1|0,1997069309,True,False,0.5491825342178345,0.5264027118682861,0.5,0.7085484266281128,0.5491825342178345,0.07192724943161011,0.008533114567399025,7.4298787117004395,0.5491825201490728,0.5264027552329935,0.691752320926976,0.5264027552329935,0.708548427966889,0.5,0.0,0.5,nan
metadata_order,1,sub-63,1,tent_det,ses-1,0,67,False,32,1690076590,EEGTTA-PHASE1|v1|metadata_order|tent_det|sub-63|1|1,1646194657,True,False,0.5101133584976196,0.5161479711532593,0.46875,0.7438554763793945,0.5101133584976196,0.1027553454041481,0.014056057669222355,7.431782245635986,0.5101133787150411,0.5161479741800576,0.692625575722861,0.5161479741800576,0.7438554882537574,0.46875,0.0,0.53125,nan
metadata_order,2,sub-63,1,tent_det,ses-1,0,67,True,3,219765881,EEGTTA-PHASE1|v1|metadata_order|tent_det|sub-63|1|2,1690076590,True,False,0.3667632043361664,0.5283923149108887,0.6666666865348816,0.8266843557357788,0.3667632043361664,0.23656579852104187,0.01854155771434307,7.433537483215332,0.36676325344409894,0.5283923099438349,0.6915340664662885,0.5283923099438349,0.8266843209664027,0.6666666666666666,0.0,0.3333333333333333,nan
metadata_order,3,sub-63,1,tent_det,ses-2,1,73,False,32,341373583,EEGTTA-PHASE1|v1|metadata_order|tent_det|sub-63|1|3,219765881,True,False,0.516983151435852,0.4719957113265991,0.53125,0.7307330965995789,0.516983151435852,0.06951674073934555,0.023528918623924255,7.435186386108398,0.51698313125607,0.4719957264023833,0.6915778808079887,0.5280042735976167,0.7307330926996656,0.53125,1.0,0.53125,nan
metadata_order,4,sub-63,1,tent_det,ses-2,1,73,False,32,1032335941,EEGTTA-PHASE1|v1|metadata_order|tent_det|sub-63|1|4,341373583,True,False,0.5171221494674683,0.5394240021705627,0.625,0.7408369779586792,0.5171221494674683,0.09918025135993958,0.0282287560403347,7.436882495880127,0.5171221548455259,0.5394240118912421,0.6900354461607967,0.5394240118912421,0.7408369943150319,0.625,1.0,0.625,nan
metadata_order,5,sub-63,1,tent_det,ses-2,1,73,True,9,1229925945,EEGTTA-PHASE1|v1|metadata_order|tent_det|sub-63|1|5,1032335941,True,False,0.5412520170211792,0.4819311499595642,0.5555555820465088,0.7285213470458984,0.5412520170211792,0.1413961499929428,0.033182039856910706,7.438414573669434,0.5412520186672248,0.4819311888681518,0.692494074493611,0.5180688111318482,0.7285213677419556,0.5555555555555556,1.0,0.5555555555555556,nan
metadata_order,0,sub-64,1,tent_det,ses-1,0,69,False,32,922296606,EEGTTA-PHASE1|v1|metadata_order|tent_det|sub-64|1|0,326164363,True,False,0.4375258684158325,0.49764829874038696,0.40625,0.7891653776168823,0.4375258684158325,0.18565435707569122,0.008539716713130474,7.060725688934326,0.4375258831702201,0.4976483286591247,0.6931361198029742,0.5023516713408753,0.7891653625993058,0.40625,0.0,0.59375,nan
metadata_order,1,sub-64,1,tent_det,ses-1,0,69,False,32,278039814,EEGTTA-PHASE1|v1|metadata_order|tent_det|sub-64|1|1,922296606,True,False,0.5187820792198181,0.5198847055435181,0.5625,0.7467883825302124,0.5187820792198181,0.1092575266957283,0.014929227530956268,7.06195592880249,0.5187820820529896,0.5198847558349371,0.6923561649401371,0.5198847558349371,0.7467883694916964,0.5625,0.0,0.4375,nan
metadata_order,2,sub-64,1,tent_det,ses-1,0,69,True,5,232249720,EEGTTA-PHASE1|v1|metadata_order|tent_det|sub-64|1|2,278039814,True,False,0.4615926444530487,0.5107330679893494,0.4000000059604645,0.7836779356002808,0.4615926444530487,0.22532734274864197,0.020503727719187737,7.0633015632629395,0.4615926312150297,0.5107330650091171,0.6929167654933874,0.5107330650091171,0.7836779028177261,0.4,0.0,0.6,nan
metadata_order,3,sub-64,1,tent_det,ses-2,1,70,False,32,80536849,EEGTTA-PHASE1|v1|metadata_order|tent_det|sub-64|1|3,232249720,True,False,0.5089706182479858,0.46415653824806213,0.46875,0.7597779035568237,0.5089706182479858,0.12096449732780457,0.02628745138645172,7.064744472503662,0.5089705907356508,0.4641565370839089,0.6905754675659744,0.5358434629160911,0.7597778711933643,0.46875,1.0,0.46875,nan
metadata_order,4,sub-64,1,tent_det,ses-2,1,70,False,32,875509055,EEGTTA-PHASE1|v1|metadata_order|tent_det|sub-64|1|4,80536849,True,False,0.5043188333511353,0.5152341723442078,0.5625,0.7527192234992981,0.5043188333511353,0.11989101767539978,0.031223341822624207,7.066479206085205,0.5043188028010801,0.515234183287248,0.6926829480373603,0.515234183287248,0.752719201380387,0.5625,1.0,0.5625,nan
metadata_order,5,sub-64,1,tent_det,ses-2,1,70,True,6,701887567,EEGTTA-PHASE1|v1|metadata_order|tent_det|sub-64|1|5,875509055,True,False,0.477583646774292,0.5420025587081909,0.6666666865348816,0.743253231048584,0.477583646774292,0.1756190061569214,0.0350487120449543,7.068345546722412,0.477583630424596,0.5420025611917177,0.6896145885678057,0.5420025611917177,0.7432531888286272,0.6666666666666666,1.0,0.6666666666666666,nan
metadata_order,0,sub-65,1,tent_det,ses-2,0,55,False,32,87687457,EEGTTA-PHASE1|v1|metadata_order|tent_det|sub-65|1|0,10408939,True,False,0.5850398540496826,0.5393129587173462,0.5,0.6976874470710754,0.5850398540496826,0.08097773790359497,0.008554141968488693,6.74058198928833,0.5850398563867956,0.5393129468429834,0.6900529722869735,0.5393129468429834,0.6976874812971801,0.5,1.0,0.5,nan
metadata_order,1,sub-65,1,tent_det,ses-2,0,55,True,23,1550388021,EEGTTA-PHASE1|v1|metadata_order|tent_det|sub-65|1|1,87687457,True,False,0.5986025929450989,0.49308106303215027,0.52173912525177,0.6644580364227295,0.5986025929450989,0.060336045920848846,0.014459032565355301,6.742445945739746,0.5986025917199804,0.49308106853910116,0.6930514342790015,0.5069189314608988,0.6644580503520758,0.5217391304347826,1.0,0.5217391304347826,nan
metadata_order,2,sub-65,1,tent_det,ses-1,1,74,False,32,641288882,EEGTTA-PHASE1|v1|metadata_order|tent_det|sub-65|1|2,1550388021,True,False,0.5765203833580017,0.4829079806804657,0.4375,0.6954944133758545,0.5765203833580017,0.06489807367324829,0.01931903511285782,6.744451522827148,0.5765204013363662,0.48290797509253025,0.6925627920835666,0.5170920249074697,0.6954944003373384,0.4375,0.0,0.5625,nan
metadata_order,3,sub-65,1,tent_det,ses-1,1,74,False,32,1997229860,EEGTTA-PHASE1|v1|metadata_order|tent_det|sub-65|1|3,641288882,True,False,0.5967658758163452,0.49540024995803833,0.46875,0.6810045838356018,0.5967658758163452,0.06835510581731796,0.024204960092902184,6.746456146240234,0.5967658568343305,0.4954002459999174,0.6931048644893362,0.5045997540000826,0.6810046026948839,0.46875,0.0,0.53125,nan
metadata_order,4,sub-65,1,tent_det,ses-1,1,74,True,10,586692568,EEGTTA-PHASE1|v1|metadata_order|tent_det|sub-65|1|4,1997229860,True,False,0.6162222027778625,0.5420840382575989,0.699999988079071,0.6628816723823547,0.6162222027778625,0.08979968726634979,0.028899120166897774,6.748592853546143,0.6162221856034393,0.5420840173959732,0.6896008573971664,0.5420840173959732,0.6628816455602646,0.7,0.0,0.3,nan
metadata_order,0,sub-66,1,tent_det,ses-1,0,65,False,32,1984883218,EEGTTA-PHASE1|v1|metadata_order|tent_det|sub-66|1|0,481995361,True,False,0.6070022583007812,0.4911894202232361,0.53125,0.6568443775177002,0.6070022583007812,0.052542172372341156,0.008499196730554104,6.444512367248535,0.6070021852446505,0.4911894155666232,0.6929919197283549,0.5088105844333768,0.6568444119766355,0.53125,0.0,0.46875,nan
metadata_order,1,sub-66,1,tent_det,ses-1,0,65,False,32,616496952,EEGTTA-PHASE1|v1|metadata_order|tent_det|sub-66|1|1,1984883218,True,False,0.6031963229179382,0.4992573857307434,0.4375,0.6500345468521118,0.6031963229179382,0.037999238818883896,0.015038032084703445,6.446427345275879,0.6031962538867276,0.4992573894560337,0.6931460776186998,0.5007426105439663,0.6500345282256603,0.4375,0.0,0.5625,nan
metadata_order,2,sub-66,1,tent_det,ses-1,0,65,True,1,1587284725,EEGTTA-PHASE1|v1|metadata_order|tent_det|sub-66|1|2,616496952,True,False,0.5919004082679749,0.27888843417167664,0.0,0.7211115956306458,0.5919004082679749,0.3463362455368042,0.018319347873330116,6.447031021118164,0.5919004192816049,0.27888843417167664,0.5919004192816049,0.7211115658283234,0.7211115658283234,0.0,0.0,1.0,nan
metadata_order,3,sub-66,1,tent_det,ses-2,1,69,False,32,1345779540,EEGTTA-PHASE1|v1|metadata_order|tent_det|sub-66|1|3,1587284725,True,False,0.6222049593925476,0.49600493907928467,0.46875,0.6498603820800781,0.6222049593925476,0.05858755111694336,0.02203533612191677,6.447885036468506,0.6222048944614363,0.4960049535147846,0.6931152594274529,0.5039950464852154,0.6498603713698685,0.46875,1.0,0.46875,nan
metadata_order,4,sub-66,1,tent_det,ses-2,1,69,False,32,1620487103,EEGTTA-PHASE1|v1|metadata_order|tent_det|sub-66|1|4,1345779540,True,False,0.6069158315658569,0.5161405801773071,0.5625,0.6649537086486816,0.6069158315658569,0.07021364569664001,0.02591734379529953,6.448920249938965,0.6069157906383013,0.5161405524704605,0.6926260551616565,0.5161405524704605,0.6649537065532058,0.5625,1.0,0.5625,nan
metadata_order,5,sub-66,1,tent_det,ses-2,1,69,True,5,1205585472,EEGTTA-PHASE1|v1|metadata_order|tent_det|sub-66|1|5,1620487103,True,False,0.5375899076461792,0.5391895174980164,0.800000011920929,0.719408392906189,0.5375899076461792,0.19904717803001404,0.02906212769448757,6.449927806854248,0.5375898805463755,0.5391894482076168,0.6900724021431801,0.5391894482076168,0.719408354908228,0.8,1.0,0.8,nan
metadata_order,0,sub-67,1,tent_det,ses-2,0,72,False,32,835945906,EEGTTA-PHASE1|v1|metadata_order|tent_det|sub-67|1|0,1013697444,True,False,0.5209735631942749,0.48721548914909363,0.46875,0.735590934753418,0.5209735631942749,0.08654648065567017,0.008561312220990658,7.07761287689209,0.5209735500353886,0.4872154851036612,0.6928202572898479,0.5127845148963388,0.7355909648758825,0.46875,1.0,0.46875,nan
metadata_order,1,sub-67,1,tent_det,ses-2,0,72,False,32,2145976769,EEGTTA-PHASE1|v1|metadata_order|tent_det|sub-67|1|1,835945906,True,False,0.5139243602752686,0.4963628053665161,0.40625,0.7527850866317749,0.5139243602752686,0.08731254190206528,0.014854824170470238,7.07991361618042,0.5139243256658939,0.49636282911524177,0.6931207223025082,0.5036371708847582,0.7527851113118231,0.40625,1.0,0.40625,nan
metadata_order,2,sub-67,1,tent_det,ses-2,0,72,True,8,813729511,EEGTTA-PHASE1|v1|metadata_order|tent_det|sub-67|1|2,2145976769,True,False,0.4713841378688812,0.48403245210647583,0.375,0.7878431081771851,0.4713841378688812,0.14442676305770874,0.020579230040311813,7.081735610961914,0.47138414027005865,0.48403248004615307,0.6926371704636618,0.5159675199538469,0.7878431398421526,0.375,1.0,0.375,nan
metadata_order,3,sub-67,1,tent_det,ses-1,1,74,False,32,1329339519,EEGTTA-PHASE1|v1|metadata_order|tent_det|sub-67|1|3,813729511,True,False,0.4408133625984192,0.454450786113739,0.46875,0.798690915107727,0.4408133625984192,0.11746683716773987,0.026433458551764488,7.083465099334717,0.4408133437352779,0.45445078221382573,0.6889919595944798,0.5455492177861743,0.7986909674364142,0.46875,0.0,0.53125,nan
metadata_order,4,sub-67,1,tent_det,ses-1,1,74,False,32,1430987181,EEGTTA-PHASE1|v1|metadata_order|tent_det|sub-67|1|4,1329339519,True,False,0.4993963837623596,0.432645320892334,0.375,0.7545053958892822,0.4993963837623596,0.12201888114213943,0.03230879455804825,7.085172653198242,0.4993963624545469,0.432645310589578,0.6840462293994796,0.567354689410422,0.7545054210931994,0.375,0.0,0.625,nan
metadata_order,5,sub-67,1,tent_det,ses-1,1,74,True,10,992589193,EEGTTA-PHASE1|v1|metadata_order|tent_det|sub-67|1|5,1430987181,True,False,0.5394435524940491,0.4552115499973297,0.4000000059604645,0.6746057868003845,0.5394435524940491,0.0760999545454979,0.038182877004146576,7.0867133140563965,0.5394435614982234,0.45521156219765546,0.6891297895395738,0.5447884378023445,0.6746057328768075,0.4,0.0,0.6,nan
metadata_order,0,sub-68,1,tent_det,ses-2,0,73,False,32,1322953455,EEGTTA-PHASE1|v1|metadata_order|tent_det|sub-68|1|0,2080634041,True,False,0.5208690166473389,0.5243374705314636,0.46875,0.720860481262207,0.5208690166473389,0.08194047212600708,0.00850360095500946,7.033858299255371,0.5208690016426096,0.5243374647106975,0.6919620879606747,0.5243374647106975,0.7208605317864567,0.46875,1.0,0.46875,nan
metadata_order,1,sub-68,1,tent_det,ses-2,0,73,False,32,1326719295,EEGTTA-PHASE1|v1|metadata_order|tent_det|sub-68|1|1,1322953455,True,False,0.5011677742004395,0.5157762765884399,0.53125,0.7647879719734192,0.5011677742004395,0.11767107248306274,0.015094439499080181,7.035604953765869,0.5011677887545397,0.5157762817107141,0.6926493158021216,0.5157762817107141,0.7647879444994032,0.53125,1.0,0.53125,nan
metadata_order,2,sub-68,1,tent_det,ses-2,0,73,True,9,2049255314,EEGTTA-PHASE1|v1|metadata_order|tent_det|sub-68|1|2,1326719295,True,False,0.5439136624336243,0.51483154296875,0.5555555820465088,0.7311674952507019,0.5439136624336243,0.11183841526508331,0.021355008706450462,7.037272930145264,0.5439136230979277,0.5148315562142266,0.6927071658990526,0.5148315562142266,0.7311674753824869,0.5555555555555556,1.0,0.5555555555555556,nan
metadata_order,3,sub-68,1,tent_det,ses-1,1,73,False,32,558169444,EEGTTA-PHASE1|v1|metadata_order|tent_det|sub-68|1|3,2049255314,True,False,0.4555729329586029,0.511806070804596,0.5,0.7792900204658508,0.4555729329586029,0.12718285620212555,0.02722124382853508,7.0387396812438965,0.4555729248739453,0.5118060598615557,0.6928683885517448,0.5118060598615557,0.7792900276836008,0.5,0.0,0.5,nan
metadata_order,4,sub-68,1,tent_det,ses-1,1,73,False,32,1861305769,EEGTTA-PHASE1|v1|metadata_order|tent_det|sub-68|1|4,558169444,True,False,0.4787765145301819,0.4739064574241638,0.375,0.7548303008079529,0.4787765145301819,0.16520173847675323,0.03240678459405899,7.040219306945801,0.47877648821307717,0.473906445200555,0.6917848145629584,0.526093554799445,0.754830316756852,0.375,0.0,0.625,nan
metadata_order,5,sub-68,1,tent_det,ses-1,1,73,True,9,253597386,EEGTTA-PHASE1|v1|metadata_order|tent_det|sub-68|1|5,1861305769,True,False,0.6245210766792297,0.4687418043613434,0.4444444477558136,0.6545689105987549,0.6245210766792297,0.11010441184043884,0.03732011467218399,7.041496753692627,0.6245210681700729,0.46874180767271256,0.6911917564910144,0.5312581923272874,0.6545689304669698,0.4444444444444444,0.0,0.5555555555555556,nan
metadata_order,0,sub-69,1,tent_det,ses-1,0,73,False,32,568542848,EEGTTA-PHASE1|v1|metadata_order|tent_det|sub-69|1|0,21074060,True,False,0.5316495895385742,0.4893764555454254,0.46875,0.7335584759712219,0.5316495895385742,0.07825175672769547,0.00851489882916212,6.793407440185547,0.5316495765540504,0.48937643342651427,0.6929214432401722,0.5106235665734857,0.7335584794636816,0.46875,0.0,0.53125,nan
metadata_order,1,sub-69,1,tent_det,ses-1,0,73,False,32,1077362198,EEGTTA-PHASE1|v1|metadata_order|tent_det|sub-69|1|1,568542848,True,False,0.5298882126808167,0.4619995653629303,0.34375,0.7235068082809448,0.5298882126808167,0.1068340316414833,0.01508420705795288,6.796106815338135,0.5298881998146687,0.4619995792163536,0.6902563298522921,0.5380004207836464,0.7235068391310051,0.34375,0.0,0.65625,nan
metadata_order,2,sub-69,1,tent_det,ses-1,0,73,True,9,440822630,EEGTTA-PHASE1|v1|metadata_order|tent_det|sub-69|1|2,1077362198,True,False,0.5934714078903198,0.5339013338088989,0.5555555820465088,0.6897643804550171,0.5934714078903198,0.10613381117582321,0.019662432372570038,6.798523426055908,0.5934714381870895,0.5339012791713079,0.6908468226771637,0.5339012791713079,0.6897643556197485,0.5555555555555556,0.0,0.4444444444444444,nan
metadata_order,3,sub-69,1,tent_det,ses-2,1,70,False,32,962493281,EEGTTA-PHASE1|v1|metadata_order|tent_det|sub-69|1|3,440822630,True,False,0.5531894564628601,0.4709434509277344,0.4375,0.7273387312889099,0.5531894564628601,0.15920798480510712,0.024826642125844955,6.8004150390625,0.5531894079473842,0.4709434546530247,0.6914576632007511,0.5290565453469753,0.7273387089371681,0.4375,1.0,0.4375,nan
metadata_order,4,sub-69,1,tent_det,ses-2,1,70,False,32,41065240,EEGTTA-PHASE1|v1|metadata_order|tent_det|sub-69|1|4,962493281,True,False,0.5097393989562988,0.42406928539276123,0.3125,0.7441080212593079,0.5097393989562988,0.18203160166740417,0.03029807098209858,6.802169322967529,0.5097394477130028,0.4240693171741441,0.6815715085602327,0.5759306828258559,0.7441080043790862,0.3125,1.0,0.3125,nan
metadata_order,5,sub-69,1,tent_det,ses-2,1,70,True,6,2098466520,EEGTTA-PHASE1|v1|metadata_order|tent_det|sub-69|1|5,41065240,True,False,0.4677247405052185,0.5178877115249634,0.5,0.7896922826766968,0.4677247405052185,0.17774026095867157,0.034915611147880554,6.8039422035217285,0.46772470677771044,0.5178876863792539,0.6925071053348495,0.5178876863792539,0.7896921886131167,0.5,1.0,0.5,nan
metadata_order,0,sub-70,1,tent_det,ses-1,0,70,False,32,1716835634,EEGTTA-PHASE1|v1|metadata_order|tent_det|sub-70|1|0,1714850109,True,False,0.5850257873535156,0.5182498693466187,0.4375,0.6924142837524414,0.5850257873535156,0.07592964917421341,0.008516802452504635,6.506775856018066,0.58502572453261,0.5182498665526509,0.6924809173195143,0.5182498665526509,0.6924143014475703,0.4375,0.0,0.5625,nan
metadata_order,1,sub-70,1,tent_det,ses-1,0,70,False,32,1864983565,EEGTTA-PHASE1|v1|metadata_order|tent_det|sub-70|1|1,1716835634,True,False,0.546048104763031,0.4908718466758728,0.375,0.7238272428512573,0.546048104763031,0.12238860875368118,0.015297296456992626,6.5074687004089355,0.5460481046318509,0.49087181128561497,0.6929805236431528,0.509128188714385,0.723827263340354,0.375,0.0,0.625,nan
metadata_order,2,sub-70,1,tent_det,ses-1,0,70,True,6,559606362,EEGTTA-PHASE1|v1|metadata_order|tent_det|sub-70|1|2,1864983565,True,False,0.4851170480251312,0.4600500762462616,0.5,0.7311935424804688,0.4851170480251312,0.14231355488300323,0.022098110988736153,6.508121013641357,0.48511705607380495,0.4600500737627347,0.6899517823711782,0.5399499262372653,0.731193574766318,0.5,0.0,0.5,nan
metadata_order,3,sub-70,1,tent_det,ses-2,1,69,False,32,2054091119,EEGTTA-PHASE1|v1|metadata_order|tent_det|sub-70|1|3,559606362,True,False,0.5408378839492798,0.49331843852996826,0.46875,0.7335660457611084,0.5408378839492798,0.12574034929275513,0.028894830495119095,6.508895397186279,0.5408378801546889,0.49331843527033925,0.6930578912879157,0.5066815647296607,0.7335660601966083,0.46875,1.0,0.46875,nan
metadata_order,4,sub-70,1,tent_det,ses-2,1,69,False,32,1148672916,EEGTTA-PHASE1|v1|metadata_order|tent_det|sub-70|1|4,2054091119,True,False,0.5608823299407959,0.5106379985809326,0.4375,0.7124811410903931,0.5608823299407959,0.09611453115940094,0.03559263423085213,6.5097270011901855,0.5608823669998069,0.5106379468925297,0.6929208316533109,0.5106379468925297,0.71248111827299,0.4375,1.0,0.4375,nan
metadata_order,5,sub-70,1,tent_det,ses-2,1,69,True,5,482494557,EEGTTA-PHASE1|v1|metadata_order|tent_det|sub-70|1|5,1148672916,True,False,0.6273181438446045,0.5799240469932556,0.800000011920929,0.6595694422721863,0.6273181438446045,0.17545394599437714,0.040491607040166855,6.510486125946045,0.6273181406693382,0.5799240291118621,0.6803165097272079,0.5799240291118621,0.659569388628006,0.8,1.0,0.8,nan
metadata_order,0,sub-71,1,tent_det,ses-1,0,70,False,32,318750956,EEGTTA-PHASE1|v1|metadata_order|tent_det|sub-71|1|0,1783538165,True,False,0.6722962856292725,0.5103877782821655,0.59375,0.5856115818023682,0.6722962856292725,0.018267929553985596,0.008486580103635788,6.3358306884765625,0.672296251648176,0.5103878155350685,0.6929313516089385,0.5103878155350685,0.5856115594506264,0.59375,0.0,0.40625,nan
metadata_order,1,sub-71,1,tent_det,ses-1,0,70,False,32,1139615621,EEGTTA-PHASE1|v1|metadata_order|tent_det|sub-71|1|1,318750956,True,False,0.6513336896896362,0.4980422258377075,0.4375,0.6111161708831787,0.6513336896896362,0.036727942526340485,0.013982097618281841,6.337455749511719,0.6513336584254057,0.49804225098341703,0.6931395149779345,0.501957749016583,0.6111161755397916,0.4375,0.0,0.5625,nan
metadata_order,2,sub-71,1,tent_det,ses-1,0,70,True,6,1258338511,EEGTTA-PHASE1|v1|metadata_order|tent_det|sub-71|1|2,1139615621,True,False,0.6762785315513611,0.518528938293457,0.3333333432674408,0.5642962455749512,0.6762785315513611,0.024589234963059425,0.019244005903601646,6.338771820068359,0.676278543023244,0.518528958161672,0.6924603787321768,0.518528958161672,0.5642962455749512,0.3333333333333333,0.0,0.6666666666666666,nan
metadata_order,3,sub-71,1,tent_det,ses-2,1,72,False,32,385543552,EEGTTA-PHASE1|v1|metadata_order|tent_det|sub-71|1|3,1258338511,True,False,0.6474441885948181,0.5140379667282104,0.46875,0.6298551559448242,0.6474441885948181,0.04197844862937927,0.024492623284459114,6.339900493621826,0.6474441826144537,0.5140379471704364,0.6927530008431529,0.5140379471704364,0.6298551792278886,0.46875,1.0,0.46875,nan
metadata_order,4,sub-71,1,tent_det,ses-2,1,72,False,32,532014065,EEGTTA-PHASE1|v1|metadata_order|tent_det|sub-71|1|4,385543552,True,False,0.6311136484146118,0.5161377787590027,0.46875,0.6332911252975464,0.6311136484146118,0.05814897641539574,0.029402950778603554,6.340671539306641,0.6311136954334624,0.5161377843469381,0.6926262339246044,0.5161377843469381,0.6332911420613527,0.46875,1.0,0.46875,nan
metadata_order,5,sub-71,1,tent_det,ses-2,1,72,True,8,366957610,EEGTTA-PHASE1|v1|metadata_order|tent_det|sub-71|1|5,532014065,True,False,0.6491338014602661,0.5368607640266418,0.5,0.628912091255188,0.6491338014602661,0.05494753643870354,0.03390119969844818,6.341481685638428,0.6491337461737694,0.5368608012795448,0.6904272763626502,0.5368608012795448,0.6289121136069298,0.5,1.0,0.5,nan
metadata_order,0,sub-01,2,tent_det,ses-1,0,69,False,32,534181780,EEGTTA-PHASE1|v1|metadata_order|tent_det|sub-01|2|0,1488461234,True,False,0.4157974421977997,0.486120343208313,0.46875,0.7965438365936279,0.4157974421977997,0.12451745569705963,0.00853854138404131,7.267082691192627,0.4157974385214341,0.4861203289910918,0.6927618405271236,0.5138796710089082,0.7965438135579461,0.46875,0.0,0.53125,nan
metadata_order,1,sub-01,2,tent_det,ses-1,0,69,False,32,268854177,EEGTTA-PHASE1|v1|metadata_order|tent_det|sub-01|2|1,534181780,True,False,0.5291099548339844,0.5520267486572266,0.5,0.735126256942749,0.5291099548339844,0.1309790313243866,0.013256308622658253,7.268743515014648,0.5291099710315759,0.5520267626270652,0.6877238010398907,0.5520267626270652,0.7351262615993619,0.5,0.0,0.5,nan
metadata_order,2,sub-01,2,tent_det,ses-1,0,69,True,5,942665150,EEGTTA-PHASE1|v1|metadata_order|tent_det|sub-01|2|2,268854177,True,False,0.4008445739746094,0.41770482063293457,0.20000000298023224,0.7814428806304932,0.4008445739746094,0.25044697523117065,0.017249681055545807,7.270358562469482,0.4008445938254132,0.41770481020212175,0.6795403559238407,0.5822951897978783,0.781442891061306,0.2,0.0,0.8,nan
metadata_order,3,sub-01,2,tent_det,ses-2,1,54,False,32,91030834,EEGTTA-PHASE1|v1|metadata_order|tent_det|sub-01|2|3,942665150,True,False,0.4373270869255066,0.5093631744384766,0.5,0.7884387373924255,0.4373270869255066,0.09401268512010574,0.021537519991397858,7.271937370300293,0.43732710318568546,0.5093631309719058,0.6929718338676907,0.5093631309719058,0.7884387696831254,0.5,1.0,0.5,nan
metadata_order,4,sub-01,2,tent_det,ses-2,1,54,True,22,204692747,EEGTTA-PHASE1|v1|metadata_order|tent_det|sub-01|2|4,91030834,True,False,0.4230537414550781,0.5174088478088379,0.4545454680919647,0.7894984483718872,0.4230537414550781,0.1424301564693451,0.026006994768977165,7.2734856605529785,0.423053774185397,0.5174088606568561,0.6925409211744843,0.5174088606568561,0.7894983921750364,0.45454545454545453,1.0,0.45454545454545453,nan
metadata_order,0,sub-02,2,tent_det,ses-1,0,70,False,32,98241738,EEGTTA-PHASE1|v1|metadata_order|tent_det|sub-02|2|0,1282103354,True,False,0.39953064918518066,0.47303786873817444,0.40625,0.7956918478012085,0.39953064918518066,0.22899609804153442,0.008562504313886166,8.36142349243164,0.39953063214935064,0.4730378752028628,0.6916925627715774,0.5269621247971372,0.795691826435359,0.40625,0.0,0.59375,nan
metadata_order,1,sub-02,2,tent_det,ses-1,0,70,False,32,1488529034,EEGTTA-PHASE1|v1|metadata_order|tent_det|sub-02|2|1,98241738,True,False,0.3838714361190796,0.4614201486110687,0.4375,0.8320256471633911,0.3838714361190796,0.23953410983085632,0.014372949488461018,8.362117767333984,0.38387148872858684,0.46142015533405356,0.6901674108772837,0.5385798446659464,0.8320256180886645,0.4375,0.0,0.5625,nan
metadata_order,2,sub-02,2,tent_det,ses-1,0,70,True,6,1386480715,EEGTTA-PHASE1|v1|metadata_order|tent_det|sub-02|2|2,1488529034,True,False,0.5301815867424011,0.4387960433959961,0.3333333432674408,0.7339438796043396,0.5301815867424011,0.3284500539302826,0.019912250339984894,8.362892150878906,0.5301815602962273,0.4387960582971573,0.6856365133110546,0.5612039417028427,0.7339438845713934,0.3333333333333333,0.0,0.6666666666666666,nan
metadata_order,3,sub-02,2,tent_det,ses-2,1,64,False,32,1872513053,EEGTTA-PHASE1|v1|metadata_order|tent_det|sub-02|2|3,1386480715,True,False,0.35056522488594055,0.5090328454971313,0.46875,0.8452596664428711,0.35056522488594055,0.15783633291721344,0.025039641186594963,8.364212989807129,0.350565252769767,0.5090328379301354,0.6929839873602677,0.5090328379301354,0.8452596553834155,0.46875,1.0,0.46875,nan
metadata_order,4,sub-02,2,tent_det,ses-2,1,64,True,32,1627047923,EEGTTA-PHASE1|v1|metadata_order|tent_det|sub-02|2|4,1872513053,True,False,0.3077325224876404,0.4963234066963196,0.53125,0.8776875734329224,0.3077325224876404,0.13256998360157013,0.029645225033164024,8.36575984954834,0.30773250415336373,0.4963234126189491,0.693120145726776,0.5036765873810509,0.8776876047631958,0.53125,1.0,0.53125,nan
metadata_order,0,sub-03,2,tent_det,ses-1,0,73,False,32,1041365666,EEGTTA-PHASE1|v1|metadata_order|tent_det|sub-03|2|0,815857802,True,False,0.6481066942214966,0.4955844283103943,0.5625,0.6118375062942505,0.6481066942214966,0.03843915835022926,0.008484331890940666,6.47410249710083,0.6481066612246591,0.49558440828695893,0.6931081851527094,0.5044155917130411,0.6118375747464597,0.5625,0.0,0.4375,nan
metadata_order,1,sub-03,2,tent_det,ses-1,0,73,False,32,241144346,EEGTTA-PHASE1|v1|metadata_order|tent_det|sub-03|2|1,1041365666,True,False,0.6204386353492737,0.5415512323379517,0.6875,0.6669910550117493,0.6204386353492737,0.07549036294221878,0.014369751326739788,6.475274085998535,0.6204386292628439,0.5415512253530324,0.6896901864605736,0.5415512253530324,0.6669910321943462,0.6875,0.0,0.3125,nan
metadata_order,2,sub-03,2,tent_det,ses-1,0,73,True,9,854160118,EEGTTA-PHASE1|v1|metadata_order|tent_det|sub-03|2|2,241144346,True,False,0.6426725387573242,0.49655237793922424,0.4444444477558136,0.6322528123855591,0.6426725387573242,0.0693293958902359,0.019927676767110825,6.476891040802002,0.642672579869608,0.4965524027744929,0.693123408518316,0.503447597225507,0.6322527974843979,0.4444444444444444,0.0,0.5555555555555556,nan
metadata_order,3,sub-03,2,tent_det,ses-2,1,70,False,32,109279071,EEGTTA-PHASE1|v1|metadata_order|tent_det|sub-03|2|3,854160118,True,False,0.6555057764053345,0.5020540952682495,0.53125,0.6109969019889832,0.6555057764053345,0.04875805228948593,0.024747472256422043,6.478361129760742,0.6555057359101576,0.5020540915429592,0.6931387419520748,0.5020540915429592,0.6109969094395638,0.53125,1.0,0.53125,nan
metadata_order,4,sub-03,2,tent_det,ses-2,1,70,False,32,1607280715,EEGTTA-PHASE1|v1|metadata_order|tent_det|sub-03|2|4,109279071,True,False,0.6339844465255737,0.4884067177772522,0.4375,0.6427921056747437,0.6339844465255737,0.04984134063124657,0.029573243111371994,6.4800801277160645,0.6339844227066536,0.4884067038074136,0.6928783474354473,0.5115932961925864,0.6427920600399375,0.4375,1.0,0.4375,nan
metadata_order,5,sub-03,2,tent_det,ses-2,1,70,True,6,117526866,EEGTTA-PHASE1|v1|metadata_order|tent_det|sub-03|2|5,1607280715,True,False,0.6502867937088013,0.4946090579032898,0.5,0.6156831979751587,0.6502867937088013,0.07334905117750168,0.03400512784719467,6.481480121612549,0.6502867486577596,0.4946090007821719,0.693089053688559,0.505390999217828,0.6156831557552019,0.5,1.0,0.5,nan
metadata_order,0,sub-04,2,tent_det,ses-1,0,4,True,4,1100356934,EEGTTA-PHASE1|v1|metadata_order|tent_det|sub-04|2|0,1654114420,True,False,0.47502076625823975,0.4371267855167389,0.25,0.771617591381073,0.47502076625823975,0.22092832624912262,0.008574731647968292,6.887796401977539,0.4750207831924417,0.4371267892420292,0.6852201310159538,0.5628732107579708,0.7716175876557827,0.25,0.0,0.75,nan
metadata_order,1,sub-04,2,tent_det,ses-2,1,62,False,32,845766571,EEGTTA-PHASE1|v1|metadata_order|tent_det|sub-04|2|1,1100356934,True,False,0.4384526312351227,0.4589318335056305,0.4375,0.7975561022758484,0.4384526312351227,0.13904042541980743,0.01462373323738575,6.890290260314941,0.4384526381875733,0.4589318127837032,0.6897701854771415,0.5410681872162968,0.7975561080966145,0.4375,1.0,0.4375,nan
metadata_order,2,sub-04,2,tent_det,ses-2,1,62,True,30,1166429485,EEGTTA-PHASE1|v1|metadata_order|tent_det|sub-04|2|2,845766571,True,False,0.4876420795917511,0.46742549538612366,0.46666669845581055,0.7632333636283875,0.4876420795917511,0.15029464662075043,0.02066640555858612,6.892370700836182,0.48764204237085895,0.4674254917850097,0.6910234795942181,0.5325745082149903,0.7632333135853211,0.4666666666666667,1.0,0.4666666666666667,nan
metadata_order,0,sub-05,2,tent_det,ses-1,0,65,False,32,1172611348,EEGTTA-PHASE1|v1|metadata_order|tent_det|sub-05|2|0,1242422679,True,False,0.5621249079704285,0.4953451156616211,0.5625,0.7065691351890564,0.5621249079704285,0.07302318513393402,0.008525675162672997,6.901454448699951,0.5621248834047927,0.4953451054170728,0.6931038438467618,0.5046548945829272,0.706569149158895,0.5625,0.0,0.4375,nan
metadata_order,1,sub-05,2,tent_det,ses-1,0,65,False,32,2075916293,EEGTTA-PHASE1|v1|metadata_order|tent_det|sub-05|2|1,1172611348,True,False,0.5488266348838806,0.515602171421051,0.5,0.7237558364868164,0.5488266348838806,0.10586641728878021,0.01552827563136816,6.9034810066223145,0.54882662064841,0.5156021234579384,0.692660249007907,0.5156021234579384,0.7237558173947036,0.5,0.0,0.5,nan
metadata_order,2,sub-05,2,tent_det,ses-1,0,65,True,1,1730916840,EEGTTA-PHASE1|v1|metadata_order|tent_det|sub-05|2|2,2075916293,True,False,0.6844198703765869,0.43403807282447815,0.0,0.5659618973731995,0.6844198703765869,0.1579841524362564,0.019315702840685844,6.904865264892578,0.6844198101902735,0.43403807282447815,0.6844198101902735,0.5659619271755219,0.5659619271755219,0.0,0.0,1.0,nan
metadata_order,3,sub-05,2,tent_det,ses-2,1,67,False,32,1698849704,EEGTTA-PHASE1|v1|metadata_order|tent_det|sub-05|2|3,1730916840,True,False,0.5129722356796265,0.5243778824806213,0.5625,0.7459322214126587,0.5129722356796265,0.09369803220033646,0.02382165566086769,6.90656852722168,0.512972218083831,0.5243779128068127,0.691958143950192,0.5243779128068127,0.7459322469658218,0.5625,1.0,0.5625,nan
metadata_order,4,sub-05,2,tent_det,ses-2,1,67,False,32,1958847497,EEGTTA-PHASE1|v1|metadata_order|tent_det|sub-05|2|4,1698849704,True,False,0.5590700507164001,0.5510138869285583,0.53125,0.7072590589523315,0.5590700507164001,0.10516417026519775,0.028060980141162872,6.908292293548584,0.5590700403072062,0.5510138857353013,0.6879332795773729,0.5510138857353013,0.7072590452444274,0.53125,1.0,0.53125,nan
metadata_order,5,sub-05,2,tent_det,ses-2,1,67,True,3,1682571533,EEGTTA-PHASE1|v1|metadata_order|tent_det|sub-05|2|5,1958847497,True,False,0.6859037280082703,0.49777883291244507,0.3333333432674408,0.5565207004547119,0.6859037280082703,0.04774224013090134,0.031496815383434296,6.909768581390381,0.6859037025784246,0.49777881304423016,0.6931373131845053,0.5022211869557698,0.5565207004547119,0.3333333333333333,1.0,0.3333333333333333,nan
metadata_order,0,sub-06,2,tent_det,ses-1,0,74,False,32,1613390989,EEGTTA-PHASE1|v1|metadata_order|tent_det|sub-06|2|0,1259120480,True,False,0.5703210830688477,0.5449021458625793,0.5625,0.7022503018379211,0.5703210830688477,0.08233198523521423,0.00858030840754509,7.081332206726074,0.5703210812960942,0.5449021551758051,0.6891093358180276,0.5449021551758051,0.7022502701729536,0.5625,0.0,0.4375,nan
metadata_order,1,sub-06,2,tent_det,ses-1,0,74,False,32,714289723,EEGTTA-PHASE1|v1|metadata_order|tent_det|sub-06|2|1,1613390989,True,False,0.5784189701080322,0.5103591680526733,0.5625,0.68681800365448,0.5784189701080322,0.057045817375183105,0.015186420641839504,7.084228992462158,0.578419001054091,0.5103591638617218,0.6929325406509143,0.5103591638617218,0.6868180488236248,0.5625,0.0,0.4375,nan
metadata_order,2,sub-06,2,tent_det,ses-1,0,74,True,10,507827130,EEGTTA-PHASE1|v1|metadata_order|tent_det|sub-06|2|2,714289723,True,False,0.6280561685562134,0.524243175983429,0.699999988079071,0.629575788974762,0.6280561685562134,0.12718060612678528,0.020774230360984802,7.086120128631592,0.628056141928564,0.5242431655526161,0.6919712574038459,0.5242431655526161,0.6295757755637169,0.7,0.0,0.3,nan
metadata_order,3,sub-06,2,tent_det,ses-2,1,64,False,32,2049730196,EEGTTA-PHASE1|v1|metadata_order|tent_det|sub-06|2|3,507827130,True,False,0.4684116244316101,0.49077579379081726,0.5,0.7801254987716675,0.4684116244316101,0.10595765709877014,0.026351042091846466,7.088249206542969,0.4684116475026833,0.49077580103767104,0.6929769992128361,0.509224198962329,0.780125495250104,0.5,1.0,0.5,nan
metadata_order,4,sub-06,2,tent_det,ses-2,1,64,True,32,2144491933,EEGTTA-PHASE1|v1|metadata_order|tent_det|sub-06|2|4,2049730196,True,False,0.45439183712005615,0.48016539216041565,0.46875,0.7807438373565674,0.45439183712005615,0.09751027822494507,0.03159041330218315,7.09054708480835,0.45439186570347295,0.48016539379023015,0.6923601508593586,0.5198346062097698,0.7807438320014626,0.46875,1.0,0.46875,nan
metadata_order,0,sub-07,2,tent_det,ses-1,0,63,False,32,470979762,EEGTTA-PHASE1|v1|metadata_order|tent_det|sub-07|2|0,2001717083,True,False,0.6358973979949951,0.5272796154022217,0.5625,0.6367232799530029,0.6358973979949951,0.04875892028212547,0.00848905649036169,6.364117622375488,0.6358973754505308,0.5272796181961894,0.6916580861411405,0.5272796181961894,0.6367233069613576,0.5625,0.0,0.4375,nan
metadata_order,1,sub-07,2,tent_det,ses-1,0,63,True,31,1571409922,EEGTTA-PHASE1|v1|metadata_order|tent_det|sub-07|2|1,470979762,True,False,0.6530480980873108,0.5180917978286743,0.4516128897666931,0.6054306030273438,0.6530480980873108,0.02900930680334568,0.015120627358555794,6.365706443786621,0.6530481309723002,0.518091804558231,0.692492410855329,0.518091804558231,0.6054305886068652,0.45161290322580644,0.0,0.5483870967741935,nan
metadata_order,2,sub-07,2,tent_det,ses-2,1,68,False,32,319712507,EEGTTA-PHASE1|v1|metadata_order|tent_det|sub-07|2|2,1571409922,True,False,0.597152829170227,0.5060150623321533,0.53125,0.6804655194282532,0.597152829170227,0.08657940477132797,0.020220626145601273,6.3667731285095215,0.5971527906638894,0.5060150499921292,0.6930748171616257,0.5060150499921292,0.6804655243176967,0.53125,1.0,0.53125,nan
metadata_order,3,sub-07,2,tent_det,ses-2,1,68,False,32,980639101,EEGTTA-PHASE1|v1|metadata_order|tent_det|sub-07|2|3,319712507,True,False,0.6450624465942383,0.49245840311050415,0.46875,0.6127029657363892,0.6450624465942383,0.038425102829933167,0.025269923731684685,6.367956638336182,0.6450624651241783,0.49245844199322164,0.693033426052178,0.5075415580067784,0.6127029603812844,0.46875,1.0,0.46875,nan
metadata_order,4,sub-07,2,tent_det,ses-2,1,68,True,4,1447375994,EEGTTA-PHASE1|v1|metadata_order|tent_det|sub-07|2|4,980639101,True,False,0.6500464081764221,0.560326099395752,0.5,0.6227657794952393,0.6500464081764221,0.07754083722829819,0.03008878231048584,6.3689775466918945,0.6500463999711031,0.5603260695934296,0.6858509488775661,0.5603260695934296,0.6227658092975616,0.5,1.0,0.5,nan
metadata_order,0,sub-08,2,tent_det,ses-2,0,62,False,32,1201053773,EEGTTA-PHASE1|v1|metadata_order|tent_det|sub-08|2|0,714574703,True,False,0.46945685148239136,0.4713979661464691,0.46875,0.759455680847168,0.46945685148239136,0.09315801411867142,0.008516412228345871,7.220566749572754,0.46945683114332315,0.47139794897520915,0.6915101324102388,0.5286020510247909,0.759455660765525,0.46875,1.0,0.46875,nan
metadata_order,1,sub-08,2,tent_det,ses-2,0,62,True,30,734391627,EEGTTA-PHASE1|v1|metadata_order|tent_det|sub-08|2|1,1201053773,True,False,0.5332119464874268,0.4776725471019745,0.5,0.7262576818466187,0.5332119464874268,0.10524391382932663,0.015134834684431553,7.221695899963379,0.5332118785243529,0.4776725308969617,0.6921498171848304,0.5223274691030383,0.7262576324865222,0.5,1.0,0.5,nan
metadata_order,2,sub-08,2,tent_det,ses-1,1,65,False,32,1954487460,EEGTTA-PHASE1|v1|metadata_order|tent_det|sub-08|2|2,734391627,True,False,0.48386168479919434,0.49603772163391113,0.53125,0.7587578296661377,0.48386168479919434,0.0958944708108902,0.020654236897826195,7.223276138305664,0.48386166867089053,0.496037681834423,0.6931157803007947,0.503962318165577,0.7587578433885938,0.53125,0.0,0.46875,nan
metadata_order,3,sub-08,2,tent_det,ses-1,1,65,False,32,528060402,EEGTTA-PHASE1|v1|metadata_order|tent_det|sub-08|2|3,1954487460,True,False,0.5180116891860962,0.47105300426483154,0.4375,0.7389895915985107,0.5180116891860962,0.13926926255226135,0.025126220658421516,7.225072383880615,0.5180116910793644,0.47105300752446055,0.6914703863905475,0.5289469924755394,0.7389896330423653,0.4375,0.0,0.5625,nan
metadata_order,4,sub-08,2,tent_det,ses-1,1,65,True,1,1343901449,EEGTTA-PHASE1|v1|metadata_order|tent_det|sub-08|2|4,528060402,True,False,0.6198040246963501,0.6891186833381653,1.0,0.6891186833381653,0.6198040246963501,0.41866829991340637,0.028400378301739693,7.226163387298584,0.6198040082293812,0.6891186833381653,0.6198040082293812,0.6891186833381653,0.6891186833381653,1.0,0.0,0.0,nan
metadata_order,0,sub-09,2,tent_det,ses-2,0,58,False,32,55676663,EEGTTA-PHASE1|v1|metadata_order|tent_det|sub-09|2|0,1349711705,True,False,0.526358425617218,0.4782492518424988,0.46875,0.7342652678489685,0.526358425617218,0.19691835343837738,0.008578181266784668,6.802537441253662,0.5263584010037407,0.4782492446247488,0.6922006911894085,0.5217507553752512,0.734265256440267,0.46875,1.0,0.46875,nan
metadata_order,1,sub-09,2,tent_det,ses-2,0,58,True,26,1592430315,EEGTTA-PHASE1|v1|metadata_order|tent_det|sub-09|2|1,55676663,True,False,0.5689769387245178,0.48668429255485535,0.42307692766189575,0.7143834233283997,0.5689769387245178,0.08454154431819916,0.014995946548879147,6.803512096405029,0.568976904425956,0.48668430688289493,0.6927925232643186,0.513315693117105,0.7143833791980376,0.4230769230769231,1.0,0.4230769230769231,nan
metadata_order,2,sub-09,2,tent_det,ses-1,1,69,False,32,2074511228,EEGTTA-PHASE1|v1|metadata_order|tent_det|sub-09|2|2,1592430315,True,False,0.5096120834350586,0.5059411525726318,0.46875,0.7302674651145935,0.5096120834350586,0.1101757064461708,0.020867928862571716,6.804876804351807,0.5096121019252678,0.5059411528491182,0.6930765843042994,0.5059411528491182,0.7302674611128168,0.46875,0.0,0.53125,nan
metadata_order,3,sub-09,2,tent_det,ses-1,1,69,False,32,902168342,EEGTTA-PHASE1|v1|metadata_order|tent_det|sub-09|2|3,2074511228,True,False,0.49812552332878113,0.5565052032470703,0.5625,0.755687952041626,0.49812552332878113,0.11719076335430145,0.024921976029872894,6.8065290451049805,0.49812548659396083,0.5565051984558522,0.6867478434579517,0.5565051984558522,0.7556879605581344,0.5625,0.0,0.4375,nan
metadata_order,4,sub-09,2,tent_det,ses-1,1,69,True,5,487819945,EEGTTA-PHASE1|v1|metadata_order|tent_det|sub-09|2|4,902168342,True,False,0.6089836359024048,0.4747103750705719,0.4000000059604645,0.6624912619590759,0.6089836359024048,0.11977767944335938,0.029596013948321342,6.808055400848389,0.6089836306850988,0.47471036911010744,0.691867503748063,0.5252896308898926,0.6624912023544312,0.4,0.0,0.6,nan
metadata_order,0,sub-10,2,tent_det,ses-2,0,71,False,32,1720719968,EEGTTA-PHASE1|v1|metadata_order|tent_det|sub-10|2|0,1058743079,True,False,0.6286107301712036,0.5406210422515869,0.625,0.6450618505477905,0.6286107301712036,0.06707952171564102,0.008502515032887459,6.453778266906738,0.6286107059806053,0.5406210287474096,0.6898434046894335,0.5406210287474096,0.6450618342496455,0.625,1.0,0.625,nan
metadata_order,1,sub-10,2,tent_det,ses-2,0,71,False,32,1526425164,EEGTTA-PHASE1|v1|metadata_order|tent_det|sub-10|2|1,1720719968,True,False,0.6405693292617798,0.5362443327903748,0.53125,0.6279136538505554,0.6405693292617798,0.04919916018843651,0.015046347863972187,6.455263137817383,0.6405692700075791,0.5362443197518587,0.6905175733773363,0.5362443197518587,0.6279136221855879,0.53125,1.0,0.53125,nan
metadata_order,2,sub-10,2,tent_det,ses-2,0,71,True,7,618382684,EEGTTA-PHASE1|v1|metadata_order|tent_det|sub-10|2|2,1526425164,True,False,0.6344864964485168,0.5707685947418213,0.5714285969734192,0.6460278630256653,0.6344864964485168,0.1043592095375061,0.02046390064060688,6.456779956817627,0.6344864200273,0.5707685734544482,0.6830970850547877,0.5707685734544482,0.6460278928279877,0.5714285714285714,1.0,0.5714285714285714,nan
metadata_order,3,sub-10,2,tent_det,ses-1,1,69,False,32,1320918948,EEGTTA-PHASE1|v1|metadata_order|tent_det|sub-10|2|3,618382684,True,False,0.6164531707763672,0.5550545454025269,0.5625,0.6629822254180908,0.6164531707763672,0.08782050758600235,0.026457788422703743,6.458240509033203,0.6164532047927275,0.5550545253790915,0.6870728699500722,0.5550545253790915,0.6629822566173971,0.5625,0.0,0.4375,nan
metadata_order,4,sub-10,2,tent_det,ses-1,1,69,False,32,1827877705,EEGTTA-PHASE1|v1|metadata_order|tent_det|sub-10|2|4,1320918948,True,False,0.6235615611076355,0.5606518387794495,0.65625,0.6494379043579102,0.6235615611076355,0.09283484518527985,0.03245580941438675,6.459651947021484,0.623561535599644,0.5606518448330462,0.6857717377008774,0.5606518448330462,0.649437943007797,0.65625,0.0,0.34375,nan
metadata_order,5,sub-10,2,tent_det,ses-1,1,69,True,5,1469866287,EEGTTA-PHASE1|v1|metadata_order|tent_det|sub-10|2|5,1827877705,True,False,0.6013349890708923,0.5554432272911072,0.6000000238418579,0.6790207624435425,0.6013349890708923,0.0871206745505333,0.03829575330018997,6.461109161376953,0.6013349448441241,0.5554432153701783,0.6869866190295317,0.5554432153701783,0.6790207624435425,0.6,0.0,0.4,nan
metadata_order,0,sub-11,2,tent_det,ses-2,0,66,False,32,444244933,EEGTTA-PHASE1|v1|metadata_order|tent_det|sub-11|2|0,514634635,True,False,0.6000899076461792,0.5202822685241699,0.4375,0.6717387437820435,0.6000899076461792,0.08959589153528214,0.008520261384546757,6.544944763183594,0.6000898639340282,0.5202822578139603,0.6923242148135572,0.5202822578139603,0.6717387470416725,0.4375,1.0,0.4375,nan
metadata_order,1,sub-11,2,tent_det,ses-2,0,66,False,32,2122235582,EEGTTA-PHASE1|v1|metadata_order|tent_det|sub-11|2|1,444244933,True,False,0.5931379795074463,0.49832457304000854,0.5625,0.7001760005950928,0.5931379795074463,0.08422835916280746,0.015250793658196926,6.546111106872559,0.5931379780843757,0.4983246144838631,0.6931415667161849,0.5016753855161369,0.7001760411076248,0.5625,1.0,0.5625,nan
metadata_order,2,sub-11,2,tent_det,ses-2,0,66,True,2,1834411840,EEGTTA-PHASE1|v1|metadata_order|tent_det|sub-11|2|2,2122235582,True,False,0.6120041608810425,0.4305281639099121,0.5,0.6847307085990906,0.6120041608810425,0.23276521265506744,0.020092612132430077,6.546660423278809,0.6120042056532706,0.4305281639099121,0.6834632081698403,0.5694718360900879,0.6847307085990906,0.5,1.0,0.5,nan
metadata_order,3,sub-11,2,tent_det,ses-1,1,64,False,32,25020431,EEGTTA-PHASE1|v1|metadata_order|tent_det|sub-11|2|3,1834411840,True,False,0.6121652722358704,0.48361656069755554,0.46875,0.6666379570960999,0.6121652722358704,0.0953274518251419,0.025505445897579193,6.547245502471924,0.6121652806857736,0.4836165765300393,0.692610251326204,0.5163834234699607,0.6666379449889064,0.46875,0.0,0.53125,nan
metadata_order,4,sub-11,2,tent_det,ses-1,1,64,True,32,2032399271,EEGTTA-PHASE1|v1|metadata_order|tent_det|sub-11|2|4,25020431,True,False,0.5631605982780457,0.48903971910476685,0.5,0.7119975090026855,0.5631605982780457,0.09674540162086487,0.030719822272658348,6.54793643951416,0.5631606425776838,0.4890397069975734,0.692906905269859,0.5109602930024266,0.7119974726811051,0.5,0.0,0.5,nan
metadata_order,0,sub-12,2,tent_det,ses-2,0,66,False,32,571307833,EEGTTA-PHASE1|v1|metadata_order|tent_det|sub-12|2|0,2052647313,True,False,0.5704267024993896,0.4713868796825409,0.4375,0.6891090869903564,0.5704267024993896,0.08202425390481949,0.008501449599862099,6.4354729652404785,0.5704267247843687,0.4713868780527264,0.6915088641756516,0.5286131219472736,0.6891091072466224,0.4375,1.0,0.4375,nan
metadata_order,1,sub-12,2,tent_det,ses-2,0,66,False,32,1166985937,EEGTTA-PHASE1|v1|metadata_order|tent_det|sub-12|2|1,571307833,True,False,0.6002793312072754,0.5078198313713074,0.53125,0.6712371110916138,0.6002793312072754,0.06705694645643234,0.014161892235279083,6.437490940093994,0.6002792972526407,0.507819811347872,0.6930248766747513,0.507819811347872,0.6712371124885976,0.53125,1.0,0.53125,nan
metadata_order,2,sub-12,2,tent_det,ses-2,0,66,True,2,1831685503,EEGTTA-PHASE1|v1|metadata_order|tent_det|sub-12|2|2,1166985937,True,False,0.6680145263671875,0.3944152593612671,0.0,0.6055847406387329,0.6680145263671875,0.16315102577209473,0.018163902685046196,6.438795566558838,0.6680145327559188,0.3944152742624283,0.670682175713554,0.6055847257375717,0.6055847257375717,0.0,1.0,0.0,nan
metadata_order,3,sub-12,2,tent_det,ses-1,1,57,False,32,676295438,EEGTTA-PHASE1|v1|metadata_order|tent_det|sub-12|2|3,1831685503,True,False,0.5214953422546387,0.48159897327423096,0.46875,0.7547465562820435,0.5214953422546387,0.14073911309242249,0.022605441510677338,6.439765453338623,0.5214953404698521,0.48159894556738436,0.6924698300030712,0.5184010544326156,0.7547465132083744,0.46875,0.0,0.53125,nan
metadata_order,4,sub-12,2,tent_det,ses-1,1,57,True,25,1592558155,EEGTTA-PHASE1|v1|metadata_order|tent_det|sub-12|2|4,676295438,True,False,0.5415931940078735,0.4814283549785614,0.4399999976158142,0.7272099256515503,0.5415931940078735,0.09723926335573196,0.027122296392917633,6.441039562225342,0.5415931706930102,0.48142837136983874,0.6924572110794263,0.5185716286301613,0.7272098961472512,0.44,0.0,0.56,nan
metadata_order,0,sub-13,2,tent_det,ses-2,0,69,False,32,1220019542,EEGTTA-PHASE1|v1|metadata_order|tent_det|sub-13|2|0,637287730,True,False,0.4899125099182129,0.5418936610221863,0.5,0.7617475986480713,0.4899125099182129,0.09992421418428421,0.008588121272623539,7.474451541900635,0.48991247901150614,0.541893660905771,0.6896329042661321,0.541893660905771,0.7617475615115836,0.5,1.0,0.5,nan
metadata_order,1,sub-13,2,tent_det,ses-2,0,69,False,32,1804174528,EEGTTA-PHASE1|v1|metadata_order|tent_det|sub-13|2|1,1220019542,True,False,0.40171775221824646,0.5528185367584229,0.59375,0.8032411336898804,0.40171775221824646,0.14103783667087555,0.013787592761218548,7.476838111877441,0.4017177367501664,0.5528185287548695,0.6875571627110028,0.5528185287548695,0.8032411379681434,0.59375,1.0,0.59375,nan
metadata_order,2,sub-13,2,tent_det,ses-2,0,69,True,5,802464572,EEGTTA-PHASE1|v1|metadata_order|tent_det|sub-13|2|2,1804174528,True,False,0.4210008680820465,0.5842742323875427,0.6000000238418579,0.827673077583313,0.4210008680820465,0.22047275304794312,0.01895083114504814,7.478590488433838,0.42100084861329823,0.584274223446846,0.6788748610622213,0.584274223446846,0.827673026919365,0.6,1.0,0.6,nan
metadata_order,3,sub-13,2,tent_det,ses-1,1,72,False,32,1950188887,EEGTTA-PHASE1|v1|metadata_order|tent_det|sub-13|2|3,802464572,True,False,0.4695287346839905,0.5215659141540527,0.5,0.78117835521698,0.4695287346839905,0.13127176463603973,0.023695306852459908,7.480313301086426,0.4695287455898157,0.5215659602545202,0.6922167106493047,0.5215659602545202,0.7811783240176737,0.5,0.0,0.5,nan
metadata_order,4,sub-13,2,tent_det,ses-1,1,72,False,32,919275866,EEGTTA-PHASE1|v1|metadata_order|tent_det|sub-13|2|4,1950188887,True,False,0.45136889815330505,0.5120202302932739,0.53125,0.7965231537818909,0.45136889815330505,0.11967295408248901,0.028452562168240547,7.482195854187012,0.45136887747186216,0.5120202039834112,0.6928581821112323,0.5120202039834112,0.7965231502894312,0.53125,0.0,0.46875,nan
metadata_order,5,sub-13,2,tent_det,ses-1,1,72,True,8,426644186,EEGTTA-PHASE1|v1|metadata_order|tent_det|sub-13|2|5,919275866,True,False,0.4660126268863678,0.5482521057128906,0.5,0.7965713739395142,0.4660126268863678,0.19640736281871796,0.03307581692934036,7.48376989364624,0.466012610498183,0.5482521057128906,0.6884833943267388,0.5482521057128906,0.7965713739395142,0.5,0.0,0.5,nan
metadata_order,0,sub-14,2,tent_det,ses-2,0,70,False,32,791336627,EEGTTA-PHASE1|v1|metadata_order|tent_det|sub-14|2|0,288812365,True,False,0.663530707359314,0.49044495820999146,0.4375,0.5942844152450562,0.663530707359314,0.03908665478229523,0.008498444221913815,6.34156608581543,0.6635306593808242,0.4904449637979269,0.6929645720107347,0.5095550362020731,0.5942844804376364,0.4375,1.0,0.4375,nan
metadata_order,1,sub-14,2,tent_det,ses-2,0,70,False,32,1125044832,EEGTTA-PHASE1|v1|metadata_order|tent_det|sub-14|2|1,791336627,True,False,0.6531672477722168,0.48647382855415344,0.5,0.6070092916488647,0.6531672477722168,0.04122433066368103,0.016102241352200508,6.341663837432861,0.6531672196740226,0.486473819706589,0.692781220808927,0.513526180293411,0.6070093004964292,0.5,1.0,0.5,nan
metadata_order,2,sub-14,2,tent_det,ses-2,0,70,True,6,1759781229,EEGTTA-PHASE1|v1|metadata_order|tent_det|sub-14|2|2,1125044832,True,False,0.6625405550003052,0.4723486304283142,0.3333333432674408,0.60846346616745,0.6625405550003052,0.047349851578474045,0.022025279700756073,6.342488765716553,0.6625404841804171,0.4723486304283142,0.6916172036457937,0.5276513695716858,0.60846346616745,0.3333333333333333,1.0,0.3333333333333333,nan
metadata_order,3,sub-14,2,tent_det,ses-1,1,71,False,32,1601249477,EEGTTA-PHASE1|v1|metadata_order|tent_det|sub-14|2|3,1759781229,True,False,0.5979955196380615,0.49246644973754883,0.40625,0.6774530410766602,0.5979955196380615,0.06704208254814148,0.02787286788225174,6.34356164932251,0.5979955110946891,0.4924664353020489,0.6930336670706598,0.5075335646979511,0.677453029435128,0.40625,0.0,0.59375,nan
metadata_order,4,sub-14,2,tent_det,ses-1,1,71,False,32,1149507214,EEGTTA-PHASE1|v1|metadata_order|tent_det|sub-14|2|4,1601249477,True,False,0.6244705319404602,0.49693530797958374,0.40625,0.6489154696464539,0.6244705319404602,0.07429368048906326,0.033265236765146255,6.3448100090026855,0.6244705203000415,0.49693529680371284,0.6931283956309577,0.5030647031962872,0.6489154621958733,0.40625,0.0,0.59375,nan
metadata_order,5,sub-14,2,tent_det,ses-1,1,71,True,7,1962399992,EEGTTA-PHASE1|v1|metadata_order|tent_det|sub-14|2|5,1149507214,True,False,0.6050856113433838,0.5180996656417847,0.4285714626312256,0.6665855646133423,0.6050856113433838,0.05757182091474533,0.03774240240454674,6.346292018890381,0.6050855407620765,0.518099667770522,0.6924918414441729,0.518099667770522,0.666585562484605,0.42857142857142855,0.0,0.5714285714285714,nan
metadata_order,0,sub-15,2,tent_det,ses-2,0,73,False,32,666576186,EEGTTA-PHASE1|v1|metadata_order|tent_det|sub-15|2|0,2084056662,True,False,0.4895240366458893,0.5054627060890198,0.40625,0.7563650608062744,0.4895240366458893,0.1227208822965622,0.008548847399652004,7.049809455871582,0.4895240454670612,0.5054626793717034,0.6930874976407495,0.5054626793717034,0.756365027918946,0.40625,1.0,0.40625,nan
metadata_order,1,sub-15,2,tent_det,ses-2,0,73,False,32,1556891641,EEGTTA-PHASE1|v1|metadata_order|tent_det|sub-15|2|1,666576186,True,False,0.5715775489807129,0.5264416933059692,0.5,0.70416259765625,0.5715775489807129,0.09202415496110916,0.013518264517188072,7.052149295806885,0.5715774692815293,0.5264416988939047,0.6917482011762577,0.5264416988939047,0.7041625585407019,0.5,1.0,0.5,nan
metadata_order,2,sub-15,2,tent_det,ses-2,0,73,True,9,846476670,EEGTTA-PHASE1|v1|metadata_order|tent_det|sub-15|2|2,1556891641,True,False,0.45017942786216736,0.5048583149909973,0.3333333432674408,0.7767789363861084,0.45017942786216736,0.14842505753040314,0.01891830377280712,7.054460048675537,0.45017942367241814,0.5048583704564307,0.6930999722900832,0.5048583704564307,0.7767789537707964,0.3333333333333333,1.0,0.3333333333333333,nan
metadata_order,3,sub-15,2,tent_det,ses-1,1,73,False,32,1638122288,EEGTTA-PHASE1|v1|metadata_order|tent_det|sub-15|2|3,846476670,True,False,0.5560920834541321,0.5127782821655273,0.53125,0.7177508473396301,0.5560920834541321,0.09789752960205078,0.02426404133439064,7.056420803070068,0.5560920906693911,0.5127783224452287,0.6928205739520761,0.5127783224452287,0.7177508554887027,0.53125,0.0,0.46875,nan
metadata_order,4,sub-15,2,tent_det,ses-1,1,73,False,32,566720096,EEGTTA-PHASE1|v1|metadata_order|tent_det|sub-15|2|4,1638122288,True,False,0.5844265222549438,0.5524904727935791,0.53125,0.6893340945243835,0.5844265222549438,0.09348802268505096,0.029300710186362267,7.058456897735596,0.5844264907240018,0.5524904441554099,0.6876265203722799,0.5524904441554099,0.6893341045361012,0.53125,0.0,0.46875,nan
metadata_order,5,sub-15,2,tent_det,ses-1,1,73,True,9,2080233936,EEGTTA-PHASE1|v1|metadata_order|tent_det|sub-15|2|5,566720096,True,False,0.5604746341705322,0.5258102416992188,0.4444444477558136,0.7094199061393738,0.5604746341705322,0.15282945334911346,0.033403292298316956,7.060541152954102,0.5604746163514861,0.5258102094133695,0.691814254403972,0.5258102094133695,0.709419852329625,0.4444444444444444,0.0,0.5555555555555556,nan
metadata_order,0,sub-16,2,tent_det,ses-2,0,73,False,32,473331706,EEGTTA-PHASE1|v1|metadata_order|tent_det|sub-16|2|0,727830258,True,False,0.5653154850006104,0.47450435161590576,0.5,0.7092294692993164,0.5653154850006104,0.14151206612586975,0.008551805280148983,6.947812557220459,0.5653154224539344,0.47450436116196215,0.6918465613924932,0.5254956388380378,0.7092294485773891,0.5,1.0,0.5,nan
metadata_order,1,sub-16,2,tent_det,ses-2,0,73,False,32,1022619444,EEGTTA-PHASE1|v1|metadata_order|tent_det|sub-16|2|1,473331706,True,False,0.48288267850875854,0.44576209783554077,0.40625,0.7605810165405273,0.48288267850875854,0.16881199181079865,0.015498152002692223,6.949645519256592,0.4828826829394641,0.4457620918401517,0.6872520860129593,0.5542379081598483,0.7605809741071425,0.40625,1.0,0.40625,nan
metadata_order,2,sub-16,2,tent_det,ses-2,0,73,True,9,524229804,EEGTTA-PHASE1|v1|metadata_order|tent_det|sub-16|2|2,1022619444,True,False,0.4913315773010254,0.5055654644966125,0.5555555820465088,0.757250964641571,0.4913315773010254,0.13670052587985992,0.02197793312370777,6.950867652893066,0.49133154787697425,0.5055653982692294,0.693085231964935,0.5055653982692294,0.757250964641571,0.5555555555555556,1.0,0.5555555555555556,nan
metadata_order,3,sub-16,2,tent_det,ses-1,1,72,False,32,1580826497,EEGTTA-PHASE1|v1|metadata_order|tent_det|sub-16|2|3,524229804,True,False,0.5274124145507812,0.4983043670654297,0.5,0.7136422991752625,0.5274124145507812,0.08418577164411545,0.0279132928699255,6.952302932739258,0.5274124070017588,0.4983043426836957,0.6931414300414538,0.5016956573163043,0.713642293754674,0.5,0.0,0.5,nan
metadata_order,4,sub-16,2,tent_det,ses-1,1,72,False,32,1360198674,EEGTTA-PHASE1|v1|metadata_order|tent_det|sub-16|2|4,1580826497,True,False,0.48777031898498535,0.4931228458881378,0.4375,0.7701600193977356,0.48777031898498535,0.1286289393901825,0.03377930074930191,6.953672885894775,0.48777027912033577,0.4931228393688798,0.6930525869005618,0.5068771606311202,0.7701600035652518,0.4375,0.0,0.5625,nan
metadata_order,5,sub-16,2,tent_det,ses-1,1,72,True,8,1494298847,EEGTTA-PHASE1|v1|metadata_order|tent_det|sub-16|2|5,1360198674,True,False,0.6111606359481812,0.5180158615112305,0.5,0.649884045124054,0.6111606359481812,0.09174966812133789,0.03879017382860184,6.955379962921143,0.6111606310060511,0.5180158689618111,0.6924978969558109,0.5180158689618111,0.6498840674757957,0.5,0.0,0.5,nan
metadata_order,0,sub-17,2,tent_det,ses-2,0,73,False,32,1715318594,EEGTTA-PHASE1|v1|metadata_order|tent_det|sub-17|2|0,2007053172,True,False,0.41318321228027344,0.4705652594566345,0.40625,0.8247203826904297,0.41318321228027344,0.1304643601179123,0.008555406704545021,7.274417877197266,0.4131832238032818,0.4705652584088966,0.6914133702702844,0.5294347415911034,0.8247203502105549,0.40625,1.0,0.40625,nan
metadata_order,1,sub-17,2,tent_det,ses-2,0,73,False,32,2113636854,EEGTTA-PHASE1|v1|metadata_order|tent_det|sub-17|2|1,1715318594,True,False,0.49163687229156494,0.4455992579460144,0.34375,0.7583097219467163,0.49163687229156494,0.17602942883968353,0.015336324460804462,7.275411128997803,0.4916368584966399,0.4455992345465347,0.6872165606080738,0.5544007654534653,0.7583097639726475,0.34375,1.0,0.34375,nan
metadata_order,2,sub-17,2,tent_det,ses-2,0,73,True,9,1950912375,EEGTTA-PHASE1|v1|metadata_order|tent_det|sub-17|2|2,2113636854,True,False,0.3920048773288727,0.4222552478313446,0.3333333432674408,0.8355398774147034,0.3920048773288727,0.21420642733573914,0.021842515096068382,7.276726722717285,0.3920048686526451,0.4222552449338966,0.6810094988534746,0.5777447550661035,0.8355398770007822,0.3333333333333333,1.0,0.3333333333333333,nan
metadata_order,3,sub-17,2,tent_det,ses-1,1,73,False,32,1618280597,EEGTTA-PHASE1|v1|metadata_order|tent_det|sub-17|2|3,1950912375,True,False,0.4810355305671692,0.458603173494339,0.5,0.772105872631073,0.4810355305671692,0.09750501066446304,0.027977554127573967,7.278192520141602,0.4810355618000782,0.4586031935468782,0.6897158629448139,0.5413968064531218,0.7721059010073077,0.5,0.0,0.5,nan
metadata_order,4,sub-17,2,tent_det,ses-1,1,73,False,32,1665082253,EEGTTA-PHASE1|v1|metadata_order|tent_det|sub-17|2|4,1618280597,True,False,0.5208950042724609,0.5501939058303833,0.5625,0.7188897728919983,0.5208950042724609,0.08327854424715042,0.032855868339538574,7.27968692779541,0.5208950144899548,0.5501938746005095,0.688099832826625,0.5501938746005095,0.7188897929460012,0.5625,0.0,0.4375,nan
metadata_order,5,sub-17,2,tent_det,ses-1,1,73,True,9,1097352088,EEGTTA-PHASE1|v1|metadata_order|tent_det|sub-17|2|5,1665082253,True,False,0.4109024107456207,0.5504949688911438,0.6666666865348816,0.8222417235374451,0.4109024107456207,0.23175399005413055,0.03647591918706894,7.281245231628418,0.41090239779203785,0.5504949418957241,0.6880389984622886,0.5504949418957241,0.8222417505328647,0.6666666666666666,0.0,0.3333333333333333,nan
metadata_order,0,sub-18,2,tent_det,ses-2,0,70,False,32,1987257606,EEGTTA-PHASE1|v1|metadata_order|tent_det|sub-18|2|0,816706250,True,False,0.5619668364524841,0.531432032585144,0.53125,0.7080866098403931,0.5619668364524841,0.06361570209264755,0.008516831323504448,6.605785369873047,0.5619668057855718,0.531432053539902,0.6911699290620139,0.531432053539902,0.7080866149626672,0.53125,1.0,0.53125,nan
metadata_order,1,sub-18,2,tent_det,ses-2,0,70,False,32,5976351,EEGTTA-PHASE1|v1|metadata_order|tent_det|sub-18|2|1,1987257606,True,False,0.5830299258232117,0.5264710187911987,0.53125,0.6912650465965271,0.5830299258232117,0.058935895562171936,0.015746692195534706,6.6074395179748535,0.5830299513033779,0.5264709938783199,0.6917450981251456,0.5264709938783199,0.6912649932783097,0.53125,1.0,0.53125,nan
metadata_order,2,sub-18,2,tent_det,ses-2,0,70,True,6,185563951,EEGTTA-PHASE1|v1|metadata_order|tent_det|sub-18|2|2,5976351,True,False,0.4807717800140381,0.4900152087211609,0.5,0.8018345236778259,0.4807717800140381,0.11271842569112778,0.02123177796602249,6.608991622924805,0.4807718332569178,0.4900152087211609,0.692947775191662,0.5099847912788391,0.8018344839413961,0.5,1.0,0.5,nan
metadata_order,3,sub-18,2,tent_det,ses-1,1,73,False,32,769467736,EEGTTA-PHASE1|v1|metadata_order|tent_det|sub-18|2|3,185563951,True,False,0.5804446339607239,0.5624421834945679,0.59375,0.6860338449478149,0.5804446339607239,0.10627125948667526,0.02710072137415409,6.610661506652832,0.5804446737543006,0.562442232389003,0.6853287183305221,0.562442232389003,0.6860338929109275,0.59375,0.0,0.40625,nan
metadata_order,4,sub-18,2,tent_det,ses-1,1,73,False,32,2011277836,EEGTTA-PHASE1|v1|metadata_order|tent_det|sub-18|2|4,769467736,True,False,0.58086097240448,0.5690709948539734,0.71875,0.6830862760543823,0.58086097240448,0.11074801534414291,0.03291405364871025,6.612273693084717,0.5808609516959722,0.5690710034687072,0.6835749920507326,0.5690710034687072,0.6830863046925515,0.71875,0.0,0.28125,nan
metadata_order,5,sub-18,2,tent_det,ses-1,1,73,True,9,1222366575,EEGTTA-PHASE1|v1|metadata_order|tent_det|sub-18|2|5,2011277836,True,False,0.5627498626708984,0.523453414440155,0.5555555820465088,0.6888659596443176,0.5627498626708984,0.09241286665201187,0.038854729384183884,6.613808631896973,0.5627498706779424,0.5234533535937468,0.6920466571938533,0.5234533535937468,0.6888659939997726,0.5555555555555556,0.0,0.4444444444444444,nan
metadata_order,0,sub-19,2,tent_det,ses-2,0,72,False,32,940997112,EEGTTA-PHASE1|v1|metadata_order|tent_det|sub-19|2|0,1874799294,True,False,0.6135697960853577,0.48130476474761963,0.53125,0.6658467054367065,0.6135697960853577,0.06100349500775337,0.008507820777595043,6.3677144050598145,0.6135698131241778,0.48130479268729687,0.6924479960388197,0.5186952073127031,0.6658467333763838,0.53125,1.0,0.53125,nan
metadata_order,1,sub-19,2,tent_det,ses-2,0,72,False,32,561412087,EEGTTA-PHASE1|v1|metadata_order|tent_det|sub-19|2|1,940997112,True,False,0.6126466989517212,0.4723931550979614,0.40625,0.6552414298057556,0.6126466989517212,0.06259540468454361,0.014974835328757763,6.3681440353393555,0.6126466970798592,0.47239313647150993,0.6916221273119287,0.5276068635284901,0.6552414111793041,0.40625,1.0,0.40625,nan
metadata_order,2,sub-19,2,tent_det,ses-2,0,72,True,8,545339772,EEGTTA-PHASE1|v1|metadata_order|tent_det|sub-19|2|2,561412087,True,False,0.6370609998703003,0.4356631636619568,0.25,0.640001654624939,0.6370609998703003,0.0860089436173439,0.020719660446047783,6.369189262390137,0.637061006677377,0.4356631487607956,0.6848457227520264,0.5643368512392044,0.6400016248226166,0.25,1.0,0.25,nan
metadata_order,3,sub-19,2,tent_det,ses-1,1,72,False,32,289897468,EEGTTA-PHASE1|v1|metadata_order|tent_det|sub-19|2|3,545339772,True,False,0.6102609634399414,0.5024980306625366,0.53125,0.6632742285728455,0.6102609634399414,0.056327395141124725,0.02593904733657837,6.370279788970947,0.6102609523324882,0.5024980008602142,0.6931347004914326,0.5024980008602142,0.6632742211222649,0.53125,0.0,0.46875,nan
metadata_order,4,sub-19,2,tent_det,ses-1,1,72,False,32,391898769,EEGTTA-PHASE1|v1|metadata_order|tent_det|sub-19|2|4,289897468,True,False,0.6474446058273315,0.4845932722091675,0.5,0.616364598274231,0.6474446058273315,0.050789862871170044,0.03119621053338051,6.3709869384765625,0.647444608303267,0.4845932428725064,0.6926723690761669,0.5154067571274936,0.6163646164350212,0.5,0.0,0.5,nan
metadata_order,5,sub-19,2,tent_det,ses-1,1,72,True,8,678048123,EEGTTA-PHASE1|v1|metadata_order|tent_det|sub-19|2|5,391898769,True,False,0.638819694519043,0.4920724034309387,0.375,0.6313724517822266,0.638819694519043,0.04484891891479492,0.03601405769586563,6.371896266937256,0.6388196361787315,0.492072394117713,0.6930214814230495,0.507927605882287,0.6313724312931299,0.375,0.0,0.625,nan
metadata_order,0,sub-20,2,tent_det,ses-2,0,69,False,32,504572687,EEGTTA-PHASE1|v1|metadata_order|tent_det|sub-20|2|0,1295307065,True,False,0.6247212290763855,0.47584718465805054,0.5,0.6504748463630676,0.6247212290763855,0.06834342330694199,0.008508265018463135,6.366913795471191,0.6247212376039966,0.47584717022255063,0.6919800080194649,0.5241528297774494,0.6504748235456645,0.5,1.0,0.5,nan
metadata_order,1,sub-20,2,tent_det,ses-2,0,69,False,32,1590522576,EEGTTA-PHASE1|v1|metadata_order|tent_det|sub-20|2|1,504572687,True,False,0.609746515750885,0.48061710596084595,0.375,0.6680802702903748,0.609746515750885,0.08166023343801498,0.014606340788304806,6.368736267089844,0.609746535744543,0.4806170747615397,0.6923955966666855,0.5193829252384603,0.6680802456103265,0.375,1.0,0.375,nan
metadata_order,2,sub-20,2,tent_det,ses-2,0,69,True,5,835635866,EEGTTA-PHASE1|v1|metadata_order|tent_det|sub-20|2|2,1590522576,True,False,0.6015607714653015,0.4557128846645355,0.4000000059604645,0.6978874206542969,0.6015607714653015,0.12146274000406265,0.020087387412786484,6.369781970977783,0.6015607387344297,0.45571292042732237,0.6892193443939048,0.5442870795726776,0.6978874146938324,0.4,1.0,0.4,nan
metadata_order,3,sub-20,2,tent_det,ses-1,1,74,False,32,5936466,EEGTTA-PHASE1|v1|metadata_order|tent_det|sub-20|2|3,835635866,True,False,0.6531668901443481,0.5096108913421631,0.46875,0.6161839962005615,0.6531668901443481,0.04186463728547096,0.025224866345524788,6.370777606964111,0.6531668586823145,0.5096108894795179,0.6929624307889974,0.5096108894795179,0.6161839906126261,0.46875,0.0,0.53125,nan
metadata_order,4,sub-20,2,tent_det,ses-1,1,74,False,32,640996073,EEGTTA-PHASE1|v1|metadata_order|tent_det|sub-20|2|4,5936466,True,False,0.6601342558860779,0.4587371349334717,0.3125,0.6045531034469604,0.6601342558860779,0.060098376125097275,0.03049684502184391,6.371747016906738,0.6601342593357427,0.45873713539913297,0.6897380567635923,0.541262864600867,0.6045530955307186,0.3125,0.0,0.6875,nan
metadata_order,5,sub-20,2,tent_det,ses-1,1,74,True,10,1887988788,EEGTTA-PHASE1|v1|metadata_order|tent_det|sub-20|2|5,640996073,True,False,0.6097258925437927,0.43534326553344727,0.20000000298023224,0.6621081233024597,0.6097258925437927,0.1313156634569168,0.035730473697185516,6.372419834136963,0.6097258476188395,0.4353432819247246,0.6847627388935156,0.5646567180752754,0.6621081188321114,0.2,0.0,0.8,nan
metadata_order,0,sub-21,2,tent_det,ses-2,0,64,False,32,806828542,EEGTTA-PHASE1|v1|metadata_order|tent_det|sub-21|2|0,1419005829,True,False,0.5237295031547546,0.4512718617916107,0.46875,0.7283845543861389,0.5237295031547546,0.18090012669563293,0.008511146530508995,6.926930904388428,0.5237294894526392,0.45127187215257436,0.6883907737415573,0.5487281278474256,0.7283845701022074,0.46875,1.0,0.46875,nan
metadata_order,1,sub-21,2,tent_det,ses-2,0,64,True,32,1681104378,EEGTTA-PHASE1|v1|metadata_order|tent_det|sub-21|2|1,806828542,True,False,0.47144100069999695,0.46268266439437866,0.375,0.7751856446266174,0.47144100069999695,0.19383744895458221,0.015385680831968784,6.929458141326904,0.4714409958925153,0.462682691460941,0.6903594260371526,0.537317308539059,0.775185665988829,0.375,1.0,0.375,nan
metadata_order,2,sub-21,2,tent_det,ses-1,1,63,False,32,1834454193,EEGTTA-PHASE1|v1|metadata_order|tent_det|sub-21|2|2,1681104378,True,False,0.5160810351371765,0.48926472663879395,0.46875,0.7471784353256226,0.5160810351371765,0.12030456960201263,0.02169114537537098,6.931639194488525,0.516081035109013,0.4892647289671004,0.6929166707595119,0.5107352710328996,0.7471784702502191,0.46875,0.0,0.53125,nan
metadata_order,3,sub-21,2,tent_det,ses-1,1,63,True,31,2076345302,EEGTTA-PHASE1|v1|metadata_order|tent_det|sub-21|2|3,1834454193,True,False,0.557473361492157,0.4909636974334717,0.4193548262119293,0.6903944611549377,0.557473361492157,0.09367121756076813,0.027142008766531944,6.933292865753174,0.557473408055925,0.490963734566204,0.692983863482949,0.509036265433796,0.6903945413087645,0.41935483870967744,0.0,0.5806451612903226,nan
metadata_order,0,sub-22,2,tent_det,ses-2,0,73,False,32,184346912,EEGTTA-PHASE1|v1|metadata_order|tent_det|sub-22|2|0,1580331875,True,False,0.5841729640960693,0.5694880485534668,0.6875,0.6833728551864624,0.5841729640960693,0.10230270773172379,0.008506827987730503,6.413325309753418,0.5841729554832978,0.569488060194999,0.6834586698062973,0.569488060194999,0.683372828643769,0.6875,1.0,0.6875,nan
metadata_order,1,sub-22,2,tent_det,ses-2,0,73,False,32,811601777,EEGTTA-PHASE1|v1|metadata_order|tent_det|sub-22|2|1,184346912,True,False,0.5934503674507141,0.5414507389068604,0.59375,0.6817634105682373,0.5934503674507141,0.10596035420894623,0.014318322762846947,6.414649963378906,0.593450338850591,0.5414507770910859,0.689706899726246,0.5414507770910859,0.6817634357139468,0.59375,1.0,0.59375,nan
metadata_order,2,sub-22,2,tent_det,ses-2,0,73,True,9,619006323,EEGTTA-PHASE1|v1|metadata_order|tent_det|sub-22|2|2,811601777,True,False,0.6008632779121399,0.5170264840126038,0.5555555820465088,0.68331378698349,0.6008632779121399,0.08622344583272934,0.019846584647893906,6.416273593902588,0.600863219430812,0.5170264376534356,0.6925672692939165,0.5170264376534356,0.6833137936062283,0.5555555555555556,1.0,0.5555555555555556,nan
metadata_order,3,sub-22,2,tent_det,ses-1,1,73,False,32,504854924,EEGTTA-PHASE1|v1|metadata_order|tent_det|sub-22|2|3,619006323,True,False,0.6296532154083252,0.5717337131500244,0.6875,0.6529812812805176,0.6296532154083252,0.1016131043434143,0.025396380573511124,6.4177350997924805,0.6296532191721596,0.5717336907982826,0.6828201372418221,0.5717336907982826,0.6529812812805176,0.6875,0.0,0.3125,nan
metadata_order,4,sub-22,2,tent_det,ses-1,1,73,False,32,1983055290,EEGTTA-PHASE1|v1|metadata_order|tent_det|sub-22|2|4,504854924,True,False,0.634008526802063,0.5685311555862427,0.65625,0.6417981386184692,0.634008526802063,0.09095676988363266,0.030885539948940277,6.419201850891113,0.6340085091903103,0.568531165830791,0.6837245061895783,0.568531165830791,0.6417981209233403,0.65625,0.0,0.34375,nan
metadata_order,5,sub-22,2,tent_det,ses-1,1,73,True,9,2082920302,EEGTTA-PHASE1|v1|metadata_order|tent_det|sub-22|2|5,1983055290,True,False,0.6319760084152222,0.5945882201194763,0.5555555820465088,0.6186637878417969,0.6319760084152222,0.10943044722080231,0.03623725473880768,6.420583724975586,0.6319760497786453,0.5945881969398923,0.6751450387462095,0.5945881969398923,0.6186638043986427,0.5555555555555556,0.0,0.4444444444444444,nan
metadata_order,0,sub-23,2,tent_det,ses-1,0,74,False,32,184792132,EEGTTA-PHASE1|v1|metadata_order|tent_det|sub-23|2|0,48897118,True,False,0.6237450838088989,0.551243782043457,0.5,0.6512752175331116,0.6237450838088989,0.09453520178794861,0.008507399819791317,6.455096244812012,0.6237451142715966,0.5512437438592315,0.6878861051934663,0.5512437438592315,0.6512752184644341,0.5,0.0,0.5,nan
metadata_order,1,sub-23,2,tent_det,ses-1,0,74,False,32,146145793,EEGTTA-PHASE1|v1|metadata_order|tent_det|sub-23|2|1,184792132,True,False,0.642183780670166,0.5217894315719604,0.53125,0.6236417889595032,0.642183780670166,0.049839410930871964,0.014648905955255032,6.4556097984313965,0.6421837504116734,0.5217893873341382,0.6921973249791666,0.5217893873341382,0.6236417922191322,0.53125,0.0,0.46875,nan
metadata_order,2,sub-23,2,tent_det,ses-1,0,74,True,10,771722166,EEGTTA-PHASE1|v1|metadata_order|tent_det|sub-23|2|2,146145793,True,False,0.6312087178230286,0.5269081592559814,0.5,0.6450374722480774,0.6312087178230286,0.09030728042125702,0.01992040127515793,6.456234455108643,0.631208716936106,0.5269081443548203,0.6916983842892204,0.5269081443548203,0.6450374394655227,0.5,0.0,0.5,nan
metadata_order,3,sub-23,2,tent_det,ses-2,1,74,False,32,484146816,EEGTTA-PHASE1|v1|metadata_order|tent_det|sub-23|2|3,771722166,True,False,0.6359413862228394,0.5002711415290833,0.46875,0.62663733959198,0.6359413862228394,0.06551285088062286,0.025118136778473854,6.456564903259277,0.6359414029235879,0.5002711368724704,0.6931470335295309,0.5002711368724704,0.6266373405233026,0.46875,1.0,0.46875,nan
metadata_order,4,sub-23,2,tent_det,ses-2,1,74,False,32,1051522955,EEGTTA-PHASE1|v1|metadata_order|tent_det|sub-23|2|4,484146816,True,False,0.6050513982772827,0.5529663562774658,0.59375,0.6713351011276245,0.6050513982772827,0.08751610666513443,0.030500365421175957,6.457249164581299,0.605051383842285,0.5529663730412722,0.6875257658576608,0.5529663730412722,0.6713350657373667,0.59375,1.0,0.59375,nan
metadata_order,5,sub-23,2,tent_det,ses-2,1,74,True,10,29525335,EEGTTA-PHASE1|v1|metadata_order|tent_det|sub-23|2|5,1051522955,True,False,0.617063581943512,0.5615847706794739,0.699999988079071,0.6632524728775024,0.617063581943512,0.12518678605556488,0.036101508885622025,6.457739353179932,0.6170635630253243,0.5615847483277321,0.6855425215254815,0.5615847483277321,0.6632524117827415,0.7,1.0,0.7,nan
metadata_order,0,sub-24,2,tent_det,ses-2,0,70,False,32,1627251386,EEGTTA-PHASE1|v1|metadata_order|tent_det|sub-24|2|0,1753448742,True,False,0.3641819953918457,0.47803816199302673,0.4375,0.8315302133560181,0.3641819953918457,0.09269075095653534,0.008575682528316975,8.839533805847168,0.36418202165251623,0.4780381687451154,0.6921822260768011,0.5219618312548846,0.8315301544498652,0.4375,1.0,0.4375,nan
metadata_order,1,sub-24,2,tent_det,ses-2,0,70,False,32,46378032,EEGTTA-PHASE1|v1|metadata_order|tent_det|sub-24|2|1,1627251386,True,False,0.3428841233253479,0.4626104235649109,0.46875,0.8592008948326111,0.3428841233253479,0.1632661670446396,0.014209038577973843,8.841880798339844,0.3428841306813817,0.4626104294147808,0.6903486089393677,0.5373895705852192,0.8592008964333218,0.46875,1.0,0.46875,nan
metadata_order,2,sub-24,2,tent_det,ses-2,0,70,True,6,722024383,EEGTTA-PHASE1|v1|metadata_order|tent_det|sub-24|2|2,46378032,True,False,0.3720499873161316,0.5536878108978271,0.6666666865348816,0.8524031639099121,0.3720499873161316,0.3230816721916199,0.017154404893517494,8.843689918518066,0.37204992551811483,0.5536877748866876,0.6873712973462501,0.5536877748866876,0.8524031403164068,0.6666666666666666,1.0,0.6666666666666666,nan
metadata_order,3,sub-24,2,tent_det,ses-1,1,72,False,32,1726418846,EEGTTA-PHASE1|v1|metadata_order|tent_det|sub-24|2|3,722024383,True,False,0.3905898332595825,0.521892249584198,0.46875,0.8371651768684387,0.3905898332595825,0.13461801409721375,0.020901702344417572,8.845590591430664,0.39058982528941066,0.5218922379426658,0.6921883338941568,0.5218922379426658,0.8371651959605515,0.46875,0.0,0.53125,nan
metadata_order,4,sub-24,2,tent_det,ses-1,1,72,False,32,283162355,EEGTTA-PHASE1|v1|metadata_order|tent_det|sub-24|2|4,1726418846,True,False,0.3885667622089386,0.5925871729850769,0.625,0.8191789984703064,0.3885667622089386,0.11603572964668274,0.024824172258377075,8.847583770751953,0.3885667395042736,0.5925871732906671,0.67590306109012,0.5925871732906671,0.8191790018900065,0.625,0.0,0.375,nan
metadata_order,5,sub-24,2,tent_det,ses-1,1,72,True,8,1809187829,EEGTTA-PHASE1|v1|metadata_order|tent_det|sub-24|2|5,283162355,True,False,0.3712320923805237,0.5962259769439697,0.625,0.8507041931152344,0.3712320923805237,0.21599122881889343,0.028330838307738304,8.849540710449219,0.37123204304609453,0.5962259890511632,0.6745122542857738,0.5962259890511632,0.8507041959092021,0.625,0.0,0.375,nan
metadata_order,0,sub-25,2,tent_det,ses-2,0,73,False,32,1023538767,EEGTTA-PHASE1|v1|metadata_order|tent_det|sub-25|2|0,1292661905,True,False,0.49935615062713623,0.45046278834342957,0.40625,0.7513344287872314,0.49935615062713623,0.16835884749889374,0.008591689169406891,7.6979475021362305,0.4993561620162203,0.45046279951930046,0.6882312513481634,0.5495372004806995,0.7513344176113605,0.40625,1.0,0.40625,nan
metadata_order,1,sub-25,2,tent_det,ses-2,0,73,False,32,1669437222,EEGTTA-PHASE1|v1|metadata_order|tent_det|sub-25|2|1,1023538767,True,False,0.4145301580429077,0.4677400588989258,0.4375,0.8052261471748352,0.4145301580429077,0.14453564584255219,0.01513015478849411,7.699156761169434,0.4145301901381244,0.4677400551736355,0.6910643259830497,0.5322599448263645,0.8052261359989643,0.4375,1.0,0.4375,nan
metadata_order,2,sub-25,2,tent_det,ses-2,0,73,True,9,47262676,EEGTTA-PHASE1|v1|metadata_order|tent_det|sub-25|2|2,1669437222,True,False,0.5248335003852844,0.45085206627845764,0.5555555820465088,0.7353537082672119,0.5248335003852844,0.17265929281711578,0.020239898934960365,7.700994491577148,0.5248334348268562,0.45085204641024273,0.6883083279943585,0.5491479535897572,0.7353536850876279,0.5555555555555556,1.0,0.5555555555555556,nan
metadata_order,3,sub-25,2,tent_det,ses-1,1,73,False,32,2082753430,EEGTTA-PHASE1|v1|metadata_order|tent_det|sub-25|2|3,47262676,True,False,0.4311405420303345,0.5325102210044861,0.5,0.7920357584953308,0.4311405420303345,0.11081243306398392,0.023952078074216843,7.703090667724609,0.4311405468739497,0.532510199736862,0.6910318624412995,0.532510199736862,0.7920357648617937,0.5,0.0,0.5,nan
metadata_order,4,sub-25,2,tent_det,ses-1,1,73,False,32,1741661272,EEGTTA-PHASE1|v1|metadata_order|tent_det|sub-25|2|4,2082753430,True,False,0.4112558960914612,0.48143279552459717,0.46875,0.8162053227424622,0.4112558960914612,0.1510549783706665,0.02779564820230007,7.7051191329956055,0.41125590907157067,0.48143280373187736,0.6924575404563529,0.5185671962681226,0.8162053331616335,0.46875,0.0,0.53125,nan
metadata_order,5,sub-25,2,tent_det,ses-1,1,73,True,9,1106916254,EEGTTA-PHASE1|v1|metadata_order|tent_det|sub-25|2|5,1741661272,True,False,0.4465734660625458,0.47301551699638367,0.5555555820465088,0.7827788591384888,0.4465734660625458,0.19508817791938782,0.03196259215474129,7.7070722579956055,0.4465734574513551,0.47301552693049115,0.6916901492018799,0.5269844730695088,0.7827788392702738,0.5555555555555556,0.0,0.4444444444444444,nan
metadata_order,0,sub-26,2,tent_det,ses-2,0,74,False,32,1222714204,EEGTTA-PHASE1|v1|metadata_order|tent_det|sub-26|2|0,1920732765,True,False,0.6556466817855835,0.5049508810043335,0.53125,0.600043535232544,0.6556466817855835,0.03499896079301834,0.00848956685513258,6.380595684051514,0.6556466811606416,0.5049508474767208,0.6930981579773934,0.5049508474767208,0.6000435538589954,0.53125,1.0,0.53125,nan
metadata_order,1,sub-26,2,tent_det,ses-2,0,74,False,32,237704561,EEGTTA-PHASE1|v1|metadata_order|tent_det|sub-26|2|1,1222714204,True,False,0.6202643513679504,0.5062462091445923,0.46875,0.655644416809082,0.6202643513679504,0.05497743934392929,0.014466887339949608,6.381650924682617,0.6202643536572227,0.506246181204915,0.6930691489709919,0.506246181204915,0.6556444447487593,0.46875,1.0,0.46875,nan
metadata_order,2,sub-26,2,tent_det,ses-2,0,74,True,10,1747811093,EEGTTA-PHASE1|v1|metadata_order|tent_det|sub-26|2|2,237704561,True,False,0.6589833498001099,0.5099210739135742,0.6000000238418579,0.6060473918914795,0.6589833498001099,0.03519106283783913,0.020122602581977844,6.382816314697266,0.6589833295840613,0.5099210917949677,0.6929503115156576,0.5099210917949677,0.606047397851944,0.6,1.0,0.6,nan
metadata_order,3,sub-26,2,tent_det,ses-1,1,73,False,32,2108628179,EEGTTA-PHASE1|v1|metadata_order|tent_det|sub-26|2|3,1747811093,True,False,0.633840024471283,0.5013793706893921,0.53125,0.6376561522483826,0.633840024471283,0.059628769755363464,0.02569408342242241,6.383543968200684,0.6338400290576685,0.5013793725520372,0.6931433752178437,0.5013793725520372,0.6376561466604471,0.53125,0.0,0.46875,nan
metadata_order,4,sub-26,2,tent_det,ses-1,1,73,False,32,411916285,EEGTTA-PHASE1|v1|metadata_order|tent_det|sub-26|2|4,2108628179,True,False,0.6514321565628052,0.5120241641998291,0.5,0.6229625940322876,0.6514321565628052,0.034425217658281326,0.03121512569487095,6.384459972381592,0.6514321461260228,0.5120241977274418,0.6928579900198368,0.5120241977274418,0.6229626126587391,0.5,0.0,0.5,nan
metadata_order,5,sub-26,2,tent_det,ses-1,1,73,True,9,689317894,EEGTTA-PHASE1|v1|metadata_order|tent_det|sub-26|2|5,411916285,True,False,0.6593330502510071,0.47716665267944336,0.3333333432674408,0.6136316061019897,0.6593330502510071,0.04960012808442116,0.0358671136200428,6.385474681854248,0.6593330122132518,0.47716663281122845,0.6921040925175641,0.5228333671887715,0.6136315862337748,0.3333333333333333,0.0,0.6666666666666666,nan
metadata_order,0,sub-27,2,tent_det,ses-2,0,74,False,32,394960878,EEGTTA-PHASE1|v1|metadata_order|tent_det|sub-27|2|0,686903580,True,False,0.6062044501304626,0.4914543628692627,0.40625,0.6648364067077637,0.6062044501304626,0.06978211551904678,0.008518816903233528,6.668337345123291,0.6062044582963078,0.4914543526247144,0.6930011172701864,0.5085456473752856,0.6648364020511508,0.40625,1.0,0.40625,nan
metadata_order,1,sub-27,2,tent_det,ses-2,0,74,False,32,822900218,EEGTTA-PHASE1|v1|metadata_order|tent_det|sub-27|2|1,394960878,True,False,0.6120873093605042,0.5110687017440796,0.53125,0.6668405532836914,0.6120873093605042,0.05663098394870758,0.014033953659236431,6.67007303237915,0.6120873073927515,0.5110687182750553,0.6929021274937843,0.5110687182750553,0.6668405218515545,0.53125,1.0,0.53125,nan
metadata_order,2,sub-27,2,tent_det,ses-2,0,74,True,10,648666763,EEGTTA-PHASE1|v1|metadata_order|tent_det|sub-27|2|2,822900218,True,False,0.5988870859146118,0.5216315984725952,0.6000000238418579,0.6516551971435547,0.5988870859146118,0.08639830350875854,0.018442008644342422,6.671865463256836,0.5988870390060057,0.5216315858066082,0.6922110373931024,0.5216315858066082,0.6516552336513997,0.6,1.0,0.6,nan
metadata_order,3,sub-27,2,tent_det,ses-1,1,73,False,32,1752943721,EEGTTA-PHASE1|v1|metadata_order|tent_det|sub-27|2|3,648666763,True,False,0.5646930932998657,0.5467901229858398,0.5625,0.7018760442733765,0.5646930932998657,0.09203919768333435,0.023209067061543465,6.673639297485352,0.5646931237764595,0.5467901465017349,0.6887621316319635,0.5467901465017349,0.7018760505598038,0.5625,0.0,0.4375,nan
metadata_order,4,sub-27,2,tent_det,ses-1,1,73,False,32,22984236,EEGTTA-PHASE1|v1|metadata_order|tent_det|sub-27|2|4,1752943721,True,False,0.593237042427063,0.546871542930603,0.625,0.6817759871482849,0.593237042427063,0.08965303748846054,0.028188828378915787,6.67559289932251,0.593237047686301,0.5468715876340866,0.6887468309495575,0.5468715876340866,0.6817760057747364,0.625,0.0,0.375,nan
metadata_order,5,sub-27,2,tent_det,ses-1,1,73,True,9,7394903,EEGTTA-PHASE1|v1|metadata_order|tent_det|sub-27|2|5,22984236,True,False,0.6338663101196289,0.5410435199737549,0.6666666865348816,0.6500260233879089,0.6338663101196289,0.09771615266799927,0.03293389081954956,6.677553653717041,0.6338663100107966,0.5410434984498553,0.689774249098838,0.5410434984498553,0.6500260117981169,0.6666666666666666,0.0,0.3333333333333333,nan
metadata_order,0,sub-28,2,tent_det,ses-2,0,57,False,32,387981796,EEGTTA-PHASE1|v1|metadata_order|tent_det|sub-28|2|0,2028569965,True,False,0.31670430302619934,0.4344169497489929,0.46875,0.8570902943611145,0.31670430302619934,0.18549293279647827,0.008578737266361713,8.331046104431152,0.3167042817451012,0.4344169749383582,0.6845200765481337,0.5655830250616418,0.8570903138752328,0.46875,1.0,0.46875,nan
metadata_order,1,sub-28,2,tent_det,ses-2,0,57,True,25,1685499000,EEGTTA-PHASE1|v1|metadata_order|tent_det|sub-28|2|1,387981796,True,False,0.4196416139602661,0.44643619656562805,0.3999999761581421,0.8030314445495605,0.4196416139602661,0.16493737697601318,0.01592131331562996,8.333510398864746,0.4196416303862785,0.44643621997558514,0.6873979973215661,0.5535637800244149,0.8030314676312265,0.4,1.0,0.4,nan
metadata_order,2,sub-28,2,tent_det,ses-1,1,74,False,32,167924165,EEGTTA-PHASE1|v1|metadata_order|tent_det|sub-28|2|2,1685499000,True,False,0.26853007078170776,0.47413015365600586,0.46875,0.8846517205238342,0.26853007078170776,0.2541433274745941,0.0226956307888031,8.336005210876465,0.26853002738561293,0.4741301558478881,0.6918080850546388,0.5258698441521119,0.8846516997055005,0.46875,0.0,0.53125,nan
metadata_order,3,sub-28,2,tent_det,ses-1,1,74,False,32,585168957,EEGTTA-PHASE1|v1|metadata_order|tent_det|sub-28|2|3,167924165,True,False,0.3908360004425049,0.45566728711128235,0.40625,0.8131787180900574,0.3908360004425049,0.12330380082130432,0.029197072610259056,8.33853816986084,0.39083600600553403,0.4556672688340768,0.6892112318408994,0.5443327311659232,0.813178725191392,0.40625,0.0,0.59375,nan
metadata_order,4,sub-28,2,tent_det,ses-1,1,74,True,10,28903585,EEGTTA-PHASE1|v1|metadata_order|tent_det|sub-28|2|4,585168957,True,False,0.24830511212348938,0.6010617613792419,0.699999988079071,0.8969696164131165,0.24830511212348938,0.2740500867366791,0.03220811486244202,8.340599060058594,0.24830511545984932,0.6010617391671985,0.6725788196072984,0.6010617391671985,0.8969696267042309,0.7,0.0,0.3,nan
metadata_order,0,sub-29,2,tent_det,ses-1,0,72,False,32,1580563824,EEGTTA-PHASE1|v1|metadata_order|tent_det|sub-29|2|0,1092222846,True,False,0.5885694026947021,0.5210263133049011,0.5,0.6844549179077148,0.5885694026947021,0.09497500956058502,0.00849462952464819,6.5488972663879395,0.5885694442494422,0.521026324480772,0.6922627071224152,0.521026324480772,0.684454895555973,0.5,0.0,0.5,nan
metadata_order,1,sub-29,2,tent_det,ses-1,0,72,False,32,230678011,EEGTTA-PHASE1|v1|metadata_order|tent_det|sub-29|2|1,1580563824,True,False,0.5613226890563965,0.5044305324554443,0.46875,0.7133082151412964,0.5613226890563965,0.1085280105471611,0.01468619704246521,6.5507025718688965,0.5613226828622802,0.5044305343180895,0.6931079207774782,0.5044305343180895,0.7133082542568445,0.46875,0.0,0.53125,nan
metadata_order,2,sub-29,2,tent_det,ses-1,0,72,True,8,1720743701,EEGTTA-PHASE1|v1|metadata_order|tent_det|sub-29|2|2,230678011,True,False,0.6038969159126282,0.5103394985198975,0.5,0.6746842861175537,0.6038969159126282,0.10258328169584274,0.02040623500943184,6.55256462097168,0.603896898469122,0.5103395245969296,0.6929333537810993,0.5103395245969296,0.6746843196451664,0.5,0.0,0.5,nan
metadata_order,3,sub-29,2,tent_det,ses-2,1,74,False,32,905029953,EEGTTA-PHASE1|v1|metadata_order|tent_det|sub-29|2|3,1720743701,True,False,0.5289902091026306,0.5000101327896118,0.5,0.7441526651382446,0.5289902091026306,0.11371681839227676,0.025895562022924423,6.554007530212402,0.5289902006486391,0.5000101232435554,0.6931471803549852,0.5000101232435554,0.7441526225302368,0.5,1.0,0.5,nan
metadata_order,4,sub-29,2,tent_det,ses-2,1,74,False,32,967987624,EEGTTA-PHASE1|v1|metadata_order|tent_det|sub-29|2|4,905029953,True,False,0.5376071929931641,0.5022563338279724,0.4375,0.7271649241447449,0.5376071929931641,0.11618731915950775,0.031513623893260956,6.555129051208496,0.5376071666755983,0.5022563583916053,0.6931369982190025,0.5022563583916053,0.7271649182075635,0.4375,1.0,0.4375,nan
metadata_order,5,sub-29,2,tent_det,ses-2,1,74,True,10,1941968415,EEGTTA-PHASE1|v1|metadata_order|tent_det|sub-29|2|5,967987624,True,False,0.5132367014884949,0.511555016040802,0.5,0.7534855008125305,0.5132367014884949,0.12448486685752869,0.03675149008631706,6.556110382080078,0.5132367557696725,0.5115549907088279,0.6928801211649629,0.5115549907088279,0.7534855142235756,0.5,1.0,0.5,nan
metadata_order,0,sub-30,2,tent_det,ses-1,0,73,False,32,766300078,EEGTTA-PHASE1|v1|metadata_order|tent_det|sub-30|2|0,1440285833,True,False,0.4937930405139923,0.5595207810401917,0.53125,0.7384628057479858,0.4937930405139923,0.10138393193483353,0.008576859720051289,7.610051155090332,0.49379302467255415,0.5595207810401917,0.6860449037063643,0.5595207810401917,0.7384627871215343,0.53125,0.0,0.46875,nan
metadata_order,1,sub-30,2,tent_det,ses-1,0,73,False,32,676759331,EEGTTA-PHASE1|v1|metadata_order|tent_det|sub-30|2|1,766300078,True,False,0.45507192611694336,0.5487377643585205,0.5,0.7920048832893372,0.45507192611694336,0.09104352444410324,0.01510617695748806,7.612506866455078,0.4550719146160931,0.5487378014950082,0.6883888820340438,0.5487378014950082,0.7920049057574943,0.5,0.0,0.5,nan
metadata_order,2,sub-30,2,tent_det,ses-1,0,73,True,9,1182909498,EEGTTA-PHASE1|v1|metadata_order|tent_det|sub-30|2|2,676759331,True,False,0.4928479790687561,0.5567642450332642,0.4444444477558136,0.7659931778907776,0.4928479790687561,0.13098663091659546,0.0207132026553154,7.614602565765381,0.4928479505794956,0.5567641970184114,0.6866889173609441,0.5567641970184114,0.7659931795464622,0.4444444444444444,0.0,0.5555555555555556,nan
metadata_order,3,sub-30,2,tent_det,ses-2,1,73,False,32,321057406,EEGTTA-PHASE1|v1|metadata_order|tent_det|sub-30|2|3,1182909498,True,False,0.42057090997695923,0.5702475905418396,0.53125,0.8024846315383911,0.42057090997695923,0.13674938678741455,0.02669263817369938,7.61664342880249,0.42057088204883475,0.5702475764555857,0.6832450088200499,0.5702475764555857,0.8024845897452906,0.53125,1.0,0.53125,nan
metadata_order,4,sub-30,2,tent_det,ses-2,1,73,False,32,56059385,EEGTTA-PHASE1|v1|metadata_order|tent_det|sub-30|2|4,321057406,True,False,0.47492098808288574,0.5924923419952393,0.625,0.7810559272766113,0.47492098808288574,0.1586800217628479,0.031737297773361206,7.618732452392578,0.47492097419926105,0.5924923464190215,0.6759385713467945,0.5924923464190215,0.7810559191275388,0.625,1.0,0.625,nan
metadata_order,5,sub-30,2,tent_det,ses-2,1,73,True,9,1176054541,EEGTTA-PHASE1|v1|metadata_order|tent_det|sub-30|2|5,56059385,True,False,0.4551844000816345,0.5980660915374756,0.5555555820465088,0.7888563871383667,0.4551844000816345,0.17658087611198425,0.03649042919278145,7.620891571044922,0.4551844249343682,0.5980660600794686,0.6737880244063048,0.5980660600794686,0.7888563921054205,0.5555555555555556,1.0,0.5555555555555556,nan
metadata_order,0,sub-31,2,tent_det,ses-1,0,73,False,32,776948768,EEGTTA-PHASE1|v1|metadata_order|tent_det|sub-31|2|0,1727013650,True,False,0.40257278084754944,0.45821958780288696,0.4375,0.8219013810157776,0.40257278084754944,0.13501019775867462,0.008545530959963799,7.874554634094238,0.40257279637555526,0.45821959141176194,0.6896519012487093,0.5417804085882381,0.8219013923080638,0.4375,0.0,0.5625,nan
metadata_order,1,sub-31,2,tent_det,ses-1,0,73,False,32,633702913,EEGTTA-PHASE1|v1|metadata_order|tent_det|sub-31|2|1,776948768,True,False,0.45851969718933105,0.4805198907852173,0.5,0.7739939093589783,0.45851969718933105,0.08439409732818604,0.014188307337462902,7.877145767211914,0.4585196822623272,0.48051986904465593,0.6923880374369906,0.5194801309553441,0.7739938677696045,0.5,0.0,0.5,nan
metadata_order,2,sub-31,2,tent_det,ses-1,0,73,True,9,192239123,EEGTTA-PHASE1|v1|metadata_order|tent_det|sub-31|2|2,633702913,True,False,0.48717001080513,0.5108011960983276,0.5555555820465088,0.7629634141921997,0.48717001080513,0.13652800023555756,0.018925262615084648,7.8789448738098145,0.48716998102311265,0.510801231695546,0.6929138291961459,0.510801231695546,0.762963458067841,0.5555555555555556,0.0,0.4444444444444444,nan
metadata_order,3,sub-31,2,tent_det,ses-2,1,71,False,32,357784220,EEGTTA-PHASE1|v1|metadata_order|tent_det|sub-31|2|3,192239123,True,False,0.4616132974624634,0.4531009793281555,0.40625,0.7665985822677612,0.4616132974624634,0.13075479865074158,0.02434280514717102,7.881133556365967,0.46161333526853265,0.45310099169728346,0.6887416732921047,0.5468990083027165,0.7665986257779878,0.40625,1.0,0.40625,nan
metadata_order,4,sub-31,2,tent_det,ses-2,1,71,False,32,720726182,EEGTTA-PHASE1|v1|metadata_order|tent_det|sub-31|2|4,357784220,True,False,0.49931275844573975,0.48847121000289917,0.53125,0.7555722594261169,0.49931275844573975,0.09249891340732574,0.029597466811537743,7.8835625648498535,0.49931276697768645,0.4884711929516925,0.6928813302163941,0.5115288070483075,0.7555722466750012,0.53125,1.0,0.53125,nan
metadata_order,5,sub-31,2,tent_det,ses-2,1,71,True,7,991975018,EEGTTA-PHASE1|v1|metadata_order|tent_det|sub-31|2|5,720726182,True,False,0.5732934474945068,0.49802926182746887,0.5714285969734192,0.7161797285079956,0.5732934474945068,0.1504123955965042,0.03483406826853752,7.885716915130615,0.5732934256985354,0.49802923628262113,0.6931394127205726,0.5019707637173789,0.7161797072206225,0.5714285714285714,1.0,0.5714285714285714,nan
metadata_order,0,sub-32,2,tent_det,ses-1,0,68,False,32,1676911367,EEGTTA-PHASE1|v1|metadata_order|tent_det|sub-32|2|0,967459696,True,False,0.5929490327835083,0.5075773000717163,0.53125,0.6723395586013794,0.5929490327835083,0.09511430561542511,0.008498121052980423,6.709819793701172,0.5929490767813701,0.5075772921554744,0.6930323454513585,0.5075772921554744,0.6723395218141377,0.53125,0.0,0.46875,nan
metadata_order,1,sub-32,2,tent_det,ses-1,0,68,False,32,650026043,EEGTTA-PHASE1|v1|metadata_order|tent_det|sub-32|2|1,1676911367,True,False,0.5814149975776672,0.5110911726951599,0.46875,0.6926462054252625,0.5814149975776672,0.09275522828102112,0.014635118655860424,6.711827754974365,0.5814149781445378,0.5110911563970149,0.6929011328790167,0.5110911563970149,0.692646203096956,0.46875,0.0,0.53125,nan
metadata_order,2,sub-32,2,tent_det,ses-1,0,68,True,4,799342041,EEGTTA-PHASE1|v1|metadata_order|tent_det|sub-32|2|2,650026043,True,False,0.6147829294204712,0.49357008934020996,0.5,0.6568899154663086,0.6147829294204712,0.13760487735271454,0.01935844123363495,6.71290922164917,0.614782922422711,0.49357007071375847,0.6930644902994416,0.5064299292862415,0.6568899042904377,0.5,0.0,0.5,nan
metadata_order,3,sub-32,2,tent_det,ses-2,1,65,False,32,145624787,EEGTTA-PHASE1|v1|metadata_order|tent_det|sub-32|2|3,799342041,True,False,0.5582032203674316,0.49684932827949524,0.4375,0.7023200988769531,0.5582032203674316,0.13169482350349426,0.024080559611320496,6.7141265869140625,0.5582032480147049,0.4968493210617453,0.6931273268730114,0.5031506789382547,0.7023200688418001,0.4375,1.0,0.4375,nan
metadata_order,4,sub-32,2,tent_det,ses-2,1,65,False,32,1137741910,EEGTTA-PHASE1|v1|metadata_order|tent_det|sub-32|2|4,145624787,True,False,0.5533919930458069,0.5168170928955078,0.46875,0.709572434425354,0.5533919930458069,0.10234067589044571,0.029120706021785736,6.715417385101318,0.5533919686818276,0.5168171157129109,0.6925814431038024,0.5168171157129109,0.7095724041573703,0.46875,1.0,0.46875,nan
metadata_order,5,sub-32,2,tent_det,ses-2,1,65,True,1,1413762444,EEGTTA-PHASE1|v1|metadata_order|tent_det|sub-32|2|5,1137741910,True,False,0.6356298327445984,0.6679372191429138,1.0,0.6679372191429138,0.6356298327445984,0.35483086109161377,0.0320129357278347,6.716647148132324,0.6356298539310115,0.6679372191429138,0.6356298539310115,0.6679372191429138,0.6679372191429138,1.0,1.0,1.0,nan
metadata_order,0,sub-33,2,tent_det,ses-1,0,73,False,32,2043641739,EEGTTA-PHASE1|v1|metadata_order|tent_det|sub-33|2|0,1630863708,True,False,0.5918247699737549,0.4976659119129181,0.53125,0.6813485622406006,0.5918247699737549,0.09876064956188202,0.008528049103915691,6.691463947296143,0.5918247725913642,0.4976658998057246,0.6931362844729365,0.5023341001942754,0.681348611600697,0.53125,0.0,0.46875,nan
metadata_order,1,sub-33,2,tent_det,ses-1,0,73,False,32,597367178,EEGTTA-PHASE1|v1|metadata_order|tent_det|sub-33|2|1,2043641739,True,False,0.5920184850692749,0.48166751861572266,0.40625,0.6846088171005249,0.5920184850692749,0.106208436191082,0.015272947959601879,6.692997932434082,0.5920184920297762,0.4816675176844001,0.6924748700635959,0.5183324823155999,0.6846088403835893,0.40625,0.0,0.59375,nan
metadata_order,2,sub-33,2,tent_det,ses-1,0,73,True,9,215636710,EEGTTA-PHASE1|v1|metadata_order|tent_det|sub-33|2|2,597367178,True,False,0.5951249003410339,0.48228564858436584,0.5555555820465088,0.7008475661277771,0.5951249003410339,0.1345406025648117,0.02188071608543396,6.693951606750488,0.5951249100751211,0.48228565355141956,0.6925194530614764,0.5177143464485805,0.700847617453999,0.5555555555555556,0.0,0.4444444444444444,nan
metadata_order,3,sub-33,2,tent_det,ses-2,1,72,False,32,1037723122,EEGTTA-PHASE1|v1|metadata_order|tent_det|sub-33|2|3,215636710,True,False,0.5033327341079712,0.48032060265541077,0.40625,0.7362760305404663,0.5033327341079712,0.07993695884943008,0.02818327397108078,6.6953816413879395,0.5033327250188214,0.4803205912176054,0.6923724221957102,0.5196794087823946,0.736276045703562,0.40625,1.0,0.40625,nan
metadata_order,4,sub-33,2,tent_det,ses-2,1,72,False,32,861973808,EEGTTA-PHASE1|v1|metadata_order|tent_det|sub-33|2|4,1037723122,True,False,0.536116361618042,0.45418983697891235,0.4375,0.7357257604598999,0.536116361618042,0.1101263090968132,0.03429689258337021,6.696719169616699,0.536116392551869,0.4541898409370333,0.6889441474090862,0.5458101590629667,0.7357257416006178,0.4375,1.0,0.4375,nan
metadata_order,5,sub-33,2,tent_det,ses-2,1,72,True,8,595561354,EEGTTA-PHASE1|v1|metadata_order|tent_det|sub-33|2|5,861973808,True,False,0.5447211265563965,0.4708211421966553,0.375,0.7070645093917847,0.5447211265563965,0.1395246386528015,0.04042787849903107,6.697838306427002,0.5447211171899837,0.47082114685326815,0.6914434017772767,0.5291788531467319,0.7070644600316882,0.375,1.0,0.375,nan
metadata_order,0,sub-34,2,tent_det,ses-1,0,72,False,32,188636149,EEGTTA-PHASE1|v1|metadata_order|tent_det|sub-34|2|0,783156514,True,False,0.47551679611206055,0.537212610244751,0.59375,0.7562283873558044,0.47551679611206055,0.08913471549749374,0.008506189100444317,6.82882022857666,0.4755167895971294,0.5372126446090988,0.6903750562161869,0.5372126446090988,0.7562284051455208,0.59375,0.0,0.40625,nan
metadata_order,1,sub-34,2,tent_det,ses-1,0,72,False,32,1517858632,EEGTTA-PHASE1|v1|metadata_order|tent_det|sub-34|2|1,188636149,True,False,0.5263961553573608,0.5224562883377075,0.53125,0.7331784963607788,0.5263961553573608,0.11542925983667374,0.015482165850698948,6.829859256744385,0.52639619387126,0.5224563097581267,0.6921382695178718,0.5224563097581267,0.7331784563139081,0.53125,0.0,0.46875,nan
metadata_order,2,sub-34,2,tent_det,ses-1,0,72,True,8,148794259,EEGTTA-PHASE1|v1|metadata_order|tent_det|sub-34|2|2,1517858632,True,False,0.5638859272003174,0.48223942518234253,0.5,0.6978738307952881,0.5638859272003174,0.17841467261314392,0.01934712752699852,6.830892086029053,0.5638859368126559,0.4822394326329231,0.6925161723185733,0.5177605673670769,0.6978738084435463,0.5,0.0,0.5,nan
metadata_order,3,sub-34,2,tent_det,ses-2,1,73,False,32,478862568,EEGTTA-PHASE1|v1|metadata_order|tent_det|sub-34|2|3,148794259,True,False,0.4683416485786438,0.5454039573669434,0.5,0.7777836918830872,0.4683416485786438,0.15461276471614838,0.024321574717760086,6.8319854736328125,0.4683416580458527,0.5454039743053727,0.6890184535298302,0.5454039743053727,0.7777836488676257,0.5,1.0,0.5,nan
metadata_order,4,sub-34,2,tent_det,ses-2,1,73,False,32,1432917891,EEGTTA-PHASE1|v1|metadata_order|tent_det|sub-34|2|4,478862568,True,False,0.4988970160484314,0.4770486652851105,0.40625,0.7483318448066711,0.4988970160484314,0.166194349527359,0.02923981286585331,6.833141326904297,0.49889696862949023,0.47704866237472743,0.6920932824765856,0.5229513376252726,0.7483318477170542,0.40625,1.0,0.40625,nan
metadata_order,5,sub-34,2,tent_det,ses-2,1,73,True,9,1572029054,EEGTTA-PHASE1|v1|metadata_order|tent_det|sub-34|2|5,1432917891,True,False,0.4849413335323334,0.4736824631690979,0.4444444477558136,0.7797916531562805,0.4849413335323334,0.17232272028923035,0.03420274332165718,6.834336280822754,0.48494129742455006,0.4736824706196785,0.691761315528886,0.5263175293803215,0.7797916854421297,0.4444444444444444,1.0,0.4444444444444444,nan
metadata_order,0,sub-35,2,tent_det,ses-1,0,73,False,32,1141574742,EEGTTA-PHASE1|v1|metadata_order|tent_det|sub-35|2|0,121728930,True,False,0.48517006635665894,0.47161638736724854,0.4375,0.7725277543067932,0.48517006635665894,0.1535158008337021,0.008533109910786152,6.5191473960876465,0.48517009249903886,0.4716163966804743,0.6915350561837502,0.5283836033195257,0.7725277226418257,0.4375,0.0,0.5625,nan
metadata_order,1,sub-35,2,tent_det,ses-1,0,73,False,32,1768286228,EEGTTA-PHASE1|v1|metadata_order|tent_det|sub-35|2|1,1141574742,True,False,0.5796680450439453,0.503555953502655,0.5,0.69873046875,0.5796680450439453,0.09138202667236328,0.015255479142069817,6.520715713500977,0.5796680901010189,0.5035559383686632,0.693121890951393,0.5035559383686632,0.6987304391805083,0.5,0.0,0.5,nan
metadata_order,2,sub-35,2,tent_det,ses-1,0,73,True,9,1425681414,EEGTTA-PHASE1|v1|metadata_order|tent_det|sub-35|2|2,1768286228,True,False,0.5634733438491821,0.5018852353096008,0.4444444477558136,0.708778440952301,0.5634733438491821,0.11630404740571976,0.021334316581487656,6.52251672744751,0.5634733132623224,0.5018851939174864,0.6931400726308914,0.5018851939174864,0.708778429362509,0.4444444444444444,0.0,0.5555555555555556,nan
metadata_order,3,sub-35,2,tent_det,ses-2,1,73,False,32,308625237,EEGTTA-PHASE1|v1|metadata_order|tent_det|sub-35|2|3,1425681414,True,False,0.6272352933883667,0.5067414045333862,0.53125,0.6373534202575684,0.6272352933883667,0.04822549968957901,0.02658204175531864,6.5240960121154785,0.6272353106422599,0.506741423625499,0.693056284220867,0.506741423625499,0.6373534458689392,0.53125,1.0,0.53125,nan
metadata_order,4,sub-35,2,tent_det,ses-2,1,73,False,32,1746577232,EEGTTA-PHASE1|v1|metadata_order|tent_det|sub-35|2|4,308625237,True,False,0.6418347954750061,0.49902427196502686,0.46875,0.6210909485816956,0.6418347954750061,0.04312245175242424,0.031539399176836014,6.525578022003174,0.6418347759277001,0.49902426498010755,0.6931452764410787,0.5009757350198925,0.6210909369401634,0.46875,1.0,0.46875,nan
metadata_order,5,sub-35,2,tent_det,ses-2,1,73,True,9,515117946,EEGTTA-PHASE1|v1|metadata_order|tent_det|sub-35|2|5,1746577232,True,False,0.5838143229484558,0.5397486090660095,0.6666666865348816,0.6951446533203125,0.5838143229484558,0.10398983210325241,0.03543100506067276,6.527234077453613,0.5838143088504384,0.5397485908534791,0.689983942843261,0.5397485908534791,0.6951446516646279,0.6666666666666666,1.0,0.6666666666666666,nan
metadata_order,0,sub-36,2,tent_det,ses-1,0,73,False,32,222376880,EEGTTA-PHASE1|v1|metadata_order|tent_det|sub-36|2|0,394913482,True,False,0.47542399168014526,0.48597198724746704,0.46875,0.7656635046005249,0.47542399168014526,0.1422005444765091,0.008534509688615799,7.142675399780273,0.4754239905463244,0.48597199481446296,0.6927535590522995,0.514028005185537,0.7656634933082387,0.46875,0.0,0.53125,nan
metadata_order,1,sub-36,2,tent_det,ses-1,0,73,False,32,699433468,EEGTTA-PHASE1|v1|metadata_order|tent_det|sub-36|2|1,222376880,True,False,0.5086653232574463,0.47690367698669434,0.46875,0.7454183101654053,0.5086653232574463,0.11225885897874832,0.01476328819990158,7.144219398498535,0.5086653308378711,0.4769036874640733,0.692079921519748,0.5230963125359267,0.7454183071386069,0.46875,0.0,0.53125,nan
metadata_order,2,sub-36,2,tent_det,ses-1,0,73,True,9,255392125,EEGTTA-PHASE1|v1|metadata_order|tent_det|sub-36|2|2,699433468,True,False,0.4971630275249481,0.515702486038208,0.4444444477558136,0.7585362195968628,0.4971630275249481,0.17244693636894226,0.02058425545692444,7.146098613739014,0.49716306720612924,0.515702474448416,0.6926539640594995,0.515702474448416,0.758536191450225,0.4444444444444444,0.0,0.5555555555555556,nan
metadata_order,3,sub-36,2,tent_det,ses-2,1,72,False,32,796878772,EEGTTA-PHASE1|v1|metadata_order|tent_det|sub-36|2|3,255392125,True,False,0.47106415033340454,0.4887852370738983,0.4375,0.7731506824493408,0.47106415033340454,0.1278945356607437,0.026259373873472214,7.147771835327148,0.47106412518815777,0.4887852259853389,0.6928956171521218,0.5112147740146611,0.7731507009884808,0.4375,1.0,0.4375,nan
metadata_order,4,sub-36,2,tent_det,ses-2,1,72,False,32,935097884,EEGTTA-PHASE1|v1|metadata_order|tent_det|sub-36|2|4,796878772,True,False,0.4669031500816345,0.5102704763412476,0.5,0.7675842642784119,0.4669031500816345,0.1502661108970642,0.0312361903488636,7.149452209472656,0.46690313922068494,0.5102705143435742,0.6929361987919959,0.5102705143435742,0.7675842672542785,0.5,1.0,0.5,nan
metadata_order,5,sub-36,2,tent_det,ses-2,1,72,True,8,1025741764,EEGTTA-PHASE1|v1|metadata_order|tent_det|sub-36|2|5,935097884,True,False,0.4149671792984009,0.5020847320556641,0.5,0.7885279655456543,0.4149671792984009,0.1479814499616623,0.036132268607616425,7.151105880737305,0.4149671745239587,0.5020847665145993,0.6931384880319178,0.5020847665145993,0.7885279757902026,0.5,1.0,0.5,nan
metadata_order,0,sub-37,2,tent_det,ses-1,0,71,False,32,363328297,EEGTTA-PHASE1|v1|metadata_order|tent_det|sub-37|2|0,1335284694,True,False,0.6058437824249268,0.5014219880104065,0.5,0.6676572561264038,0.6058437824249268,0.06832723319530487,0.008501468226313591,6.420745849609375,0.6058437887194921,0.5014219605363905,0.69314313661096,0.5014219605363905,0.6676572910510004,0.5,0.0,0.5,nan
metadata_order,1,sub-37,2,tent_det,ses-1,0,71,False,32,575993081,EEGTTA-PHASE1|v1|metadata_order|tent_det|sub-37|2|1,363328297,True,False,0.6236463189125061,0.5379113554954529,0.5625,0.6506251096725464,0.6236463189125061,0.06835935264825821,0.014447235502302647,6.42192268371582,0.6236463169305131,0.5379113473463804,0.6902698793634658,0.5379113473463804,0.6506251140963286,0.5625,0.0,0.4375,nan
metadata_order,2,sub-37,2,tent_det,ses-1,0,71,True,7,1745097694,EEGTTA-PHASE1|v1|metadata_order|tent_det|sub-37|2|2,575993081,True,False,0.5903627276420593,0.5732344388961792,0.7142857313156128,0.6835830211639404,0.5903627276420593,0.0976189449429512,0.019550811499357224,6.423323154449463,0.5903626818560205,0.5732343792915344,0.6823819460415844,0.5732343792915344,0.6835830467087882,0.7142857142857143,0.0,0.2857142857142857,nan
metadata_order,3,sub-37,2,tent_det,ses-2,1,51,False,32,867466574,EEGTTA-PHASE1|v1|metadata_order|tent_det|sub-37|2|3,1745097694,True,False,0.6400478482246399,0.5441925525665283,0.53125,0.6369243860244751,0.6400478482246399,0.05804668739438057,0.02471286430954933,6.424692630767822,0.6400478093534585,0.5441925674676895,0.6892361130396728,0.5441925674676895,0.6369243785738945,0.53125,1.0,0.53125,nan
metadata_order,4,sub-37,2,tent_det,ses-2,1,51,True,19,1848759503,EEGTTA-PHASE1|v1|metadata_order|tent_det|sub-37|2|4,867466574,True,False,0.5752288699150085,0.5169097781181335,0.42105263471603394,0.6894617676734924,0.5752288699150085,0.07681823521852493,0.029887549579143524,6.425999641418457,0.5752288682797161,0.5169097859608499,0.6925751897713208,0.5169097859608499,0.689461709637391,0.42105263157894735,1.0,0.42105263157894735,nan
metadata_order,0,sub-38,2,tent_det,ses-1,0,71,False,32,2139100485,EEGTTA-PHASE1|v1|metadata_order|tent_det|sub-38|2|0,1253001739,True,False,0.6369087100028992,0.6034291982650757,0.71875,0.6327009797096252,0.6369087100028992,0.1088738813996315,0.008511923253536224,6.348389625549316,0.6369087044683281,0.6034291498363018,0.671596744771014,0.6034291498363018,0.6327009163796902,0.71875,0.0,0.28125,nan
metadata_order,1,sub-38,2,tent_det,ses-1,0,71,False,32,689022389,EEGTTA-PHASE1|v1|metadata_order|tent_det|sub-38|2|1,2139100485,True,False,0.6311912536621094,0.5463560819625854,0.5625,0.6384323835372925,0.6311912536621094,0.058977916836738586,0.015313558280467987,6.3484086990356445,0.631191224477466,0.5463560344651341,0.6888432385057318,0.5463560344651341,0.6384324384853244,0.5625,0.0,0.4375,nan
metadata_order,2,sub-38,2,tent_det,ses-1,0,71,True,7,1670673686,EEGTTA-PHASE1|v1|metadata_order|tent_det|sub-38|2|2,689022389,True,False,0.5909446477890015,0.4631187319755554,0.2857142984867096,0.677958071231842,0.5909446477890015,0.10169399529695511,0.020347243174910545,6.348901271820068,0.5909445905493561,0.4631187447479793,0.6904242542407044,0.5368812552520207,0.6779580073697227,0.2857142857142857,0.0,0.7142857142857143,nan
metadata_order,3,sub-38,2,tent_det,ses-2,1,72,False,32,397709754,EEGTTA-PHASE1|v1|metadata_order|tent_det|sub-38|2|3,1670673686,True,False,0.6479564309120178,0.5430224537849426,0.6875,0.6204559206962585,0.6479564309120178,0.05865580588579178,0.025712940841913223,6.349395275115967,0.6479564163853202,0.5430224472656846,0.6894407371134474,0.5430224472656846,0.6204559346660972,0.6875,1.0,0.6875,nan
metadata_order,4,sub-38,2,tent_det,ses-2,1,72,False,32,1351926360,EEGTTA-PHASE1|v1|metadata_order|tent_det|sub-38|2|4,397709754,True,False,0.6484832763671875,0.5578426718711853,0.625,0.6236986517906189,0.6484832763671875,0.07250455766916275,0.03110276535153389,6.349903106689453,0.6484832753759381,0.5578427016735077,0.6864406181660949,0.5578427016735077,0.6236986517906189,0.625,1.0,0.625,nan
metadata_order,5,sub-38,2,tent_det,ses-2,1,72,True,8,1185056312,EEGTTA-PHASE1|v1|metadata_order|tent_det|sub-38|2|5,1351926360,True,False,0.6240837574005127,0.6020770072937012,0.75,0.6320131421089172,0.6240837574005127,0.09462276101112366,0.036532435566186905,6.350483417510986,0.6240837681299602,0.6020770594477654,0.6721604987920355,0.6020770594477654,0.6320131346583366,0.75,1.0,0.75,nan
metadata_order,0,sub-40,2,tent_det,ses-2,0,70,False,32,2094325335,EEGTTA-PHASE1|v1|metadata_order|tent_det|sub-40|2|0,2101732945,True,False,0.3231530785560608,0.4505438804626465,0.4375,0.8655462861061096,0.3231530785560608,0.13853125274181366,0.008609113283455372,9.02806568145752,0.3231530458604569,0.4505438752385089,0.6882473560032796,0.5494561247614911,0.8655462987808278,0.4375,1.0,0.4375,nan
metadata_order,1,sub-40,2,tent_det,ses-2,0,70,False,32,799050618,EEGTTA-PHASE1|v1|metadata_order|tent_det|sub-40|2|1,2094325335,True,False,0.2945694327354431,0.5384523868560791,0.59375,0.8681390285491943,0.2945694327354431,0.10832684487104416,0.0126586202532053,9.029974937438965,0.2945694607687474,0.5384523771353997,0.6901870880745977,0.5384523771353997,0.8681390233687125,0.59375,1.0,0.59375,nan
metadata_order,2,sub-40,2,tent_det,ses-2,0,70,True,6,1918791775,EEGTTA-PHASE1|v1|metadata_order|tent_det|sub-40|2|2,799050618,True,False,0.31499001383781433,0.5649566650390625,0.6666666865348816,0.8515733480453491,0.31499001383781433,0.20802581310272217,0.01639186032116413,9.03156852722168,0.314989953992651,0.5649566767582049,0.6846845416907832,0.5649566767582049,0.8515732568533471,0.6666666666666666,1.0,0.6666666666666666,nan
metadata_order,3,sub-40,2,tent_det,ses-1,1,73,False,32,1446039986,EEGTTA-PHASE1|v1|metadata_order|tent_det|sub-40|2|3,1918791775,True,False,0.4104413688182831,0.5339224934577942,0.59375,0.8013994693756104,0.4104413688182831,0.14744780957698822,0.020461924374103546,9.033020973205566,0.41044136910185414,0.5339224968920462,0.6908439401198652,0.5339224968920462,0.8013994771172293,0.59375,0.0,0.40625,nan
metadata_order,4,sub-40,2,tent_det,ses-1,1,73,False,32,1941656758,EEGTTA-PHASE1|v1|metadata_order|tent_det|sub-40|2|4,1446039986,True,False,0.3439760208129883,0.49268838763237,0.4375,0.8547999858856201,0.3439760208129883,0.1140056848526001,0.02465352602303028,9.034740447998047,0.343976011896998,0.4926883696243749,0.6930402568714997,0.5073116303756251,0.8547999964430346,0.4375,0.0,0.5625,nan
metadata_order,5,sub-40,2,tent_det,ses-1,1,73,True,9,245360417,EEGTTA-PHASE1|v1|metadata_order|tent_det|sub-40|2|5,1941656758,True,False,0.5082235932350159,0.46706995368003845,0.5555555820465088,0.7372852563858032,0.5082235932350159,0.18925653398036957,0.02870079129934311,9.036356925964355,0.5082235923909164,0.4670699362953504,0.6909768317758582,0.5329300637046497,0.7372852638363838,0.5555555555555556,0.0,0.4444444444444444,nan
metadata_order,0,sub-41,2,tent_det,ses-1,0,69,False,32,1914880613,EEGTTA-PHASE1|v1|metadata_order|tent_det|sub-41|2|0,164818282,True,False,0.6469954252243042,0.4937232732772827,0.4375,0.6144592761993408,0.6469954252243042,0.04569920152425766,0.008502611890435219,6.386929035186768,0.6469953930304168,0.49372327141463757,0.6930683838468144,0.5062767285853624,0.6144592482596636,0.4375,0.0,0.5625,nan
metadata_order,1,sub-41,2,tent_det,ses-1,0,69,False,32,1260378348,EEGTTA-PHASE1|v1|metadata_order|tent_det|sub-41|2|1,1914880613,True,False,0.6111382246017456,0.4899256229400635,0.40625,0.6654974222183228,0.6111382246017456,0.07431399822235107,0.015906497836112976,6.388241767883301,0.6111382736405094,0.4899256150238216,0.6929441803579164,0.5100743849761784,0.6654974487610161,0.40625,0.0,0.59375,nan
metadata_order,2,sub-41,2,tent_det,ses-1,0,69,True,5,6604133,EEGTTA-PHASE1|v1|metadata_order|tent_det|sub-41|2|2,1260378348,True,False,0.6902225613594055,0.4976358413696289,0.6000000238418579,0.5328348278999329,0.6902225613594055,0.011346098966896534,0.02192317135632038,6.389438629150391,0.6902225594203205,0.4976358532905579,0.6931360021389653,0.5023641467094422,0.532834780216217,0.6,0.0,0.4,nan
metadata_order,3,sub-41,2,tent_det,ses-2,1,67,False,32,1847911499,EEGTTA-PHASE1|v1|metadata_order|tent_det|sub-41|2|3,6604133,True,False,0.6516765356063843,0.5174328088760376,0.53125,0.6034414768218994,0.6516765356063843,0.033476706594228745,0.027118898928165436,6.390605449676514,0.6516765337601467,0.517432814463973,0.6925392513170305,0.517432814463973,0.6034414824098349,0.53125,1.0,0.53125,nan
metadata_order,4,sub-41,2,tent_det,ses-2,1,67,False,32,241537138,EEGTTA-PHASE1|v1|metadata_order|tent_det|sub-41|2|4,1847911499,True,False,0.641789436340332,0.4965139627456665,0.5,0.6363630890846252,0.641789436340332,0.041464440524578094,0.03272116929292679,6.3919453620910645,0.6417894327638104,0.4965139590203762,0.6931228753996079,0.5034860409796238,0.636363074183464,0.5,1.0,0.5,nan
metadata_order,5,sub-41,2,tent_det,ses-2,1,67,True,3,66092348,EEGTTA-PHASE1|v1|metadata_order|tent_det|sub-41|2|5,241537138,True,False,0.6034483313560486,0.5249543190002441,0.6666666865348816,0.6761412024497986,0.6034483313560486,0.09060901403427124,0.03689377009868622,6.393187046051025,0.6034483230246991,0.5249543190002441,0.6919012269335714,0.5249543190002441,0.6761411825815836,0.6666666666666666,1.0,0.6666666666666666,nan
metadata_order,0,sub-42,2,tent_det,ses-2,0,67,False,32,1671407364,EEGTTA-PHASE1|v1|metadata_order|tent_det|sub-42|2|0,2081998666,True,False,0.5148904323577881,0.5191235542297363,0.5625,0.7555528879165649,0.5148904323577881,0.1032300516963005,0.008535930886864662,6.654426574707031,0.5148904658983663,0.5191235183738172,0.6924155842214794,0.5191235183738172,0.7555528492666781,0.5625,1.0,0.5625,nan
metadata_order,1,sub-42,2,tent_det,ses-2,0,67,False,32,384492791,EEGTTA-PHASE1|v1|metadata_order|tent_det|sub-42|2|1,1671407364,True,False,0.5126621127128601,0.4590578079223633,0.3125,0.7451025247573853,0.5126621127128601,0.1616475135087967,0.014148976653814316,6.656209468841553,0.5126621293361695,0.45905781351029873,0.6897908987312373,0.5409421864897013,0.7451025452464819,0.3125,1.0,0.3125,nan
metadata_order,2,sub-42,2,tent_det,ses-2,0,67,True,3,521673846,EEGTTA-PHASE1|v1|metadata_order|tent_det|sub-42|2|2,384492791,True,False,0.5565674901008606,0.45063480734825134,0.6666666865348816,0.7069500684738159,0.5565674901008606,0.11117464303970337,0.01962469518184662,6.657844543457031,0.5565674709973378,0.45063479493061703,0.6882653844532528,0.5493652050693829,0.7069499914844831,0.6666666666666666,1.0,0.6666666666666666,nan
metadata_order,3,sub-42,2,tent_det,ses-1,1,71,False,32,998297801,EEGTTA-PHASE1|v1|metadata_order|tent_det|sub-42|2|3,521673846,True,False,0.4966312050819397,0.45811837911605835,0.4375,0.7530302405357361,0.4966312050819397,0.15806031227111816,0.025153761729598045,6.659375190734863,0.4966312365716851,0.45811840472742915,0.6896349306185736,0.5418815952725708,0.7530302521772683,0.4375,0.0,0.5625,nan
metadata_order,4,sub-42,2,tent_det,ses-1,1,71,False,32,598732072,EEGTTA-PHASE1|v1|metadata_order|tent_det|sub-42|2|4,998297801,True,False,0.4782140552997589,0.4549161493778229,0.375,0.7683889865875244,0.4782140552997589,0.16652698814868927,0.030965592712163925,6.660961151123047,0.4782140379357126,0.4549161228351295,0.6890765422289343,0.5450838771648705,0.7683889460749924,0.375,0.0,0.625,nan
metadata_order,5,sub-42,2,tent_det,ses-1,1,71,True,7,716795828,EEGTTA-PHASE1|v1|metadata_order|tent_det|sub-42|2|5,598732072,True,False,0.6474670767784119,0.4324270784854889,0.1428571492433548,0.6314051747322083,0.6474670767784119,0.1541784405708313,0.036276742815971375,6.662291049957275,0.6474670588749593,0.43242707422801424,0.6839869758328572,0.5675729257719857,0.6314051236425128,0.14285714285714285,0.0,0.8571428571428571,nan
metadata_order,0,sub-45,2,tent_det,ses-2,0,73,False,32,966499418,EEGTTA-PHASE1|v1|metadata_order|tent_det|sub-45|2|0,61082061,True,False,0.4146807789802551,0.4810091555118561,0.5,0.8105703592300415,0.4146807789802551,0.2505766451358795,0.00854125339537859,7.119011402130127,0.414680781676803,0.48100917333795223,0.6924257040391745,0.5189908266620478,0.8105703786568483,0.5,1.0,0.5,nan
metadata_order,1,sub-45,2,tent_det,ses-2,0,73,False,32,2087767441,EEGTTA-PHASE1|v1|metadata_order|tent_det|sub-45|2|1,966499418,True,False,0.44243043661117554,0.49242478609085083,0.53125,0.7858806848526001,0.44243043661117554,0.11055033653974533,0.012977897189557552,7.121021747589111,0.44243043877145194,0.49242476173094474,0.6930324076992758,0.5075752382690553,0.7858807464654092,0.53125,1.0,0.53125,nan
metadata_order,2,sub-45,2,tent_det,ses-2,0,73,True,9,1849821241,EEGTTA-PHASE1|v1|metadata_order|tent_det|sub-45|2|2,2087767441,True,False,0.363508015871048,0.4605483114719391,0.4444444477558136,0.8471945524215698,0.363508015871048,0.15740463137626648,0.017783500254154205,7.122622013092041,0.3635079862214009,0.46054829025848043,0.6900310676897824,0.5394517097415196,0.8471945703236593,0.4444444444444444,1.0,0.4444444444444444,nan
metadata_order,3,sub-45,2,tent_det,ses-1,1,68,False,32,2113590268,EEGTTA-PHASE1|v1|metadata_order|tent_det|sub-45|2|3,1849821241,True,False,0.4323396384716034,0.4476752281188965,0.4375,0.7931236028671265,0.4323396384716034,0.14776849746704102,0.02187068946659565,7.124297618865967,0.4323396246911957,0.4476752321352251,0.687661379195486,0.5523247678647749,0.7931235727737658,0.4375,0.0,0.5625,nan
metadata_order,4,sub-45,2,tent_det,ses-1,1,68,False,32,1757722710,EEGTTA-PHASE1|v1|metadata_order|tent_det|sub-45|2|4,2113590268,True,False,0.48485755920410156,0.4437488615512848,0.4375,0.7513115406036377,0.48485755920410156,0.1272648721933365,0.025642206892371178,7.126105308532715,0.48485759797814004,0.4437488681433024,0.6868053833802757,0.5562511318566976,0.7513115638139425,0.4375,0.0,0.5625,nan
metadata_order,5,sub-45,2,tent_det,ses-1,1,68,True,4,733707180,EEGTTA-PHASE1|v1|metadata_order|tent_det|sub-45|2|5,1757722710,True,False,0.5176488757133484,0.4298335015773773,0.5,0.7480119466781616,0.5176488757133484,0.2509225606918335,0.028937021270394325,7.127861976623535,0.5176488989278868,0.4298335053026676,0.6832679303007683,0.5701664946973324,0.7480119429528713,0.5,0.0,0.5,nan
metadata_order,0,sub-46,2,tent_det,ses-1,0,70,False,32,1700812558,EEGTTA-PHASE1|v1|metadata_order|tent_det|sub-46|2|0,840189091,True,False,0.5590729117393494,0.5002034902572632,0.53125,0.7041516304016113,0.5590729117393494,0.07088039815425873,0.008512366563081741,7.0475382804870605,0.5590728923828849,0.5002034953795373,0.693147097739204,0.5002034953795373,0.7041515693999827,0.53125,0.0,0.46875,nan
metadata_order,1,sub-46,2,tent_det,ses-1,0,70,False,32,494709293,EEGTTA-PHASE1|v1|metadata_order|tent_det|sub-46|2|1,1700812558,True,False,0.5370328426361084,0.5341290235519409,0.59375,0.7192711234092712,0.5370328426361084,0.10155526548624039,0.013238790445029736,7.050443649291992,0.5370328084141032,0.5341290222713724,0.6908157878762795,0.5341290222713724,0.7192711246898398,0.59375,0.0,0.40625,nan
metadata_order,2,sub-46,2,tent_det,ses-1,0,70,True,6,1369310097,EEGTTA-PHASE1|v1|metadata_order|tent_det|sub-46|2|2,494709293,True,False,0.508225679397583,0.5416829586029053,0.5,0.7477309107780457,0.508225679397583,0.13622543215751648,0.017965735867619514,7.052591800689697,0.5082256852595961,0.541682937492927,0.689668209715856,0.541682937492927,0.7477308325469494,0.5,0.0,0.5,nan
metadata_order,3,sub-46,2,tent_det,ses-2,1,60,False,32,612187471,EEGTTA-PHASE1|v1|metadata_order|tent_det|sub-46|2|3,1369310097,True,False,0.5365680456161499,0.5049892663955688,0.46875,0.7310062646865845,0.5365680456161499,0.08239243179559708,0.023087715730071068,7.054996013641357,0.5365679834329564,0.5049892439274117,0.6930973946237922,0.5049892439274117,0.7310062685282901,0.46875,1.0,0.46875,nan
metadata_order,4,sub-46,2,tent_det,ses-2,1,60,True,28,1756131376,EEGTTA-PHASE1|v1|metadata_order|tent_det|sub-46|2|4,612187471,True,False,0.48199954628944397,0.48300814628601074,0.5,0.7712115049362183,0.48199954628944397,0.08145491778850555,0.028272369876503944,7.057387828826904,0.48199952023381165,0.4830080975911447,0.6925696198643165,0.5169919024088553,0.7712115067988634,0.5,1.0,0.5,nan
metadata_order,0,sub-47,2,tent_det,ses-1,0,73,False,32,1450151100,EEGTTA-PHASE1|v1|metadata_order|tent_det|sub-47|2|0,607039507,True,False,0.588916540145874,0.29189953207969666,0.0,0.708100438117981,0.588916540145874,0.3243587017059326,0.00851335097104311,6.4495720863342285,0.5889165315429954,0.2918995348736644,0.6038437449850341,0.7081004651263356,0.7081004651263356,0.0,0.0,1.0,nan
metadata_order,1,sub-47,2,tent_det,ses-1,0,73,False,32,1270992493,EEGTTA-PHASE1|v1|metadata_order|tent_det|sub-47|2|1,1450151100,True,False,0.5956928730010986,0.2960250973701477,0.03125,0.7040601968765259,0.5956928730010986,0.32662028074264526,0.016795869916677475,6.449718475341797,0.5956928670472512,0.29602510016411543,0.6074586635119307,0.7039748998358846,0.7040601866319776,0.03125,0.0,0.96875,nan
metadata_order,2,sub-47,2,tent_det,ses-1,0,73,True,9,346694696,EEGTTA-PHASE1|v1|metadata_order|tent_det|sub-47|2|2,1270992493,True,False,0.6212139129638672,0.3248536288738251,0.0,0.6751463413238525,0.6212139129638672,0.2925706207752228,0.024671299383044243,6.450198173522949,0.6212138979442693,0.3248536421193017,0.6304740084134872,0.6751463578806983,0.6751463578806983,0.0,0.0,1.0,nan
metadata_order,3,sub-47,2,tent_det,ses-2,1,72,False,32,1705595752,EEGTTA-PHASE1|v1|metadata_order|tent_det|sub-47|2|3,346694696,True,False,0.6638888716697693,0.44245293736457825,0.3125,0.599376916885376,0.6638888716697693,0.0923149511218071,0.031618569046258926,6.450623989105225,0.6638888742111783,0.4424529280513525,0.6865091487065333,0.5575470719486475,0.5993769410997629,0.3125,1.0,0.3125,nan
metadata_order,4,sub-47,2,tent_det,ses-2,1,72,False,32,1615206783,EEGTTA-PHASE1|v1|metadata_order|tent_det|sub-47|2|4,1705595752,True,False,0.6316678524017334,0.46181607246398926,0.46875,0.6565665602684021,0.6316678524017334,0.09353513270616531,0.037698373198509216,6.45111608505249,0.6316678861372522,0.46181606967002153,0.6902283144554374,0.5381839303299785,0.6565665481612086,0.46875,1.0,0.46875,nan
metadata_order,5,sub-47,2,tent_det,ses-2,1,72,True,8,1630807145,EEGTTA-PHASE1|v1|metadata_order|tent_det|sub-47|2|5,1615206783,True,False,0.6435602307319641,0.43899005651474,0.25,0.6426267027854919,0.6435602307319641,0.1177188903093338,0.04331854358315468,6.451620101928711,0.6435602020537322,0.4389900416135788,0.6856841664321877,0.5610099583864212,0.6426266729831696,0.25,1.0,0.25,nan
metadata_order,0,sub-48,2,tent_det,ses-1,0,74,False,32,1902596598,EEGTTA-PHASE1|v1|metadata_order|tent_det|sub-48|2|0,783864103,True,False,0.38533854484558105,0.4781814515590668,0.5,0.8198907375335693,0.38533854484558105,0.10752411186695099,0.008568914607167244,7.559580326080322,0.38533856557290985,0.4781814505113289,0.6921947799623164,0.5218185494886711,0.8198907832847908,0.5,0.0,0.5,nan
metadata_order,1,sub-48,2,tent_det,ses-1,0,74,False,32,1817650469,EEGTTA-PHASE1|v1|metadata_order|tent_det|sub-48|2|1,1902596598,True,False,0.4798714518547058,0.49325019121170044,0.46875,0.7565513849258423,0.4798714518547058,0.11800935864448547,0.014056923799216747,7.561559200286865,0.47987143333191035,0.49325016867078375,0.6930560573461526,0.5067498313292162,0.7565514558955329,0.46875,0.0,0.53125,nan
metadata_order,2,sub-48,2,tent_det,ses-1,0,74,True,10,958228897,EEGTTA-PHASE1|v1|metadata_order|tent_det|sub-48|2|2,1817650469,True,False,0.5022193193435669,0.5167226195335388,0.4000000059604645,0.738412082195282,0.5022193193435669,0.11789622902870178,0.019195090979337692,7.56331205368042,0.5022193013715652,0.5167225744575262,0.6925877872522304,0.5167225744575262,0.7384120795875788,0.4,0.0,0.6,nan
metadata_order,3,sub-48,2,tent_det,ses-2,1,71,False,32,784470898,EEGTTA-PHASE1|v1|metadata_order|tent_det|sub-48|2|3,958228897,True,False,0.44654935598373413,0.4974333941936493,0.53125,0.7807071208953857,0.44654935598373413,0.12017614394426346,0.024297717958688736,7.564999103546143,0.446549325063447,0.4974334247672232,0.6931340058852369,0.5025665752327768,0.780707142475876,0.53125,1.0,0.53125,nan
metadata_order,4,sub-48,2,tent_det,ses-2,1,71,False,32,1402391296,EEGTTA-PHASE1|v1|metadata_order|tent_det|sub-48|2|4,784470898,True,False,0.36856088042259216,0.4970465898513794,0.46875,0.8378319144248962,0.36856088042259216,0.12955445051193237,0.029566220939159393,7.566712379455566,0.3685608769479458,0.4970465662772767,0.6931297349169858,0.5029534337227233,0.8378319379989989,0.46875,1.0,0.46875,nan
metadata_order,5,sub-48,2,tent_det,ses-2,1,71,True,7,2045821574,EEGTTA-PHASE1|v1|metadata_order|tent_det|sub-48|2|5,1402391296,True,False,0.41837427020072937,0.512072741985321,0.5714285969734192,0.8272560238838196,0.41837427020072937,0.2570796608924866,0.03302696347236633,7.56833028793335,0.4183742874428268,0.5120726908956256,0.6928556524983844,0.5120726908956256,0.8272560238838196,0.5714285714285714,1.0,0.5714285714285714,nan
metadata_order,0,sub-49,2,tent_det,ses-1,0,73,False,32,720443690,EEGTTA-PHASE1|v1|metadata_order|tent_det|sub-49|2|0,1963445145,True,False,0.562808096408844,0.3714011311531067,0.28125,0.7043898105621338,0.562808096408844,0.2267802506685257,0.008565160445868969,6.94135046005249,0.562808087225526,0.3714011157862842,0.6596971693402351,0.6285988842137158,0.704389822203666,0.28125,0.0,0.71875,nan
metadata_order,1,sub-49,2,tent_det,ses-1,0,73,False,32,1064033668,EEGTTA-PHASE1|v1|metadata_order|tent_det|sub-49|2|1,720443690,True,False,0.5172897577285767,0.31768906116485596,0.15625,0.7386594414710999,0.5172897577285767,0.24562722444534302,0.015599315986037254,6.941167831420898,0.5172897022424999,0.31768904253840446,0.6251152358564526,0.6823109574615955,0.7386594414710999,0.15625,0.0,0.84375,nan
metadata_order,2,sub-49,2,tent_det,ses-1,0,73,True,9,1064508162,EEGTTA-PHASE1|v1|metadata_order|tent_det|sub-49|2|2,1064033668,True,False,0.5265890955924988,0.3112906217575073,0.2222222238779068,0.7466071248054504,0.5265890955924988,0.27440398931503296,0.02204076200723648,6.940774440765381,0.5265891245907182,0.31129060975379413,0.6201294155857793,0.6887093902462058,0.7466071169409487,0.2222222222222222,0.0,0.7777777777777778,nan
metadata_order,3,sub-49,2,tent_det,ses-2,1,73,False,32,585353470,EEGTTA-PHASE1|v1|metadata_order|tent_det|sub-49|2|3,1064508162,True,False,0.5346660017967224,0.481073796749115,0.375,0.7255709767341614,0.5346660017967224,0.1323283612728119,0.027412254363298416,6.941241264343262,0.5346659787155555,0.4810737979132682,0.6924306071335712,0.5189262020867318,0.7255709494929761,0.375,1.0,0.375,nan
metadata_order,4,sub-49,2,tent_det,ses-2,1,73,False,32,985090545,EEGTTA-PHASE1|v1|metadata_order|tent_det|sub-49|2|4,585353470,True,False,0.5539104342460632,0.4473697245121002,0.46875,0.6988588571548462,0.5539104342460632,0.1264047771692276,0.032527897506952286,6.941856384277344,0.5539104492321358,0.4473697245121002,0.6875970130203266,0.5526302754878998,0.6988588646054268,0.46875,1.0,0.46875,nan
metadata_order,5,sub-49,2,tent_det,ses-2,1,73,True,9,336989186,EEGTTA-PHASE1|v1|metadata_order|tent_det|sub-49|2|5,985090545,True,False,0.6386337280273438,0.4416746199131012,0.4444444477558136,0.6295081377029419,0.6386337280273438,0.12678320705890656,0.03756817802786827,6.942437171936035,0.6386336886120524,0.4416746099789937,0.6863279635933187,0.5583253900210063,0.6295081045892503,0.4444444444444444,1.0,0.4444444444444444,nan
metadata_order,0,sub-50,2,tent_det,ses-2,0,71,False,32,108808055,EEGTTA-PHASE1|v1|metadata_order|tent_det|sub-50|2|0,188256280,True,False,0.5682381391525269,0.6814104318618774,0.875,0.6970037221908569,0.5682381391525269,0.20178548991680145,0.00849723070859909,6.444884777069092,0.5682381740687733,0.681410439312458,0.6258017335315499,0.681410439312458,0.6970036663115025,0.875,1.0,0.875,nan
metadata_order,1,sub-50,2,tent_det,ses-2,0,71,False,32,815257790,EEGTTA-PHASE1|v1|metadata_order|tent_det|sub-50|2|1,108808055,True,False,0.5473244786262512,0.7010846138000488,0.8125,0.7269033193588257,0.5473244786262512,0.23071277141571045,0.015095126815140247,6.4457855224609375,0.547324447017097,0.7010846342891455,0.6099424907813558,0.7010846342891455,0.7269033063203096,0.8125,1.0,0.8125,nan
metadata_order,2,sub-50,2,tent_det,ses-2,0,71,True,7,826289290,EEGTTA-PHASE1|v1|metadata_order|tent_det|sub-50|2|2,815257790,True,False,0.5629631876945496,0.7285850048065186,1.0,0.7285850048065186,0.5629631876945496,0.2915536165237427,0.022075340151786804,6.4465227127075195,0.5629631652074981,0.7285849962915693,0.584661161096665,0.7285849962915693,0.7285849962915693,1.0,1.0,1.0,nan
metadata_order,3,sub-50,2,tent_det,ses-1,1,70,False,32,75672217,EEGTTA-PHASE1|v1|metadata_order|tent_det|sub-50|2|3,826289290,True,False,0.5892588496208191,0.5185283422470093,0.5,0.6873292922973633,0.5892588496208191,0.07981344312429428,0.02801588922739029,6.447384834289551,0.589258842489887,0.5185283781029284,0.6924604217427359,0.5185283781029284,0.6873292601667345,0.5,0.0,0.5,nan
metadata_order,4,sub-50,2,tent_det,ses-1,1,70,False,32,1177562517,EEGTTA-PHASE1|v1|metadata_order|tent_det|sub-50|2|4,75672217,True,False,0.5655848383903503,0.5465692281723022,0.53125,0.7140817046165466,0.5655848383903503,0.10130101442337036,0.03337302803993225,6.447991371154785,0.565584843197443,0.5465692337602377,0.6888035006570044,0.5465692337602377,0.7140817064791918,0.53125,0.0,0.46875,nan
metadata_order,5,sub-50,2,tent_det,ses-1,1,70,True,6,547198079,EEGTTA-PHASE1|v1|metadata_order|tent_det|sub-50|2|5,1177562517,True,False,0.5225014686584473,0.5187627673149109,0.3333333432674408,0.7325281500816345,0.5225014686584473,0.15667155385017395,0.03782125189900398,6.4485321044921875,0.5225015042569688,0.5187627325455347,0.6924429349586425,0.5187627325455347,0.7325281451145808,0.3333333333333333,0.0,0.6666666666666666,nan
metadata_order,0,sub-51,2,tent_det,ses-2,0,67,False,32,1253299437,EEGTTA-PHASE1|v1|metadata_order|tent_det|sub-51|2|0,812447981,True,False,0.4033832550048828,0.48463964462280273,0.4375,0.8114878535270691,0.4033832550048828,0.14872975647449493,0.008551611565053463,7.616695880889893,0.4033832623952216,0.48463963775429875,0.6926752248512364,0.5153603622457013,0.811487871571444,0.4375,1.0,0.4375,nan
metadata_order,1,sub-51,2,tent_det,ses-2,0,67,False,32,1627042720,EEGTTA-PHASE1|v1|metadata_order|tent_det|sub-51|2|1,1253299437,True,False,0.40197062492370605,0.4698970317840576,0.40625,0.8252482414245605,0.40197062492370605,0.21240507066249847,0.016118960455060005,7.61862325668335,0.401970598313524,0.4698970403696876,0.6913337077096602,0.5301029596303124,0.825248251465382,0.40625,1.0,0.40625,nan
metadata_order,2,sub-51,2,tent_det,ses-2,0,67,True,3,985363794,EEGTTA-PHASE1|v1|metadata_order|tent_det|sub-51|2|2,1627042720,True,False,0.5157982707023621,0.4642537832260132,0.3333333432674408,0.7479998469352722,0.5157982707023621,0.42093440890312195,0.021085331216454506,7.619730472564697,0.5157982279689076,0.4642537832260132,0.6905894150663618,0.5357462167739868,0.7479998668034872,0.3333333333333333,1.0,0.3333333333333333,nan
metadata_order,3,sub-51,2,tent_det,ses-1,1,70,False,32,607239263,EEGTTA-PHASE1|v1|metadata_order|tent_det|sub-51|2|3,985363794,True,False,0.41663748025894165,0.3370497226715088,0.34375,0.8039184808731079,0.41663748025894165,0.14983206987380981,0.02667207643389702,7.6210150718688965,0.4166374831615222,0.33704971880069934,0.639059151746138,0.6629502811993007,0.803918454941595,0.34375,0.0,0.65625,nan
metadata_order,4,sub-51,2,tent_det,ses-1,1,70,False,32,1837688408,EEGTTA-PHASE1|v1|metadata_order|tent_det|sub-51|2|4,607239263,True,False,0.4414992332458496,0.3516332805156708,0.3125,0.7909828424453735,0.4414992332458496,0.2122742235660553,0.03234193101525307,7.622203826904297,0.441499242050687,0.35163328707858454,0.6484518490522753,0.6483667129214155,0.790982888036524,0.3125,0.0,0.6875,nan
metadata_order,5,sub-51,2,tent_det,ses-1,1,70,True,6,509734156,EEGTTA-PHASE1|v1|metadata_order|tent_det|sub-51|2|5,1837688408,True,False,0.46750086545944214,0.2706346809864044,0.1666666716337204,0.7766122817993164,0.46750086545944214,0.3266356289386749,0.03746505081653595,7.623061656951904,0.4675008204387374,0.2706346729149421,0.5838890788004693,0.729365327085058,0.7766122799366713,0.16666666666666666,0.0,0.8333333333333334,nan
metadata_order,0,sub-52,2,tent_det,ses-1,0,72,False,32,1963747630,EEGTTA-PHASE1|v1|metadata_order|tent_det|sub-52|2|0,2029531177,True,False,0.6642859578132629,0.48266422748565674,0.46875,0.6039809584617615,0.6642859578132629,0.022202279418706894,0.008494376204907894,6.327913284301758,0.6642859602055651,0.4826642433181405,0.6925460031593977,0.5173357566818595,0.6039809649810195,0.46875,0.0,0.53125,nan
metadata_order,1,sub-52,2,tent_det,ses-1,0,72,False,32,1223610268,EEGTTA-PHASE1|v1|metadata_order|tent_det|sub-52|2|1,1963747630,True,False,0.6462915539741516,0.48902976512908936,0.46875,0.621516227722168,0.6462915539741516,0.03796270862221718,0.014949909411370754,6.328418731689453,0.6462915664053055,0.4890297497622669,0.6929064684646642,0.5109702502377331,0.621516224462539,0.46875,0.0,0.53125,nan
metadata_order,2,sub-52,2,tent_det,ses-1,0,72,True,8,1220431285,EEGTTA-PHASE1|v1|metadata_order|tent_det|sub-52|2|2,1223610268,True,False,0.6525072455406189,0.47496452927589417,0.625,0.6101115942001343,0.6525072455406189,0.05355018377304077,0.0207259189337492,6.328829765319824,0.6525072234277373,0.4749645311385393,0.6918931068363618,0.5250354688614607,0.6101115923374891,0.625,0.0,0.375,nan
metadata_order,3,sub-52,2,tent_det,ses-2,1,79,False,32,1210061806,EEGTTA-PHASE1|v1|metadata_order|tent_det|sub-52|2|3,1220431285,True,False,0.6664997935295105,0.5359570980072021,0.65625,0.5941147804260254,0.6664997935295105,0.04118674248456955,0.025052271783351898,6.329660415649414,0.6664997848449036,0.5359571259468794,0.6905591172850858,0.5359571259468794,0.5941147487610579,0.65625,1.0,0.65625,nan
metadata_order,4,sub-52,2,tent_det,ses-2,1,79,False,32,1905575505,EEGTTA-PHASE1|v1|metadata_order|tent_det|sub-52|2|4,1210061806,True,False,0.644332230091095,0.5492104887962341,0.65625,0.6195840835571289,0.644332230091095,0.05560522526502609,0.02949681133031845,6.330589771270752,0.6443322483769363,0.5492104925215244,0.6882959856252309,0.5492104925215244,0.6195840612053871,0.65625,1.0,0.65625,nan
metadata_order,5,sub-52,2,tent_det,ses-2,1,79,True,15,106495038,EEGTTA-PHASE1|v1|metadata_order|tent_det|sub-52|2|5,1905575505,True,False,0.6514542102813721,0.48591139912605286,0.46666669845581055,0.6202325224876404,0.6514542102813721,0.03290708735585213,0.034325238317251205,6.331501007080078,0.6514541423110418,0.4859113524357478,0.6927501480318409,0.5140886475642522,0.6202325354019801,0.4666666666666667,1.0,0.4666666666666667,nan
metadata_order,0,sub-53,2,tent_det,ses-1,0,72,False,32,1665013188,EEGTTA-PHASE1|v1|metadata_order|tent_det|sub-53|2|0,1827032443,True,False,0.5812119245529175,0.5420057773590088,0.5,0.6895067691802979,0.5812119245529175,0.11937009543180466,0.008505711331963539,6.673263072967529,0.5812119279129409,0.54200574522838,0.6896140523328937,0.54200574522838,0.6895068162120879,0.5,0.0,0.5,nan
metadata_order,1,sub-53,2,tent_det,ses-1,0,72,False,32,1812311921,EEGTTA-PHASE1|v1|metadata_order|tent_det|sub-53|2|1,1665013188,True,False,0.5856856107711792,0.5416816473007202,0.5625,0.6757441759109497,0.5856856107711792,0.10866378992795944,0.015537728555500507,6.674842357635498,0.585685629273283,0.5416816045762971,0.6896684324688027,0.5416816045762971,0.675744196283631,0.5625,0.0,0.4375,nan
metadata_order,2,sub-53,2,tent_det,ses-1,0,72,True,8,1925545520,EEGTTA-PHASE1|v1|metadata_order|tent_det|sub-53|2|2,1812311921,True,False,0.4984626770019531,0.5639538764953613,0.5,0.7708026170730591,0.4984626770019531,0.2183963656425476,0.021341674029827118,6.676344871520996,0.4984626934679449,0.5639539193361998,0.6849445204356984,0.5639539193361998,0.770802678540349,0.5,0.0,0.5,nan
metadata_order,3,sub-53,2,tent_det,ses-2,1,72,False,32,1042157557,EEGTTA-PHASE1|v1|metadata_order|tent_det|sub-53|2|3,1925545520,True,False,0.5672268867492676,0.4384072721004486,0.375,0.7100317478179932,0.5672268867492676,0.14738616347312927,0.02530411072075367,6.678009033203125,0.5672268897985324,0.43840727349743247,0.6855405460306818,0.5615927265025675,0.7100317240692675,0.375,1.0,0.375,nan
metadata_order,4,sub-53,2,tent_det,ses-2,1,72,False,32,1707818397,EEGTTA-PHASE1|v1|metadata_order|tent_det|sub-53|2|4,1042157557,True,False,0.6089944839477539,0.4893456697463989,0.4375,0.6706148386001587,0.6089944839477539,0.07698964327573776,0.029075773432850838,6.679557800292969,0.6089944461427129,0.4893456499557942,0.6929201330261686,0.5106543500442058,0.6706148546654731,0.4375,1.0,0.4375,nan
metadata_order,5,sub-53,2,tent_det,ses-2,1,72,True,8,1709699189,EEGTTA-PHASE1|v1|metadata_order|tent_det|sub-53|2|5,1707818397,True,False,0.5263386964797974,0.47624731063842773,0.5,0.7641853094100952,0.5263386964797974,0.19814758002758026,0.03309805691242218,6.680965900421143,0.5263387190141872,0.4762473311275244,0.6920183772065093,0.5237526688724756,0.7641853038221598,0.5,1.0,0.5,nan
metadata_order,0,sub-54,2,tent_det,ses-1,0,64,False,32,850244245,EEGTTA-PHASE1|v1|metadata_order|tent_det|sub-54|2|0,874598226,True,False,0.4203299880027771,0.5397027730941772,0.5,0.8085381984710693,0.4203299880027771,0.08557426184415817,0.00859005842357874,8.14554214477539,0.42032999591174264,0.5397027319995686,0.6899912453281092,0.5397027319995686,0.8085382097633556,0.5,0.0,0.5,nan
metadata_order,1,sub-54,2,tent_det,ses-1,0,64,True,32,453613508,EEGTTA-PHASE1|v1|metadata_order|tent_det|sub-54|2|1,850244245,True,False,0.45665600895881653,0.4489049017429352,0.40625,0.7734249830245972,0.45665600895881653,0.209153413772583,0.013147560879588127,8.147634506225586,0.4566559874788798,0.44890490286343265,0.6879166367477372,0.5510950971365673,0.7734249893546803,0.40625,0.0,0.59375,nan
metadata_order,2,sub-54,2,tent_det,ses-2,1,63,False,32,346561929,EEGTTA-PHASE1|v1|metadata_order|tent_det|sub-54|2|2,453613508,True,False,0.4603579044342041,0.461141973733902,0.5,0.7749176621437073,0.4603579044342041,0.13125374913215637,0.018497327342629433,8.149959564208984,0.46035789579402714,0.46114195231348276,0.6901242375284491,0.5388580476865172,0.774917627684772,0.5,1.0,0.5,nan
metadata_order,3,sub-54,2,tent_det,ses-2,1,63,True,31,933234403,EEGTTA-PHASE1|v1|metadata_order|tent_det|sub-54|2|3,346561929,True,False,0.33133628964424133,0.4792673587799072,0.5483870506286621,0.8473784923553467,0.33133628964424133,0.11374877393245697,0.02362392470240593,8.15229606628418,0.3313362950570441,0.47926737722610274,0.6922872507444032,0.5207326227738973,0.8473785392819874,0.5483870967741935,1.0,0.5483870967741935,nan
metadata_order,0,sub-55,2,tent_det,ses-1,0,74,False,32,1799787736,EEGTTA-PHASE1|v1|metadata_order|tent_det|sub-55|2|0,1930271651,True,False,0.4644096791744232,0.4553321897983551,0.4375,0.7796734571456909,0.4644096791744232,0.11535421013832092,0.008568808436393738,7.337100982666016,0.46440969882997507,0.45533218237687834,0.689151427842102,0.5446678176231217,0.7796734608418774,0.4375,0.0,0.5625,nan
metadata_order,1,sub-55,2,tent_det,ses-1,0,74,False,32,546666282,EEGTTA-PHASE1|v1|metadata_order|tent_det|sub-55|2|1,1799787736,True,False,0.5108466148376465,0.5150397419929504,0.5,0.7364662289619446,0.5108466148376465,0.0692722275853157,0.014902189373970032,7.3393964767456055,0.5108466641537053,0.51503974001389,0.6926947247577058,0.51503974001389,0.7364662532927468,0.5,0.0,0.5,nan
metadata_order,2,sub-55,2,tent_det,ses-1,0,74,True,10,975979381,EEGTTA-PHASE1|v1|metadata_order|tent_det|sub-55|2|2,546666282,True,False,0.5858707427978516,0.49217554926872253,0.6000000238418579,0.6727238893508911,0.5858707427978516,0.07764294743537903,0.020081574097275734,7.341509819030762,0.5858707346880898,0.49217552691698074,0.693024730803829,0.5078244730830193,0.6727238461375237,0.6,0.0,0.4,nan
metadata_order,3,sub-55,2,tent_det,ses-2,1,73,False,32,58250310,EEGTTA-PHASE1|v1|metadata_order|tent_det|sub-55|2|3,975979381,True,False,0.45020538568496704,0.5008471608161926,0.46875,0.8008343577384949,0.45020538568496704,0.11430679261684418,0.024961749091744423,7.343714237213135,0.45020540210057636,0.5008471732726321,0.6931457451541507,0.5008471732726321,0.8008343341061845,0.46875,1.0,0.46875,nan
metadata_order,4,sub-55,2,tent_det,ses-2,1,73,False,32,1039912183,EEGTTA-PHASE1|v1|metadata_order|tent_det|sub-55|2|4,58250310,True,False,0.4603368639945984,0.4841766357421875,0.46875,0.7776467204093933,0.4603368639945984,0.09285648167133331,0.029762359336018562,7.3461103439331055,0.460336849002553,0.4841766336467117,0.6926463390948014,0.5158233663532883,0.7776467113289982,0.46875,1.0,0.46875,nan
metadata_order,5,sub-55,2,tent_det,ses-2,1,73,True,9,1783791568,EEGTTA-PHASE1|v1|metadata_order|tent_det|sub-55|2|5,1039912183,True,False,0.5619171857833862,0.5044310092926025,0.5555555820465088,0.7177101969718933,0.5619171857833862,0.27796247601509094,0.03377363830804825,7.348067760467529,0.5619171970818871,0.5044309563106961,0.6931079132983154,0.5044309563106961,0.7177101638582017,0.5555555555555556,1.0,0.5555555555555556,nan
metadata_order,0,sub-56,2,tent_det,ses-1,0,72,False,32,827826038,EEGTTA-PHASE1|v1|metadata_order|tent_det|sub-56|2|0,1779953836,True,False,0.5366672277450562,0.5633337497711182,0.59375,0.7304122447967529,0.5366672277450562,0.13177311420440674,0.008580390363931656,7.513092994689941,0.5366672047305294,0.5633337058243342,0.6851032725774417,0.5633337058243342,0.7304122812929563,0.59375,0.0,0.40625,nan
metadata_order,1,sub-56,2,tent_det,ses-1,0,72,False,32,2074931266,EEGTTA-PHASE1|v1|metadata_order|tent_det|sub-56|2|1,827826038,True,False,0.5260807275772095,0.5644254684448242,0.59375,0.7325558662414551,0.5260807275772095,0.1454690843820572,0.01542979758232832,7.51370906829834,0.5260807632913727,0.5644255069782957,0.684822764260011,0.5644255069782957,0.732555846334435,0.59375,0.0,0.40625,nan
metadata_order,2,sub-56,2,tent_det,ses-1,0,72,True,8,940913466,EEGTTA-PHASE1|v1|metadata_order|tent_det|sub-56|2|2,2074931266,True,False,0.4208102822303772,0.4586606025695801,0.5,0.8156371712684631,0.4208102822303772,0.13461358845233917,0.02039440907537937,7.515624523162842,0.42081029946495774,0.45866059325635433,0.6897253827757928,0.5413394067436457,0.8156371954828501,0.5,0.0,0.5,nan
metadata_order,3,sub-56,2,tent_det,ses-2,1,72,False,32,597045700,EEGTTA-PHASE1|v1|metadata_order|tent_det|sub-56|2|3,940913466,True,False,0.3754774332046509,0.4957227110862732,0.53125,0.832605242729187,0.3754774332046509,0.11444341391324997,0.02556200511753559,7.5177226066589355,0.3754774177374077,0.49572273227386177,0.6931105900752532,0.5042772677261382,0.832605228992179,0.53125,1.0,0.53125,nan
metadata_order,4,sub-56,2,tent_det,ses-2,1,72,False,32,1260529680,EEGTTA-PHASE1|v1|metadata_order|tent_det|sub-56|2|4,597045700,True,False,0.5458385944366455,0.47744646668434143,0.40625,0.7031307220458984,0.5458385944366455,0.11600546538829803,0.029837293550372124,7.51975679397583,0.5458386278193161,0.4774464648216963,0.6921295113981558,0.5225535351783037,0.7031307201832533,0.40625,1.0,0.40625,nan
metadata_order,5,sub-56,2,tent_det,ses-2,1,72,True,8,492794756,EEGTTA-PHASE1|v1|metadata_order|tent_det|sub-56|2|5,1260529680,True,False,0.6035580635070801,0.5545878410339355,0.75,0.6768478751182556,0.6035580635070801,0.19072102010250092,0.03392147645354271,7.521461009979248,0.6035580222679929,0.5545878652483225,0.6871756144633678,0.5545878652483225,0.6768478956073523,0.75,1.0,0.75,nan
metadata_order,0,sub-57,2,tent_det,ses-1,0,71,False,32,308062065,EEGTTA-PHASE1|v1|metadata_order|tent_det|sub-57|2|0,744450808,True,False,0.6277153491973877,0.4830740988254547,0.4375,0.6419670581817627,0.6277153491973877,0.058888088911771774,0.008512679487466812,6.63236141204834,0.6277153541688316,0.4830740923061967,0.6925740983746621,0.5169259076938033,0.6419670125469565,0.4375,0.0,0.5625,nan
metadata_order,1,sub-57,2,tent_det,ses-1,0,71,False,32,5693124,EEGTTA-PHASE1|v1|metadata_order|tent_det|sub-57|2|1,308062065,True,False,0.605044424533844,0.4787631034851074,0.4375,0.6565688252449036,0.605044424533844,0.05707370117306709,0.01516190730035305,6.635279178619385,0.6050444201472491,0.4787631065119058,0.692244897865878,0.5212368934880942,0.6565688110422343,0.4375,0.0,0.5625,nan
metadata_order,2,sub-57,2,tent_det,ses-1,0,71,True,7,1234501960,EEGTTA-PHASE1|v1|metadata_order|tent_det|sub-57|2|2,5693124,True,False,0.5952385067939758,0.5049808621406555,0.5714285969734192,0.6717656254768372,0.5952385067939758,0.06244750693440437,0.0201517716050148,6.63712739944458,0.5952384920361282,0.5049808408532824,0.6930975621880675,0.5049808408532824,0.6717655956745148,0.5714285714285714,0.0,0.42857142857142855,nan
metadata_order,3,sub-57,2,tent_det,ses-2,1,56,False,32,62155147,EEGTTA-PHASE1|v1|metadata_order|tent_det|sub-57|2|3,1234501960,True,False,0.5990139842033386,0.499891072511673,0.375,0.6737395524978638,0.5990139842033386,0.05677975341677666,0.02538733370602131,6.638949871063232,0.5990139685302525,0.49989107670262456,0.6931471568313756,0.5001089232973754,0.6737395743839443,0.375,1.0,0.375,nan
metadata_order,4,sub-57,2,tent_det,ses-2,1,56,True,24,1260820192,EEGTTA-PHASE1|v1|metadata_order|tent_det|sub-57|2|4,62155147,True,False,0.595413088798523,0.47795960307121277,0.4583333432674408,0.672398567199707,0.595413088798523,0.07212823629379272,0.030699774622917175,6.640957832336426,0.5954130708342685,0.4779596043129762,0.6921753075893515,0.5220403956870239,0.6723985709249973,0.4583333333333333,1.0,0.4583333333333333,nan
metadata_order,0,sub-58,2,tent_det,ses-1,0,72,False,32,1936725959,EEGTTA-PHASE1|v1|metadata_order|tent_det|sub-58|2|0,613655024,True,False,0.6572959423065186,0.5219190716743469,0.53125,0.6056236028671265,0.6572959423065186,0.0372011698782444,0.008490988053381443,6.335420608520508,0.6572959825562712,0.5219190651550889,0.6921859817181697,0.5219190651550889,0.6056235870346427,0.53125,0.0,0.46875,nan
metadata_order,1,sub-58,2,tent_det,ses-1,0,72,False,32,603002547,EEGTTA-PHASE1|v1|metadata_order|tent_det|sub-58|2|1,1936725959,True,False,0.6493141651153564,0.5492671728134155,0.59375,0.6148762702941895,0.6493141651153564,0.05073009431362152,0.015188337303698063,6.336769104003906,0.6493141402031668,0.5492672305554152,0.6882847744246782,0.5492672305554152,0.6148762423545122,0.59375,0.0,0.40625,nan
metadata_order,2,sub-58,2,tent_det,ses-1,0,72,True,8,624744439,EEGTTA-PHASE1|v1|metadata_order|tent_det|sub-58|2|2,603002547,True,False,0.6792972683906555,0.5155071020126343,0.5,0.5705511569976807,0.6792972683906555,0.029391154646873474,0.021783046424388885,6.337944030761719,0.6792972690166195,0.515507135540247,0.6926661609230398,0.515507135540247,0.5705511681735516,0.5,0.0,0.5,nan
metadata_order,3,sub-58,2,tent_det,ses-2,1,62,False,32,66650531,EEGTTA-PHASE1|v1|metadata_order|tent_det|sub-58|2|3,624744439,True,False,0.6599640250205994,0.5314786434173584,0.65625,0.5972597599029541,0.6599640250205994,0.03647419810295105,0.028319891542196274,6.339135646820068,0.6599640071960355,0.531478637829423,0.6911640600113446,0.531478637829423,0.597259758040309,0.65625,1.0,0.65625,nan
metadata_order,4,sub-58,2,tent_det,ses-2,1,62,True,30,1047164777,EEGTTA-PHASE1|v1|metadata_order|tent_det|sub-58|2|4,66650531,True,False,0.6456567645072937,0.5636060237884521,0.6333333849906921,0.6199247241020203,0.6456567645072937,0.06043807044625282,0.03486279770731926,6.340178966522217,0.6456567237352576,0.563606000940005,0.6850337675058407,0.563606000940005,0.6199246555566787,0.6333333333333333,1.0,0.6333333333333333,nan
metadata_order,0,sub-59,2,tent_det,ses-1,0,71,False,32,1098502297,EEGTTA-PHASE1|v1|metadata_order|tent_det|sub-59|2|0,1981089770,True,False,0.5811718702316284,0.5206695795059204,0.5,0.689871072769165,0.5811718702316284,0.09016115963459015,0.008510786108672619,6.872944355010986,0.5811718767487587,0.5206695350352675,0.6922924776693558,0.5206695350352675,0.6898710837122053,0.5,0.0,0.5,nan
metadata_order,1,sub-59,2,tent_det,ses-1,0,71,False,32,458049426,EEGTTA-PHASE1|v1|metadata_order|tent_det|sub-59|2|1,1098502297,True,False,0.5553134679794312,0.5226007699966431,0.5,0.7204854488372803,0.5553134679794312,0.12597475945949554,0.014853163622319698,6.874296188354492,0.5553134220782114,0.522600743919611,0.6921252451437113,0.522600743919611,0.7204854302108288,0.5,0.0,0.5,nan
metadata_order,2,sub-59,2,tent_det,ses-1,0,71,True,7,940258642,EEGTTA-PHASE1|v1|metadata_order|tent_det|sub-59|2|2,458049426,True,False,0.5870261192321777,0.4971785545349121,0.4285714626312256,0.7108786702156067,0.5870261192321777,0.16072697937488556,0.020364712923765182,6.8753790855407715,0.5870260838159177,0.497178526861327,0.6931312590541024,0.502821473138673,0.7108786212546485,0.42857142857142855,0.0,0.5714285714285714,nan
metadata_order,3,sub-59,2,tent_det,ses-2,1,61,False,32,1324709113,EEGTTA-PHASE1|v1|metadata_order|tent_det|sub-59|2|3,940258642,True,False,0.5722934007644653,0.5000414252281189,0.5,0.7097300291061401,0.5722934007644653,0.08647631853818893,0.025066226720809937,6.876697063446045,0.5722934116737943,0.5000414445530623,0.6931471771246434,0.5000414445530623,0.7097300172317773,0.5,1.0,0.5,nan
metadata_order,4,sub-59,2,tent_det,ses-2,1,61,True,29,1147854653,EEGTTA-PHASE1|v1|metadata_order|tent_det|sub-59|2|4,1324709113,True,False,0.5243607759475708,0.45448562502861023,0.37931033968925476,0.7201250195503235,0.5243607759475708,0.16756924986839294,0.02885274775326252,6.878065586090088,0.5243607653565189,0.4544856326076491,0.6889983244308018,0.5455143673923508,0.7201249986116228,0.3793103448275862,1.0,0.3793103448275862,nan
metadata_order,0,sub-60,2,tent_det,ses-1,0,60,False,32,1019988745,EEGTTA-PHASE1|v1|metadata_order|tent_det|sub-60|2|0,1779812677,True,False,0.5851470232009888,0.5203995108604431,0.53125,0.6888389587402344,0.5851470232009888,0.06778011471033096,0.008535107597708702,6.554075717926025,0.5851470722345187,0.520399525295943,0.6923146682441034,0.520399525295943,0.6888389815576375,0.53125,0.0,0.46875,nan
metadata_order,1,sub-60,2,tent_det,ses-1,0,60,True,28,1216689030,EEGTTA-PHASE1|v1|metadata_order|tent_det|sub-60|2|1,1019988745,True,False,0.5225908756256104,0.5359059572219849,0.535714328289032,0.7565698027610779,0.5225908756256104,0.1112709566950798,0.015744535252451897,6.55631160736084,0.5225908426379068,0.5359058891689139,0.6905664940599352,0.5359058891689139,0.7565697941796056,0.5357142857142857,0.0,0.4642857142857143,nan
metadata_order,2,sub-60,2,tent_det,ses-2,1,67,False,32,1557241258,EEGTTA-PHASE1|v1|metadata_order|tent_det|sub-60|2|2,1216689030,True,False,0.5689218044281006,0.4977492392063141,0.46875,0.7072702050209045,0.5689218044281006,0.06910621374845505,0.02188466303050518,6.558730602264404,0.5689217959378238,0.4977492478210479,0.6931370487549853,0.5022507521789521,0.7072702224832028,0.46875,1.0,0.46875,nan
metadata_order,3,sub-60,2,tent_det,ses-2,1,67,False,32,1250226645,EEGTTA-PHASE1|v1|metadata_order|tent_det|sub-60|2|3,1557241258,True,False,0.5256446599960327,0.537113606929779,0.5625,0.737270712852478,0.5256446599960327,0.09739989787340164,0.027975723147392273,6.56105375289917,0.5256446579494081,0.5371135858003981,0.6903898087583096,0.5371135858003981,0.7372707377071492,0.5625,1.0,0.5625,nan
metadata_order,4,sub-60,2,tent_det,ses-2,1,67,True,3,1857642596,EEGTTA-PHASE1|v1|metadata_order|tent_det|sub-60|2|4,1250226645,True,False,0.6753466129302979,0.5868672132492065,1.0,0.5868672132492065,0.6753466129302979,0.16564056277275085,0.03331636264920235,6.562637805938721,0.6753465539754817,0.5868671933809916,0.6779785092575819,0.5868671933809916,0.5868671933809916,1.0,1.0,1.0,nan
metadata_order,0,sub-61,2,tent_det,ses-2,0,74,False,32,1561818164,EEGTTA-PHASE1|v1|metadata_order|tent_det|sub-61|2|0,954458389,True,False,0.5886664390563965,0.5270830392837524,0.46875,0.6724597811698914,0.5886664390563965,0.08407014608383179,0.008518779650330544,6.887935638427734,0.5886664437758781,0.5270830509252846,0.6916794790752456,0.5270830509252846,0.6724597881548107,0.46875,1.0,0.46875,nan
metadata_order,1,sub-61,2,tent_det,ses-2,0,74,False,32,36702031,EEGTTA-PHASE1|v1|metadata_order|tent_det|sub-61|2|1,1561818164,True,False,0.550144612789154,0.505180835723877,0.53125,0.7151175737380981,0.550144612789154,0.08969539403915405,0.01468096673488617,6.89064359664917,0.5501446125065874,0.5051808678545058,0.6930934968158386,0.5051808678545058,0.7151175490580499,0.53125,1.0,0.53125,nan
metadata_order,2,sub-61,2,tent_det,ses-2,0,74,True,10,1983873504,EEGTTA-PHASE1|v1|metadata_order|tent_det|sub-61|2|2,36702031,True,False,0.5743603706359863,0.5203483700752258,0.5,0.6718798875808716,0.5743603706359863,0.09824546426534653,0.019615763798356056,6.892536163330078,0.5743603085624948,0.5203483499586582,0.692318841127187,0.5203483499586582,0.6718798361718654,0.5,1.0,0.5,nan
metadata_order,3,sub-61,2,tent_det,ses-1,1,74,False,32,428841240,EEGTTA-PHASE1|v1|metadata_order|tent_det|sub-61|2|3,1983873504,True,False,0.5344133377075195,0.5000460147857666,0.5,0.7147893905639648,0.5344133377075195,0.07910077273845673,0.023900125175714493,6.894451141357422,0.534413342497313,0.5000459821894765,0.6931471763312218,0.5000459821894765,0.7147893896326423,0.5,0.0,0.5,nan
metadata_order,4,sub-61,2,tent_det,ses-1,1,74,False,32,1081007609,EEGTTA-PHASE1|v1|metadata_order|tent_det|sub-61|2|4,428841240,True,False,0.5484354496002197,0.5403972268104553,0.5,0.720332145690918,0.5484354496002197,0.08968093991279602,0.02822510339319706,6.8963398933410645,0.5484354925253847,0.5403972063213587,0.6898797517524056,0.5403972063213587,0.7203321885317564,0.5,0.0,0.5,nan
metadata_order,5,sub-61,2,tent_det,ses-1,1,74,True,10,1153734617,EEGTTA-PHASE1|v1|metadata_order|tent_det|sub-61|2|5,1081007609,True,False,0.5354858636856079,0.545772910118103,0.699999988079071,0.715787947177887,0.5354858636856079,0.12409841269254684,0.03258707374334335,6.898256778717041,0.5354857850799133,0.5457728669047356,0.688950997260434,0.5457728669047356,0.7157879784703255,0.7,0.0,0.3,nan
metadata_order,0,sub-62,2,tent_det,ses-1,0,71,False,32,970244493,EEGTTA-PHASE1|v1|metadata_order|tent_det|sub-62|2|0,1868442831,True,False,0.5647861957550049,0.4937891960144043,0.46875,0.7146075963973999,0.5647861957550049,0.06956670433282852,0.008538903668522835,6.902575492858887,0.5647861476259867,0.49378918355796486,0.6930700300941068,0.5062108164420351,0.7146075641503558,0.46875,0.0,0.53125,nan
metadata_order,1,sub-62,2,tent_det,ses-1,0,71,False,32,1034004243,EEGTTA-PHASE1|v1|metadata_order|tent_det|sub-62|2|1,970244493,True,False,0.5557657480239868,0.4941903352737427,0.4375,0.701943576335907,0.5557657480239868,0.07174735516309738,0.015570448711514473,6.903909683227539,0.5557657411500145,0.4941903344588354,0.6930796746135136,0.5058096655411646,0.7019435846013948,0.4375,0.0,0.5625,nan
metadata_order,2,sub-62,2,tent_det,ses-1,0,71,True,7,404861873,EEGTTA-PHASE1|v1|metadata_order|tent_det|sub-62|2|2,1034004243,True,False,0.648242175579071,0.407198041677475,0.2857142984867096,0.6319336891174316,0.648242175579071,0.19680725038051605,0.01926678605377674,6.904796123504639,0.6482420950613051,0.4071980374200003,0.6758224902214366,0.5928019625799996,0.6319337231772286,0.2857142857142857,0.0,0.7142857142857143,nan
metadata_order,3,sub-62,2,tent_det,ses-2,1,66,False,32,463174439,EEGTTA-PHASE1|v1|metadata_order|tent_det|sub-62|2|3,404861873,True,False,0.5353400707244873,0.45255139470100403,0.40625,0.7421034574508667,0.5353400707244873,0.12481486797332764,0.023850824683904648,6.905905723571777,0.5353400302008855,0.45255138154607266,0.6886376550801367,0.5474486184539273,0.7421034482540563,0.40625,1.0,0.40625,nan
metadata_order,4,sub-62,2,tent_det,ses-2,1,66,False,32,437549322,EEGTTA-PHASE1|v1|metadata_order|tent_det|sub-62|2|4,463174439,True,False,0.4761468172073364,0.49125251173973083,0.53125,0.7737821340560913,0.4761468172073364,0.13873837888240814,0.028476454317569733,6.9069366455078125,0.4761467936737128,0.49125248135533184,0.6929941345872184,0.5087475186446682,0.7737821346381679,0.53125,1.0,0.53125,nan
metadata_order,5,sub-62,2,tent_det,ses-2,1,66,True,2,228896728,EEGTTA-PHASE1|v1|metadata_order|tent_det|sub-62|2|5,437549322,True,False,0.5884141325950623,0.4667964577674866,0.5,0.7218843698501587,0.5884141325950623,0.23069800436496735,0.032950159162282944,6.908010482788086,0.58841411630265,0.466796450316906,0.6909406056677834,0.533203549683094,0.7218843773007393,0.5,1.0,0.5,nan
metadata_order,0,sub-63,2,tent_det,ses-1,0,67,False,32,2138287421,EEGTTA-PHASE1|v1|metadata_order|tent_det|sub-63|2|0,776825216,True,False,0.43715304136276245,0.4826698303222656,0.5,0.7851199507713318,0.43715304136276245,0.12316340953111649,0.008553343825042248,7.673438549041748,0.43715303610154316,0.4826698018296156,0.6925463886960996,0.5173301981703844,0.78511995691224,0.5,0.0,0.5,nan
metadata_order,1,sub-63,2,tent_det,ses-1,0,67,False,32,1172594357,EEGTTA-PHASE1|v1|metadata_order|tent_det|sub-63|2|1,2138287421,True,False,0.44282907247543335,0.46368473768234253,0.46875,0.7887507081031799,0.44282907247543335,0.16079801321029663,0.015379202552139759,7.6753106117248535,0.4428290849517389,0.46368475048802793,0.6905072619900483,0.5363152495119721,0.7887506952974945,0.46875,0.0,0.53125,nan
metadata_order,2,sub-63,2,tent_det,ses-1,0,67,True,3,1441611660,EEGTTA-PHASE1|v1|metadata_order|tent_det|sub-63|2|2,1172594357,True,False,0.5560108423233032,0.428000271320343,0.3333333432674408,0.7474321126937866,0.5560108423233032,0.33140599727630615,0.02081349305808544,7.676192760467529,0.5560108550326688,0.4280002564191818,0.6827431225693624,0.5719997435808182,0.747432067990303,0.3333333333333333,0.0,0.6666666666666666,nan
metadata_order,3,sub-63,2,tent_det,ses-2,1,73,False,32,283213784,EEGTTA-PHASE1|v1|metadata_order|tent_det|sub-63|2|3,1441611660,True,False,0.48798272013664246,0.4479748606681824,0.46875,0.7481932640075684,0.48798272013664246,0.13140332698822021,0.026640692725777626,7.677159786224365,0.4879826731199326,0.4479748617304722,0.6877241403028018,0.5520251382695278,0.7481932294176659,0.46875,1.0,0.46875,nan
metadata_order,4,sub-63,2,tent_det,ses-2,1,73,False,32,1598062407,EEGTTA-PHASE1|v1|metadata_order|tent_det|sub-63|2|4,283213784,True,False,0.491008996963501,0.5041433572769165,0.5625,0.7459345459938049,0.491008996963501,0.08119319379329681,0.031789541244506836,7.678501129150391,0.4910090318921229,0.5041433777369093,0.6931128450088253,0.5041433777369093,0.7459345441602636,0.5625,1.0,0.5625,nan
metadata_order,5,sub-63,2,tent_det,ses-2,1,73,True,9,1922436202,EEGTTA-PHASE1|v1|metadata_order|tent_det|sub-63|2|5,1598062407,True,False,0.47139453887939453,0.40323102474212646,0.2222222238779068,0.7696914672851562,0.47139453887939453,0.3291124999523163,0.03725108504295349,7.679779529571533,0.4713945388545215,0.40323101894723046,0.6743000028685378,0.5967689810527695,0.7696914863255289,0.2222222222222222,1.0,0.2222222222222222,nan
metadata_order,0,sub-64,2,tent_det,ses-1,0,69,False,32,1439338399,EEGTTA-PHASE1|v1|metadata_order|tent_det|sub-64|2|0,400050607,True,False,0.5732536315917969,0.46406590938568115,0.4375,0.696815013885498,0.5732536315917969,0.12490350753068924,0.008571808226406574,6.971614360809326,0.5732536327940064,0.4640659000724554,0.6905624337440347,0.5359340999275446,0.6968150194734335,0.4375,0.0,0.5625,nan
metadata_order,1,sub-64,2,tent_det,ses-1,0,69,False,32,2113975435,EEGTTA-PHASE1|v1|metadata_order|tent_det|sub-64|2|1,1439338399,True,False,0.5339931845664978,0.4940949082374573,0.5625,0.7250527739524841,0.5339931845664978,0.09260814636945724,0.013737678527832031,6.973420143127441,0.533993174171375,0.494094917899929,0.6930774389494156,0.505905082100071,0.7250527568394318,0.5625,0.0,0.4375,nan
metadata_order,2,sub-64,2,tent_det,ses-1,0,69,True,5,1847207734,EEGTTA-PHASE1|v1|metadata_order|tent_det|sub-64|2|2,2113975435,True,False,0.6389665007591248,0.4883776605129242,0.6000000238418579,0.6400943994522095,0.6389665007591248,0.10909886658191681,0.01837434060871601,6.974977016448975,0.6389665169134917,0.488377645611763,0.6928769979831422,0.511622354388237,0.6400943726301194,0.6,0.0,0.4,nan
metadata_order,3,sub-64,2,tent_det,ses-2,1,70,False,32,79945789,EEGTTA-PHASE1|v1|metadata_order|tent_det|sub-64|2|3,1847207734,True,False,0.5126846432685852,0.48092618584632874,0.375,0.7312418222427368,0.5126846432685852,0.13799452781677246,0.02384067513048649,6.976496696472168,0.5126846031563614,0.48092619370436296,0.6924193838068928,0.519073806295637,0.7312418590881862,0.375,1.0,0.375,nan
metadata_order,4,sub-64,2,tent_det,ses-2,1,70,False,32,1849933795,EEGTTA-PHASE1|v1|metadata_order|tent_det|sub-64|2|4,79945789,True,False,0.5026442408561707,0.5122385025024414,0.53125,0.7575094699859619,0.5026442408561707,0.10355900973081589,0.029228297993540764,6.978173732757568,0.5026442690255821,0.5122385228751227,0.692847587755804,0.5122385228751227,0.7575094868661836,0.53125,1.0,0.53125,nan
metadata_order,5,sub-64,2,tent_det,ses-2,1,70,True,6,2042548024,EEGTTA-PHASE1|v1|metadata_order|tent_det|sub-64|2|5,1849933795,True,False,0.6349539160728455,0.48530933260917664,0.5,0.6347406506538391,0.6349539160728455,0.11685584485530853,0.034249041229486465,6.979455471038818,0.6349538713400434,0.48530931770801544,0.6927154861439377,0.5146906822919846,0.6347406556208929,0.5,1.0,0.5,nan
metadata_order,0,sub-65,2,tent_det,ses-2,0,55,False,32,1346862170,EEGTTA-PHASE1|v1|metadata_order|tent_det|sub-65|2|0,1900022077,True,False,0.4414066672325134,0.5469210147857666,0.59375,0.778852105140686,0.4414066672325134,0.12017591297626495,0.008571245707571507,7.29114294052124,0.4414066333931481,0.5469209969523945,0.6887375351715034,0.5469209969523945,0.7788521006223164,0.59375,1.0,0.59375,nan
metadata_order,1,sub-65,2,tent_det,ses-2,0,55,True,23,39149074,EEGTTA-PHASE1|v1|metadata_order|tent_det|sub-65|2|1,1346862170,True,False,0.4120723605155945,0.5432223081588745,0.6086956858634949,0.8047787547111511,0.4120723605155945,0.13360048830509186,0.015643704682588577,7.293262481689453,0.4120723617043303,0.5432222746008926,0.6894061831639828,0.5432222746008926,0.804778656102312,0.6086956521739131,1.0,0.6086956521739131,nan
metadata_order,2,sub-65,2,tent_det,ses-1,1,74,False,32,315080204,EEGTTA-PHASE1|v1|metadata_order|tent_det|sub-65|2|2,39149074,True,False,0.508962869644165,0.4854849576950073,0.46875,0.7575664520263672,0.508962869644165,0.1291549950838089,0.021475063636898994,7.2952046394348145,0.5089628907772159,0.48548494547139853,0.692725747738807,0.5145150545286015,0.7575664754258469,0.46875,0.0,0.53125,nan
metadata_order,3,sub-65,2,tent_det,ses-1,1,74,False,32,275630800,EEGTTA-PHASE1|v1|metadata_order|tent_det|sub-65|2|3,315080204,True,False,0.5387488007545471,0.5252817869186401,0.53125,0.7124579548835754,0.5387488007545471,0.07329589128494263,0.02673918381333351,7.2972307205200195,0.538748811019604,0.5252817524597049,0.6918683012746359,0.5252817524597049,0.7124579669907689,0.53125,0.0,0.46875,nan
metadata_order,4,sub-65,2,tent_det,ses-1,1,74,True,10,1427255738,EEGTTA-PHASE1|v1|metadata_order|tent_det|sub-65|2|4,275630800,True,False,0.5422862768173218,0.46165940165519714,0.4000000059604645,0.7207304239273071,0.5422862768173218,0.14743952453136444,0.031064553186297417,7.299025058746338,0.542286225482174,0.4616593711078167,0.6902042848991994,0.5383406288921833,0.7207303769886494,0.4,0.0,0.6,nan
metadata_order,0,sub-66,2,tent_det,ses-1,0,65,False,32,1925249604,EEGTTA-PHASE1|v1|metadata_order|tent_det|sub-66|2|0,767532984,True,False,0.6400463581085205,0.511587917804718,0.4375,0.6391255855560303,0.6400463581085205,0.0372769720852375,0.008494916372001171,6.3436737060546875,0.6400463301924126,0.5115878977812827,0.6928785977635323,0.5115878977812827,0.6391255422495306,0.4375,0.0,0.5625,nan
metadata_order,1,sub-66,2,tent_det,ses-1,0,65,False,32,1057937427,EEGTTA-PHASE1|v1|metadata_order|tent_det|sub-66|2|1,1925249604,True,False,0.6312588453292847,0.5236687660217285,0.59375,0.638801097869873,0.6312588453292847,0.044160325080156326,0.014795715920627117,6.344723701477051,0.6312588729967152,0.5236688079312444,0.6920263367959677,0.5236688079312444,0.638801041059196,0.59375,0.0,0.40625,nan
metadata_order,2,sub-66,2,tent_det,ses-1,0,65,True,1,1884515524,EEGTTA-PHASE1|v1|metadata_order|tent_det|sub-66|2|2,1057937427,True,False,0.6849378347396851,0.5639799237251282,1.0,0.5639799237251282,0.6849378347396851,0.08105729520320892,0.019721850752830505,6.345892906188965,0.6849378300917457,0.5639799237251282,0.6849378300917457,0.5639799237251282,0.5639799237251282,1.0,0.0,0.0,nan
metadata_order,3,sub-66,2,tent_det,ses-2,1,69,False,32,272202744,EEGTTA-PHASE1|v1|metadata_order|tent_det|sub-66|2|3,1884515524,True,False,0.646185040473938,0.5157133340835571,0.5,0.6215776801109314,0.646185040473938,0.0356614924967289,0.025097988545894623,6.346935749053955,0.6461850054357592,0.5157133275642991,0.6926532819163465,0.5157133275642991,0.621577656827867,0.5,1.0,0.5,nan
metadata_order,4,sub-66,2,tent_det,ses-2,1,69,False,32,1840357643,EEGTTA-PHASE1|v1|metadata_order|tent_det|sub-66|2|4,272202744,True,False,0.6522272825241089,0.5322245359420776,0.6875,0.6148350238800049,0.6522272825241089,0.045962247997522354,0.03048502653837204,6.347967624664307,0.6522272984201124,0.5322245419956744,0.691068898194297,0.5322245419956744,0.6148349917493761,0.6875,1.0,0.6875,nan
metadata_order,5,sub-66,2,tent_det,ses-2,1,69,True,5,1957613490,EEGTTA-PHASE1|v1|metadata_order|tent_det|sub-66|2|5,1840357643,True,False,0.672548234462738,0.5665015578269958,0.800000011920929,0.5913383960723877,0.672548234462738,0.08130025118589401,0.03572472184896469,6.348762035369873,0.6725481937971048,0.5665015637874603,0.684276000783861,0.5665015637874603,0.5913384020328522,0.8,1.0,0.8,nan
metadata_order,0,sub-67,2,tent_det,ses-2,0,72,False,32,406407960,EEGTTA-PHASE1|v1|metadata_order|tent_det|sub-67|2|0,609748076,True,False,0.5923842191696167,0.4737940728664398,0.375,0.6832315921783447,0.5923842191696167,0.08041532337665558,0.008503376506268978,6.691556930541992,0.5923842546613749,0.4737940651830286,0.6917730489927474,0.5262059348169714,0.6832316035870463,0.375,1.0,0.375,nan
metadata_order,1,sub-67,2,tent_det,ses-2,0,72,False,32,1719866743,EEGTTA-PHASE1|v1|metadata_order|tent_det|sub-67|2|1,406407960,True,False,0.5625375509262085,0.49414169788360596,0.4375,0.7227226495742798,0.5625375509262085,0.07343929260969162,0.015436526387929916,6.693025588989258,0.562537569733411,0.49414172302931547,0.6930785401712994,0.5058582769706845,0.7227226169779897,0.4375,1.0,0.4375,nan
metadata_order,2,sub-67,2,tent_det,ses-2,0,72,True,8,1216260556,EEGTTA-PHASE1|v1|metadata_order|tent_det|sub-67|2|2,1719866743,True,False,0.5651035308837891,0.4916236400604248,0.5,0.7063467502593994,0.5651035308837891,0.09963153302669525,0.020612502470612526,6.694799900054932,0.5651035144319014,0.4916236395947635,0.6930068471680586,0.5083763604052365,0.7063467507250607,0.5,1.0,0.5,nan
metadata_order,3,sub-67,2,tent_det,ses-1,1,74,False,32,1748717636,EEGTTA-PHASE1|v1|metadata_order|tent_det|sub-67|2|3,1216260556,True,False,0.6064122915267944,0.47450020909309387,0.40625,0.6706135272979736,0.6064122915267944,0.09096405655145645,0.02599370665848255,6.696888446807861,0.6064123090485738,0.4745001895353198,0.691846135555152,0.5254998104646802,0.6706135096028447,0.40625,0.0,0.59375,nan
metadata_order,4,sub-67,2,tent_det,ses-1,1,74,False,32,24252884,EEGTTA-PHASE1|v1|metadata_order|tent_det|sub-67|2|4,1748717636,True,False,0.6257138252258301,0.48610037565231323,0.40625,0.6545008420944214,0.6257138252258301,0.09227556735277176,0.03147556260228157,6.69893217086792,0.6257138096841961,0.4861003956757486,0.6927607327760084,0.5138996043242514,0.6545008481480181,0.40625,0.0,0.59375,nan
metadata_order,5,sub-67,2,tent_det,ses-1,1,74,True,10,509707669,EEGTTA-PHASE1|v1|metadata_order|tent_det|sub-67|2|5,24252884,True,False,0.6229173541069031,0.44561854004859924,0.4000000059604645,0.6654528379440308,0.6229173541069031,0.11068196594715118,0.03722021356225014,6.700934410095215,0.6229173708814792,0.445618548989296,0.6872207794379763,0.554381451010704,0.6654528230428696,0.4,0.0,0.6,nan
metadata_order,0,sub-68,2,tent_det,ses-2,0,73,False,32,869771484,EEGTTA-PHASE1|v1|metadata_order|tent_det|sub-68|2|0,1525859539,True,False,0.45435306429862976,0.5508067607879639,0.53125,0.7970700860023499,0.45435306429862976,0.10812321305274963,0.008533247746527195,6.906945705413818,0.4543530718694706,0.5508067475166172,0.6879756081534811,0.5508067475166172,0.797070091823116,0.53125,1.0,0.53125,nan
metadata_order,1,sub-68,2,tent_det,ses-2,0,73,False,32,796553182,EEGTTA-PHASE1|v1|metadata_order|tent_det|sub-68|2|1,869771484,True,False,0.543657660484314,0.5666041970252991,0.53125,0.7202529907226562,0.543657660484314,0.09208992123603821,0.014281834475696087,6.909124374389648,0.5436576209642462,0.5666042021475732,0.6842485141664283,0.5666042021475732,0.7202530191279948,0.53125,1.0,0.53125,nan
metadata_order,2,sub-68,2,tent_det,ses-2,0,73,True,9,505660777,EEGTTA-PHASE1|v1|metadata_order|tent_det|sub-68|2|2,796553182,True,False,0.5355299115180969,0.5491623878479004,0.4444444477558136,0.7330308556556702,0.5355299115180969,0.14845478534698486,0.01984057016670704,6.911122798919678,0.5355299659473776,0.5491623845365312,0.6883054813773104,0.5491623845365312,0.7330308655897776,0.4444444444444444,1.0,0.4444444444444444,nan
metadata_order,3,sub-68,2,tent_det,ses-1,1,73,False,32,1146500797,EEGTTA-PHASE1|v1|metadata_order|tent_det|sub-68|2|3,505660777,True,False,0.5113664865493774,0.5938913822174072,0.6875,0.7469838857650757,0.5113664865493774,0.19606195390224457,0.02549223229289055,6.912997722625732,0.5113664668418281,0.5938913529971614,0.6754108990365452,0.5938913529971614,0.7469838516553864,0.6875,0.0,0.3125,nan
metadata_order,4,sub-68,2,tent_det,ses-1,1,73,False,32,1545377727,EEGTTA-PHASE1|v1|metadata_order|tent_det|sub-68|2|4,1146500797,True,False,0.47718074917793274,0.5112740993499756,0.40625,0.7480695247650146,0.47718074917793274,0.13082514703273773,0.030031457543373108,6.91504430770874,0.4771807427624201,0.5112741233315319,0.6928929473005756,0.5112741233315319,0.7480695156846195,0.40625,0.0,0.59375,nan
metadata_order,5,sub-68,2,tent_det,ses-1,1,73,True,9,191868963,EEGTTA-PHASE1|v1|metadata_order|tent_det|sub-68|2|5,1545377727,True,False,0.5246319770812988,0.5494290590286255,0.6666666865348816,0.7246430516242981,0.5246319770812988,0.13383004069328308,0.034657496958971024,6.916837215423584,0.5246319420844446,0.5494290664792061,0.6882527248754304,0.5494290664792061,0.7246430375509791,0.6666666666666666,0.0,0.3333333333333333,nan
metadata_order,0,sub-69,2,tent_det,ses-1,0,73,False,32,1458895209,EEGTTA-PHASE1|v1|metadata_order|tent_det|sub-69|2|0,399963201,True,False,0.42370352149009705,0.5223751068115234,0.46875,0.8010815382003784,0.42370352149009705,0.14409653842449188,0.008546626195311546,7.746037006378174,0.4237035174472235,0.5223750589066185,0.6921455595782449,0.5223750589066185,0.8010815227753483,0.46875,0.0,0.53125,nan
metadata_order,1,sub-69,2,tent_det,ses-1,0,73,False,32,478901090,EEGTTA-PHASE1|v1|metadata_order|tent_det|sub-69|2|1,1458895209,True,False,0.40062713623046875,0.4586999714374542,0.46875,0.8204933404922485,0.40062713623046875,0.12028128653764725,0.015395102091133595,7.747913837432861,0.4006271486349966,0.45869996066903695,0.6897319042509399,0.541300039330963,0.8204933736124076,0.46875,0.0,0.53125,nan
metadata_order,2,sub-69,2,tent_det,ses-1,0,73,True,9,465983495,EEGTTA-PHASE1|v1|metadata_order|tent_det|sub-69|2|2,478901090,True,False,0.44970622658729553,0.5242335796356201,0.5555555820465088,0.7996907830238342,0.44970622658729553,0.15931373834609985,0.019979245960712433,7.750054359436035,0.44970622850662806,0.5242335800495412,0.6919721874808498,0.5242335800495412,0.7996907494962215,0.5555555555555556,0.0,0.4444444444444444,nan
metadata_order,3,sub-69,2,tent_det,ses-2,1,70,False,32,62125136,EEGTTA-PHASE1|v1|metadata_order|tent_det|sub-69|2|3,465983495,True,False,0.39077234268188477,0.45620793104171753,0.375,0.8252056241035461,0.39077234268188477,0.17892874777317047,0.024994025006890297,7.752122402191162,0.3907723617599364,0.45620789495296776,0.6893067648435818,0.5437921050470322,0.8252056415658444,0.375,1.0,0.375,nan
metadata_order,4,sub-69,2,tent_det,ses-2,1,70,False,32,1859937679,EEGTTA-PHASE1|v1|metadata_order|tent_det|sub-69|2|4,62125136,True,False,0.42272019386291504,0.561164379119873,0.5625,0.8017376661300659,0.42272019386291504,0.11361053586006165,0.029292568564414978,7.754239559173584,0.42272019993470134,0.5611644132259244,0.6856462361055184,0.5611644132259244,0.8017376841780788,0.5625,1.0,0.5625,nan
metadata_order,5,sub-69,2,tent_det,ses-2,1,70,True,6,109162938,EEGTTA-PHASE1|v1|metadata_order|tent_det|sub-69|2|5,1859937679,True,False,0.34504613280296326,0.5057237148284912,0.5,0.8691147565841675,0.34504613280296326,0.23449493944644928,0.03361673280596733,7.756650924682617,0.3450460858864324,0.5057236738502979,0.6930816582441857,0.5057236738502979,0.869114718089501,0.5,1.0,0.5,nan
metadata_order,0,sub-70,2,tent_det,ses-1,0,70,False,32,851511876,EEGTTA-PHASE1|v1|metadata_order|tent_det|sub-70|2|0,1869636503,True,False,0.6587620377540588,0.48810482025146484,0.4375,0.601158082485199,0.6587620377540588,0.027843840420246124,0.008490709587931633,6.325084686279297,0.6587620692952246,0.48810482025146484,0.6928641632568397,0.5118951797485352,0.6011580713093281,0.4375,0.0,0.5625,nan
metadata_order,1,sub-70,2,tent_det,ses-1,0,70,False,32,1797017947,EEGTTA-PHASE1|v1|metadata_order|tent_det|sub-70|2|1,851511876,True,False,0.6539134979248047,0.526236891746521,0.59375,0.6164568662643433,0.6539134979248047,0.04240299388766289,0.013848990201950073,6.3262505531311035,0.653913528804478,0.5262369178235531,0.6917697963341816,0.5262369178235531,0.616456888616085,0.59375,0.0,0.40625,nan
metadata_order,2,sub-70,2,tent_det,ses-1,0,70,True,6,2103303141,EEGTTA-PHASE1|v1|metadata_order|tent_det|sub-70|2|2,1797017947,True,False,0.6105241179466248,0.5334892272949219,0.5,0.656120777130127,0.6105241179466248,0.06581936031579971,0.019063474610447884,6.328039646148682,0.6105240846318563,0.5334892421960831,0.6909024417533931,0.5334892421960831,0.6561208019653956,0.5,0.0,0.5,nan
metadata_order,3,sub-70,2,tent_det,ses-2,1,69,False,32,1348791802,EEGTTA-PHASE1|v1|metadata_order|tent_det|sub-70|2|3,2103303141,True,False,0.6538681983947754,0.5171133279800415,0.4375,0.6153140068054199,0.6538681983947754,0.030521217733621597,0.02469511702656746,6.329810619354248,0.6538681747171267,0.517113302834332,0.6925613358785431,0.517113302834332,0.6153140543028712,0.4375,1.0,0.4375,nan
metadata_order,4,sub-70,2,tent_det,ses-2,1,69,False,32,1765246257,EEGTTA-PHASE1|v1|metadata_order|tent_det|sub-70|2|4,1348791802,True,False,0.6545771360397339,0.5259725451469421,0.5625,0.6147149205207825,0.6545771360397339,0.03934439271688461,0.030339447781443596,6.33139705657959,0.6545771115904739,0.5259725516662002,0.6917974262915987,0.5259725516662002,0.6147149251773953,0.5625,1.0,0.5625,nan
metadata_order,5,sub-70,2,tent_det,ses-2,1,69,True,5,2031976881,EEGTTA-PHASE1|v1|metadata_order|tent_det|sub-70|2|5,1765246257,True,False,0.6412091255187988,0.5421427488327026,0.6000000238418579,0.6230846643447876,0.6412091255187988,0.05225406214594841,0.03562232851982117,6.332881450653076,0.641209141670779,0.5421427130699158,0.6895909464266241,0.5421427130699158,0.6230846285820008,0.6,1.0,0.6,nan
metadata_order,0,sub-71,2,tent_det,ses-1,0,70,False,32,667684332,EEGTTA-PHASE1|v1|metadata_order|tent_det|sub-71|2|0,68706520,True,False,0.6266152858734131,0.4907805621623993,0.4375,0.6363242268562317,0.6266152858734131,0.0810198113322258,0.008505703881382942,6.645636558532715,0.626615314495846,0.490780595690012,0.6929771760942254,0.509219404309988,0.6363242343068123,0.4375,0.0,0.5625,nan
metadata_order,1,sub-71,2,tent_det,ses-1,0,70,False,32,1526218019,EEGTTA-PHASE1|v1|metadata_order|tent_det|sub-71|2|1,667684332,True,False,0.6071186065673828,0.4897639751434326,0.40625,0.6654367446899414,0.6071186065673828,0.09647015482187271,0.013796977698802948,6.646734237670898,0.6071186010202533,0.48976395605131984,0.6929376127285389,0.5102360439486802,0.66543671162799,0.40625,0.0,0.59375,nan
metadata_order,2,sub-71,2,tent_det,ses-1,0,70,True,6,259369728,EEGTTA-PHASE1|v1|metadata_order|tent_det|sub-71|2|2,1526218019,True,False,0.6460645794868469,0.5449815988540649,0.6666666865348816,0.6393522620201111,0.6460645794868469,0.11724336445331573,0.015663012862205505,6.648101329803467,0.6460645569289523,0.5449815690517426,0.6890950211549542,0.5449815690517426,0.6393522123495737,0.6666666666666666,0.0,0.3333333333333333,nan
metadata_order,3,sub-71,2,tent_det,ses-2,1,72,False,32,508292205,EEGTTA-PHASE1|v1|metadata_order|tent_det|sub-71|2|3,259369728,True,False,0.6016668081283569,0.4812149703502655,0.46875,0.6860455274581909,0.6016668081283569,0.075825035572052,0.01862039603292942,6.649898529052734,0.6016667791816864,0.48121497174724936,0.6924412598633809,0.5187850282527506,0.6860455037094653,0.46875,1.0,0.46875,nan
metadata_order,4,sub-71,2,tent_det,ses-2,1,72,False,32,1168649199,EEGTTA-PHASE1|v1|metadata_order|tent_det|sub-71|2|4,508292205,True,False,0.6113736629486084,0.5229197144508362,0.5,0.6434555053710938,0.6113736629486084,0.0682966411113739,0.021482381969690323,6.651959419250488,0.6113736542089659,0.5229197023436427,0.6920961868013142,0.5229197023436427,0.6434554839506745,0.5,1.0,0.5,nan
metadata_order,5,sub-71,2,tent_det,ses-2,1,72,True,8,197084824,EEGTTA-PHASE1|v1|metadata_order|tent_det|sub-71|2|5,1168649199,True,False,0.5610385537147522,0.5622622966766357,0.625,0.7066154479980469,0.5610385537147522,0.16851556301116943,0.023229550570249557,6.654152870178223,0.5610385472350468,0.5622623320668936,0.6853738218965004,0.5622623320668936,0.7066154573112726,0.625,1.0,0.625,nan
