model,test_subject,seed,dir,has_best_pt,sha256_best_pt,has_normalization_npz,sha256_normalization_npz,has_result_json,sha256_result_json,has_predictions_csv,sha256_predictions_csv,has_history_csv,sha256_history_csv,has_model_architecture_txt,sha256_model_architecture_txt,has_split_json,sha256_split_json,legacy_best_epoch,legacy_epochs_run,legacy_val_subject_macro_ba,legacy_test_balanced_accuracy,legacy_test_n_segments
eegnet,sub-01,0,formal_results_v1/project/results/formal_autodl_v1/eegnet/sub-01/seed_0,True,06408820fd7926c47c3be60cc54d0a5b0a5d1b5205a682c10290324e66802726,True,0b6744baaf7cf4a6cab272a6487edd2b5b75fb38d5cf6b32f9fa146a7a9a214c,True,0f0a3f0fcff82d954f5052a93b21d54b6c1e184d9e9499c61c02ccd257891187,True,c0f32ac3f261cd0849f4cef0ef28ea1d00802e04de1007dcc4f385ea19de1154,True,fe2d73979fb14f508350b0270ac1242d02047b4ba670bd9234a2fd102fab1802,True,7b0c73ee5b31c26d27e7a80e64b2af5656830d5fa637f736d6b943fa81be5099,True,809b271a5990299e2f8f15f1e3d217fa9150c975a874d050b30578571ea5e342,2,12,0.544943632607138,0.47665056360708535,123
eegnet,sub-01,1,formal_results_v1/project/results/formal_autodl_v1/eegnet/sub-01/seed_1,True,da5b73a4e3a944b6685830f114cce7f932f5a52aea7796560fffc82569ae3746,True,0b6744baaf7cf4a6cab272a6487edd2b5b75fb38d5cf6b32f9fa146a7a9a214c,True,bee0e8f92a96a75c4611b60dc1d6ac929fe90e2b872de1f8af8c93f8091b6aa7,True,b9ff9ea0612e97803ce76166f63c0caf6be0e2ac8fb3c478df2eac514eaf04dd,True,fcc51928540db48fbee086e5e774d514ac482915e0777014951fd6cab5914c76,True,7b0c73ee5b31c26d27e7a80e64b2af5656830d5fa637f736d6b943fa81be5099,True,809b271a5990299e2f8f15f1e3d217fa9150c975a874d050b30578571ea5e342,4,14,0.5336551460916007,0.4428341384863124,123
eegnet,sub-01,2,formal_results_v1/project/results/formal_autodl_v1/eegnet/sub-01/seed_2,True,1d7e6662a9e661ed90b96e1b5a6fc9044162dc946a086b8c4508d30f8d4ec82d,True,0b6744baaf7cf4a6cab272a6487edd2b5b75fb38d5cf6b32f9fa146a7a9a214c,True,e9cd8b96f19839b6fa8638875997b39fac0da7723903bfe0c8e264f142cea2f0,True,2042146cbd7b3e65ab145ad2ac89d64003b74c42402b49ab4a49f54fff44950b,True,210ed3c391f5e6703c2cf3ea3d80d698eee17ff5077483aa10cc3305e192b643,True,7b0c73ee5b31c26d27e7a80e64b2af5656830d5fa637f736d6b943fa81be5099,True,809b271a5990299e2f8f15f1e3d217fa9150c975a874d050b30578571ea5e342,8,18,0.5333881539048857,0.41505636070853463,123
eegnet,sub-02,0,formal_results_v1/project/results/formal_autodl_v1/eegnet/sub-02/seed_0,True,38765cd365c7d3fb6a9747bac4c82f8a9f98c5c7b03580dfd5145f05d2affa11,True,7d228314d5013e6e2d22cc7224202f09dd5558835469f7562cc995f0ac0b7d3a,True,62b735d2dd6dafc398d2130e7ed03e95494e382c9ed10404bebfaf328f2e2390,True,1c63460ebe76819848660ca1796ac80fdfb879b826df861f252a68205bd8836f,True,841368d97b4f0567813938cf63b396d7d2dabdd75eb19f6c83500672d26ba212,True,7b0c73ee5b31c26d27e7a80e64b2af5656830d5fa637f736d6b943fa81be5099,True,092e471d1c0aef8d90e25db1d356b2a9ade9472240388b7fbab44e9ff4538eab,3,13,0.6249189148706097,0.5243303571428571,134
eegnet,sub-02,1,formal_results_v1/project/results/formal_autodl_v1/eegnet/sub-02/seed_1,True,d72ffef19eaaea9d7c18468201f51afd15e1251c77354adc819d736f23feb42a,True,7d228314d5013e6e2d22cc7224202f09dd5558835469f7562cc995f0ac0b7d3a,True,e8badb12afbc6537f3d8f8abd406ad7caff4a98ab3763466c042874a36cfe39e,True,e675e9217004906a89c02340dc9d3dc358f9c19e0e935bc3e902268581dd4a3d,True,c627a29a464acc51ea31834dfd15dc5e21147123abe69e6b7d3d86b2a40dcbcf,True,7b0c73ee5b31c26d27e7a80e64b2af5656830d5fa637f736d6b943fa81be5099,True,092e471d1c0aef8d90e25db1d356b2a9ade9472240388b7fbab44e9ff4538eab,11,21,0.6466696150208306,0.5654017857142857,134
eegnet,sub-02,2,formal_results_v1/project/results/formal_autodl_v1/eegnet/sub-02/seed_2,True,1a994d836df2a3f1451927926a39aea30cb1bdf582cadd4eaa9fb8fbd79b47fe,True,7d228314d5013e6e2d22cc7224202f09dd5558835469f7562cc995f0ac0b7d3a,True,18ca0ce41d68c964b0b876c50164ead22d92044746fbebe7a1ce3fd6442a631e,True,35be18ecf0f04e93669137f7f85ccefe969ae7d0cc46299928ca4dd7ba70eb9d,True,49e5f4d0bb4870a43d46adeb80c838e5db8d81a0603e56cfba3b24561a457159,True,7b0c73ee5b31c26d27e7a80e64b2af5656830d5fa637f736d6b943fa81be5099,True,092e471d1c0aef8d90e25db1d356b2a9ade9472240388b7fbab44e9ff4538eab,16,26,0.6436528933590608,0.6908482142857143,134
eegnet,sub-03,0,formal_results_v1/project/results/formal_autodl_v1/eegnet/sub-03/seed_0,True,81bb08ec4132425b454a264e35ae8ab99c91771daa5e0e9c769ff9b6896f3b38,True,f71fdceaf45c3bf99e48708993e5af7ee111885d3d6bacc2d027b57f9a035601,True,71eaf603e8fbe0b3c810f8fb6056d58570ba782b9ed7de89386f13f0fde37e27,True,1657c48d014a33a2b6d737fcd0e2aa26de45742304349c838c6f709cac23eefe,True,b6d0e943fffc6e6cbfcfb17605171320093fbe9b023dc2db538857414bdad0c7,True,7b0c73ee5b31c26d27e7a80e64b2af5656830d5fa637f736d6b943fa81be5099,True,2f634f77404f7085d037d252e494d7a817c0f28608b94554f66a4430931b1757,3,13,0.6008588149758995,0.6853228962818003,143
eegnet,sub-03,1,formal_results_v1/project/results/formal_autodl_v1/eegnet/sub-03/seed_1,True,71179a16a12ecd43972bedf603b649fe636851280a3e9d60270963c97675f6d6,True,f71fdceaf45c3bf99e48708993e5af7ee111885d3d6bacc2d027b57f9a035601,True,216d2043d55ac5a737c71ae1e3ec4848eda0d390f698ca9da73b48b33d954c7e,True,77e29155f9763f6e50ef11d6c34a5f5f210e944d452b73aa1507f25dcd307108,True,4290b03a251e489add26e30ac3cd6bc224b1352e9d169df10cab043819bc5a9f,True,7b0c73ee5b31c26d27e7a80e64b2af5656830d5fa637f736d6b943fa81be5099,True,2f634f77404f7085d037d252e494d7a817c0f28608b94554f66a4430931b1757,12,22,0.5740527973230318,0.8681017612524462,143
eegnet,sub-03,2,formal_results_v1/project/results/formal_autodl_v1/eegnet/sub-03/seed_2,True,e9add934688baa968ee9ad1b43a1b09a73a3126ad0b158f4c50b18c2c0025fa8,True,f71fdceaf45c3bf99e48708993e5af7ee111885d3d6bacc2d027b57f9a035601,True,5d8e443648ec226dab6f9754a0dd60b7c0a21f69a8602578726738c949c91781,True,f69224721d80347087075ce1ee9cba8e5a01616ed6d6fc48b12a76371e5b2491,True,6246b7062477efbf5cb56514e9873af38ec11505d299e413a7a289edfa627d3a,True,7b0c73ee5b31c26d27e7a80e64b2af5656830d5fa637f736d6b943fa81be5099,True,2f634f77404f7085d037d252e494d7a817c0f28608b94554f66a4430931b1757,2,12,0.590292247618322,0.6703522504892367,143
eegnet,sub-04,0,formal_results_v1/project/results/formal_autodl_v1/eegnet/sub-04/seed_0,True,1303dceb9f138cf72b1d0e694b4f9f5efc4d9fa0b87dfdb222dc9e88ab9b2f9a,True,5e7524c0cee6a6b8048bbd85bb54a7c40eee5db988999130bf72be188af1119f,True,def19c5d74f06b09f09901a294c458af94608ef561d8e6bab618cac89ad03e30,True,c1cf7d587bf98dbc59e89842caafc1813362d3c7f7932db2d43c1fa9682d49f8,True,f25a68d2abf5309e563ebfc5153e53739999d5929ed7f09c67aba46004d3a60b,True,7b0c73ee5b31c26d27e7a80e64b2af5656830d5fa637f736d6b943fa81be5099,True,f0ec1899c87680213f0e3749af73502c680e10341bf3e2ddceb6144ad711e910,4,14,0.6121956092789708,0.4032258064516129,66
eegnet,sub-04,1,formal_results_v1/project/results/formal_autodl_v1/eegnet/sub-04/seed_1,True,aa6634ac124502908ad6d9a6e17137380c6023e0247f47efcd5bfb58fefbd1eb,True,5e7524c0cee6a6b8048bbd85bb54a7c40eee5db988999130bf72be188af1119f,True,ee53137ed6d9ecddaaf08dfe5175988f9199a24130a170d0934bdb8387652534,True,ea2ca2ebeba619cc960dfb8184e1ce5867e5b8822658f7f0ba8d3f1436e9d225,True,48f6d580d16325a342b732a946430921c9e743338522ea489a8c93d8cfec78f5,True,7b0c73ee5b31c26d27e7a80e64b2af5656830d5fa637f736d6b943fa81be5099,True,f0ec1899c87680213f0e3749af73502c680e10341bf3e2ddceb6144ad711e910,19,29,0.6131808458624936,0.41935483870967744,66
eegnet,sub-04,2,formal_results_v1/project/results/formal_autodl_v1/eegnet/sub-04/seed_2,True,275b0c44a9b92579c267b713d45a8ce5f0196ac98b94fa2dba9924a479e9ade8,True,5e7524c0cee6a6b8048bbd85bb54a7c40eee5db988999130bf72be188af1119f,True,1d3e29ab48affcb006d031722ec2bfac999fc73fed815d90661ed57022382953,True,3dee273f00f94f83e0ee31d5af940bec909eacddab32923651f49d8fe8aaecfb,True,db299f42a3ff48ba8fb8532b68499f6f3db654ddfb83447949d1489f84f6202d,True,7b0c73ee5b31c26d27e7a80e64b2af5656830d5fa637f736d6b943fa81be5099,True,f0ec1899c87680213f0e3749af73502c680e10341bf3e2ddceb6144ad711e910,5,15,0.6060163406198136,0.4879032258064516,66
eegnet,sub-05,0,formal_results_v1/project/results/formal_autodl_v1/eegnet/sub-05/seed_0,True,111c8e5466c19f4e591bbca7c201073b4fad30aeeb599e03e96920afa9917284,True,5a27284b467b4835af7f456b73a2682402f93ef72f81af2ebd5c818296c12de0,True,548c647d1244e61f9dbcd819e919052e7afcb862dc02b1c74ca7c7e3f38e86af,True,874dd8f22f59fc13c00687a1d0d62d1e29cd67876a4c5527b6aaa85cbd9c24b0,True,3ceeca4af73e44252c6440375a7279ccd9896cc98bb931a7f099fdb917ba53cc,True,7b0c73ee5b31c26d27e7a80e64b2af5656830d5fa637f736d6b943fa81be5099,True,04a6e88b9c0372c5a3a37c5fd01dff78c9e4d0ef176e2d7f5fcab031f958d563,3,13,0.6151880415769551,0.43639494833524684,132
eegnet,sub-05,1,formal_results_v1/project/results/formal_autodl_v1/eegnet/sub-05/seed_1,True,1c379f55872e536c7dda16ca9071aabe4900d8c0e02ab4ed4adc539270f12c6d,True,5a27284b467b4835af7f456b73a2682402f93ef72f81af2ebd5c818296c12de0,True,a10d3b353e39615b2e35b6cc16ac80b9249f063f666d52a35497320e8fd10d92,True,3dccfa553ae395752d1f89966900f8a16976773ae1b4b6732769949adc45a148,True,622efdce6a0b9c5cc94cd5093285f4ae8a56640849c47bccf4defec98df608e2,True,7b0c73ee5b31c26d27e7a80e64b2af5656830d5fa637f736d6b943fa81be5099,True,04a6e88b9c0372c5a3a37c5fd01dff78c9e4d0ef176e2d7f5fcab031f958d563,4,14,0.6018163833724467,0.42192881745120553,132
eegnet,sub-05,2,formal_results_v1/project/results/formal_autodl_v1/eegnet/sub-05/seed_2,True,0883a1a5024c23bf4c15181e5d026bdc290146507eeb698c5a9d9c8bda98dbf7,True,5a27284b467b4835af7f456b73a2682402f93ef72f81af2ebd5c818296c12de0,True,6ee01abd3ad310e77175cee61f7c8589cf169e8cc17943ef605c417e7c984aaa,True,9d276f4c5e2623113f2bec9ffadb36855f619ff9bdb578b0f0a1a31b3473cf26,True,c3e57e6328eb34aef6cc52c10d7c826746a440b6352d31fab719e98c6b9abd36,True,7b0c73ee5b31c26d27e7a80e64b2af5656830d5fa637f736d6b943fa81be5099,True,04a6e88b9c0372c5a3a37c5fd01dff78c9e4d0ef176e2d7f5fcab031f958d563,6,16,0.5969863281780446,0.3140068886337543,132
eegnet,sub-06,0,formal_results_v1/project/results/formal_autodl_v1/eegnet/sub-06/seed_0,True,64b91c63da2bf8185e6f879a9725e6a0d51f5498596924a0d979280e86139456,True,e5c0d7186537c08f9c76e337b7eb5dd46b4ba8b6031dcec57a574cc76de01f8e,True,535e66eb7763835946fbc90c38fce9a1f4ff25012354c2f469d85a6527b95360,True,164cebfe435d8d24cde4f416d2ce1873f40b94c53d1afdbc5a71bdfd453e5790,True,c96e9f6b4c00cde17cd98023cd2cf6b35c3fd70b8b94dcf081fad8f7cf7a9410,True,7b0c73ee5b31c26d27e7a80e64b2af5656830d5fa637f736d6b943fa81be5099,True,4d4346092a36eddf83782125d8e5d2cd4bfbf8fc2bfd479553a41df4459581e8,2,12,0.5875602722473255,0.46326013513513514,138
eegnet,sub-06,1,formal_results_v1/project/results/formal_autodl_v1/eegnet/sub-06/seed_1,True,d3c07f7d1a977b1bc2f08acdbd7d199871be9a014bdc717b4ead3c50b419b854,True,e5c0d7186537c08f9c76e337b7eb5dd46b4ba8b6031dcec57a574cc76de01f8e,True,c6fefdfff08082345c69dbeb3f384040ca4f8f09a2d21f1589b1eab2ae50f8ba,True,27a82a6912ba489113cc8c5b255415d7add539e6dc538c4736bbbbb5ce5cae59,True,fe8270affe007a5ce304c2ba809de1ffed12c66955ef668dae76c3faef4b5898,True,7b0c73ee5b31c26d27e7a80e64b2af5656830d5fa637f736d6b943fa81be5099,True,4d4346092a36eddf83782125d8e5d2cd4bfbf8fc2bfd479553a41df4459581e8,9,19,0.5768333639138427,0.5363175675675675,138
eegnet,sub-06,2,formal_results_v1/project/results/formal_autodl_v1/eegnet/sub-06/seed_2,True,111ee360b9cfe6b8f8ef6a530fc5db5480bb9803cf93f4d24d527d8323627d9e,True,e5c0d7186537c08f9c76e337b7eb5dd46b4ba8b6031dcec57a574cc76de01f8e,True,04d6fecacd67b0780d450c6160ecd8c5d88ebdd7c334fd9b34f3c14591130f0c,True,f3b105d1ab724e56ba862886693ec55c9d3abc7acc7fa68be2e51e2cf62d18d0,True,3dbd4cd4dc405aba708e004e4c0cbfc0fd3f604768abf00f7c3b305010087ce6,True,7b0c73ee5b31c26d27e7a80e64b2af5656830d5fa637f736d6b943fa81be5099,True,4d4346092a36eddf83782125d8e5d2cd4bfbf8fc2bfd479553a41df4459581e8,6,16,0.5968305770090893,0.7371199324324325,138
eegnet,sub-07,0,formal_results_v1/project/results/formal_autodl_v1/eegnet/sub-07/seed_0,True,1d4b43160cd9809775db060e28b04b9995b099c8ad6935e6b73c8c5de3a0dc41,True,9355605d8677c08a616de4a9f2bcf53d7b617adfcbbf07bc57b0abeca36b4959,True,af6c895dc343b891460fcea6a9aa214944da5a051a2e6371128f9ffe6a5f838f,True,d55ebd0bf23443f3d884f1b5dad0cde8c8a4587d7137e05b62dcc8bc7248eb4e,True,9de0dc7de2465d278e5f8000d23b022be6f33b423fa1fbdff94c47d60e5604fd,True,7b0c73ee5b31c26d27e7a80e64b2af5656830d5fa637f736d6b943fa81be5099,True,ccfefc3527b73e2766072f93944cd5acafd192cc1bae100efc1c25efdb9489da,18,28,0.5974453093827778,0.844187675070028,131
eegnet,sub-07,1,formal_results_v1/project/results/formal_autodl_v1/eegnet/sub-07/seed_1,True,a0c8ef8522d43ef8268fe82b2f6b1f7ad24323246ad78bd97ac9cfd3b53d0071,True,9355605d8677c08a616de4a9f2bcf53d7b617adfcbbf07bc57b0abeca36b4959,True,8e8945aa0a03cb5ce05e41afb27cfa2867149f1c243b53edfb4c7925182ab10d,True,13ac8e2a16ab815f7280e3b87671ddfb114fb7a5591b205e2f30121378495844,True,c6667fc287387b4851b0b6204435d16db3050e85f02362852ee5fc36ea21a49d,True,7b0c73ee5b31c26d27e7a80e64b2af5656830d5fa637f736d6b943fa81be5099,True,ccfefc3527b73e2766072f93944cd5acafd192cc1bae100efc1c25efdb9489da,3,13,0.6129104072287686,0.8277310924369747,131
eegnet,sub-07,2,formal_results_v1/project/results/formal_autodl_v1/eegnet/sub-07/seed_2,True,bf3959c546126d25bc4ecad50cd9ebabe466219cfd692bc63c459803cd4476ab,True,9355605d8677c08a616de4a9f2bcf53d7b617adfcbbf07bc57b0abeca36b4959,True,82ea64e500998abc9f97ccab91325400cfaf1352b56b8178123a3295e2666c01,True,87ace488e8c43418eb397381692660e907f451cd44abfb72b35cc5690d5fc271,True,1b15f852658ba38f7e4a9235ce742b77fc1c40ffa2b515b9cfaa1561a3b8748a,True,7b0c73ee5b31c26d27e7a80e64b2af5656830d5fa637f736d6b943fa81be5099,True,ccfefc3527b73e2766072f93944cd5acafd192cc1bae100efc1c25efdb9489da,2,12,0.6172125310037693,0.886204481792717,131
eegnet,sub-08,0,formal_results_v1/project/results/formal_autodl_v1/eegnet/sub-08/seed_0,True,28f24569defa29ef53eabb918c0bf1e9851825df33e8eb181e22c02dcf53c448,True,6707d3fa16cfb2d1b08cf5c560ede7740cdc2e431f88663fe02b5c6fbc152f3c,True,9feb0c9f2700e6ae3c89ea39ddc90c9aac0599923d875b7e51cb0bb7950d12ad,True,c4145bc591a117c747f866aa8e5eff130de95223f9e1f3d6e11d4e32afa0a78c,True,6edfaaed568d6c406b35b0dce8836f19e13533b06c7991da48af132c3cc50442,True,7b0c73ee5b31c26d27e7a80e64b2af5656830d5fa637f736d6b943fa81be5099,True,7d43b22b252003bb65c1643b7604693eeb5d3f6b03902c1337839d54b95ad10e,4,14,0.6708974542046445,0.4241935483870968,127
eegnet,sub-08,1,formal_results_v1/project/results/formal_autodl_v1/eegnet/sub-08/seed_1,True,c399bfc04cf2362330aaae4c9804f22da5603374758f8abb9a12ac0d664b3d4c,True,6707d3fa16cfb2d1b08cf5c560ede7740cdc2e431f88663fe02b5c6fbc152f3c,True,608a1a754bc82810bb12ca627431096f401600301c02545dd01b4d5a1d759094,True,9b9947c3e03a6b3725c0913b7ea6f3ad84a474d839624b4d35a815b6826c6c31,True,410c4c0f4030d581cfa06a9b25b15dc2def13def4c865912cfd359e2a7fda78d,True,7b0c73ee5b31c26d27e7a80e64b2af5656830d5fa637f736d6b943fa81be5099,True,7d43b22b252003bb65c1643b7604693eeb5d3f6b03902c1337839d54b95ad10e,8,18,0.6529126803878643,0.4641439205955335,127
eegnet,sub-08,2,formal_results_v1/project/results/formal_autodl_v1/eegnet/sub-08/seed_2,True,c8d4fd138ccd23a4a005cd635491f740410c60c39ab5117c103fd25df937ab18,True,6707d3fa16cfb2d1b08cf5c560ede7740cdc2e431f88663fe02b5c6fbc152f3c,True,05f0d9f987c996fbc01f124ccc8d731e2ddd21fbc512627704263aa402862f14,True,8ef8b498b0028e47b38f03f74f1264cf5e359d34483d786ebb3be7507313d0cd,True,332d522e0e8a8605d6722aa105543fb9b7aed7468299366f4ca14bf64351b1f9,True,7b0c73ee5b31c26d27e7a80e64b2af5656830d5fa637f736d6b943fa81be5099,True,7d43b22b252003bb65c1643b7604693eeb5d3f6b03902c1337839d54b95ad10e,8,18,0.6660403282622702,0.5532258064516129,127
eegnet,sub-09,0,formal_results_v1/project/results/formal_autodl_v1/eegnet/sub-09/seed_0,True,e31a41a2bcc918992c78a03f12d46749d4825d6e927deff71ac902c7983872e9,True,78794df0efa73ac22089e9b429870e5e479cbf91b0cc9f4f6a3be1fa8eab7bbc,True,65adcea37398be682f0978582a7abd8b9ce745be4cd5606ec3cc49ae8cd9720e,True,84aa387ba639b55a1e4b874cd9e2e290de03e7c1ceab0c0388b4106a21e86088,True,4cea21cebd8570ddf8dc1f33b8bd26d23dbf2b48fea1892e314aedc7adcb31ba,True,7b0c73ee5b31c26d27e7a80e64b2af5656830d5fa637f736d6b943fa81be5099,True,56728b3b0b78639d882205a30cc21bdc705e85fb6f884faecbd886755bf24a7b,6,16,0.6705613496443051,0.5076211894052973,127
eegnet,sub-09,1,formal_results_v1/project/results/formal_autodl_v1/eegnet/sub-09/seed_1,True,5afa7efe99eb8e03671232a4d709b43cee278fc5a6b96167ff75e332dc12e7ed,True,78794df0efa73ac22089e9b429870e5e479cbf91b0cc9f4f6a3be1fa8eab7bbc,True,c4875419120b2ab4fa06b2c28ab2e2579432920d0df30cfc8c64e41e58405a83,True,5739dc1b197c3190f9f8bff1d3b0180279039f6bdcdb3d6152b15fcf7e22ab3b,True,0706b965804d0cdedb5a096e66dc0f0a54886fa43c4f3ceb93a2c23789dc58bd,True,7b0c73ee5b31c26d27e7a80e64b2af5656830d5fa637f736d6b943fa81be5099,True,56728b3b0b78639d882205a30cc21bdc705e85fb6f884faecbd886755bf24a7b,5,15,0.6793007373645775,0.4027986006996502,127
eegnet,sub-09,2,formal_results_v1/project/results/formal_autodl_v1/eegnet/sub-09/seed_2,True,c11ba761c4a534eee5e22d1a3da4aedd0380b22b7aaffb1b0a2417f35c2f6aab,True,78794df0efa73ac22089e9b429870e5e479cbf91b0cc9f4f6a3be1fa8eab7bbc,True,0f9c00e4edb372352d4852b864b7f5dcfd5b779aae26c6bedf78b41563d06982,True,b5f265b1b5ecb7191721df9a27076016df9427f4ef295ee279b8690c4c0f2d9f,True,a3fcead58d4cf9e7f2995699b50cace0f2dd1138d4424ebac1440d942b002ecc,True,7b0c73ee5b31c26d27e7a80e64b2af5656830d5fa637f736d6b943fa81be5099,True,56728b3b0b78639d882205a30cc21bdc705e85fb6f884faecbd886755bf24a7b,6,16,0.6718687294712006,0.5234882558720639,127
eegnet,sub-10,0,formal_results_v1/project/results/formal_autodl_v1/eegnet/sub-10/seed_0,True,52b438f6b0739501a628c28cd649c8858d40dfbb69da1566f9b9754ebd9faf1b,True,aa2b5262de5f482de3b4cb0608c6e47f5189c4bae9618c878c506375ebbfbe64,True,df0ee0f828c099a026a5871e3be35647abe56fbf771c5077929e8e80eb4abe1f,True,13f69b2abcfa752c9516881a291b99a4ac3274bb9c16210692c2ae5d67511f06,True,03e989da303a42fdb887729cca3cf7282630d8b48e7da978305ed88416961681,True,7b0c73ee5b31c26d27e7a80e64b2af5656830d5fa637f736d6b943fa81be5099,True,77ee200fdbe8d8e4619dd4834479b370137a0f53b4af48659161d769cebd3096,1,11,0.5977606795366783,0.6715656256378852,140
eegnet,sub-10,1,formal_results_v1/project/results/formal_autodl_v1/eegnet/sub-10/seed_1,True,5294d7b509b7d8c4b2b8e73b0cad40d0768536bb4b12acd16853ecb07678410d,True,aa2b5262de5f482de3b4cb0608c6e47f5189c4bae9618c878c506375ebbfbe64,True,7c935222c842fb1ff7cc8927b1715ab7c85bccde42989a5bbf763223f756d9f9,True,671e098e0498a695f5f25016efe2bebf5bcfd9a9b9a0cd392642a9f01460227e,True,b73d45abb34903a7757eddfc39c4b191a52e3437d8ffdd3e2659a90ba24eff12,True,7b0c73ee5b31c26d27e7a80e64b2af5656830d5fa637f736d6b943fa81be5099,True,77ee200fdbe8d8e4619dd4834479b370137a0f53b4af48659161d769cebd3096,7,17,0.6576092662987219,0.48040416411512554,140
eegnet,sub-10,2,formal_results_v1/project/results/formal_autodl_v1/eegnet/sub-10/seed_2,True,2f7856792ccfa6edb0d607b41dde87deecd4e0665664fdeec7a4444a92714603,True,aa2b5262de5f482de3b4cb0608c6e47f5189c4bae9618c878c506375ebbfbe64,True,a75dd797760e42ca74fb7398cce9fd2d6bed0381a5b48f56f67f26779444228f,True,a935df68ab1c00ce3ac9a503790914272c69aed30eac27df409663a8007be880,True,de778e559c8ed48f0b6be8ed06786ee652b6a9c36d621ef9f2a168700ea8720e,True,7b0c73ee5b31c26d27e7a80e64b2af5656830d5fa637f736d6b943fa81be5099,True,77ee200fdbe8d8e4619dd4834479b370137a0f53b4af48659161d769cebd3096,2,12,0.603550867387713,0.6665646050214329,140
eegnet,sub-11,0,formal_results_v1/project/results/formal_autodl_v1/eegnet/sub-11/seed_0,True,027fbeae416f7f63e1ecb066293ba38986b96beaa87aff97497a6c6f205c1833,True,1164064d3448f1604b9e3733fca2c22311230612f8ea410e384cb3063ef9ce18,True,10e29ac1f49168044faa55349e0f9a952879f658179d05f6cbffdfae9031986d,True,6d10eb9ff49e762f24258d709f234682e8bd3488acb50889628be9fd4bde2ff1,True,1fe6ee701fe494f5cbea4a8454b24469b458b994ba9b18a9c7328b7643c7c871,True,7b0c73ee5b31c26d27e7a80e64b2af5656830d5fa637f736d6b943fa81be5099,True,9c5490b4d01022263ba50e5c6070235aa90d0eb52e2db1d601b45072e506f117,3,13,0.5982676713210446,0.5269886363636364,130
eegnet,sub-11,1,formal_results_v1/project/results/formal_autodl_v1/eegnet/sub-11/seed_1,True,122a4da75917907ca6c40924d8540aa6580177edd709802ef20429f1293c5f6d,True,1164064d3448f1604b9e3733fca2c22311230612f8ea410e384cb3063ef9ce18,True,2b9520abe7d36599de45c460ba51dfee538d223fe5f260df05eadf39e5d9f6ff,True,dbe0e58566d0d49961345e2ee9746d155cc6228002d185b903068c0ea873c5d7,True,dfcb57827f1bd5b1dd341f05664b333a6c68d9c42ec9c3ddf91457f6257f7560,True,7b0c73ee5b31c26d27e7a80e64b2af5656830d5fa637f736d6b943fa81be5099,True,9c5490b4d01022263ba50e5c6070235aa90d0eb52e2db1d601b45072e506f117,25,35,0.6230469640607864,0.4190340909090909,130
eegnet,sub-11,2,formal_results_v1/project/results/formal_autodl_v1/eegnet/sub-11/seed_2,True,c71a0e6bba44391b51e9f543e605aa102afd77ba0ba8b4edd7168eea18d1020d,True,1164064d3448f1604b9e3733fca2c22311230612f8ea410e384cb3063ef9ce18,True,98026ccd72e917a6af74516a81010af41a9cbc4cb80e8a1f594537eae804aaf8,True,88458f27846a24d7fc57c5d9b8116d1defd48d6c74eb1263b6fe73443f50fcfa,True,d9be4abdca322fa469a02ddb4e9f80aec0142d84e171ee2964b01d7d5f5ed12a,True,7b0c73ee5b31c26d27e7a80e64b2af5656830d5fa637f736d6b943fa81be5099,True,9c5490b4d01022263ba50e5c6070235aa90d0eb52e2db1d601b45072e506f117,3,13,0.5708895471502482,0.4931344696969697,130
eegnet,sub-12,0,formal_results_v1/project/results/formal_autodl_v1/eegnet/sub-12/seed_0,True,e1355bba17daa7ccaa309b4f79a90c0672a0580bff977e2d85e4abf5fc1d38cb,True,0b70ef3a4fc60c89f32ecca038f37dd21d8e709774750cd40b31962c63d6d3fc,True,40f3d83026dfd32d93819f7f32ae4f1fff22935a0f8d509123431dcc437b93a8,True,3c2ddeaf935201aa163e0359606c9ae7b642a4d523f052aa03a41319632597ed,True,bb19e578d3aba71782632189e7089fbaa403fa8cb740c7824603f5f3ad01db99,True,7b0c73ee5b31c26d27e7a80e64b2af5656830d5fa637f736d6b943fa81be5099,True,0ea3d4a7f0207af5c5f187a24bbe1494b2154652aa0a306227a9cc985544ff4b,5,15,0.6286741313182104,0.31499202551834127,123
eegnet,sub-12,1,formal_results_v1/project/results/formal_autodl_v1/eegnet/sub-12/seed_1,True,e63e6ecbcf9a09245d8175192caaf92e71106d498605c57015b396e23aee7eef,True,0b70ef3a4fc60c89f32ecca038f37dd21d8e709774750cd40b31962c63d6d3fc,True,b91b27d7da07f922904624ffddefd77a661273c0f7cfc47d39a91b17c332ff3f,True,c0987699d643bf5bcbef169427c50bea0701c0ebcb8977df1b1ecdc007a7ac91,True,018addba18071f154d6a04f64091ebb1fbf9e3d3ddb49f37bbf78aee9a39e4fd,True,7b0c73ee5b31c26d27e7a80e64b2af5656830d5fa637f736d6b943fa81be5099,True,0ea3d4a7f0207af5c5f187a24bbe1494b2154652aa0a306227a9cc985544ff4b,1,11,0.6023501570756097,0.511164274322169,123
eegnet,sub-12,2,formal_results_v1/project/results/formal_autodl_v1/eegnet/sub-12/seed_2,True,c01481076516381e65584fd814d670669c7e86467e2019c330f61d78798a8b4e,True,0b70ef3a4fc60c89f32ecca038f37dd21d8e709774750cd40b31962c63d6d3fc,True,1dc945fb41783d18c1522b62d915fa3cf1bd782a84193be35a9b5a17178c8905,True,4414a2e5a1f339540c8345e7be2bba6bb6e9102465e29802d0a05afe0cfae9db,True,d11c02a5e3ed57d32509bfeded223c0c0e13969c4a991e25c07c8916a51528a5,True,7b0c73ee5b31c26d27e7a80e64b2af5656830d5fa637f736d6b943fa81be5099,True,0ea3d4a7f0207af5c5f187a24bbe1494b2154652aa0a306227a9cc985544ff4b,2,12,0.605387528545892,0.44976076555023925,123
eegnet,sub-13,0,formal_results_v1/project/results/formal_autodl_v1/eegnet/sub-13/seed_0,True,625b3abf6727d22959e0f27f90e3d62be58b5a4fcece32fb6eb3a3df8812b76e,True,6f735fb70546dc933487c48182ceeadf5b77d47730aaeb11377023c70b8ca7e9,True,7cdcbb72a032b8896f22a3339c769ca4acdd332fa5d1aaf6c4f0d2710d763a67,True,bf1a179da76f1f298a767a49d39ae5ac2c452b5a7bfe75fa110c985e5a872340,True,c9ebe132d8fdbd164d2eadf46030e5744d2147d6afb98e3f2dc658e449f1660a,True,7b0c73ee5b31c26d27e7a80e64b2af5656830d5fa637f736d6b943fa81be5099,True,060e68e947969635a37873d1ed47832af05b7f2ab813b9b4942d51cf3ba49a03,8,18,0.6580105711561165,0.9719202898550725,141
eegnet,sub-13,1,formal_results_v1/project/results/formal_autodl_v1/eegnet/sub-13/seed_1,True,2e2f5582a51dc2b220bd72ab33c0f9b6a4dfbe9fdf50278447df4866a8efeff1,True,6f735fb70546dc933487c48182ceeadf5b77d47730aaeb11377023c70b8ca7e9,True,8df52b15ab80e8cc0e487476982f5b94899c7b0ecdb607b29dabf9efe1da25e1,True,dc5353ee26b7423e7163d6cda13751446a0c95090143d00de5352ca06e6f4698,True,5a7ec35ac7a89d8f3ffaa88362c0ea8832db82d51d5de20a5451f23589922c3a,True,7b0c73ee5b31c26d27e7a80e64b2af5656830d5fa637f736d6b943fa81be5099,True,060e68e947969635a37873d1ed47832af05b7f2ab813b9b4942d51cf3ba49a03,6,16,0.6748317269660936,0.8943236714975846,141
eegnet,sub-13,2,formal_results_v1/project/results/formal_autodl_v1/eegnet/sub-13/seed_2,True,0679dc4a642e3fc713f085b74550ee287350587aa251538ddf0aebfd343af333,True,6f735fb70546dc933487c48182ceeadf5b77d47730aaeb11377023c70b8ca7e9,True,3def371296a822d53dded6b2630ed877ce42b78a97bc454d4f27641033ff5407,True,eec110bc0bd561af3554e074dd022cf2ba8d24ecd14e623263b86986b8344901,True,287a442bcb6a3568332032cda79eb608f08c990ed6c740cf2c6ca07b9149dabc,True,7b0c73ee5b31c26d27e7a80e64b2af5656830d5fa637f736d6b943fa81be5099,True,060e68e947969635a37873d1ed47832af05b7f2ab813b9b4942d51cf3ba49a03,12,22,0.6335827898086226,0.4933574879227053,141
eegnet,sub-14,0,formal_results_v1/project/results/formal_autodl_v1/eegnet/sub-14/seed_0,True,3faa53d06c838ad5fcc17d3287a6c7578addd6195d74ce165aaa92c7b20e38b1,True,5abe550769dfdef14fe192071003d0b4c9bd281718c1bc73442135d91c48e542,True,7174b43485471c8b3de51820e69f36c81e362fb894c761e7453ce505abfd5953,True,a79ea5b0bd8db3772dab9e59f62f88500128ee164fb10e9abe786d031dde6b4d,True,fb7650c40dba39aaa62b8b13bfb331f3d3b8ab3681f29f134aa175fc093afd15,True,7b0c73ee5b31c26d27e7a80e64b2af5656830d5fa637f736d6b943fa81be5099,True,253e8b31ebbc219862c91877d974555640b00c02539cddc83c02685449e632ac,4,14,0.6306319441187985,0.7722334004024145,141
eegnet,sub-14,1,formal_results_v1/project/results/formal_autodl_v1/eegnet/sub-14/seed_1,True,f115c852acf98562b8ed78268f950b23f98d2527e3f3367da85f1a2384001d11,True,5abe550769dfdef14fe192071003d0b4c9bd281718c1bc73442135d91c48e542,True,7db5dcdec4cf6993c941fec73f1cb2cc30b0a5fc78014387bc2819846eb8aaf7,True,45edf27ec429a6222ffa95dc402d1aedb962500adb403ab3e12bc6524ec66212,True,f985ccf3ea784fdc4d4f74900d0c175d3f89d22eb2ec6a0836842f30b257d8d4,True,7b0c73ee5b31c26d27e7a80e64b2af5656830d5fa637f736d6b943fa81be5099,True,253e8b31ebbc219862c91877d974555640b00c02539cddc83c02685449e632ac,5,15,0.5890381026037097,0.7288732394366197,141
eegnet,sub-14,2,formal_results_v1/project/results/formal_autodl_v1/eegnet/sub-14/seed_2,True,e67ba9e4c75edf8c5fa455543cfe25af7a0bee599332db0a939548ccd58d9505,True,5abe550769dfdef14fe192071003d0b4c9bd281718c1bc73442135d91c48e542,True,80429b01b23daff83467669c1aa2014a9d90551b0883d080c314997804b14ecd,True,e83f1c5dd6dc7d6f0ef189efd961671df26a8d5107cfed501694063874e8bd49,True,9433874da172d42a7fa1f924987b7047c6830581e5eea023e5983341c1279968,True,7b0c73ee5b31c26d27e7a80e64b2af5656830d5fa637f736d6b943fa81be5099,True,253e8b31ebbc219862c91877d974555640b00c02539cddc83c02685449e632ac,1,11,0.5677751892211165,0.8428571428571429,141
eegnet,sub-15,0,formal_results_v1/project/results/formal_autodl_v1/eegnet/sub-15/seed_0,True,f745555b2d1710e2bb8eb0e8380905b4ec0d055c0867e2cfa65cfea086025385,True,600117f488f3d1cd51f26464324644530923243c01f629d1a8722c02ffd11c8f,True,9aee44824a0f6cb4e950378b5d64f178db5173dc861407fd077e711cf4eccf70,True,153636abcb3a9142729c97b5c2993a5bd0be6baa9f200d9a3d6506154aead230,True,fbc738c8693dab58a18c399235a7826857014899c19a39bd160cef8aff386186,True,7b0c73ee5b31c26d27e7a80e64b2af5656830d5fa637f736d6b943fa81be5099,True,59bcf0a84b2d7410f2b196929e861d75ec8a3e8587ecac213d468e252648d032,47,50,0.709492107698343,0.4931506849315068,146
eegnet,sub-15,1,formal_results_v1/project/results/formal_autodl_v1/eegnet/sub-15/seed_1,True,f4b765b69ea837a446d24221346a81472e100fcd1d3a20ecdb4b63fa26e82e72,True,600117f488f3d1cd51f26464324644530923243c01f629d1a8722c02ffd11c8f,True,ed43fc0e7f362732637c55ae0cd55c41bcaf93ddca7d88205f2eb78c1bb214c0,True,6f9aa80a951be9c7cd84aabd71a4823b2e802681dc3eb01bb279945d2b1fd19b,True,2ff2664c03af53e0b8b80c7c9200d6470d4569879f3613ee0e728e4634a8adf5,True,7b0c73ee5b31c26d27e7a80e64b2af5656830d5fa637f736d6b943fa81be5099,True,59bcf0a84b2d7410f2b196929e861d75ec8a3e8587ecac213d468e252648d032,2,12,0.6759879419381757,0.5136986301369862,146
eegnet,sub-15,2,formal_results_v1/project/results/formal_autodl_v1/eegnet/sub-15/seed_2,True,c5e9c40c867f9d9ab6a495c290bff86cc6a94e078913710448c437b1bc7628eb,True,600117f488f3d1cd51f26464324644530923243c01f629d1a8722c02ffd11c8f,True,f0a394f22e3a4011fdb5d0cef67acb6961fefb70fcb74ad824781a8fcd01e857,True,837787eaeb55dc960b057070ffdcf8c84b188154d92be2b998ad095dc5e01d51,True,1400eea339428dc52c9b48d153d6fb2931ecceb190efe21f0edd18b352f245cc,True,7b0c73ee5b31c26d27e7a80e64b2af5656830d5fa637f736d6b943fa81be5099,True,59bcf0a84b2d7410f2b196929e861d75ec8a3e8587ecac213d468e252648d032,6,16,0.673128058537273,0.6164383561643836,146
eegnet,sub-16,0,formal_results_v1/project/results/formal_autodl_v1/eegnet/sub-16/seed_0,True,fe2846dbcd32e32b6b2d1f5cd3276c4ddbc0dd6d4977fe00af05143a70610fd1,True,bab4db160935fe2f65693fa835c5f9f1715e0b47af4a9ff7eec2534599db114a,True,d376eda82da5b69009a5c0e2c2ebdd90898c9d830c4188dca53febb8396f30f2,True,a70bec65e219e444b1b1f0cbb66da5969b030ceac22840b1a3b23fb907c2b4ef,True,b11c01be2f7a9f50408f49f0ee02bea7a69306556fabf9f377ae47f48dd6956d,True,7b0c73ee5b31c26d27e7a80e64b2af5656830d5fa637f736d6b943fa81be5099,True,6c5d60d1b748578d42a3d0cb2b0ddde747a70d67908577b064962b3a29c354cb,6,16,0.6909238809874367,0.669996194824962,145
eegnet,sub-16,1,formal_results_v1/project/results/formal_autodl_v1/eegnet/sub-16/seed_1,True,c8dba4d135dc83c5a3f4248a550ad6815dd3f718226956e658667109f69ca038,True,bab4db160935fe2f65693fa835c5f9f1715e0b47af4a9ff7eec2534599db114a,True,3b2ef55e4401a5851c92bbda4807b64fd868d341cf2904348efca11e50dcdcb2,True,93a544bbcdb467565ab8fc1fcca2104295ac29a4a4e075b9cf1f32358579d155,True,f252478ef94cdccba272cef040398aa775edcaf06da4c36c1e0e8df1ce028230,True,7b0c73ee5b31c26d27e7a80e64b2af5656830d5fa637f736d6b943fa81be5099,True,6c5d60d1b748578d42a3d0cb2b0ddde747a70d67908577b064962b3a29c354cb,3,13,0.6812940725587151,0.4553843226788432,145
eegnet,sub-16,2,formal_results_v1/project/results/formal_autodl_v1/eegnet/sub-16/seed_2,True,cd06550aaa2d452dbab54faaaa26ad8299de64693ca38a9f50c6b3c46c9cab43,True,bab4db160935fe2f65693fa835c5f9f1715e0b47af4a9ff7eec2534599db114a,True,db84805b53ba4641f0876d2ef93f011eb5f80838f1eaca3892901526d2f7dab3,True,46ae3d865fe00cf2dd9c7fc8c0636be66e67f9fad8fea1c2bdec481a8e596604,True,cd9b10230c743bd13d948043297b4a98059f655b7884d880ca0e0fda59d2ae78,True,7b0c73ee5b31c26d27e7a80e64b2af5656830d5fa637f736d6b943fa81be5099,True,6c5d60d1b748578d42a3d0cb2b0ddde747a70d67908577b064962b3a29c354cb,6,16,0.6612867996033376,0.5467085235920852,145
eegnet,sub-17,0,formal_results_v1/project/results/formal_autodl_v1/eegnet/sub-17/seed_0,True,fc10fae98a563f4cdaab9e491616172e02d740d028a7acb5b9de5552a9ff2413,True,9529adace10ff1a5708bc960a9f61ec913d957ae636c361e6569f0dff4814797,True,a254978ec73f39bf178773fdf1f21d837b269e0106fcc796654c125f5674fd50,True,4421417a4de6c474a51a71cc6b38e2637584beba6c075aa5003a8ad810a0b257,True,68bb55501fc48cae30739629e69de4c442d0bf2fcd3c10c9f55535e34655d01c,True,7b0c73ee5b31c26d27e7a80e64b2af5656830d5fa637f736d6b943fa81be5099,True,5c9e2098e9c2ff75a40c31050fac1e7c797e6a20bb9547dcab5aecedc02bbe96,8,18,0.6530277261522649,0.7054794520547945,146
eegnet,sub-17,1,formal_results_v1/project/results/formal_autodl_v1/eegnet/sub-17/seed_1,True,317872b6ea0019424b2d6c762070b3f93119991df1bb72f45a8ec028f4e4537c,True,9529adace10ff1a5708bc960a9f61ec913d957ae636c361e6569f0dff4814797,True,b4178b1d3274b838f9fb96ed2a7051115918ffe2bb647b46ce343d1c3b5be008,True,416c25bdc0e513e6a3fe6c2fbf2fedc8808f1e3206aa10a6d2ab336a85a6f0bc,True,a0b418f4534e72e30ac3fc4c40e1ec7b21f64a653eb76e3872f1be98810df6e7,True,7b0c73ee5b31c26d27e7a80e64b2af5656830d5fa637f736d6b943fa81be5099,True,5c9e2098e9c2ff75a40c31050fac1e7c797e6a20bb9547dcab5aecedc02bbe96,7,17,0.64976824377601,0.7671232876712328,146
eegnet,sub-17,2,formal_results_v1/project/results/formal_autodl_v1/eegnet/sub-17/seed_2,True,9845718d9e140cbf92f64a19fbb28423804fa6fdda862de56302fdb108248388,True,9529adace10ff1a5708bc960a9f61ec913d957ae636c361e6569f0dff4814797,True,203fe044819caa3a888e81ab6f35a99f831c465b50aaf8078300f85a9699ab98,True,9ee650e19082d0331038e8d2ef3f42bd6ad8f63540c8972d37546ffd2fc225db,True,9b4c339a754174871bbe7c95e2cb1cd37fcefcaed4355626546a44512efbc909,True,7b0c73ee5b31c26d27e7a80e64b2af5656830d5fa637f736d6b943fa81be5099,True,5c9e2098e9c2ff75a40c31050fac1e7c797e6a20bb9547dcab5aecedc02bbe96,8,18,0.6171624734973479,0.7123287671232876,146
eegnet,sub-18,0,formal_results_v1/project/results/formal_autodl_v1/eegnet/sub-18/seed_0,True,1f064057822e70ec1a14ecb4324191123349f7315d717282060501454cdc669c,True,b9199023eab767e8e4cbbff4ae574db3a5a8845e2e7bd63caccb5c19f62d95cf,True,587f0a8934364e7f4ab04c7efc0220b9a5258217c3a856a762df1420fe9e80d2,True,a501d540edfa2f5c0de4c1b4a164161e5029fe27dcbdbb79132704f820a4bb80,True,8ddc7121b1d8a25bc6b1a29e0c4a48a58bfa3a91e5971395696392437ba693cb,True,7b0c73ee5b31c26d27e7a80e64b2af5656830d5fa637f736d6b943fa81be5099,True,fe982fdee4f2f4bed4662aaedc997b2a80867926e987100cddd78ed9a7496ada,2,12,0.6671693778163956,0.536105675146771,143
eegnet,sub-18,1,formal_results_v1/project/results/formal_autodl_v1/eegnet/sub-18/seed_1,True,9a90060129eecf011d5479c8c698e4089344e9fbef9edbd473d54d837859dc48,True,b9199023eab767e8e4cbbff4ae574db3a5a8845e2e7bd63caccb5c19f62d95cf,True,10da7bef7cea60de28743a12798b47ed3eaa6c67984665159b20ac428ce88806,True,a838c35a0d74ccb443e21fc4d10d90088b71b554ea4eadf19923428e18a86db3,True,7cac835a27b07340572cb6b1f23e5597488f54fc07ab6011f4ffa7742f016b6c,True,7b0c73ee5b31c26d27e7a80e64b2af5656830d5fa637f736d6b943fa81be5099,True,fe982fdee4f2f4bed4662aaedc997b2a80867926e987100cddd78ed9a7496ada,1,11,0.6471981241592041,0.5317025440313111,143
eegnet,sub-18,2,formal_results_v1/project/results/formal_autodl_v1/eegnet/sub-18/seed_2,True,6f971a052d724b24542b8e4ec0c87dff4dd86c6e4c3ff9dd61d75f8ba1ab4b7c,True,b9199023eab767e8e4cbbff4ae574db3a5a8845e2e7bd63caccb5c19f62d95cf,True,c759121459197d6e96963e65aeb57457530152fc2822d24dd69cfe96b3a221f8,True,aab5cc71169dec56230a58481304b106c638b6ce72a49d04f33f973c70d0d8c1,True,bea1626f9b110dbc8b134fb62c1961a85cb3cca5af397d3d81f07345c8107d4f,True,7b0c73ee5b31c26d27e7a80e64b2af5656830d5fa637f736d6b943fa81be5099,True,fe982fdee4f2f4bed4662aaedc997b2a80867926e987100cddd78ed9a7496ada,4,14,0.6359059534319117,0.5662426614481408,143
eegnet,sub-19,0,formal_results_v1/project/results/formal_autodl_v1/eegnet/sub-19/seed_0,True,889a6eeb9ea33819593ddc6ba1ef9a879aa0c91598ebafb297c803df1d47b214,True,f3a3be41b69304645391b944bc393238b81c1a7145480629fb54baad4b577782,True,44377366c83b28d8e3fc41d520f7c3ca4ffd4875ea928737e5ab061d9b0272c4,True,4737cf0d21be1376105381b793e396abae3303a9f723ca650c1bd80e4f4a31d7,True,d3cfc7f4bf68ec325f5ddcd4c102f7882d24e3a81d50a0609b0fc29c818e5574,True,7b0c73ee5b31c26d27e7a80e64b2af5656830d5fa637f736d6b943fa81be5099,True,6ccdea8df38af677686a69af37bc567824c0218ef353d8b9b447761e731989e6,2,12,0.5911955952742541,0.5,144
eegnet,sub-19,1,formal_results_v1/project/results/formal_autodl_v1/eegnet/sub-19/seed_1,True,d2ef0afb6dc511485a7cd5b5da617949637cdc43f7798948d1fac3960fe37078,True,f3a3be41b69304645391b944bc393238b81c1a7145480629fb54baad4b577782,True,552facbc3d3037d06584bf06ba2dc1163a7c1dc7771dbcf6d9bbabb84725ae09,True,83a19b69b25eefed91c23dc8fc8b1c8212da5c8e5070f7428577a2b96fab045d,True,dc36d3fa987b9616b33230e61563eec2df6f8d9e9c72e0fc491ad9eb0ef460db,True,7b0c73ee5b31c26d27e7a80e64b2af5656830d5fa637f736d6b943fa81be5099,True,6ccdea8df38af677686a69af37bc567824c0218ef353d8b9b447761e731989e6,2,12,0.6021695965735158,0.5,144
eegnet,sub-19,2,formal_results_v1/project/results/formal_autodl_v1/eegnet/sub-19/seed_2,True,9fa6d76f53eac07548a416949992e13c3bca1221f4da58112c6a391883f903d7,True,f3a3be41b69304645391b944bc393238b81c1a7145480629fb54baad4b577782,True,0f1dbd3592954a9836dfb53b6c37947c6fef2fa53740489e941a8dbdce011bea,True,5d1d93e7a02d8846a20f78bee531023a7effa34a3d19d079f9ed9802d8ddc7fb,True,27a201d362cbf899ddc338fdf8e4b920588ff5dd6836b8888cc3f582bc8c3d34,True,7b0c73ee5b31c26d27e7a80e64b2af5656830d5fa637f736d6b943fa81be5099,True,6ccdea8df38af677686a69af37bc567824c0218ef353d8b9b447761e731989e6,1,11,0.6079159117942233,0.5,144
eegnet,sub-20,0,formal_results_v1/project/results/formal_autodl_v1/eegnet/sub-20/seed_0,True,60e7356316d26e74a7e08c6f4f81a967d77976b609725d586dd40721bb03f97b,True,5498c211972e884cac627d2f2beaeab81df4574778af0a1767216a0b4269b97b,True,9d3b4c2045714a57c4b2c8c79d722fd1ad050f5887a405cc28b0fe1e7ddbfad3,True,51cd3e7f2d1b8a42288a949eaa353275318b62a954af672cc7c5c32db99d78e8,True,971f8e698dab98f07c52dac24d22b89d9c897b814a09a2dfe303e05988ee2cc8,True,7b0c73ee5b31c26d27e7a80e64b2af5656830d5fa637f736d6b943fa81be5099,True,af6841b66774662cb99cef671c25b57a456b80ac47249800a6e5421d1b52adb2,1,11,0.5829247459135095,0.5385820603211907,143
eegnet,sub-20,1,formal_results_v1/project/results/formal_autodl_v1/eegnet/sub-20/seed_1,True,558ce17a10fe128ae67a33a89951e63efd8cae0c6792b4f4c0fec703879eb2f8,True,5498c211972e884cac627d2f2beaeab81df4574778af0a1767216a0b4269b97b,True,a78291de59412cd9de84f19e7d8e7fe4c326c48e8e1697f6b8cf6e73d777b1ef,True,282d9b74e8fdb0a4a7de76ebe29306d393fb0b8147bdb12982c7470828430d49,True,d7c0105d64230a2a2fdd3a4fcb66b97098f907add714ca68bb43e0493f0eee58,True,7b0c73ee5b31c26d27e7a80e64b2af5656830d5fa637f736d6b943fa81be5099,True,af6841b66774662cb99cef671c25b57a456b80ac47249800a6e5421d1b52adb2,1,11,0.5778235563354557,0.713768115942029,143
eegnet,sub-20,2,formal_results_v1/project/results/formal_autodl_v1/eegnet/sub-20/seed_2,True,c0a9ef899c7cb23740254e8d5d9d4e915c02b6769be3cf079d1206e71ae8f100,True,5498c211972e884cac627d2f2beaeab81df4574778af0a1767216a0b4269b97b,True,2d701595ddf9e5f1b16e9449b90ec79bad48a99f719ee38f58db08afdb0aae9e,True,9bd27baae8208569d20f0ef9f752656e06939b3a9c812d28260542cdc43f1860,True,d9c016c468b5678a28982d4e1a1340331425e3cc4c4b28d51fa30892ce87130f,True,7b0c73ee5b31c26d27e7a80e64b2af5656830d5fa637f736d6b943fa81be5099,True,af6841b66774662cb99cef671c25b57a456b80ac47249800a6e5421d1b52adb2,1,11,0.5889162008583265,0.7142577359968665,143
eegnet,sub-21,0,formal_results_v1/project/results/formal_autodl_v1/eegnet/sub-21/seed_0,True,3a9ba351bf371f679517d9847e465921b1eee5c4bd8cc75bf732fad556473c27,True,b76af3fc7e8688c063056a1783d29ca62857255628de486f7e8d37a66126d9cb,True,73de27017180bad663f27d85e344947774633b7be4b83cfa545bf1a16e830b3f,True,51823f57f50ca34c5b6643ec9832b4002834e93cf26ae23cb19d2b647b963c63,True,75e74fe503809a575e19aaafbd03144e4ae282139359bcd561cc83daa04364a9,True,7b0c73ee5b31c26d27e7a80e64b2af5656830d5fa637f736d6b943fa81be5099,True,390044a6e8fce2a71b7e212c56eed664cb639a5e117008ee878490d0b5a08152,12,22,0.6323705193187686,0.6042906746031746,127
eegnet,sub-21,1,formal_results_v1/project/results/formal_autodl_v1/eegnet/sub-21/seed_1,True,933923f01c17818e0b909ec64a3b4b593a645375fb33d33d68b1f263e7d2c361,True,b76af3fc7e8688c063056a1783d29ca62857255628de486f7e8d37a66126d9cb,True,b9c10c4520ce5546cf6c9ff72fb1a76a0ed9684ff226311c28a39d1ac463f0fb,True,7b072354e427716cf2335b61dd3c09ad81e8fd4327941281d6b2794646ac35fe,True,089f4c7ff9d58edfbf5bf18ba000ba8a68b044b9c0c39c9610aaed6a0ae415d1,True,7b0c73ee5b31c26d27e7a80e64b2af5656830d5fa637f736d6b943fa81be5099,True,390044a6e8fce2a71b7e212c56eed664cb639a5e117008ee878490d0b5a08152,47,50,0.6554141757208711,0.7092013888888888,127
eegnet,sub-21,2,formal_results_v1/project/results/formal_autodl_v1/eegnet/sub-21/seed_2,True,6c59d7e44b322df5649d0249443bc32c0899e350539813d45dd5c54a2bd28f9a,True,b76af3fc7e8688c063056a1783d29ca62857255628de486f7e8d37a66126d9cb,True,fa095bd1cb9e6ca06bb4acacfdf5e86525fd58110f6c4f7a7a10da33cb39e058,True,47859a0500576a4e190e05db4811dbb2b45279e519c814f9a943565d69a4821f,True,2d704253f53b67242cbabfe617bfd0bd5646334e31c991fd83fd764eadd3f456,True,7b0c73ee5b31c26d27e7a80e64b2af5656830d5fa637f736d6b943fa81be5099,True,390044a6e8fce2a71b7e212c56eed664cb639a5e117008ee878490d0b5a08152,6,16,0.6350354581365282,0.6934523809523809,127
eegnet,sub-22,0,formal_results_v1/project/results/formal_autodl_v1/eegnet/sub-22/seed_0,True,e414727e2f9b05f832a792d336e31aabcc45184d3369566987591454f4d60f1b,True,1a390a0a26bc00c06033d52931993e405e0dc5dfa46201b4dd6e6a5074947121,True,c0846bc1e4c0e3873e24efa8c9a8053f1680a7c48135fe99ea269aed8a6aa4e4,True,8368c1c12b428a73e2dfb234fa08f4c9b42d0c174a1f86bd437565d93c013f08,True,44d631f9a32fcfced35f674cbbd45ef37b15ae647c895192f250bc74de387d29,True,7b0c73ee5b31c26d27e7a80e64b2af5656830d5fa637f736d6b943fa81be5099,True,f744136eb17ff3fbca613460ac58c98c919e308330fb07598bb5f308fcd70855,7,17,0.6594667074432462,0.773972602739726,146
eegnet,sub-22,1,formal_results_v1/project/results/formal_autodl_v1/eegnet/sub-22/seed_1,True,403a976be2a8daa4cf4a0ee481e53ffb84b964dd3639760e382f4f2b24bd39a1,True,1a390a0a26bc00c06033d52931993e405e0dc5dfa46201b4dd6e6a5074947121,True,3e454d3fc28540b0295a455c188918780218d91066ef1f54db98d435ed20d40c,True,28dc6e756c50b3ec082bf9b4b623b99718159bf04a2d7894f0ecf7078e18d05c,True,a31d9a17a72f3542f208c8a60ee010c0ed93b522d36d7843d2b235bcf37cac34,True,7b0c73ee5b31c26d27e7a80e64b2af5656830d5fa637f736d6b943fa81be5099,True,f744136eb17ff3fbca613460ac58c98c919e308330fb07598bb5f308fcd70855,1,11,0.6216791818672068,0.7534246575342465,146
eegnet,sub-22,2,formal_results_v1/project/results/formal_autodl_v1/eegnet/sub-22/seed_2,True,ad95709963cfc10c75fb03abbd7d96be44f28f9312d486040fbf154e763b0fb6,True,1a390a0a26bc00c06033d52931993e405e0dc5dfa46201b4dd6e6a5074947121,True,d055e334df62495bc42d9d55fadd39c85eed416725fb36e9b7552498fa93725f,True,4bfe6cc25f4ccc15f5b3e1bf5601edbabc2373fb37e2c5875d9e99318872b002,True,63110deb31c69d049d7fb0852aea381f53fd28a2ff3f3218c28ef003829f33fe,True,7b0c73ee5b31c26d27e7a80e64b2af5656830d5fa637f736d6b943fa81be5099,True,f744136eb17ff3fbca613460ac58c98c919e308330fb07598bb5f308fcd70855,2,12,0.624638121403442,0.6917808219178082,146
eegnet,sub-23,0,formal_results_v1/project/results/formal_autodl_v1/eegnet/sub-23/seed_0,True,2a2d3913452279baeec86e2b19a451e334b9e9ab5f30821b8db916ad20bc9279,True,201882009a85a26e1fc6cc847161c097e524d336ffb3d52e6ab926197487f729,True,83cf1a0077491f55b5044dca7ff125a038fe19d150b79471b13160bbc38f348d,True,1e1e248834d7601e7d27741a4b678203f429fad2e523d7319beabb8151bb4c79,True,3b7e31945a85484c84ad2aea2dd508e90d9c00879325ad553f4023d10bd923e4,True,7b0c73ee5b31c26d27e7a80e64b2af5656830d5fa637f736d6b943fa81be5099,True,967c2cb5bc3dc347978adc7283ce70369664a070a6573d67ffcc0da1520a97da,9,19,0.5768430835104175,0.5337837837837838,148
eegnet,sub-23,1,formal_results_v1/project/results/formal_autodl_v1/eegnet/sub-23/seed_1,True,5ccc16023c2e7af84b6059de50af876bb1991bac83989f1b923cb93bb8929e14,True,201882009a85a26e1fc6cc847161c097e524d336ffb3d52e6ab926197487f729,True,ce21027a2f52d9233ac2999d353361377b8eaa02fd18e50c20de16b76c607fe4,True,814fd71ed048f8ab42139ab4ebce0fd27f1b7f378f898568cef352ed21123e21,True,b033c9e088f1e29345c67abf0c81a0d30127327b8382548cc92e2ce7bf898164,True,7b0c73ee5b31c26d27e7a80e64b2af5656830d5fa637f736d6b943fa81be5099,True,967c2cb5bc3dc347978adc7283ce70369664a070a6573d67ffcc0da1520a97da,16,26,0.5972317173546123,0.5608108108108109,148
eegnet,sub-23,2,formal_results_v1/project/results/formal_autodl_v1/eegnet/sub-23/seed_2,True,8f3c833caeae1104526976593f5483092043d84f64694681158c582c765aec10,True,201882009a85a26e1fc6cc847161c097e524d336ffb3d52e6ab926197487f729,True,40046805bd98a777e57cc5d9ac879f27dec7df612a10da52edc40a3a9c68f4b8,True,7cd6d9c905e542c3c320060cc5612a48bccf0d8c8ceb3592c8210305f42d7cd4,True,916428dadfa15e688c03b66b0eef1f9596f8750d9f7db59dbf1eef14d82e42d1,True,7b0c73ee5b31c26d27e7a80e64b2af5656830d5fa637f736d6b943fa81be5099,True,967c2cb5bc3dc347978adc7283ce70369664a070a6573d67ffcc0da1520a97da,2,12,0.5659226636837885,0.5405405405405406,148
eegnet,sub-24,0,formal_results_v1/project/results/formal_autodl_v1/eegnet/sub-24/seed_0,True,9978ed52238d69240cc05aaecf76f18be315b0866b6442420715ef8b3e0e88bd,True,97a0eb811b1574c0180c498b898d5644590a95968517987cedc30ba63edf76f6,True,9842e8d2f0339d9c4dbf0b83c30cf291cccccc2490a77738790168350c907f35,True,a699e08a4a80c137b8a1b2a2cc9c862f060b5af4d55751a8d5243d6ac3822470,True,f97c2e1d2750a969344a4a0ee2ce0f32bcde801d13c013f9b0795b62e7b920e9,True,7b0c73ee5b31c26d27e7a80e64b2af5656830d5fa637f736d6b943fa81be5099,True,482debc0e3f23beb68f82832987c0aead1d7153c8edaf96122d7893ccaf611b3,5,15,0.5945647669282251,0.7142857142857143,142
eegnet,sub-24,1,formal_results_v1/project/results/formal_autodl_v1/eegnet/sub-24/seed_1,True,4b8cb030c1641927e1efd3628d0c02053164f5cb1ed6edfeea22f7694f604a63,True,97a0eb811b1574c0180c498b898d5644590a95968517987cedc30ba63edf76f6,True,67d0ff966d6f24223f7f70060428e88b3d09c27ecd707c872c8ce658969a40f0,True,cf4ee4aa187b55b5ac68164cfabbacb55da58ad782160e8254db99f64b65e3ec,True,ca0c275ec9a49c4d3b0b968827f82fb33b341e10ff3610acfdb8e5826ec5843f,True,7b0c73ee5b31c26d27e7a80e64b2af5656830d5fa637f736d6b943fa81be5099,True,482debc0e3f23beb68f82832987c0aead1d7153c8edaf96122d7893ccaf611b3,4,14,0.5881852684951905,0.7577380952380952,142
eegnet,sub-24,2,formal_results_v1/project/results/formal_autodl_v1/eegnet/sub-24/seed_2,True,31f499fa33d432378d6d876e0d30359bb38118baf0d61e2432497fb6e19dca33,True,97a0eb811b1574c0180c498b898d5644590a95968517987cedc30ba63edf76f6,True,546a2132199112b15c540b7f45621a1499f860be43dc13a7cc86439b20e5b44c,True,1ae8bb201f7ec5af868db4139188eb90e8cbb05d48812e0a74efc8c2c312892a,True,e5ccf2bc183a546f610c9906a82b02c192d0037b6e3f687ab7fa657ef28f94a6,True,7b0c73ee5b31c26d27e7a80e64b2af5656830d5fa637f736d6b943fa81be5099,True,482debc0e3f23beb68f82832987c0aead1d7153c8edaf96122d7893ccaf611b3,24,34,0.5995974466860112,0.7859126984126985,142
eegnet,sub-25,0,formal_results_v1/project/results/formal_autodl_v1/eegnet/sub-25/seed_0,True,576511d60d61c0cfd7ddf6cca2b8ece347337dab1aa6e028bbee27367afad77d,True,c5349e8fa45411dd89ef9dfefed9bb6b5e4baf1ac7a4c85413e6c24eb18a0052,True,f79aabe6fc1cdd5ac4c5db074bfafabdb75800e66de2144e9d3cda0579712c83,True,6d1a93383303c5819eae9d961cfaf710cec3cf89be7c8daf8796b9875b907736,True,de055dbf4f3c39be200cb097edc936776559c4df88d953a011e6222d31835e4e,True,7b0c73ee5b31c26d27e7a80e64b2af5656830d5fa637f736d6b943fa81be5099,True,908e038c845320faa92e90f7ca08614929f64ee2f0a77b6ae80a107e3e4f063d,18,28,0.6189833528332157,0.9041095890410958,146
eegnet,sub-25,1,formal_results_v1/project/results/formal_autodl_v1/eegnet/sub-25/seed_1,True,d9d2712bae434c045004ee63d7539df4623001c5c9ca82c6d3d80ceded1f7253,True,c5349e8fa45411dd89ef9dfefed9bb6b5e4baf1ac7a4c85413e6c24eb18a0052,True,cd394b0d86a61a6f1decdf3ae8ef153491f4ff1f215243b72a78d687046b1222,True,6579b3e7bacc57b539926ca0a32d05c0cde4ee99dfc44e892036718eb4643445,True,c304c54baef5df698bee9955d734fe3bf2bb9121245a2c3e11ad5a404e86f23a,True,7b0c73ee5b31c26d27e7a80e64b2af5656830d5fa637f736d6b943fa81be5099,True,908e038c845320faa92e90f7ca08614929f64ee2f0a77b6ae80a107e3e4f063d,36,46,0.6459643576003583,0.7534246575342466,146
eegnet,sub-25,2,formal_results_v1/project/results/formal_autodl_v1/eegnet/sub-25/seed_2,True,51d7b9d4825b7aeed6cf23868af6044ecb8780b88d28ed71474b9d6be04e8260,True,c5349e8fa45411dd89ef9dfefed9bb6b5e4baf1ac7a4c85413e6c24eb18a0052,True,2dc5c76f4866ffb5c58fa97da3cd75285804ced390ded507e219595a6e67d4d0,True,5cefcceb1b8772407677f168a84c517580cceebbe864275003b7ea620fa33744,True,06f5e47a36659338911cf63a266611348612c059c73ea4b60045485b5ef1a175,True,7b0c73ee5b31c26d27e7a80e64b2af5656830d5fa637f736d6b943fa81be5099,True,908e038c845320faa92e90f7ca08614929f64ee2f0a77b6ae80a107e3e4f063d,13,23,0.6102209076505983,0.5616438356164384,146
eegnet,sub-26,0,formal_results_v1/project/results/formal_autodl_v1/eegnet/sub-26/seed_0,True,c5b43e411a1bebbbfeff2d0348ed9772e32a30e2639e4b7aea181432f78ed40d,True,2dde7e2c743d9e9e91718531af94a32d4453c2fa4e5759ad34f506acf7186018,True,1a8f017140a69406083b690cddb40191cf5525db170a2a04a4afa7a3fb1297d6,True,f0963811bc384da374b15c881c12aa471d435b091dd074c7160947ba35a28728,True,ca98d35102747821d4ce4f07277bea4535fb444bdb16df48698cf26d70cf39d6,True,7b0c73ee5b31c26d27e7a80e64b2af5656830d5fa637f736d6b943fa81be5099,True,5f96897c471346556f2189bddf6286092271032634ca70bb5e97c3d99c4db9a9,1,11,0.6701701320295378,0.45816364309514995,147
eegnet,sub-26,1,formal_results_v1/project/results/formal_autodl_v1/eegnet/sub-26/seed_1,True,f2094335162624761d1a96fc7314de78db526b0bb54a05cfe785876d3a68ef63,True,2dde7e2c743d9e9e91718531af94a32d4453c2fa4e5759ad34f506acf7186018,True,117d95eb190e9fa5139f9f5006c63386853b87ea2a1f38c697d46c2381aae13f,True,fefa278a57a2ac38ed1602d186fd38fb4f2aec377543068af32f444548b4410f,True,05a537cff5dd19fcd4e405263f25abb83835dbd7f98626259a870d0b7fcfde2a,True,7b0c73ee5b31c26d27e7a80e64b2af5656830d5fa637f736d6b943fa81be5099,True,5f96897c471346556f2189bddf6286092271032634ca70bb5e97c3d99c4db9a9,1,11,0.6294389756298193,0.5793224731580896,147
eegnet,sub-26,2,formal_results_v1/project/results/formal_autodl_v1/eegnet/sub-26/seed_2,True,9c3b152a8a839c57a0e75fcc965f608d518134e364c6a4a23f7f8197dc09643b,True,2dde7e2c743d9e9e91718531af94a32d4453c2fa4e5759ad34f506acf7186018,True,215c36141567e2d140afd90d4c0864d107050707881a02d17d7b70dc68c11c17,True,6269ad327dcbdc8f7d7e804fffe62e1af53f283dbf3de893f3e04a262d7cfcc5,True,e33e22b26579933875250cdee38a8af3281edc74b2396b8bfc485db3694cc8b3,True,7b0c73ee5b31c26d27e7a80e64b2af5656830d5fa637f736d6b943fa81be5099,True,5f96897c471346556f2189bddf6286092271032634ca70bb5e97c3d99c4db9a9,2,12,0.640253313187063,0.49305812661977044,147
eegnet,sub-27,0,formal_results_v1/project/results/formal_autodl_v1/eegnet/sub-27/seed_0,True,becbf4eac83b9756fb8026fe31f9f8e62b185198336220751241f4d7db9f5032,True,b6973cfeec6b25bbd45eecc4a719e7fa2a5a1d349d44b79663367087bff123bd,True,d530b5dc4681a67baccb123596e207539da35876be942af543b01c845d0ef23f,True,80c77b0c306444f8bac71adc40eaa621887e790e50e07ff670fb8ef583938a05,True,5644318804412a55bccbd2904a4bb6943ed5638b0b1d18e68414e16be30bf490,True,7b0c73ee5b31c26d27e7a80e64b2af5656830d5fa637f736d6b943fa81be5099,True,f526a0ae8d63b9b51205d8eb34bbc1e6abba72faa2248a9b0f08d1cb9e3dbe42,12,22,0.6623372247961975,0.371714179933358,147
eegnet,sub-27,1,formal_results_v1/project/results/formal_autodl_v1/eegnet/sub-27/seed_1,True,444cae25d9995303c2816a0f09d870a302ee8a855af89823f804ec7dbcebe87a,True,b6973cfeec6b25bbd45eecc4a719e7fa2a5a1d349d44b79663367087bff123bd,True,3778cc8f3010e65a74a18c977c3b2d42103f7a40a2398706dd4209aaf4dc909f,True,caaacd0bfff2bedcf157423db384d39bde2eec40029617832f683114022d09b9,True,74b7d5b1f3e27d70776473b46e8e05ebd30dcd834847ed3760ae4c0169a876b9,True,7b0c73ee5b31c26d27e7a80e64b2af5656830d5fa637f736d6b943fa81be5099,True,f526a0ae8d63b9b51205d8eb34bbc1e6abba72faa2248a9b0f08d1cb9e3dbe42,6,16,0.6669421162433388,0.3447797112180674,147
eegnet,sub-27,2,formal_results_v1/project/results/formal_autodl_v1/eegnet/sub-27/seed_2,True,bcaf5e4d8e43272db4c15581e226321e14926d0f90aca256f6c2853c85567fe8,True,b6973cfeec6b25bbd45eecc4a719e7fa2a5a1d349d44b79663367087bff123bd,True,434aaf735d1c024a286fea4ff426faca93b6ae85734135aedf4a2df086fceeac,True,53adf88eb530e96fbe4b6e10c6b8dc7d8ad1cc66c50a94532446c19ef0cca2fe,True,a9e89c7df3b433c611bf60dc06a2bab0b67244e66b6e984b55043ca0bd9f384f,True,7b0c73ee5b31c26d27e7a80e64b2af5656830d5fa637f736d6b943fa81be5099,True,f526a0ae8d63b9b51205d8eb34bbc1e6abba72faa2248a9b0f08d1cb9e3dbe42,4,14,0.6456399578928432,0.2856349500185117,147
eegnet,sub-28,0,formal_results_v1/project/results/formal_autodl_v1/eegnet/sub-28/seed_0,True,072d4ebbdc957874ce1d0fe200714cfb1354fc6868f7dc27530de1856dcd81fb,True,cb418511469bcd0d817a6da57bb0e5b5c9db87478205ee5587c402b7a83d77a1,True,17e558563c2d41ec3295b20de878f7c0cd15161fe2ae8e48f118664dbf6ff266,True,7ef606c3bc491bd6ecbbd7a9978ca4926c43eb5972b4db64c14d82bbd5e6e8af,True,ca9dfe7218f575a84d6e27f20feef13bc7abefd8a768770bec39f44b00cc5593,True,7b0c73ee5b31c26d27e7a80e64b2af5656830d5fa637f736d6b943fa81be5099,True,73b457c3cd66717d62ae5546d680d0e1c266382156bddfc3921991a33acaea4e,7,17,0.6263158385874499,0.7136083451872925,131
eegnet,sub-28,1,formal_results_v1/project/results/formal_autodl_v1/eegnet/sub-28/seed_1,True,20b0514f62a028ae48aa374998e3fa5ae140e4c8f5ca7d80af84dcced293585b,True,cb418511469bcd0d817a6da57bb0e5b5c9db87478205ee5587c402b7a83d77a1,True,5449a9cac54d515d57246623a40532ef4a2cf753649a055214ad7d40deb93977,True,0d4b1a20dc9c1479382059c317d856584a1e0ee81d974ff9987841ee275ccd87,True,e57dc2d360db88e5dccaf6e6f75801b8dd0c1ef7d002fb37359b0f940b386d01,True,7b0c73ee5b31c26d27e7a80e64b2af5656830d5fa637f736d6b943fa81be5099,True,73b457c3cd66717d62ae5546d680d0e1c266382156bddfc3921991a33acaea4e,12,22,0.6699313243013469,0.5587956377430061,131
eegnet,sub-28,2,formal_results_v1/project/results/formal_autodl_v1/eegnet/sub-28/seed_2,True,9687276ee2c2cb57e43fdd0c8eb6b5f68f88d82ab001b9484452f28bef59679f,True,cb418511469bcd0d817a6da57bb0e5b5c9db87478205ee5587c402b7a83d77a1,True,4e0f81375fae6a93f9d2d81323bfa45d1cdd2c4ac6ac33c6f13a4c1e8147c5dc,True,c8141e68a2deee9012a2a377fb93ef6f22dab65cc745d15b849d30fa088e330a,True,8084596a4f15d79acef857ec7c90223074425335fe2525dd24585125e1133ccc,True,7b0c73ee5b31c26d27e7a80e64b2af5656830d5fa637f736d6b943fa81be5099,True,73b457c3cd66717d62ae5546d680d0e1c266382156bddfc3921991a33acaea4e,18,28,0.6367227911301888,0.5142247510668563,131
eegnet,sub-29,0,formal_results_v1/project/results/formal_autodl_v1/eegnet/sub-29/seed_0,True,937207f89a09048d9ebe8a2a27706f1c65cfc0d296a619dcf908f856effb0378,True,67a0c069d9bc06653931d56a6e6a0b47c6c76b397988c40970581027581b293d,True,d5ac3a928e15efcd8040f092036f2f4c40b44b4995a5e26dbb5abae64b6b0cd5,True,00bbe8ec3430ca5cb62a35ddc6493c130cfc44f71299206469d547a89a7584a5,True,0dca3ea07c1aceaed44a32a4b7f56d985890191ee1948ec17d31a3ef02178293,True,7b0c73ee5b31c26d27e7a80e64b2af5656830d5fa637f736d6b943fa81be5099,True,44a9d0089ec97b036e8f12dd085a650c3aaf229b434b3b4895b3210f42ada3a6,10,20,0.696186837325379,0.125,146
eegnet,sub-29,1,formal_results_v1/project/results/formal_autodl_v1/eegnet/sub-29/seed_1,True,53fd5112b1e8c729010517cb5f6a8ec14db0da1d2c4bd893397b1c0103747dfe,True,67a0c069d9bc06653931d56a6e6a0b47c6c76b397988c40970581027581b293d,True,19270fe69d2c8b37a0674bdb78117f7f9b897bf1ee23cc6932a46f246069880b,True,2ddc3200b50f4f19870d0106096797affe78bfa72952a5cb41a2fbef57471834,True,1aed3186c1d1c00a299313dd707b0e2e40df3193f09eea9a5745646c0412f46b,True,7b0c73ee5b31c26d27e7a80e64b2af5656830d5fa637f736d6b943fa81be5099,True,44a9d0089ec97b036e8f12dd085a650c3aaf229b434b3b4895b3210f42ada3a6,7,17,0.6580186549104786,0.3611111111111111,146
eegnet,sub-29,2,formal_results_v1/project/results/formal_autodl_v1/eegnet/sub-29/seed_2,True,3ddb6f67b2f730b62568548aa04b7ca47eba3a2c752d466af9c403166d76a292,True,67a0c069d9bc06653931d56a6e6a0b47c6c76b397988c40970581027581b293d,True,20beef01d2bf113e8a3c0b403d2fc28cae1eab40b0f51ae90c4c208b74974545,True,0864629017939f300ffddaf58afdf5300fe837a0b4d21c41cabb1910f890bee0,True,ee14fd8fd278ba9330ad9fa2421131964b5b4f7b81b923572cf6cdb8f3b5b4d1,True,7b0c73ee5b31c26d27e7a80e64b2af5656830d5fa637f736d6b943fa81be5099,True,44a9d0089ec97b036e8f12dd085a650c3aaf229b434b3b4895b3210f42ada3a6,3,13,0.6591235213563552,0.1388888888888889,146
eegnet,sub-30,0,formal_results_v1/project/results/formal_autodl_v1/eegnet/sub-30/seed_0,True,15da3596fa5f6f8371651f319df0b87e957489956f0de1a641897da1108f6b71,True,4233492bd71a12ef6d29887e090853dabd592d1dc82a92ce1092370ab6768f2b,True,ac2077d9f7fbde7caa0da13bc20dd574e953f4bd82dde87d620485334efac229,True,04354d4b480d5cf345aa250f75d0f7950bad985c41653de6de3011ff8684c9bf,True,b22ac9f26c4c812ab701341a84a8ebd4fda89d24d5b01620f6ca5b22fb766ad9,True,7b0c73ee5b31c26d27e7a80e64b2af5656830d5fa637f736d6b943fa81be5099,True,67faa258032d6576d175ef5ed81137f4ffefdc42eb0d8c55dcff60200040405a,1,11,0.5896897016671561,0.8493150684931507,146
eegnet,sub-30,1,formal_results_v1/project/results/formal_autodl_v1/eegnet/sub-30/seed_1,True,77f3f2d556e59717bfa8bb39a6843ee52b87cdf9dbb0b0fa62b3a82f8d7c1280,True,4233492bd71a12ef6d29887e090853dabd592d1dc82a92ce1092370ab6768f2b,True,21bee585d929c21c1ce9d43e87a509abcaa21939da7721ad8614c5b2b5a10510,True,ccde67fa9dd85bc021e733da190fc335ae67f3b42b3cb1b3f485fbd4b72dd9eb,True,3ccaf2819dc897e67711f0ce89e4946c23a32aa03aaec7f77abb7a9611e1916e,True,7b0c73ee5b31c26d27e7a80e64b2af5656830d5fa637f736d6b943fa81be5099,True,67faa258032d6576d175ef5ed81137f4ffefdc42eb0d8c55dcff60200040405a,8,18,0.5853239281095899,0.773972602739726,146
eegnet,sub-30,2,formal_results_v1/project/results/formal_autodl_v1/eegnet/sub-30/seed_2,True,9a7ce52c2f2c046217073f5ef995f622fb45008a58c059294b1d0bd5c4ae9704,True,4233492bd71a12ef6d29887e090853dabd592d1dc82a92ce1092370ab6768f2b,True,540a070efe121305c9f756eca02ce9887a5c10928be433b34ac0da0d26a4d3ee,True,73009272e477e3d215da2fbded3169c20d0fb19bb29aaa73f64a74d82044f38e,True,210985d14c824f1ec76098bff4a3b1beb325c4e61f68ad175d1173af6de8029e,True,7b0c73ee5b31c26d27e7a80e64b2af5656830d5fa637f736d6b943fa81be5099,True,67faa258032d6576d175ef5ed81137f4ffefdc42eb0d8c55dcff60200040405a,11,21,0.6042077036532493,0.6027397260273972,146
eegnet,sub-31,0,formal_results_v1/project/results/formal_autodl_v1/eegnet/sub-31/seed_0,True,7ed0585e5822955b313a7654dc9243785df85ab0fe52f4169f18b5090a506bf6,True,b62bd57ae35a9e63405317eaf29953f6758f22e8a077b50dffd14bc6136bf3ac,True,7a40148cfcce53d1e942be0e4925ae67e8b3022af573ca7692ae87d40f759f58,True,2abeed8c7a18a1dd2582130996735bd4c884304092b016281123212ca3001d36,True,2e7c0aa6ae359ca2601b8e99e2c2ccddbe9e44edaee76ae5a934e1a41cc938e8,True,7b0c73ee5b31c26d27e7a80e64b2af5656830d5fa637f736d6b943fa81be5099,True,512fd321ba945baff40d083dbcf7b3224fab67b332b580168c09dbc8c1dd1412,4,14,0.5877292399217185,0.5211267605633803,144
eegnet,sub-31,1,formal_results_v1/project/results/formal_autodl_v1/eegnet/sub-31/seed_1,True,1bafd8922ac28c5448f06f0f3f9e6cfb63565919ca11dfcb689f7cf6fbf86e89,True,b62bd57ae35a9e63405317eaf29953f6758f22e8a077b50dffd14bc6136bf3ac,True,7c013458779e591fd7f6f96bdb284b1f721137964b0edb9429a5a49c688a0bca,True,7ea1f1c510229a967e14d38740659e1be4676afe13c91ad033df2a2cdeba8cca,True,3031eff6caba71c02698a35d11756d621efa25e9dd97790c7980a437eb4f5e79,True,7b0c73ee5b31c26d27e7a80e64b2af5656830d5fa637f736d6b943fa81be5099,True,512fd321ba945baff40d083dbcf7b3224fab67b332b580168c09dbc8c1dd1412,1,11,0.5508571724444622,0.5224773297318155,144
eegnet,sub-31,2,formal_results_v1/project/results/formal_autodl_v1/eegnet/sub-31/seed_2,True,82ac64aad0c2ba7475e8a447be7da830b63287be1210f3d3f969150f84329c6d,True,b62bd57ae35a9e63405317eaf29953f6758f22e8a077b50dffd14bc6136bf3ac,True,8354320cf9f160bd642b87fd597ec533f6ed6461a775986e3bfe2c6fc065d1fa,True,7e569b3ad75a8214e328279a29c1b189b7e61e2628e04dc23cb25ad17dd2044b,True,c2e8465a206cd3e384d3fe29b540ec70a26c4ccf54023d0c5f25a5d465a2dc53,True,7b0c73ee5b31c26d27e7a80e64b2af5656830d5fa637f736d6b943fa81be5099,True,512fd321ba945baff40d083dbcf7b3224fab67b332b580168c09dbc8c1dd1412,14,24,0.6126200328502077,0.3767123287671233,144
eegnet,sub-32,0,formal_results_v1/project/results/formal_autodl_v1/eegnet/sub-32/seed_0,True,a034beed04e6f73ec343abd84ba344dc61b6cbbf91339cd0c4894298e1ca28ff,True,be26f8fb355e7fd6a435ee3b83c52aa49abc7fa4f2733b53d6a52b8a10bcc494,True,04bfaef13f7192aaa6cd110a3b74dd1a561485cb3fadbecd32a1c1f43f55adca,True,76444048eaeb9e69b4f037e68d2be98907b2449cc76540fdd5de049ea969dab9,True,91c1ca1dac156a67543700c0d83a948cc3c9a331d2efdbbfd1b3648723b33991,True,7b0c73ee5b31c26d27e7a80e64b2af5656830d5fa637f736d6b943fa81be5099,True,caa7a6eb8bef6c344290a6bc109f89c17eb31897ce7485b9c6eec2faefe6bdbc,2,12,0.5918733895743864,0.7639140271493212,133
eegnet,sub-32,1,formal_results_v1/project/results/formal_autodl_v1/eegnet/sub-32/seed_1,True,32e36ca56f988ddb0e02316ec25687824b9c26087d1bd9476352bd47573cf503,True,be26f8fb355e7fd6a435ee3b83c52aa49abc7fa4f2733b53d6a52b8a10bcc494,True,57b84cc521b5522d3947c74337547ebfe2696f7d523e0566c93609a139312548,True,04348ac74582b93fce585483a7ffbccb469a58a3e204c8333047745db3824c6c,True,904f3f19083dccea6e6c7aa93cb29ba3519447e30398dad1e6f3f02b8ea4fa9f,True,7b0c73ee5b31c26d27e7a80e64b2af5656830d5fa637f736d6b943fa81be5099,True,caa7a6eb8bef6c344290a6bc109f89c17eb31897ce7485b9c6eec2faefe6bdbc,5,15,0.5927350855317608,0.6563348416289593,133
eegnet,sub-32,2,formal_results_v1/project/results/formal_autodl_v1/eegnet/sub-32/seed_2,True,af5ba9c0f75ffceab378761b87e0724d503c47c8631c0ffde741d4d533693d25,True,be26f8fb355e7fd6a435ee3b83c52aa49abc7fa4f2733b53d6a52b8a10bcc494,True,e7070369a868672921fadb6de1d79e03ad1b9685163643b670f0d0d45f47c2be,True,5008e2c1912a7405a11da5bbbd75e168feacf1181307e4fe5d604adc550dc319,True,26616d3476548fe40ac0a319348e88df296aa6ffc885e13e80a0af19271f9215,True,7b0c73ee5b31c26d27e7a80e64b2af5656830d5fa637f736d6b943fa81be5099,True,caa7a6eb8bef6c344290a6bc109f89c17eb31897ce7485b9c6eec2faefe6bdbc,5,15,0.6273665394392894,0.7639140271493212,133
eegnet,sub-33,0,formal_results_v1/project/results/formal_autodl_v1/eegnet/sub-33/seed_0,True,5a807669ef59c156f81235cab3ceb22b06416eff767be4b3b8e1dffdf869e484,True,4052293751820a9d6705e6dcc73fabcb11781544ccafa56449878abb97fd4c79,True,7b250bb223518ba23e3e2c0a46fa165ebbdd9d3d59aa2efacb8e46bdf44264f2,True,5b2c9cade8bcdd87dd88c72a60fd3781c2647e7fa0d5b79f30724d576b53108d,True,48ba920a8b5e187a5986da21aff72f3b10f86f714b724a2d8e7268924b61a060,True,7b0c73ee5b31c26d27e7a80e64b2af5656830d5fa637f736d6b943fa81be5099,True,91f06d77478b4e9e95599dfd1c363d2cf8ccfd32db8358b8a04ecb81aa6cdb3f,2,12,0.6506420570557546,0.6597222222222222,145
eegnet,sub-33,1,formal_results_v1/project/results/formal_autodl_v1/eegnet/sub-33/seed_1,True,f87ac44f36965f4c49a0e7477dd2060304e82ff49cc35064738e0391fa16e19f,True,4052293751820a9d6705e6dcc73fabcb11781544ccafa56449878abb97fd4c79,True,c51bffa9a362f69830e91d131a47462be5b0ed0b15dd8be33b80a2d102d99ed1,True,dc5a3f518700fe77635247271c7238d49125922a03016c9ad0972604b596853d,True,4796c39ff4b6741df33950b5b180c99735e5a14a552192f63cd3324ed6c33eb4,True,7b0c73ee5b31c26d27e7a80e64b2af5656830d5fa637f736d6b943fa81be5099,True,91f06d77478b4e9e95599dfd1c363d2cf8ccfd32db8358b8a04ecb81aa6cdb3f,3,13,0.6415734623283892,0.7847222222222222,145
eegnet,sub-33,2,formal_results_v1/project/results/formal_autodl_v1/eegnet/sub-33/seed_2,True,09d27bf426ac9bef49f90c16bb1013dc50d73825b9dd7a5de745365ab6317ee9,True,4052293751820a9d6705e6dcc73fabcb11781544ccafa56449878abb97fd4c79,True,86e91c6441f03e855bd9ee2b5dea3019f1668b9f7ba33c52c9a1890ef886c70d,True,29377ac4eaaaf1ebe8432e8cbdcb40baa1c1f0e54b0329e4b3b8effad60ee921,True,369ec1074b40515bdd684773a0fd75ad8af5dfc5bf38fa317da0416878b2caf2,True,7b0c73ee5b31c26d27e7a80e64b2af5656830d5fa637f736d6b943fa81be5099,True,91f06d77478b4e9e95599dfd1c363d2cf8ccfd32db8358b8a04ecb81aa6cdb3f,4,14,0.6332281472806237,0.590372907153729,145
eegnet,sub-34,0,formal_results_v1/project/results/formal_autodl_v1/eegnet/sub-34/seed_0,True,9c0d171325572d8c9b7147940f2dcf38329b52e62234266c9de292240c975ba2,True,ae24cd53a13110ad0d98b735bc8683a258787bea9f07b0a23a82556fe384122b,True,754b4d2b608720a59aab408bea484ded937521d365771e7aaa37f0405b968e5a,True,5613904e6563d7894b11369a4a1034496e5d59af4f8422be8dd6ff31b769dcbe,True,979cefb0a2cc86426a9828922ec7c533b4599ea0b36bc6663420a92217b072cf,True,7b0c73ee5b31c26d27e7a80e64b2af5656830d5fa637f736d6b943fa81be5099,True,9854f673aca90147b4761fc04c99f9df13470de788f9fb1b79a1040112b8bd37,5,15,0.6035240452222731,0.660007610350076,145
eegnet,sub-34,1,formal_results_v1/project/results/formal_autodl_v1/eegnet/sub-34/seed_1,True,6f34473591bf3348a1ffca012e2c4002aecedeeb87e846c437438cfe0b8e6698,True,ae24cd53a13110ad0d98b735bc8683a258787bea9f07b0a23a82556fe384122b,True,9d58802a0c73c76528c4142b6bf58786e4a520eed00f2db0e551f0c78557278d,True,ef890a5ae2c833216ec8352f9c82534771b316b6ca9733eb672b08a2a2a4d2e9,True,09266879bf3d5df63b5116c879eccedcf5cd63f39e555f98d4b54b9b18dad153,True,7b0c73ee5b31c26d27e7a80e64b2af5656830d5fa637f736d6b943fa81be5099,True,9854f673aca90147b4761fc04c99f9df13470de788f9fb1b79a1040112b8bd37,5,15,0.6285052912439717,0.6394596651445966,145
eegnet,sub-34,2,formal_results_v1/project/results/formal_autodl_v1/eegnet/sub-34/seed_2,True,c66db5b8b0b49b0463a997443d4bc41085dfe5b7949be66d249340e25290a9d6,True,ae24cd53a13110ad0d98b735bc8683a258787bea9f07b0a23a82556fe384122b,True,647dec79e5d08b95357ab3483a6a345225ee1ac3f6da1799ee652ff58b6d88b5,True,92d2a7afb9385823a31d092fc8cc6c789ca7c20bf6abdc6924e86d1bcca98c3a,True,f9932174d003cc6ae56881d9e2f432a07e2f49bd8430cf6f687a25c870bd7a21,True,7b0c73ee5b31c26d27e7a80e64b2af5656830d5fa637f736d6b943fa81be5099,True,9854f673aca90147b4761fc04c99f9df13470de788f9fb1b79a1040112b8bd37,6,16,0.6051907073050968,0.7226027397260274,145
eegnet,sub-35,0,formal_results_v1/project/results/formal_autodl_v1/eegnet/sub-35/seed_0,True,c393292f13c8e367c1d48d6e614b0dd7a47fce15a2e7ed61144a6e70494bdf63,True,1ad9333dacae6e9d7c3a5e2edb31c6bf288f0700325afa449c1d92a945ff1d7c,True,0c59cf36cd2480499121e11b2ad3d4c8fe6a7bdb9f4a91b118e69e1564195ad9,True,206a6efeebf9138549798d079c70e6babb26f9de1ccf302b1626e6878aacd848,True,66a7ebe4b189a8cf78c1283b58f4a532add91aea80820a695cd3778f867a0df5,True,7b0c73ee5b31c26d27e7a80e64b2af5656830d5fa637f736d6b943fa81be5099,True,ccda91a8536dc281b0b892b6fa41c84757a4aee51f3d51bbeb1d12e6d0d831c3,7,17,0.6447881597188478,0.3082191780821918,146
eegnet,sub-35,1,formal_results_v1/project/results/formal_autodl_v1/eegnet/sub-35/seed_1,True,a55819aabc0fab89619d7f04126b5854321a15a70f408b7b05dfeac99fb30127,True,1ad9333dacae6e9d7c3a5e2edb31c6bf288f0700325afa449c1d92a945ff1d7c,True,fe4df5bc22ed661db919e6d8d88b3afae7f92ac67517362a34915e7581ec8054,True,b57739655ed0de8731355d6bb7796e99f81d8cc5e43e003ba2ae7126d57d2233,True,c2eabd2e97b889c57e1ffcfd4bf96558f9441f68b2e64308702532021e3735a6,True,7b0c73ee5b31c26d27e7a80e64b2af5656830d5fa637f736d6b943fa81be5099,True,ccda91a8536dc281b0b892b6fa41c84757a4aee51f3d51bbeb1d12e6d0d831c3,13,23,0.644767764834646,0.1780821917808219,146
eegnet,sub-35,2,formal_results_v1/project/results/formal_autodl_v1/eegnet/sub-35/seed_2,True,0e73b2ba133930c5a5430936a19ad82a4d3434b1080b4c83a78b4526214ca25a,True,1ad9333dacae6e9d7c3a5e2edb31c6bf288f0700325afa449c1d92a945ff1d7c,True,6572d7d94b5c2baae98edfaf67677af2fce1d14b08f245f6a5d2b6b8a2066bd0,True,e22abbfc053da3d6dfce499a53e3c80fe426185348c05dbdfaf74301d9700efc,True,d2c1396d799ea37a67907080abc3b27a2bbf355bd2dbf77001408a3c3f218d54,True,7b0c73ee5b31c26d27e7a80e64b2af5656830d5fa637f736d6b943fa81be5099,True,ccda91a8536dc281b0b892b6fa41c84757a4aee51f3d51bbeb1d12e6d0d831c3,3,13,0.6372547016132554,0.6438356164383562,146
eegnet,sub-36,0,formal_results_v1/project/results/formal_autodl_v1/eegnet/sub-36/seed_0,True,929aacda09cfb403cfa8d1dcf435b77835f64f97c9d9496f11317e4b87389744,True,2f067b44726c647bca0512ea6396867c389f4fbf632bd8d39851f7960bf3d814,True,8946d899ffeaec2bfbbfeccb3151b307d5f797865630db5208269fd28002ea0e,True,3efe9661858b871690b8a67a0cc00862fb47918d417f6dd4095897ffc841dfe9,True,e33e90223ba52bcf73a9c6e8a3c8911e161a7e0a48c2960616e0eb8ca6435489,True,7b0c73ee5b31c26d27e7a80e64b2af5656830d5fa637f736d6b943fa81be5099,True,47160313ea68b151611c2b4d57d7078fe3166df7bc953f61ab4c121ae19df56e,8,18,0.6290167060941123,0.598744292237443,145
eegnet,sub-36,1,formal_results_v1/project/results/formal_autodl_v1/eegnet/sub-36/seed_1,True,734745e26da92f84db512ea3551645dafd1126846d3c64879dcc23a33916133f,True,2f067b44726c647bca0512ea6396867c389f4fbf632bd8d39851f7960bf3d814,True,67ad5ebafac51086939927f5a97008bf34d808d29f57f45972999335c4f2d25d,True,e8d2ffe25dafd909301281250600649a18e091aa07e6526cac67424cb52fa6fe,True,d06bef7081890fe08a7aaf15c91927559dc6e85d081be72549d4153702f5fe98,True,7b0c73ee5b31c26d27e7a80e64b2af5656830d5fa637f736d6b943fa81be5099,True,47160313ea68b151611c2b4d57d7078fe3166df7bc953f61ab4c121ae19df56e,12,22,0.6149783067445664,0.6467846270928463,145
eegnet,sub-36,2,formal_results_v1/project/results/formal_autodl_v1/eegnet/sub-36/seed_2,True,0d7b1720c57e72ca126b80f90a24acb86b59b9fedacba0875ecde135cd336574,True,2f067b44726c647bca0512ea6396867c389f4fbf632bd8d39851f7960bf3d814,True,8ba91740c756712d7440b9f45f0e9e6e5bc7d490b63013d795ab14e3a3b4a536,True,f8864ce3ccb349c53310bb34664f9b9945e4eef9b7d6a7b9ba21d23a03c3b822,True,c5a090e4d096a1d8f3a81a2406d7fafed85149720a9d54e555d1e282f497be3d,True,7b0c73ee5b31c26d27e7a80e64b2af5656830d5fa637f736d6b943fa81be5099,True,47160313ea68b151611c2b4d57d7078fe3166df7bc953f61ab4c121ae19df56e,7,17,0.638397286502466,0.481544901065449,145
eegnet,sub-37,0,formal_results_v1/project/results/formal_autodl_v1/eegnet/sub-37/seed_0,True,925d1d7b2606ee901c3eb0f3a322f147c193b48cdf7f27826b5c2365a0e4d2d5,True,2737769ec8a879391df859675e1888a71c9474007865fbc09682af42b8344601,True,b21e0194bc54b88bc7ff32282b0f4d778e6c91068aff3f99d1c95347fccb5bc5,True,85ec50871970667e2d3503f7b107c725498773cacc631e740931e3aa8fa83eae,True,ee47d85b64161cbbeaf28f4b7f77af7f63fed57b5c5eba6f64580662306baf9c,True,7b0c73ee5b31c26d27e7a80e64b2af5656830d5fa637f736d6b943fa81be5099,True,b13ae548fc75ff1d31add725bef35340beb6835f5a349512ab03a0d0bd0d9010,3,13,0.5916849665831518,0.5139464236398785,122
eegnet,sub-37,1,formal_results_v1/project/results/formal_autodl_v1/eegnet/sub-37/seed_1,True,9c950e2fd071aeeca78b594698e1d3132606d5a82de8d5a89d668848414f4527,True,2737769ec8a879391df859675e1888a71c9474007865fbc09682af42b8344601,True,fc8ad449a146dc11b673cdefe05a5a7e6092b8b6cdeaa71b9a6c0df07593c7f2,True,6a5076580cfc3d6565020b942bc95a6e679794b66bb1ed34644e2abe517c1a10,True,096a2efc88c9b7c45d00afae67ef334026ecdf4aa77f38ff003da6cb28420075,True,7b0c73ee5b31c26d27e7a80e64b2af5656830d5fa637f736d6b943fa81be5099,True,b13ae548fc75ff1d31add725bef35340beb6835f5a349512ab03a0d0bd0d9010,7,17,0.6190596610918689,0.4236398784866059,122
eegnet,sub-37,2,formal_results_v1/project/results/formal_autodl_v1/eegnet/sub-37/seed_2,True,2f901c47838584443ff85aaa0cb77d07266431a349f4dda31f8ad9b57117765a,True,2737769ec8a879391df859675e1888a71c9474007865fbc09682af42b8344601,True,494cb27784bb55e6aa3e7031360faf55cec2a31e7c61ff26ba8d9ea8f98d7927,True,15bc1a458417381d7edfb0872f92cde68bdaf84372d8c479424d0f8f493f76d8,True,e141dcb976cf6d96deaf1d527b15e7028a3dbf8281267220c344cc5074e3b1b4,True,7b0c73ee5b31c26d27e7a80e64b2af5656830d5fa637f736d6b943fa81be5099,True,b13ae548fc75ff1d31add725bef35340beb6835f5a349512ab03a0d0bd0d9010,2,12,0.6043548734517643,0.5813311239988953,122
eegnet,sub-38,0,formal_results_v1/project/results/formal_autodl_v1/eegnet/sub-38/seed_0,True,4b79f49ded8ee16baa8723f1bb501abbc609908405598a56d7f97feded7283ae,True,0bb532b7a4bbddae466a4316d2a75a439838c67e3d1ef8a2a6d02f72f143feb7,True,54d2eda2359a08a5c64c5230ab896d6fca447a53f6744a9f0c17661280302de2,True,b85fb5d3eb4168d7034c881b694f108fc5fb67b6175d7f4b50a01d4efcebd50e,True,3129d03f7796ec91784899dfb65b2a289d95c9ff16c251dfd9d60cc9056886f8,True,7b0c73ee5b31c26d27e7a80e64b2af5656830d5fa637f736d6b943fa81be5099,True,3d20f61b3ad37bddf89f72747b8766e794f463be8df7a19d6ed5bfa73c01c2dd,4,14,0.6040173570297346,0.6179577464788732,143
eegnet,sub-38,1,formal_results_v1/project/results/formal_autodl_v1/eegnet/sub-38/seed_1,True,c536ecd772011fd159ba0a20e8c51126383d45061dec84c4d5a2f6652c19028c,True,0bb532b7a4bbddae466a4316d2a75a439838c67e3d1ef8a2a6d02f72f143feb7,True,64a682fb571b96c45a0ff95cc544e645bc6ca17d99b45a7bbf1341abd3fc1d01,True,fc3aaccac7ebcd2b5e46c150fadcae7b567dba84a97e4af6ca6277ffb97b23c8,True,ad258314d3d825848d8f4ac35c49a3e28e868dc975c0ebcd6dbec9722c699003,True,7b0c73ee5b31c26d27e7a80e64b2af5656830d5fa637f736d6b943fa81be5099,True,3d20f61b3ad37bddf89f72747b8766e794f463be8df7a19d6ed5bfa73c01c2dd,1,11,0.590263386174323,0.671068075117371,143
eegnet,sub-38,2,formal_results_v1/project/results/formal_autodl_v1/eegnet/sub-38/seed_2,True,43211c38005aa8328897972a575b71c40f0ebe78c021e8f2268fab1ebc6f579d,True,0bb532b7a4bbddae466a4316d2a75a439838c67e3d1ef8a2a6d02f72f143feb7,True,cccfe9326ef621f8976af39664c9486509e3ba38a82ede6a61bad8bc643a0180,True,02441942f9b83bc4cb5151f988a00666b9d3edc31a3829255298f6f7d8f464eb,True,9de7d2985752f19fbcc7f8198421888d7fe08ce6642cff869f7b210d4d1d3eb0,True,7b0c73ee5b31c26d27e7a80e64b2af5656830d5fa637f736d6b943fa81be5099,True,3d20f61b3ad37bddf89f72747b8766e794f463be8df7a19d6ed5bfa73c01c2dd,1,11,0.597681547842712,0.581964006259781,143
eegnet,sub-40,0,formal_results_v1/project/results/formal_autodl_v1/eegnet/sub-40/seed_0,True,03e020a29e20c420592e752f54c8bfbdf9d532c3433faabeb6992c7132932714,True,9b5b6fe811605e690018f4309d913cf02ceb2d458e3f5288f723197743155ba9,True,ab1a6fe7bf9f08c64b01f9c2df76178bb8313c80295bc69aa3ba2e673c6cdced,True,9bddab1fb078288b451a967d1fcfbb39c5fac0967ebb1585174f1677306e1aa4,True,d5e8c1f0d8ad13feba6e7146ec004e25fd4aa6fd9f32c0e0b97580c54cf158a2,True,7b0c73ee5b31c26d27e7a80e64b2af5656830d5fa637f736d6b943fa81be5099,True,7c829077d74feb555e67c12209ffd780c4664d84fbe3c61d8f940a99afb7dbaa,4,14,0.5913912833175575,0.9363013698630137,143
eegnet,sub-40,1,formal_results_v1/project/results/formal_autodl_v1/eegnet/sub-40/seed_1,True,6ef1c450bff210c53727a2e13f41ddb75695115432f8e7411ed52cd8978e6f86,True,9b5b6fe811605e690018f4309d913cf02ceb2d458e3f5288f723197743155ba9,True,b0a7e33308990df6c9886e26a043e5c9cd57596615106ee2b1613a29f4484f22,True,cabd1a982ca225029cd9765749ae548685569bd7fb7f8ce0ad9404e224d5b6f2,True,e8d6d019bc81843ab844791116375f74d8c957c3e85acf19b27b3ab510b32992,True,7b0c73ee5b31c26d27e7a80e64b2af5656830d5fa637f736d6b943fa81be5099,True,7c829077d74feb555e67c12209ffd780c4664d84fbe3c61d8f940a99afb7dbaa,31,41,0.6340921530518446,0.952054794520548,143
eegnet,sub-40,2,formal_results_v1/project/results/formal_autodl_v1/eegnet/sub-40/seed_2,True,3bc476ae749240362ea77d23dc63569c373f99de1fccdbfc0a57745f1b5bd74c,True,9b5b6fe811605e690018f4309d913cf02ceb2d458e3f5288f723197743155ba9,True,c89d003bb288399ce4ccf60bdbdcae5bfe454f3ede77442eead4881071ff02fc,True,83887a84ae5528eb19e3f2c06d836391706320b43eea7b8ec4883af8d0f93abb,True,c938ff92dc612f8ebbb6ba96f61585a9eeb92106fc7b99c15b2bb8892b2316bf,True,7b0c73ee5b31c26d27e7a80e64b2af5656830d5fa637f736d6b943fa81be5099,True,7c829077d74feb555e67c12209ffd780c4664d84fbe3c61d8f940a99afb7dbaa,28,38,0.6102782271147067,0.684931506849315,143
eegnet,sub-41,0,formal_results_v1/project/results/formal_autodl_v1/eegnet/sub-41/seed_0,True,6d97bff969781cd27b8ca665731fc4e3c755efb09c7d174355428be88fe6ef6d,True,0bf4b65f2d2aed5ff2977163acf99209fb7d9ae004b9705df6988760c1b7fe72,True,814e84ebffffa98de90673fe44ec28800f84ced1ee5c8e505734799e94304072,True,76be6693c6545105f960d4c03bc417a334e9b00dc4402d97ae1aef3cfa3f946c,True,e9fbaa4d0ce1e3a49e396e0bcaec473d0671df3c98f02ba7d645a8258741ec7d,True,7b0c73ee5b31c26d27e7a80e64b2af5656830d5fa637f736d6b943fa81be5099,True,25f6556f86a2737b018fd7a1f7a591d42f40840ebc2846a2e1ea41f892e34bce,11,21,0.6680206870068314,0.527795803590742,136
eegnet,sub-41,1,formal_results_v1/project/results/formal_autodl_v1/eegnet/sub-41/seed_1,True,f674fd6edd2881150f7d15d54ba3d73926ab1fb2cceb03b75791d72777375404,True,0bf4b65f2d2aed5ff2977163acf99209fb7d9ae004b9705df6988760c1b7fe72,True,4678d5833b3768d46952b393f77819d475a1c19a16a8cbdde5c5e7a28e49c715,True,18a8b2002326639a44da41bd9f84c29eb33d3e252e303878828546b50028d537,True,a606040143c50c8bb1e4b603b03775ef1bd42e5c8bf6680058a87bedd4a2a5c1,True,7b0c73ee5b31c26d27e7a80e64b2af5656830d5fa637f736d6b943fa81be5099,True,25f6556f86a2737b018fd7a1f7a591d42f40840ebc2846a2e1ea41f892e34bce,6,16,0.6494516928007009,0.44484101232965606,136
eegnet,sub-41,2,formal_results_v1/project/results/formal_autodl_v1/eegnet/sub-41/seed_2,True,375e4b8c14a507b8cd06c2cd6000e1ba441a9381abc062321c5bec4398fc4a34,True,0bf4b65f2d2aed5ff2977163acf99209fb7d9ae004b9705df6988760c1b7fe72,True,e475d8d18ab2a2c887c1ca7a30ceb99d48fd0bb41b62b3c1dee03dddfe05d986,True,73b5ed2c160b75a148f0e05af3b354432dd272632ae9ff83315a0a5d90101aa3,True,3a8710a683611fd4e7f7ac35a0f8a3dbba17922a08907249c21429cc4638d79d,True,7b0c73ee5b31c26d27e7a80e64b2af5656830d5fa637f736d6b943fa81be5099,True,25f6556f86a2737b018fd7a1f7a591d42f40840ebc2846a2e1ea41f892e34bce,2,12,0.6688366622039714,0.45489941596365996,136
eegnet,sub-42,0,formal_results_v1/project/results/formal_autodl_v1/eegnet/sub-42/seed_0,True,40dad5ede51940d31901840e1005d485a10113412b6922b87f82c2f5d907c4b7,True,16b8236521d6c0786ec8690a2f768d0ca7596c7b2bcf85ba73ec980555d1fd7d,True,c074559f1b78ab17422545c446df1d13ec5ec783cdb744a20e56a446aacb0a39,True,b31c56cb6e8732a7c651be75b37151b9849224adbbbbb365deebc4a26c0490f0,True,d5418c01d44a6caac7b32c72fb295b93603525634e32eae5463cca2402a3dba8,True,7b0c73ee5b31c26d27e7a80e64b2af5656830d5fa637f736d6b943fa81be5099,True,0ce580234e259f8c81920aef755220b807c22f517c93d253071e6be45e4ef5d4,25,35,0.6408010100331477,0.26077359680470885,138
eegnet,sub-42,1,formal_results_v1/project/results/formal_autodl_v1/eegnet/sub-42/seed_1,True,79167f243bf86bb55d148865b92434dd8ed7df0afaa8d8ce153ae9ab5d693f08,True,16b8236521d6c0786ec8690a2f768d0ca7596c7b2bcf85ba73ec980555d1fd7d,True,387525f149668378da3538062724d2317bb91f810e6f3650d3d6315158593664,True,7598198fbfc64acc54258944918b99a91f809091634a9142f996eb7aadaab51a,True,8cb63813c8c79dbed51cc46356f684062a5ce27b5295c21d53ec47631b7ecb01,True,7b0c73ee5b31c26d27e7a80e64b2af5656830d5fa637f736d6b943fa81be5099,True,0ce580234e259f8c81920aef755220b807c22f517c93d253071e6be45e4ef5d4,6,16,0.5964949753546469,0.583876392684465,138
eegnet,sub-42,2,formal_results_v1/project/results/formal_autodl_v1/eegnet/sub-42/seed_2,True,c2b2f42f1ba0c5fc407950841838631131c68af297122ad1eec32d5f0b98ae4a,True,16b8236521d6c0786ec8690a2f768d0ca7596c7b2bcf85ba73ec980555d1fd7d,True,d905e7372f3effaf767c91e1e9403591579f05c27a63cfaa7a85b6e086a79b45,True,f01ec7a1172d337071eb49be98b365cef48008ac1973757ce18be0b2b441625a,True,9711424a0e455646181b174c39c70ec0d91e16e213b843d029773b99ca3b266d,True,7b0c73ee5b31c26d27e7a80e64b2af5656830d5fa637f736d6b943fa81be5099,True,0ce580234e259f8c81920aef755220b807c22f517c93d253071e6be45e4ef5d4,4,14,0.6154410363243192,0.45333193188984655,138
eegnet,sub-45,0,formal_results_v1/project/results/formal_autodl_v1/eegnet/sub-45/seed_0,True,303f23e6dc0585fccf744268a7436a7f8f2edf330641aed1afb347e3498de39f,True,d4dd509f27d607d61463b805531e3cf1a35b524099d4463c635ef64155814db1,True,2f9736068f179bae5cdc64321e9d4ce7ae397a78f2c97dae80361484b3939726,True,c2750eded1388346250ca39842fb43c005668961f0b93546455b67e899714c89,True,38fef527a690796e45bba44f4a616ae771815da9f6eaacd6cf10105aa22ffb7c,True,7b0c73ee5b31c26d27e7a80e64b2af5656830d5fa637f736d6b943fa81be5099,True,12dadf2125ee38d2c1e1d19af563f7a88c12b644e2e68b6453471609bb1bcd59,11,21,0.6357983815633084,0.511986301369863,141
eegnet,sub-45,1,formal_results_v1/project/results/formal_autodl_v1/eegnet/sub-45/seed_1,True,0b5766e4b74907ab649b949a4aa5ecb235ae478791969352f17c478ddee88505,True,d4dd509f27d607d61463b805531e3cf1a35b524099d4463c635ef64155814db1,True,021f75f848b643a25b09aa5bd045cc387abfaf87485d79993e1ed605b47f55a8,True,1e49ddb5c00936257e61be51bb09147f8979f2f8031384a4f6e1dc28cd40add8,True,e813f71bf4007b39682bcf2a0dedb38bf8d2876394d73d2755ebf4fcf45c1927,True,7b0c73ee5b31c26d27e7a80e64b2af5656830d5fa637f736d6b943fa81be5099,True,12dadf2125ee38d2c1e1d19af563f7a88c12b644e2e68b6453471609bb1bcd59,5,15,0.612088184615392,0.4434931506849315,141
eegnet,sub-45,2,formal_results_v1/project/results/formal_autodl_v1/eegnet/sub-45/seed_2,True,903780187a02e6f12ca4725fb3e085ed9aa91205f8a0bef6240f47d4cf70b1fd,True,d4dd509f27d607d61463b805531e3cf1a35b524099d4463c635ef64155814db1,True,e60eb59653eae5888f7cada3ad4bb4d968894d847f4acf4e915c35d21ebc3fee,True,4af2513e662172e16e7e36aff2733bb357ab93d8e603cbcd270afd6e51e10cd4,True,8c267b4b67c85efa5648e97f67859897684cefd9cdf1538078675d59948ec824,True,7b0c73ee5b31c26d27e7a80e64b2af5656830d5fa637f736d6b943fa81be5099,True,12dadf2125ee38d2c1e1d19af563f7a88c12b644e2e68b6453471609bb1bcd59,7,17,0.6183165711979678,0.5502618855761483,141
eegnet,sub-46,0,formal_results_v1/project/results/formal_autodl_v1/eegnet/sub-46/seed_0,True,a0a6dccfdf470f3caad6ddcac9b9d72c3640e6b0381b9d5ec807e8c31601773e,True,c7a6923c11d131f9b2d4da12d25793bec3d1878b0d35161e0a188d560ab0ba51,True,33853baa05b7e8fd6db16b20e430c859479db408b6065fd6100d2ed06b0a7376,True,562ce38debd94781e77483169247d25e89925c048ab5466c99cc811881c6913a,True,cc3895843bcbf389bd3073962656313db79009107bfa2329c24d12872f1ecb04,True,7b0c73ee5b31c26d27e7a80e64b2af5656830d5fa637f736d6b943fa81be5099,True,d2ceaeecf393af49c17b1b99f5b4fe0db589363e04f80b2a2fb6c097f05dc42d,12,22,0.7138898783566014,0.6238095238095238,130
eegnet,sub-46,1,formal_results_v1/project/results/formal_autodl_v1/eegnet/sub-46/seed_1,True,2fa62595fa97b86d2ce7a2595aad8328ecc7bfce0b00bfea5c754430ffc8fc43,True,c7a6923c11d131f9b2d4da12d25793bec3d1878b0d35161e0a188d560ab0ba51,True,a29b41e5b382f771669f18fd3bc3ad5019551ab632d5266bfa85986e3afc4689,True,69e6ae6a2cf0ff0f38fd57a7ceb78977d911b42d57343907e087d3b5f716d21f,True,01256fd1ce423eb58f98335c3bb91bdf01d88c03e2557e08cb87f021c9e180b9,True,7b0c73ee5b31c26d27e7a80e64b2af5656830d5fa637f736d6b943fa81be5099,True,d2ceaeecf393af49c17b1b99f5b4fe0db589363e04f80b2a2fb6c097f05dc42d,5,15,0.708245696579165,0.5619047619047619,130
eegnet,sub-46,2,formal_results_v1/project/results/formal_autodl_v1/eegnet/sub-46/seed_2,True,d0dcd467ea864b370e2e457fc6a28686dcb6853291516423969babb94f81d17c,True,c7a6923c11d131f9b2d4da12d25793bec3d1878b0d35161e0a188d560ab0ba51,True,05e837291a00578b6d9f9da01cc5aba49f7a55391a99844df1b1d39d30f5667e,True,90adf6f58f43d3035dfbd9ad5828ff92d2e39ef4b55e007ed0e696ea0093602a,True,79a678009ef4207e2b957cc6aec734192f4de67f918446993df7c737ddce36e2,True,7b0c73ee5b31c26d27e7a80e64b2af5656830d5fa637f736d6b943fa81be5099,True,d2ceaeecf393af49c17b1b99f5b4fe0db589363e04f80b2a2fb6c097f05dc42d,7,17,0.6753242145411849,0.6202380952380953,130
eegnet,sub-47,0,formal_results_v1/project/results/formal_autodl_v1/eegnet/sub-47/seed_0,True,d4f0c573f24dd6ba090993471df57b12e7f5f2bd79f221d448910f1f44cf1f60,True,11035e67d43c4667dd4aa7010243095a71e58082aabec66cad017d1e7fa9a386,True,d9175a25f3befa572b89c315604a2de579075003a7f78ffab54ffecaa54d27f0,True,1866b9bd354b67cee1937191eda1ea6734c1f85b112025fbfc5a19b233bfa42d,True,41e5e95433f4295052fd3b5f47b6364b3b422be1c2b1b80798cb235a535c44a3,True,7b0c73ee5b31c26d27e7a80e64b2af5656830d5fa637f736d6b943fa81be5099,True,f31ed2812b866701aed90307673c4195180a720e2d090cbb4b8f7f2c281203a9,5,15,0.60550219467403,0.5,145
eegnet,sub-47,1,formal_results_v1/project/results/formal_autodl_v1/eegnet/sub-47/seed_1,True,bb4a6b39e70cedc1d139540585c9fa8148e4641380a3eaa3c8d5783a006b9677,True,11035e67d43c4667dd4aa7010243095a71e58082aabec66cad017d1e7fa9a386,True,53bb26114ae87a15a98bba29317c7b3038fd02022df895ddd1067a0d1e42488c,True,f3cbf8f7813f94431cebefd4bcc0a2f4c251655d0fc6c601010dd282516362a7,True,f98de8301d0182e9f8152fdf1ca6d3b9c45f27fb3ea185a3126519d528c2a6fb,True,7b0c73ee5b31c26d27e7a80e64b2af5656830d5fa637f736d6b943fa81be5099,True,f31ed2812b866701aed90307673c4195180a720e2d090cbb4b8f7f2c281203a9,13,23,0.6091860956133693,0.3819444444444444,145
eegnet,sub-47,2,formal_results_v1/project/results/formal_autodl_v1/eegnet/sub-47/seed_2,True,a5fef784b8400480b454d282f24422f4a4e9b2cd5ac145a56f603d09e899dae8,True,11035e67d43c4667dd4aa7010243095a71e58082aabec66cad017d1e7fa9a386,True,5e029e63acd1c8c3466b443899c31d6d062fb474e25718826e52992628ac64db,True,cc3a65ec915fa39ed115f1889bee109ae65097e7da3cc4dc450f57d79fa29026,True,c59b41b3708b5de72e45b6713ca05cdbdc9b45ddf5d88a4a0a7df94d598a8980,True,7b0c73ee5b31c26d27e7a80e64b2af5656830d5fa637f736d6b943fa81be5099,True,f31ed2812b866701aed90307673c4195180a720e2d090cbb4b8f7f2c281203a9,2,12,0.5921360562099894,0.4861111111111111,145
eegnet,sub-48,0,formal_results_v1/project/results/formal_autodl_v1/eegnet/sub-48/seed_0,True,0d76a0e82f99de815c61de07492f72748d2927bb6029ec3721fb2f1d3394e80c,True,9c5161db1a462d32b79dc2b9356cd7173e7bfc5ac765856de970027e49afc14b,True,164c91ed04fcb1d819b5240fabaf276979e558bbe96ec9867169dc0a6f2ac849,True,c78fd110f22f33fe02620c95c21ceed66a666823d10334dbefd9af48b33b4676,True,16958f5c44ff11c205abd4d16cf9e52724460e7fde9968eeb943db655d596cf0,True,7b0c73ee5b31c26d27e7a80e64b2af5656830d5fa637f736d6b943fa81be5099,True,74dde19dbc57b0ed6f59f0f64096f12915d8ed2ccd1161ab49877a423c76a0f8,1,11,0.6503245756603525,0.5669965740388276,145
eegnet,sub-48,1,formal_results_v1/project/results/formal_autodl_v1/eegnet/sub-48/seed_1,True,23840535afd65d7229de9b26b3d3d5b40963069fd8706aa2b79856d842145c55,True,9c5161db1a462d32b79dc2b9356cd7173e7bfc5ac765856de970027e49afc14b,True,204b8f691779b313b100176d3cb2702006aba6950705325faae62af5fd396096,True,93c6d7521162e94aecadc16100da275aef01d2442c7d0c956b3a364b742d9101,True,49b9ce5185d10bf5549007ff84d430144b651cdc582966ee4c7df87346bf91f0,True,7b0c73ee5b31c26d27e7a80e64b2af5656830d5fa637f736d6b943fa81be5099,True,74dde19dbc57b0ed6f59f0f64096f12915d8ed2ccd1161ab49877a423c76a0f8,2,12,0.6312396703210964,0.5864103540159878,145
eegnet,sub-48,2,formal_results_v1/project/results/formal_autodl_v1/eegnet/sub-48/seed_2,True,1be37a1ced1d607ed55ce194c3d681288a0f609a1fafc9a3a3b31d41f5883ac3,True,9c5161db1a462d32b79dc2b9356cd7173e7bfc5ac765856de970027e49afc14b,True,ee70e14ce09fdc2f199b0a853c01aac10deff0a349105bb59f72b85a09b1efb1,True,685f54086d1eb3717ff61abcb3b9c01fb73510d02f89e7ec2e1800b69507f81c,True,161d79ba8007b2f28104d9860850fc9aa44554d5ef473cf6ca8e3bb4010cccc3,True,7b0c73ee5b31c26d27e7a80e64b2af5656830d5fa637f736d6b943fa81be5099,True,74dde19dbc57b0ed6f59f0f64096f12915d8ed2ccd1161ab49877a423c76a0f8,11,21,0.6297475907084823,0.5137038446897602,145
eegnet,sub-49,0,formal_results_v1/project/results/formal_autodl_v1/eegnet/sub-49/seed_0,True,fdc4a0198a0078ddfb37f50e41e687ae9b356f796ad0f4867196642a10ba4fa1,True,aedf9a22b1a33e7afc4e20c9fc9a9221157bd3310194d6479df75caa5cbf2bd6,True,8263e47cd26b99aca6b54e2ae394d03b879fcc7c47694ccf58b987f14065a5d6,True,daf2397b9ba42621bdde28ca749bffba15bb5a0cf427aef58638ca9808dabe6b,True,3407a89c099c50a07b19072cb1e3bcc1fead3784d62ed9648ce70a439fd5dbdd,True,7b0c73ee5b31c26d27e7a80e64b2af5656830d5fa637f736d6b943fa81be5099,True,1a145d88269d93c0b6400bbaea17f5e68d1d848bde172089f906baf2bad9582e,7,17,0.7662891543770716,0.9794520547945205,146
eegnet,sub-49,1,formal_results_v1/project/results/formal_autodl_v1/eegnet/sub-49/seed_1,True,449a35c248dda3cf278b2cbe5638b876a3b487a7afd63a3fd0cdefd7fd83331d,True,aedf9a22b1a33e7afc4e20c9fc9a9221157bd3310194d6479df75caa5cbf2bd6,True,bc4ce59678934895b591a2e93cac735ab6cbea2ac9f37bed9ffeadeec555ffd9,True,435314ca1b72d8429d7be55bc785eea5ee1c3cddcc04328b2f2b53a2880646a2,True,186810542d3cd585d024de415a8a652974bb1e7d471e1df1f115a367fa64ff85,True,7b0c73ee5b31c26d27e7a80e64b2af5656830d5fa637f736d6b943fa81be5099,True,1a145d88269d93c0b6400bbaea17f5e68d1d848bde172089f906baf2bad9582e,6,16,0.7500286763626044,1.0,146
eegnet,sub-49,2,formal_results_v1/project/results/formal_autodl_v1/eegnet/sub-49/seed_2,True,be322b6bb662c071a73b362114f8ba00051823e8ff7e97fec5ec462d2f192094,True,aedf9a22b1a33e7afc4e20c9fc9a9221157bd3310194d6479df75caa5cbf2bd6,True,7e379a43c360b726bb5cd9597445eebc7fa8c931ddd7becd3b439d968b1bf810,True,46de9cca4d4b57408866dad45fd90855b9ae8f943584edd53c1575b7b5fca9c4,True,86b4fac9ec72bf837e054f397e6afc0ba0722a342bdb01ed9fc318d554efeaeb,True,7b0c73ee5b31c26d27e7a80e64b2af5656830d5fa637f736d6b943fa81be5099,True,1a145d88269d93c0b6400bbaea17f5e68d1d848bde172089f906baf2bad9582e,8,18,0.7378734826334448,0.9863013698630136,146
eegnet,sub-50,0,formal_results_v1/project/results/formal_autodl_v1/eegnet/sub-50/seed_0,True,b0236a49dfe48adfebd9a046e7df1d06adf875df33c32c55aba2a774d86977b7,True,5c5626f43acd234e594de23cd65bb5fe1c036880c12b6bf4b0b9bb06c79c5cab,True,ece2f13295785cf253899d664cebef9f1b5cda5dccaaf5653e4a2439e15c2048,True,c0dd042216b8389ed354848c0529b0255e8a518de0e002fef6c27f4f0fb4f076,True,5d534daa87a33d2c07981d992c42ea029688da5ca28acb187d8cb1e98ee35fcf,True,7b0c73ee5b31c26d27e7a80e64b2af5656830d5fa637f736d6b943fa81be5099,True,dcc6abe5ad41a2b046be3ccb3ef8ee023dccf1861132f8b9e5c396fd86490a67,6,16,0.6440301492545578,0.5077464788732394,141
eegnet,sub-50,1,formal_results_v1/project/results/formal_autodl_v1/eegnet/sub-50/seed_1,True,9ff8dc2457fce9bf9d11b20af740285926ea2e245e8bda39ab5b8bfcac6e8c4c,True,5c5626f43acd234e594de23cd65bb5fe1c036880c12b6bf4b0b9bb06c79c5cab,True,262d2380bc81d049026bd34ab690c9737babf80596c8e9108615117b957b034a,True,0ccc5b298fcf402f1961f7fb4fc5f24d36bc34e7134d8a5881620a44acc7062e,True,d035cc56069805640b20e9dd98d36702779d62ff8c65bb8bb29f5e06e067a7a4,True,7b0c73ee5b31c26d27e7a80e64b2af5656830d5fa637f736d6b943fa81be5099,True,dcc6abe5ad41a2b046be3ccb3ef8ee023dccf1861132f8b9e5c396fd86490a67,7,17,0.6272792268421108,0.5142857142857142,141
eegnet,sub-50,2,formal_results_v1/project/results/formal_autodl_v1/eegnet/sub-50/seed_2,True,10e44c0ca372e62c01bc17c40776094bba8566db89c4c26c3b96c13071e8684f,True,5c5626f43acd234e594de23cd65bb5fe1c036880c12b6bf4b0b9bb06c79c5cab,True,dd912a2e6547da4d45399de3ec40b0cae0e2c853e046eca0d31bd8fc4c1f3666,True,f48e46dd5706d1b7369733ea8638cb3023b98e724a5f0b579d087592736011bf,True,f96d84aa1b39002e1113efd857369420bbf8b65f7288b06ffb17783019d0e27a,True,7b0c73ee5b31c26d27e7a80e64b2af5656830d5fa637f736d6b943fa81be5099,True,dcc6abe5ad41a2b046be3ccb3ef8ee023dccf1861132f8b9e5c396fd86490a67,2,12,0.6548149578189845,0.55,141
eegnet,sub-51,0,formal_results_v1/project/results/formal_autodl_v1/eegnet/sub-51/seed_0,True,2d68d701f36aeac07d0f0a034f8b143bde1d4e5343c21888db6dc09aba35ca24,True,efbb91e936d67ccdbff5fdbb830c821cc48877ade72a379d57a359d74a33814f,True,2ca0be190a6de4b8e5a6f809bbeada3774603b954b3ff5725bd8921dbe7437bc,True,8e8fd76846d630badb5fc88c97447fe99a38b83130859a808a7fd359da9f85e3,True,fa887668e960969c621cfb56272dfb36bbeb36342657b516fe615ff5897ee14e,True,7b0c73ee5b31c26d27e7a80e64b2af5656830d5fa637f736d6b943fa81be5099,True,4a1cf8adc419aa234d229ed3b385a05cecfcd1f84c2ae89cf23941b2bb3bafad,3,13,0.6354868490458209,0.755863539445629,137
eegnet,sub-51,1,formal_results_v1/project/results/formal_autodl_v1/eegnet/sub-51/seed_1,True,5344bed8a399a3930d6cae9ef2929928603661472749a945e7d16be1a0f8d150,True,efbb91e936d67ccdbff5fdbb830c821cc48877ade72a379d57a359d74a33814f,True,e5f018a4d97f430926fb1f754edc9436552f2474585bb5deb5282ac8e4f0b11d,True,e6996e7c1c9e536251eb2dabc822c778dbf3bfef063c150dcb739cf7cd035db7,True,a18fd14c29c14b3eb06a61c039cd6ace4f157d60662040d0a5ba9ffafb8f2cbb,True,7b0c73ee5b31c26d27e7a80e64b2af5656830d5fa637f736d6b943fa81be5099,True,4a1cf8adc419aa234d229ed3b385a05cecfcd1f84c2ae89cf23941b2bb3bafad,5,15,0.6532628668520258,0.9029850746268657,137
eegnet,sub-51,2,formal_results_v1/project/results/formal_autodl_v1/eegnet/sub-51/seed_2,True,2f8d72d8909924b232165110e21a7a826f7590465cc9c26fc17a7edd6ab92f16,True,efbb91e936d67ccdbff5fdbb830c821cc48877ade72a379d57a359d74a33814f,True,63f074879da3ff1a4052d1520a7bb41afe2a4f22a15ca9dc9ce510953124d396,True,fdefb9bdea5f61d28f7db24b3710c09d0432dcc2d7180df2f9c448106c0fd78e,True,879eb7e50c58cd1fb064e2bf852d76562e75aa77106d2174c1fe9a25fd1bd1be,True,7b0c73ee5b31c26d27e7a80e64b2af5656830d5fa637f736d6b943fa81be5099,True,4a1cf8adc419aa234d229ed3b385a05cecfcd1f84c2ae89cf23941b2bb3bafad,13,23,0.6174366829899594,0.8436034115138593,137
eegnet,sub-52,0,formal_results_v1/project/results/formal_autodl_v1/eegnet/sub-52/seed_0,True,0c57adf5e9a408a3838bbc5db23936fe7c3566d295133426b1b1bb4b19e1b220,True,e8b097cef31bc17820fb20082c1e3beef8a99cfdbea52d928b12d0cee1e24f69,True,4533b5b861df0bfda9a5eb0c813f382f54b5f2bf8ae53a26c36a43cbfa372d00,True,09f74c10e7e6fc177509467822f6e70b9e63ed35ce51f576f2997529bfaec6c5,True,98d4530ed780d76d8a1ed1767d0798c5d63b90cbff0202e5ab0f678306924257,True,7b0c73ee5b31c26d27e7a80e64b2af5656830d5fa637f736d6b943fa81be5099,True,c08a6e948065f5295f46ecfe53cae8cba629371f0d88b42b810e62ed403bc540,2,12,0.6559911355706671,0.752725035161744,151
eegnet,sub-52,1,formal_results_v1/project/results/formal_autodl_v1/eegnet/sub-52/seed_1,True,ff42c475ffe46b4e1befb4a7b05cd3d87d40b33bfd3586cff28899d5b864ee75,True,e8b097cef31bc17820fb20082c1e3beef8a99cfdbea52d928b12d0cee1e24f69,True,fe6f91872f746491e217c2164a0ec4d3b0fccbd1d37218787a1416622e7e1961,True,efd7822d5f01f5ede9fc32f43d12970bb996f973d8d4f46b5e1c2c51883bdfd9,True,5183e9256c38bd74ba61471fe8190c6c93d6cef5f5f5cb74194101c2b496edea,True,7b0c73ee5b31c26d27e7a80e64b2af5656830d5fa637f736d6b943fa81be5099,True,c08a6e948065f5295f46ecfe53cae8cba629371f0d88b42b810e62ed403bc540,1,11,0.6751411679633631,0.4906821378340366,151
eegnet,sub-52,2,formal_results_v1/project/results/formal_autodl_v1/eegnet/sub-52/seed_2,True,380ad28720b105b727af98d1e5ffb53f3c03e7ebc4cbf8ade5167dc47d2d16ed,True,e8b097cef31bc17820fb20082c1e3beef8a99cfdbea52d928b12d0cee1e24f69,True,dadeacb5cd0ab40422071fa19a2a8d922bcb40a73512ceded3498891136308d2,True,444608c28c37f31bd817da63fa9c98c876343938fb4c4d4b0a3af9e103b1e30c,True,2e8ba343be5db682e7bc1f90646cbc885c7f6aefe95d99bb415ecc86c9f85e83,True,7b0c73ee5b31c26d27e7a80e64b2af5656830d5fa637f736d6b943fa81be5099,True,c08a6e948065f5295f46ecfe53cae8cba629371f0d88b42b810e62ed403bc540,2,12,0.6522964502999261,0.6671940928270041,151
eegnet,sub-53,0,formal_results_v1/project/results/formal_autodl_v1/eegnet/sub-53/seed_0,True,c0b6d05ad146a94cd8e18f2817da337de512f7613c275ad0cafb700c7f9f027d,True,2ca9ee57c74466bac4e4b1a9936cce8dafea1140f84530f25039522f835357ee,True,705271024b43ded71803dc9d1c55672c52fa43049bce2f7ca0df0c11c2f0d8c9,True,f9f3652c5b5870eb04bdd83bc17d485b1f861a0d5a1121dd2f916c6c06d2df42,True,5ca6efafad0e38941de4e33af085b5a73bd41529c154df9b68413992c4754f6f,True,7b0c73ee5b31c26d27e7a80e64b2af5656830d5fa637f736d6b943fa81be5099,True,e97b4a1a1bd90e73461c4bcebb55ba6d671c464c393ec7b68d2937dd0bb2b170,13,23,0.6380502555858589,0.4305555555555556,144
eegnet,sub-53,1,formal_results_v1/project/results/formal_autodl_v1/eegnet/sub-53/seed_1,True,4397bfdc20c7bad4eb4a89974034d5407822f80b236eeaa6b43c27662816bc03,True,2ca9ee57c74466bac4e4b1a9936cce8dafea1140f84530f25039522f835357ee,True,42f109b367c3d7eaf5bbac6668f73eed23f7b00c39eadd50691d5f0d19aa930f,True,f75499b35ad0053f480e3852ef4807899204bae908be15856a1e2c7cb11ae249,True,c2171bced036ee280d0758c02e6866be12f70e95532004c23416becaf5bf7ff6,True,7b0c73ee5b31c26d27e7a80e64b2af5656830d5fa637f736d6b943fa81be5099,True,e97b4a1a1bd90e73461c4bcebb55ba6d671c464c393ec7b68d2937dd0bb2b170,7,17,0.6610003734691168,0.5555555555555556,144
eegnet,sub-53,2,formal_results_v1/project/results/formal_autodl_v1/eegnet/sub-53/seed_2,True,aab86e1884c762c27b34b87c2f9f203ff50e2002057e7323d63e571b3980ece7,True,2ca9ee57c74466bac4e4b1a9936cce8dafea1140f84530f25039522f835357ee,True,fa48da456b110be6c6f4f9d62a3e93c0c3793111f44d39a40768a8375612d5bf,True,54f36a2b7934c00636466b78b3c8f0f268bb26e1d93729baaf754df69e94ecb2,True,978fa90c5174722301b4a493ae7c60d37a24b42d50553e0645170ecb9e3b644c,True,7b0c73ee5b31c26d27e7a80e64b2af5656830d5fa637f736d6b943fa81be5099,True,e97b4a1a1bd90e73461c4bcebb55ba6d671c464c393ec7b68d2937dd0bb2b170,4,14,0.6538882777745684,0.5,144
eegnet,sub-54,0,formal_results_v1/project/results/formal_autodl_v1/eegnet/sub-54/seed_0,True,850295f46ec810c636fd0f6b0f37506265c9915794327b714e043843bcffd0d1,True,e2bc2667c8bd62db5fd20d3a3c26c61289a306342446113e1b624722006b0aab,True,8fdff53eb803ca01036f9ce25408eee9238ddbd651c17826ab8bccadc0396c8b,True,299a1974eb87deb0f8a955a60b6274cefcf6cbf74713e40bbc67af407d699563,True,93dbd72857f01a5e09924001907df6e756d9e9335b87281752e66bcec40f2137,True,7b0c73ee5b31c26d27e7a80e64b2af5656830d5fa637f736d6b943fa81be5099,True,aacab9b7c9496dd5f7b81c038e67e42469399a0d5c026ff8e4b82e77b8175ed4,4,14,0.6858773583320479,0.5360863095238095,127
eegnet,sub-54,1,formal_results_v1/project/results/formal_autodl_v1/eegnet/sub-54/seed_1,True,970d7b51b22e2914cc4fed350dd5183214a74c4b024b97a56f043e386ee71e96,True,e2bc2667c8bd62db5fd20d3a3c26c61289a306342446113e1b624722006b0aab,True,c76599d5ebbca38f00b8545315a0ca51226b10ae83c5290b39ee4a67f76a8e6c,True,aed3d4ab625ddf41aa3d280121431a55abcb4c565af20a179d03aa2aabe093d1,True,e89b85180b7698c5e599c792e0bccc253364cbcc2ad3965f657e7d6fa3e76709,True,7b0c73ee5b31c26d27e7a80e64b2af5656830d5fa637f736d6b943fa81be5099,True,aacab9b7c9496dd5f7b81c038e67e42469399a0d5c026ff8e4b82e77b8175ed4,2,12,0.643763774433025,0.6313244047619048,127
eegnet,sub-54,2,formal_results_v1/project/results/formal_autodl_v1/eegnet/sub-54/seed_2,True,4517c20cccf4b94e7f193a8bb572108eba9f9054b22d9500c5184ed7a8d98cb8,True,e2bc2667c8bd62db5fd20d3a3c26c61289a306342446113e1b624722006b0aab,True,4f2de52bff7294b6199834b7111c406bedcc470a4de85c5ead9c1a7b4649d4c2,True,42e863892366b534a6bf2fd0d1600123cc55290633493c53dff1fde7912aacfe,True,9dca3173828bd15f313829ca5530db03f73572cd6e90afc3ec97258413657869,True,7b0c73ee5b31c26d27e7a80e64b2af5656830d5fa637f736d6b943fa81be5099,True,aacab9b7c9496dd5f7b81c038e67e42469399a0d5c026ff8e4b82e77b8175ed4,13,23,0.6949375803957241,0.7083333333333333,127
eegnet,sub-55,0,formal_results_v1/project/results/formal_autodl_v1/eegnet/sub-55/seed_0,True,3aef3040337a821950ea08f5f49937596b079d87685a8a2f5d4c4f9e80489029,True,86c45f1f84b8b3b32f5f13f2b952e8bcc4c9e1b93ca3040d5e0fc74c4fb9742a,True,a9c35f7f939a9aa67ee360e754f80c66b0bb8444e62e20354cf2f8917d0c8580,True,3ea63a4dab58d0826248754090fa17ab12679da6e9e2440c0df20b0578f57704,True,d5cc363a665722fb374e0fd96e76f583ba15a08a17af91d978f0f1b23a954b36,True,7b0c73ee5b31c26d27e7a80e64b2af5656830d5fa637f736d6b943fa81be5099,True,aa94974ff32bd700af629f51108c3a9d4468d676b4b2cac1e0cf694dc23c3666,3,13,0.6378150828556698,0.8581081081081081,147
eegnet,sub-55,1,formal_results_v1/project/results/formal_autodl_v1/eegnet/sub-55/seed_1,True,8f34b7fc2d37bec81cd225c562710352a34e6f537b28c1e812c472faf6d49a27,True,86c45f1f84b8b3b32f5f13f2b952e8bcc4c9e1b93ca3040d5e0fc74c4fb9742a,True,a42c5c5c2bba35b3dee7a351b79e3afb52650742a16feba3ed28a0235908899f,True,b541b1be4bd5348f9aaa0f4b0b7fa4f54f8631b5d2f31652e69acbee518040db,True,863f337ba1357f67765ac5875bd86aa58044e13e10075419fce4504320449b01,True,7b0c73ee5b31c26d27e7a80e64b2af5656830d5fa637f736d6b943fa81be5099,True,aa94974ff32bd700af629f51108c3a9d4468d676b4b2cac1e0cf694dc23c3666,2,12,0.6237489764269978,0.7431506849315068,147
eegnet,sub-55,2,formal_results_v1/project/results/formal_autodl_v1/eegnet/sub-55/seed_2,True,2253e629683da6a4a775e9a824acf35f8f24776ddc9fb0fb8d09e29d001f945b,True,86c45f1f84b8b3b32f5f13f2b952e8bcc4c9e1b93ca3040d5e0fc74c4fb9742a,True,d54aeeaeabbbd7a118a465f670484975bdec43611f5f8d91511b6fc2daf6f18b,True,e1e1d3804259c8d6a6c259b770ba5a44798544f63917b664133492a54e73a123,True,422ddb77a13505161ea672ff1ccf0539fe29f78c20bb52df2049341ffdc08512,True,7b0c73ee5b31c26d27e7a80e64b2af5656830d5fa637f736d6b943fa81be5099,True,aa94974ff32bd700af629f51108c3a9d4468d676b4b2cac1e0cf694dc23c3666,8,18,0.6070229498801708,0.9864864864864865,147
eegnet,sub-56,0,formal_results_v1/project/results/formal_autodl_v1/eegnet/sub-56/seed_0,True,11d0773b13c569db2f6a7acee1427c1b3e25f82bd8fa14583222fe657cc7a59a,True,7116d75379ba96709b193cf1172db27e3efeae31018e3877a21a076213277c74,True,8e63a85a3140c9f7fa92790b5e4114c0a257358ee60769d35d3fa0c8bcb65ad9,True,0d0b0268d71cf1fe0c4d8ef8606fdb9236021ae9da4fefc9011893032e0086c0,True,6a0bf9f5cd523b12056f95a0b94895a9049ab4a5436a73bbaf19a0f169beb1c9,True,7b0c73ee5b31c26d27e7a80e64b2af5656830d5fa637f736d6b943fa81be5099,True,37d6fe151759b22953d7ef59f075a461f1d2693aa084c6d09eb6447aa751205f,22,32,0.5947568897726268,0.6111111111111112,144
eegnet,sub-56,1,formal_results_v1/project/results/formal_autodl_v1/eegnet/sub-56/seed_1,True,29cf02ef8e2da74b7aaf2b5a6f0badb772e9ea9c07724838cbd965ff53de9122,True,7116d75379ba96709b193cf1172db27e3efeae31018e3877a21a076213277c74,True,9fa5921c161ae9b13967a9ca80307385c625f37f0acadb26c90661ecd08eaa24,True,5891252ca1f7786cd83e84213c48a97df8170794afb708dfdc5dc5cc17a2b8bf,True,1dae80be4ace0d08f7d664d3eb55b2f356b78172cb698fc35792fd5b2861f6b5,True,7b0c73ee5b31c26d27e7a80e64b2af5656830d5fa637f736d6b943fa81be5099,True,37d6fe151759b22953d7ef59f075a461f1d2693aa084c6d09eb6447aa751205f,4,14,0.5240621627120595,0.3611111111111111,144
eegnet,sub-56,2,formal_results_v1/project/results/formal_autodl_v1/eegnet/sub-56/seed_2,True,c1977975978ad13a19ce21ed7d1529746af7445f673d1c796aae8684e0a3bec8,True,7116d75379ba96709b193cf1172db27e3efeae31018e3877a21a076213277c74,True,df294547b256150d49e914d825b41d317e5bd5a4fbe63af4e2a7b028162d6849,True,61d1dfb7f4fb5e1d37e762f23d07cd452818e76110e48984ed565a800e2344e2,True,82a627d0c582ad7fc5fce9cee956238f52748d49688874fe02b23226e6689317,True,7b0c73ee5b31c26d27e7a80e64b2af5656830d5fa637f736d6b943fa81be5099,True,37d6fe151759b22953d7ef59f075a461f1d2693aa084c6d09eb6447aa751205f,12,22,0.5749454467815595,0.5069444444444444,144
eegnet,sub-57,0,formal_results_v1/project/results/formal_autodl_v1/eegnet/sub-57/seed_0,True,7a90bd322fbda05829bec091bbd64f47317bcf2d8bb55909006a6f0efdf3fb5a,True,d596876c174520e0ebb78dfa3184bfbc94a0df60c49f390d0ac310fce1b35f51,True,9e33986e0e7b2f7daf89484b68112565664617debaee22ebb67fe35ce7df0586,True,f2d7d2f12922a186c57f66847faf09acd4d65aafb6ef4763d6ec6dc9bb4fe633,True,e374b5b7945f1f454fbe5d070e43e7fb0953f2e7725085f3d19189553574d2db,True,7b0c73ee5b31c26d27e7a80e64b2af5656830d5fa637f736d6b943fa81be5099,True,a23a4411d4e20c1308f71b021c7a27cdc0a354caa6f5a29f31a0fef60abb9b15,4,14,0.5980601501099562,0.8511066398390341,127
eegnet,sub-57,1,formal_results_v1/project/results/formal_autodl_v1/eegnet/sub-57/seed_1,True,6acedb88341a4ba69027477a7de12b40c8ad1015c21f914cf6acdd9d607cef89,True,d596876c174520e0ebb78dfa3184bfbc94a0df60c49f390d0ac310fce1b35f51,True,27db135df917ebb1ec085bec413a4436e5eee3aae538a0760c8613e048b2bee5,True,20ca1f693cd2e1e850595f33107e7d64ce004d46233e9e35680f3151cdf24460,True,1c208b38fb8703bd4b9eaa3ecbdcd425e54422a61eb4c29319d23df3c9f5ce6d,True,7b0c73ee5b31c26d27e7a80e64b2af5656830d5fa637f736d6b943fa81be5099,True,a23a4411d4e20c1308f71b021c7a27cdc0a354caa6f5a29f31a0fef60abb9b15,2,12,0.5704469218864024,0.6608400402414487,127
eegnet,sub-57,2,formal_results_v1/project/results/formal_autodl_v1/eegnet/sub-57/seed_2,True,4a51384fb0d90ee5ee790130fca2dd887df2e603c6ce62d6ad1c8d558e7aab73,True,d596876c174520e0ebb78dfa3184bfbc94a0df60c49f390d0ac310fce1b35f51,True,70dd4f262553c74d43420d4ac3f424a2ad8417a3bbbcd342f8283245b5ac942f,True,a3b7632c52deaa96f3f65010a198c7e2439eaba7389588d7fdcb6d6be696a9ad,True,e7e1d31a254011bb123accd981770095199617b40031c0505306c0b56b35283d,True,7b0c73ee5b31c26d27e7a80e64b2af5656830d5fa637f736d6b943fa81be5099,True,a23a4411d4e20c1308f71b021c7a27cdc0a354caa6f5a29f31a0fef60abb9b15,3,13,0.5968384128301495,0.8243209255533199,127
eegnet,sub-58,0,formal_results_v1/project/results/formal_autodl_v1/eegnet/sub-58/seed_0,True,13a71c64f384bdef351269473f4197251b524eec6be75be891b942563c359402,True,fac4e4c83d682699c9af3b1bcaa5842fa35a923f307d567f5a08a4c3ee3b9107,True,b6bcb4effda6636c4885086839302ce90a4a72bc9cd0c7f7fde6b49019bbaf81,True,f32a3c26757a3b47c2ea526504682f79d776197de8fb7db02e71e61f33e65bc6,True,d85de9468b97606839e71b2ea339fff1bd0ca237930b8577e6eeaf48bd18a01b,True,7b0c73ee5b31c26d27e7a80e64b2af5656830d5fa637f736d6b943fa81be5099,True,ffabc6c09c80e99ddbcffd92aa698c9778f77b7f2eb8ae94e00a47b024381d8a,10,20,0.6728863227428159,0.4731182795698925,134
eegnet,sub-58,1,formal_results_v1/project/results/formal_autodl_v1/eegnet/sub-58/seed_1,True,4cfcf36ad07bd706709727e1d26a48cdcfc7dfe5bfa410b9619d8399b2450d06,True,fac4e4c83d682699c9af3b1bcaa5842fa35a923f307d567f5a08a4c3ee3b9107,True,f1c8386ab68f8304ed6ef3f805a108d21bb8367a281e317ab079ffba57e7f08b,True,0bfde07c9849bdb5c6c02f7ffcd9378f0ad4b81339579ed49d7673ea07de07b8,True,1ce5f12210beab5bf3524b5255d506a959f76abfb5e025ec5604f0378b1e202a,True,7b0c73ee5b31c26d27e7a80e64b2af5656830d5fa637f736d6b943fa81be5099,True,ffabc6c09c80e99ddbcffd92aa698c9778f77b7f2eb8ae94e00a47b024381d8a,1,11,0.6573120616172419,0.7269265232974911,134
eegnet,sub-58,2,formal_results_v1/project/results/formal_autodl_v1/eegnet/sub-58/seed_2,True,4a30ac9b97408477146b2a1a6fea5d7ff25d8fe2a0e6115c9831e03eed123afc,True,fac4e4c83d682699c9af3b1bcaa5842fa35a923f307d567f5a08a4c3ee3b9107,True,a29d06eb42cee7faa22bceb5e3236eb22dccb1fcb925d7adcbe0bdde5cfa19b8,True,16bc3a88ecc2af0c1f3b87309eee7c09499bf581d2af3f216b65006c9b543e43,True,0d3b2eccd27e81737f305c3a8fc7f3501586760a639c21c1e081713813040291,True,7b0c73ee5b31c26d27e7a80e64b2af5656830d5fa637f736d6b943fa81be5099,True,ffabc6c09c80e99ddbcffd92aa698c9778f77b7f2eb8ae94e00a47b024381d8a,1,11,0.6271019692702199,0.6830197132616487,134
eegnet,sub-59,0,formal_results_v1/project/results/formal_autodl_v1/eegnet/sub-59/seed_0,True,2abadb38bf752550d10ad67d6843e42c0e5233c371872853504549746623ad7b,True,0380ba424173b56f595b7abb223b6cd450b76887a095eafacf16fef52e9c5e2c,True,70c08095e03d29ca0d55654aa39c574f689d052e586650ddbac76751bda694e5,True,37bc7a7e60da56af40ecd11f6f0e47148828ac598e910e073569eccf7f5e82e7,True,1dd087fa31ac771ec689390e554e618095d7e4172f453787f756fdd5b385d5ee,True,7b0c73ee5b31c26d27e7a80e64b2af5656830d5fa637f736d6b943fa81be5099,True,0bea5a8264a3e0d617398b52a5ab960bab4118caee9783124bc939737d8fbe7c,5,15,0.7031165625714921,0.6340337104594782,132
eegnet,sub-59,1,formal_results_v1/project/results/formal_autodl_v1/eegnet/sub-59/seed_1,True,050420492cfa351760b2201d12ea9a351af23358eba7b140c80a3430ef3dead2,True,0380ba424173b56f595b7abb223b6cd450b76887a095eafacf16fef52e9c5e2c,True,9774499673e5135ee9452dcd378c494f3ba52a2926042faeddfd7bf857b4bf12,True,e5508e50c54bc76ab03b0d49921cb8ad49588f9aec354677552eea4ff1410ff6,True,a1f3950874236bc4fc8c82fd34abac6669d10f17e8d8f4c3c0b151bf8a5219b1,True,7b0c73ee5b31c26d27e7a80e64b2af5656830d5fa637f736d6b943fa81be5099,True,0bea5a8264a3e0d617398b52a5ab960bab4118caee9783124bc939737d8fbe7c,5,15,0.7018348174104173,0.6108289078734703,132
eegnet,sub-59,2,formal_results_v1/project/results/formal_autodl_v1/eegnet/sub-59/seed_2,True,bb91c7cc0aaa7609513993ef55e4518f8583fbeb3a55dc27d5351219c922e189,True,0380ba424173b56f595b7abb223b6cd450b76887a095eafacf16fef52e9c5e2c,True,38738452b87663afe6f66921205db4662e1b41c197e8835da8527b142d7efd8f,True,a2b475a6454492081d7d0bacbdef145e82b3e62658e45aab783a609401eea87c,True,639996bd2343ac22c07730448f234ceffb758155e0fcc968f56291b25db727e1,True,7b0c73ee5b31c26d27e7a80e64b2af5656830d5fa637f736d6b943fa81be5099,True,0bea5a8264a3e0d617398b52a5ab960bab4118caee9783124bc939737d8fbe7c,6,16,0.6981516179456494,0.7103440314015239,132
eegnet,sub-60,0,formal_results_v1/project/results/formal_autodl_v1/eegnet/sub-60/seed_0,True,29df09df2bc1b9e5c36f17bd47e56fb0793b7d4f5870f877436f03ae0c6fdef6,True,e6da35c8def9c9aa89f8789ec131566d5b173f7e2a689df8375e9672050bed06,True,5352e261023090e1927e4586542b851a79a14e03d78016cf3e60e2ce283de852,True,310ff6cc796bddb1db6eae5c5eef8d4161b3cebe97a0265e7d63fc1cf7be7e27,True,a066ff31c601c99fb4e5b1239cd23c402fb679c06b7df50d4ee1c64eca69f41f,True,7b0c73ee5b31c26d27e7a80e64b2af5656830d5fa637f736d6b943fa81be5099,True,5c24f0b911e7d88be0517cf8c43f77f9506f5120840a291090a53f8c6c1aa71d,6,16,0.6518103354320034,0.3009950248756219,127
eegnet,sub-60,1,formal_results_v1/project/results/formal_autodl_v1/eegnet/sub-60/seed_1,True,52a3379b62ece4bcfe937c0a5cff7e92b6794aa0b5d488ae244e8761c1bb66d3,True,e6da35c8def9c9aa89f8789ec131566d5b173f7e2a689df8375e9672050bed06,True,5cd13ceba2692c5bff5d82ceb847a4ef95470afc8e826164f6ed7b9b12cf4d31,True,f4ec45520a9f04f451a5bcfca2cc3bbc521a2e33a8764fe56216cca09aa9162f,True,2004e9743835a4d6b462421304821db70fd0672b7d90a0bc39019b7cfa25027a,True,7b0c73ee5b31c26d27e7a80e64b2af5656830d5fa637f736d6b943fa81be5099,True,5c24f0b911e7d88be0517cf8c43f77f9506f5120840a291090a53f8c6c1aa71d,5,15,0.6908530345171661,0.40497512437810945,127
eegnet,sub-60,2,formal_results_v1/project/results/formal_autodl_v1/eegnet/sub-60/seed_2,True,a44aa06d8d1ad192e12b0fa07149a827ffa7aebdca4846791cef163939f1aa13,True,e6da35c8def9c9aa89f8789ec131566d5b173f7e2a689df8375e9672050bed06,True,2a3dc2fd8aa917e2775ca25a88537fd59b9fab77269cea1d31b79832a1a71821,True,a5c8adfe8dc1aa2236d3f842b14275a0d5b2049166bb6f1b7d525626cc8df0be,True,60ee2fae18fa129adca86eb1726eeab229ceba909fb1a9129deb0e3c7e95b16b,True,7b0c73ee5b31c26d27e7a80e64b2af5656830d5fa637f736d6b943fa81be5099,True,5c24f0b911e7d88be0517cf8c43f77f9506f5120840a291090a53f8c6c1aa71d,3,13,0.6338265803003195,0.47475124378109457,127
eegnet,sub-61,0,formal_results_v1/project/results/formal_autodl_v1/eegnet/sub-61/seed_0,True,71a1c4f26bdaf42b18a2dbed466c6b2adc83ba5f246b69c9d3ef47f8f6962e4d,True,8e9fb65afeb3616d2d845a3305f41bdb9ab894c0eba6c2d0163b8ed19a32bd31,True,ca3f8973e5bf4999082e7279f61bb9f2c2b0e2c0771ec5409d150999d72f59da,True,fe0804566a196a4418298a612e4b6058c19f5c568fa71a982668ede6eca7eb6b,True,26a62bcfce376857b6845c77f1611d3f50b9b224051e40fcf922f3097f38f12e,True,7b0c73ee5b31c26d27e7a80e64b2af5656830d5fa637f736d6b943fa81be5099,True,f38842a633b0611aa123f688b73ec43a659bc3276e87bba2a5cbf94285f29d90,9,19,0.6554696401271757,0.6081081081081081,148
eegnet,sub-61,1,formal_results_v1/project/results/formal_autodl_v1/eegnet/sub-61/seed_1,True,d4086020faab6c5a854ca5ac002ef2f372de4ca53f6c8d3c8a408b2cebd9adbd,True,8e9fb65afeb3616d2d845a3305f41bdb9ab894c0eba6c2d0163b8ed19a32bd31,True,bb8292d4e451311591cfccf2af9f2d9d2f9be880309c880ec9245a241a6a0946,True,b075bc90718df5c37e4082c803eb047b151fe168d0f05f6e139775dd764b93b2,True,1925ab88580ef450ef0f344f045264cd9d01307a08bdfd1317ea7a2534b721a0,True,7b0c73ee5b31c26d27e7a80e64b2af5656830d5fa637f736d6b943fa81be5099,True,f38842a633b0611aa123f688b73ec43a659bc3276e87bba2a5cbf94285f29d90,2,12,0.6928156563768998,0.6351351351351351,148
eegnet,sub-61,2,formal_results_v1/project/results/formal_autodl_v1/eegnet/sub-61/seed_2,True,af34021271e55513652f72dad0957fc570106c121d2040e9ee1649638afc8341,True,8e9fb65afeb3616d2d845a3305f41bdb9ab894c0eba6c2d0163b8ed19a32bd31,True,c619aded367e372f99118cc908f39f4af79cd9ae0fcb8ade091a01ed9c8c0dc9,True,10f0172046fcb854252f65d289af4405cac63fa479e97ef967ba26cf64101c92,True,35b7c3cfc38a2735b2926053e0c496762f32751f5df78cafaf46eea381d394b9,True,7b0c73ee5b31c26d27e7a80e64b2af5656830d5fa637f736d6b943fa81be5099,True,f38842a633b0611aa123f688b73ec43a659bc3276e87bba2a5cbf94285f29d90,6,16,0.6573877083427273,0.5202702702702703,148
eegnet,sub-62,0,formal_results_v1/project/results/formal_autodl_v1/eegnet/sub-62/seed_0,True,97294ee41d067422d1957130925d5aef53c70e61db8b10c0f3b58f4fb6dec5dc,True,ac6d8d89ec0cbfe5e0b2d60add9d2d706a9777dce8033d31b42f09610de509a2,True,fdbbc239e557477ac82600d248d57f27ab7b4d6893cf9dc778d3d2094d103cb1,True,b27860ffb3ac5d43f0f3400647fcf8a2b232b76e016ce8281972e2bf8c7402aa,True,bc369c335b53fa97aeb02a3c58d5a8b6b5ae4d7243dc63e00e823503eb9cbaa0,True,7b0c73ee5b31c26d27e7a80e64b2af5656830d5fa637f736d6b943fa81be5099,True,0135de17247c00dd267cf1470968836673ae97ce379fcf906db6b4686dee95f5,1,11,0.5871333324866729,0.6110755441741358,137
eegnet,sub-62,1,formal_results_v1/project/results/formal_autodl_v1/eegnet/sub-62/seed_1,True,dad252acd39dcdfcc013345d84408a26cd2746d4430ec9e0e2e4419d289ce1b9,True,ac6d8d89ec0cbfe5e0b2d60add9d2d706a9777dce8033d31b42f09610de509a2,True,d5efd8ea511f762287920b265fd5e69c7a642fcd2c6d3aca443eeeb3c7d89825,True,0f66b44f2474430d347a58217eb220062879eadf2044ba96526a695d23cee4e6,True,212907c61cadca885742978743c725c2160b6b34cac0c1ff5f3fcd3040663909,True,7b0c73ee5b31c26d27e7a80e64b2af5656830d5fa637f736d6b943fa81be5099,True,0135de17247c00dd267cf1470968836673ae97ce379fcf906db6b4686dee95f5,2,12,0.590097050154647,0.6333760136577038,137
eegnet,sub-62,2,formal_results_v1/project/results/formal_autodl_v1/eegnet/sub-62/seed_2,True,e22c16343fe116343c8c43c03a8fb6483c99e11c9446bf2ea5adb416946df6e1,True,ac6d8d89ec0cbfe5e0b2d60add9d2d706a9777dce8033d31b42f09610de509a2,True,20fd48e5f5eba505e412694e094b6aba22dea9942eba8190fc7ea9363060c2b6,True,3a30105491d513754a41899bedca6c7e5303d7d7e2c79d9f40b3e98e450076a7,True,4c8ede7ccc9e943a0712853a83399d0c42fee6fc555825e0cf9227a8107264f2,True,7b0c73ee5b31c26d27e7a80e64b2af5656830d5fa637f736d6b943fa81be5099,True,0135de17247c00dd267cf1470968836673ae97ce379fcf906db6b4686dee95f5,5,15,0.605553450450122,0.720550576184379,137
eegnet,sub-63,0,formal_results_v1/project/results/formal_autodl_v1/eegnet/sub-63/seed_0,True,178244dbbf776d0938e6212e2ff80cf4c7afb65cecc63d2acfb4d8396c94cbf1,True,091953d8c1c7fe0d315584cd10f3df71c070e2e9858e5e0397d3d6b1e1621dc5,True,e1ff057e33ba0315cd1803551bc28e0e44f5588f6da469a73202ae616678780f,True,ffda023847b555104568eec2a490afec4ef4d3a3ed992c71c93365ff045c5ec8,True,62e49fb573d3555dd27eadcff89073ea33966fbd695852ef0cb8697a730fb7b6,True,7b0c73ee5b31c26d27e7a80e64b2af5656830d5fa637f736d6b943fa81be5099,True,95ca909f6d9ea17ed6695ea2536d0529b1af8b927811b4a2f5373d159594affb,10,20,0.7285630264759962,0.3123083214066653,140
eegnet,sub-63,1,formal_results_v1/project/results/formal_autodl_v1/eegnet/sub-63/seed_1,True,3f34625de9ce38ab726b96178c62a3c4721417e54014fe8022c2124296854dda,True,091953d8c1c7fe0d315584cd10f3df71c070e2e9858e5e0397d3d6b1e1621dc5,True,e0f24007eda1b8481707520d311838f6ffc0187129db5f3d25cb318eb0bc9cca,True,8c904c3e6175b38f7d94888133c78c8c123e074463f3da6fe41c3821ce86375e,True,74f1fefe9b686921e026fe20f7cd66a9e60a55bae9cfdfebafbb98982cea6f75,True,7b0c73ee5b31c26d27e7a80e64b2af5656830d5fa637f736d6b943fa81be5099,True,95ca909f6d9ea17ed6695ea2536d0529b1af8b927811b4a2f5373d159594affb,11,21,0.7143098700290645,0.520139030873032,140
eegnet,sub-63,2,formal_results_v1/project/results/formal_autodl_v1/eegnet/sub-63/seed_2,True,e910ed1e4a0f7075e746725f22f085f6832664883df2302d05e2c5490b950d8c,True,091953d8c1c7fe0d315584cd10f3df71c070e2e9858e5e0397d3d6b1e1621dc5,True,a9bdc0e3f13e9235796f0b398d64ff9e60f7316f6c3da549c389969755ebd437,True,38e5fee3b87a19a2aa961293354d599b7a838cb56e07e56c30ec419b592f0c52,True,035e48b9b211b24e4f119ba9bd49bfee18a46250965e04ef2e87b9b7429a0122,True,7b0c73ee5b31c26d27e7a80e64b2af5656830d5fa637f736d6b943fa81be5099,True,95ca909f6d9ea17ed6695ea2536d0529b1af8b927811b4a2f5373d159594affb,14,24,0.7389991911411504,0.48855039869147415,140
eegnet,sub-64,0,formal_results_v1/project/results/formal_autodl_v1/eegnet/sub-64/seed_0,True,b2fda9a32ef86bf390a92bb89f36c3e7caec4e77a1c1a563169d9ee36f6e57f0,True,4ada1c670c6fc58a6f2794a82b2bd764c777c240f292991baa78c05b30598d62,True,e4495f148adca3cb61e0aa6196879c980117007e69cae7f654b8ef290eb09f8a,True,d9694e9dda4e4bb0e11b60859a606aa319358f65165c23e9e9552d3dd5fee945,True,67dafe68ba3381ca09e1036fdbf6196274bb7e54b3d6f2ba01cd3a01d7f46c02,True,7b0c73ee5b31c26d27e7a80e64b2af5656830d5fa637f736d6b943fa81be5099,True,275582a0c7334028c8dff18385c378bd1ef44490f4457fb91069fd3374c9f7c8,9,19,0.6297122675103737,0.655175983436853,139
eegnet,sub-64,1,formal_results_v1/project/results/formal_autodl_v1/eegnet/sub-64/seed_1,True,43e54af50ae4cfcb20410de008f5403dd5802f0fecb46a41f1953328bee3b50d,True,4ada1c670c6fc58a6f2794a82b2bd764c777c240f292991baa78c05b30598d62,True,4530449f6b4130080e7193aaef6a2eed1f6ef0fc232cd4081280fadb85d83fe2,True,321b73243f2486194ab08b5afe22be107cd2130f4ffa1c1aaaa2f81f22059493,True,3da1b9264b9026bb95e120bfea796e837fcf29f936a163a0b206ae12b559880d,True,7b0c73ee5b31c26d27e7a80e64b2af5656830d5fa637f736d6b943fa81be5099,True,275582a0c7334028c8dff18385c378bd1ef44490f4457fb91069fd3374c9f7c8,7,17,0.6120964279995578,0.5265010351966875,139
eegnet,sub-64,2,formal_results_v1/project/results/formal_autodl_v1/eegnet/sub-64/seed_2,True,aa013cdd2b223f599d2f36c119d7ce50edf6d9da6e6c9f60f8dbdafdd32cb4bf,True,4ada1c670c6fc58a6f2794a82b2bd764c777c240f292991baa78c05b30598d62,True,b05c6f69cbad0e7854532dd5ffeb140fad179e9bc77866d0e44b6c18de8bbf00,True,2fecff9c367ea58a4d9fe0d353f202e39dc69b1e2a451b6ddc1decb11afea8f5,True,067fd24208443b20918138aa3f25894f9f70175809ebd820c045b5a64fba9d0c,True,7b0c73ee5b31c26d27e7a80e64b2af5656830d5fa637f736d6b943fa81be5099,True,275582a0c7334028c8dff18385c378bd1ef44490f4457fb91069fd3374c9f7c8,7,17,0.6192346181444977,0.39803312629399584,139
eegnet,sub-65,0,formal_results_v1/project/results/formal_autodl_v1/eegnet/sub-65/seed_0,True,4420b0b33120e19d50129737d1b22f7a777c0ce339f210d69bea7940c8eaf219,True,8bef52a3aa268c3d72191b52c7d465eea2f1aac25b08cdf17af26cdbc7c4fce7,True,031a9ebb3fdfe6f2a1592356961dbd045ade86141f64f71e67d263e3951143d3,True,eac8b1e91f4fb371b1dbb0181f9a6ba813309bf004a6688b69566ce902bed9eb,True,8730aa56af491b8156026d4dadd5c4b0b189831924d104e8a4b842c34c39b13b,True,7b0c73ee5b31c26d27e7a80e64b2af5656830d5fa637f736d6b943fa81be5099,True,376d486603166edcb06d6acdf98759ace283b8c788f463d15d7b0c13471a5122,5,15,0.6067817407397401,0.5264127764127764,129
eegnet,sub-65,1,formal_results_v1/project/results/formal_autodl_v1/eegnet/sub-65/seed_1,True,1c360a8abd272f45750efdfab5e68dd748721b2023de0f9cb7a8d2f4408f648d,True,8bef52a3aa268c3d72191b52c7d465eea2f1aac25b08cdf17af26cdbc7c4fce7,True,3fee221d570a868e99b1e97637ea39f311e95b5b8587b16d31cb9d1b45c61631,True,c204451d59cf7c06f4639ffabc66f0dd5c9f8cda22a83b198450f501aec1730a,True,6c1c3ebdd91130b3fbf995c237e6a1bc0d346363160562edce0684216c9708f5,True,7b0c73ee5b31c26d27e7a80e64b2af5656830d5fa637f736d6b943fa81be5099,True,376d486603166edcb06d6acdf98759ace283b8c788f463d15d7b0c13471a5122,4,14,0.6065768726495958,0.4742014742014742,129
eegnet,sub-65,2,formal_results_v1/project/results/formal_autodl_v1/eegnet/sub-65/seed_2,True,0d1c15f2f6487a4752612eff50059e4b0f2d8af37f2a4b5beca5c5652a050990,True,8bef52a3aa268c3d72191b52c7d465eea2f1aac25b08cdf17af26cdbc7c4fce7,True,6ff60b16af3043e5f14526b11936c68d5f4d7a42dc005d9e30cd2a4b7a3082e3,True,e2a096d8784884992fe523ec1a87af99a062bb969498ac71378d39f7565ba2e0,True,0a23f8e3491580908f0180a4152f08c1cba850ccb698512a4bac9f732f21aa5d,True,7b0c73ee5b31c26d27e7a80e64b2af5656830d5fa637f736d6b943fa81be5099,True,376d486603166edcb06d6acdf98759ace283b8c788f463d15d7b0c13471a5122,8,18,0.5855215885365206,0.5617936117936118,129
eegnet,sub-66,0,formal_results_v1/project/results/formal_autodl_v1/eegnet/sub-66/seed_0,True,f3be3aec93a37b0db735a54c462518ec9d18e582a8b4a9c8615b849a906d1459,True,fc7f8565d35c286f5266badb2b5e770982b280c47e74759bc4ec630614512cb2,True,1ff423cb7c5639b996ff04882550ee7c4f55a578d93a55b9244927005aef5dc9,True,8c161ba5dcd69c8f06d943144d1e86ad029a6e24571f607ed3cd222f72c9fb78,True,d64c8c6161406d8df56840ac8c422b76a44de16e1cca3b84deb30bfddf6a6d61,True,7b0c73ee5b31c26d27e7a80e64b2af5656830d5fa637f736d6b943fa81be5099,True,a5690c130704a7c66ff376c06c0aaca907c96a0a09650243729b0b1dab7aa15a,11,21,0.6033351155492129,0.6911928651059086,134
eegnet,sub-66,1,formal_results_v1/project/results/formal_autodl_v1/eegnet/sub-66/seed_1,True,baa3c5682d697f4e1ccc6d4983251ed7ce93c7bfae1d7b7bc7ad62d8b8c43b21,True,fc7f8565d35c286f5266badb2b5e770982b280c47e74759bc4ec630614512cb2,True,ebfc0d696978f936a27948e8529bbbd3f43ab6d3630c2b63143704c4d61b7ff4,True,58e64898dce769d0c92854ababcfed15fd637973fbcee321166625d440695dc1,True,745a7fe0895006fc4a4ccee976bfce377b0109b43d0e8fa67f920daeaebfcd00,True,7b0c73ee5b31c26d27e7a80e64b2af5656830d5fa637f736d6b943fa81be5099,True,a5690c130704a7c66ff376c06c0aaca907c96a0a09650243729b0b1dab7aa15a,2,12,0.5810722313297002,0.5930880713489409,134
eegnet,sub-66,2,formal_results_v1/project/results/formal_autodl_v1/eegnet/sub-66/seed_2,True,5fb974f9676956cab3f8385608515cc5ced0e7811728a6681b89fe7318587770,True,fc7f8565d35c286f5266badb2b5e770982b280c47e74759bc4ec630614512cb2,True,69e28daf2ceb71943783ba3589a4bdfb92c95b771bd548c79974d08864c24672,True,e13aa2a44dde69de3b3e8d2303756641751526bec5a8383c8d470e47ad04860e,True,c2113aee6e99570ebbaefb94afbb4d3644f3f78877b1ef364c804894ff8b41da,True,7b0c73ee5b31c26d27e7a80e64b2af5656830d5fa637f736d6b943fa81be5099,True,a5690c130704a7c66ff376c06c0aaca907c96a0a09650243729b0b1dab7aa15a,1,11,0.5748003343008883,0.5768115942028986,134
eegnet,sub-67,0,formal_results_v1/project/results/formal_autodl_v1/eegnet/sub-67/seed_0,True,128ed192d828d2474cba387d27d95a9618c7f44a6e59c9bfe0d8d5ca1b9ea0a2,True,dcf163714487afb5fa12e662983f9e3e132f32dc9042a4339b6afec9ad293b00,True,bccd02758d404f47da50d2111917422b042bae3d8aac6af3d935d0fb2f0f0707,True,c6d3f68bd1df7f2ab9eefcf5f3da02b657d8dc3efa63483587af39275cc65fd3,True,2d59990dc532679437da459f0758ae6c72ad7516caac8d0df960e7ddda11f0bf,True,7b0c73ee5b31c26d27e7a80e64b2af5656830d5fa637f736d6b943fa81be5099,True,2c12fb8efaa7185483b5108166e4b25948426f2c9ddfdb22437aabe54ab2d026,6,16,0.6692403475541738,0.2847222222222222,146
eegnet,sub-67,1,formal_results_v1/project/results/formal_autodl_v1/eegnet/sub-67/seed_1,True,a82d8e9cf3edac907b2fb2064466fc60fd6bfb10f12aae11eb81e01d68d79fd5,True,dcf163714487afb5fa12e662983f9e3e132f32dc9042a4339b6afec9ad293b00,True,dd43ee683eeb51cf7e406ab9ca2a5185355e03594b73f690426f509fd7fbde0c,True,24c4f59f40b7e224961878c7293e1d6fce217bbab4a31a0526a4ec97647583ca,True,cea92b8413467662f51eb970323bdd2f88c8ee821d2bd787c307efe313fbcf3b,True,7b0c73ee5b31c26d27e7a80e64b2af5656830d5fa637f736d6b943fa81be5099,True,2c12fb8efaa7185483b5108166e4b25948426f2c9ddfdb22437aabe54ab2d026,7,17,0.6950121161577335,0.18055555555555555,146
eegnet,sub-67,2,formal_results_v1/project/results/formal_autodl_v1/eegnet/sub-67/seed_2,True,881deef41135181eccc27311349edb1b346438597e341518f73faae52d968ac3,True,dcf163714487afb5fa12e662983f9e3e132f32dc9042a4339b6afec9ad293b00,True,94ba3c025a4913055b7d1ea0781ca8ecdd3eec513f3ed99116916db6ea4470e0,True,63f69f125d81d24a55d4cd0ddb93cc4be5db536320748a64254b1c1b6aa26806,True,7cf20207304dddf812f7e39dc907ea48c603f51bada1fbcbf363779d85477b06,True,7b0c73ee5b31c26d27e7a80e64b2af5656830d5fa637f736d6b943fa81be5099,True,2c12fb8efaa7185483b5108166e4b25948426f2c9ddfdb22437aabe54ab2d026,4,14,0.6429172974878051,0.24305555555555555,146
eegnet,sub-68,0,formal_results_v1/project/results/formal_autodl_v1/eegnet/sub-68/seed_0,True,f44395f660ca040fb268f07949f044871c988c3725503ba6e7925a5315a9fc32,True,2eba9edd263ac6f1c00e90de76a70e6afcf98e596140ded9cb796df0f1281ae6,True,036eae089a4e23e26a7c5e43f2d865c15560a59d479b6d43f059364530ee8f20,True,db5890db92f917c1fb35d70c3c911c9550d6b3729f5d58e2a509a3dab1e66cac,True,fdbd1e315c5cf012391c9c863085da901f44e840d559a5e45677d1c90de87c1b,True,7b0c73ee5b31c26d27e7a80e64b2af5656830d5fa637f736d6b943fa81be5099,True,ea77eb509371fb22381b43856824b6664293d7d8b325ad74024d099b27d61dcf,7,17,0.6482086916125384,0.4657534246575342,146
eegnet,sub-68,1,formal_results_v1/project/results/formal_autodl_v1/eegnet/sub-68/seed_1,True,05e8e33540892416a7ce2e8769d35b6a521a345e42368bb20bb606aeaf833635,True,2eba9edd263ac6f1c00e90de76a70e6afcf98e596140ded9cb796df0f1281ae6,True,3e2d5a955aa17af2dd090c070491182b91ab6c753ec4a7524b41edce85d09da7,True,6cb98a50b6ee964f94901ce879f2517dccaaf8438317c82ecd9396b876ad1036,True,4f856fa8015ee5252792cf2b7a869931839854541a4f124d79d61cd79be23ad0,True,7b0c73ee5b31c26d27e7a80e64b2af5656830d5fa637f736d6b943fa81be5099,True,ea77eb509371fb22381b43856824b6664293d7d8b325ad74024d099b27d61dcf,7,17,0.6542010016046778,0.4794520547945206,146
eegnet,sub-68,2,formal_results_v1/project/results/formal_autodl_v1/eegnet/sub-68/seed_2,True,34da7d89220f1c09d34fa611604b3bcc3f8eed90dc029443227223cf45a3bc12,True,2eba9edd263ac6f1c00e90de76a70e6afcf98e596140ded9cb796df0f1281ae6,True,ea76581f8b3b71dc9500b25b2c17b28cff7559465a70b8ffa362f4872522a709,True,feefddea2129e52b2c87d15171ecbbd861e2203bfaf96c3cca6953045f989d3f,True,cbfe378f40b3e94db3db262303c946b04ddf6e9189cea87e2085e4ac626ea842,True,7b0c73ee5b31c26d27e7a80e64b2af5656830d5fa637f736d6b943fa81be5099,True,ea77eb509371fb22381b43856824b6664293d7d8b325ad74024d099b27d61dcf,6,16,0.6527082724516172,0.4452054794520548,146
eegnet,sub-69,0,formal_results_v1/project/results/formal_autodl_v1/eegnet/sub-69/seed_0,True,fa13f1cf3f28f69c00c084daa705918d746ae09e5d437a7578fade4c555778a3,True,b17d0c3f66e7bcab1881762d141560fb9fbc5611b8673dcd3741df2ed1613ae3,True,21e02c60693981ed9c858c6d838ba868dae82198e1b777a19e0c26bd64c3bc35,True,5bb42c3b1083b35ee92ac7983d19b97550a0ba7ae24a6fd9edbb4afdc8617966,True,2b654f817369cf59c63f10b6d8a8bc8a50897b4e556182590e0d0d826cdae4fd,True,7b0c73ee5b31c26d27e7a80e64b2af5656830d5fa637f736d6b943fa81be5099,True,5a189e09b39f662b7cca01a672fd1522cd467731af60d6dce7435c5e292d82ee,7,17,0.6301143604329286,0.760371819960861,143
eegnet,sub-69,1,formal_results_v1/project/results/formal_autodl_v1/eegnet/sub-69/seed_1,True,dceb0bdf984f2af5957ad1b93b5411625700acf11ae43f97508dda4aed798969,True,b17d0c3f66e7bcab1881762d141560fb9fbc5611b8673dcd3741df2ed1613ae3,True,444d6da56777a3a9bbe01c2c03f6308c902a153a8b82494bb2ad71b9fd4bafba,True,928c21e9b337c9d06545f798323a79b1399cf8568c94921ab4ab3ca60645c216,True,a9fdac8ffcd891f833d6eb5e2857147edcd744cc347406f0a834f72e7c95b44a,True,7b0c73ee5b31c26d27e7a80e64b2af5656830d5fa637f736d6b943fa81be5099,True,5a189e09b39f662b7cca01a672fd1522cd467731af60d6dce7435c5e292d82ee,5,15,0.5960182020774251,0.7719178082191781,143
eegnet,sub-69,2,formal_results_v1/project/results/formal_autodl_v1/eegnet/sub-69/seed_2,True,676c7bd8b6c040471587b364b88e0310bff67bdeb1f5e2143a234c7937f61f6c,True,b17d0c3f66e7bcab1881762d141560fb9fbc5611b8673dcd3741df2ed1613ae3,True,4fc53bca8cf65d209af81c9426793e63cde0bd707e27e59b6b467f04a1c00096,True,3f73ea5a3d925dd020f71edf5212cede22435d5f4b29d90e0de3ea3f3c27547e,True,5ac1a0b6aa5e0ddc9ce8b73365ea7064e52c708b81b1ede592155fe81a8ee81a,True,7b0c73ee5b31c26d27e7a80e64b2af5656830d5fa637f736d6b943fa81be5099,True,5a189e09b39f662b7cca01a672fd1522cd467731af60d6dce7435c5e292d82ee,13,23,0.6021089976985269,0.8460861056751467,143
eegnet,sub-70,0,formal_results_v1/project/results/formal_autodl_v1/eegnet/sub-70/seed_0,True,bc68ccf2e68baf30fd6ade15dd46ecb4c74ac5fac3f7abf389e91d1bb53b78dc,True,1e1ae780144079bc31f218550ac6d62d4d3b71290343d890dda5e3493687e2c3,True,100b8b1850a83f92b9a66a3f7b724b123df0f373b6b44d911989d85a4ff04cd3,True,c1e77021d25fe03076cf52b3f23f0f1699c0a439b1d905ee45ce5f7e167fa2de,True,2aa76abb87599d4126a544df4804111f24f0b217e3650cf382e0742ceb104a17,True,7b0c73ee5b31c26d27e7a80e64b2af5656830d5fa637f736d6b943fa81be5099,True,0462902361dbf31887d3cd8e275fea40746e7215bbfb0eed62e06ef925621931,1,11,0.5937082179164042,0.7768115942028986,139
eegnet,sub-70,1,formal_results_v1/project/results/formal_autodl_v1/eegnet/sub-70/seed_1,True,ea3a6f11b88f9c609f6ae0e63d395ade54f20edfa6d55a2d77494485349c4320,True,1e1ae780144079bc31f218550ac6d62d4d3b71290343d890dda5e3493687e2c3,True,cae02450fe8cef27e96f06ed4ccfa144c4f84a552d7afb7cec0e1d7180f0abc6,True,c9abdf17905104b76889514b03588b6b68b6b8d3f37a80f974912304f45af223,True,6b946630b3acd9eab5760123ad475ccd4bead7d120c575f6ded8ddae8e5c3367,True,7b0c73ee5b31c26d27e7a80e64b2af5656830d5fa637f736d6b943fa81be5099,True,0462902361dbf31887d3cd8e275fea40746e7215bbfb0eed62e06ef925621931,3,13,0.6019451875749865,0.8337474120082815,139
eegnet,sub-70,2,formal_results_v1/project/results/formal_autodl_v1/eegnet/sub-70/seed_2,True,2e38093066db187fb1d0a4aca3cfee75a7bedbf89f7b680bc46e87c03d4492c4,True,1e1ae780144079bc31f218550ac6d62d4d3b71290343d890dda5e3493687e2c3,True,7af5c2067afbc723fa4f7818e06ac68293bab16c926c786c97045722fd5d8fc0,True,62b8c8ca612939f968befa96595d5ff2f3a1a8a85131d62973bd1025873007b4,True,1c715ede1766cf40958216fe4088bd56e107bb8a9fc6bdeb9c07b57ee64ec0b7,True,7b0c73ee5b31c26d27e7a80e64b2af5656830d5fa637f736d6b943fa81be5099,True,0462902361dbf31887d3cd8e275fea40746e7215bbfb0eed62e06ef925621931,1,11,0.5998333100150653,0.841304347826087,139
eegnet,sub-71,0,formal_results_v1/project/results/formal_autodl_v1/eegnet/sub-71/seed_0,True,3df3f839a02c8a9c257084738b9c1271499f79643f589642dda7698a6a445ac1,True,1b9c7c2679821efa2979405fb380b9882cf9fbad8431575767726ead404232fd,True,d6b277a2a7743a38237a6976130b154ec341e7a43e68b85a76e52a3f360197d4,True,72c9e255a60a0be1a38c1e88a8280b2417ed41c5e696c2e0d50c00dcddeffaf8,True,d516ea279cc18e9b80eecce6fce4f886382f9dc150a4a8d4365bbe9b89972f88,True,7b0c73ee5b31c26d27e7a80e64b2af5656830d5fa637f736d6b943fa81be5099,True,8abae73a2bf363ea60a24300b9265e578f842c8de699eaab6154d4cdb4ad29d3,6,16,0.6461246489285737,0.6111111111111112,142
eegnet,sub-71,1,formal_results_v1/project/results/formal_autodl_v1/eegnet/sub-71/seed_1,True,b467ed8950577c46152a5b7a2bedde8f540eea823047521860a213ab07ef3d46,True,1b9c7c2679821efa2979405fb380b9882cf9fbad8431575767726ead404232fd,True,a64a4c64cc7af4a08b0745d3c45cb05f63ed0e366a22b7c3334d20fd6dbc5350,True,dd4c638225d81b6095b33eaf6099b8206011dc165f7184394d63b722d97ce18d,True,da7f94d1c31600c4ce4e4ae8199d4dd8fd3ba52ea37dc4c6f7f48cf3894a63c3,True,7b0c73ee5b31c26d27e7a80e64b2af5656830d5fa637f736d6b943fa81be5099,True,8abae73a2bf363ea60a24300b9265e578f842c8de699eaab6154d4cdb4ad29d3,1,11,0.6322180956831288,0.881547619047619,142
eegnet,sub-71,2,formal_results_v1/project/results/formal_autodl_v1/eegnet/sub-71/seed_2,True,77708ab066c5050d3f58a1543b481cdda82a98c7a1d52168518c4cd680248b26,True,1b9c7c2679821efa2979405fb380b9882cf9fbad8431575767726ead404232fd,True,9c9ba28e745c88e978701a47b2a5b9b8e50d24db564553bef25fc7eaae1e61ee,True,ec499febbc0e1b2d4d832b13805f79622a003dbc244ca78d8ee02bc348219dfd,True,8ddab3a676deec50ee5bc7006af343d247950198d3b80a14cc83725fa46ecc12,True,7b0c73ee5b31c26d27e7a80e64b2af5656830d5fa637f736d6b943fa81be5099,True,8abae73a2bf363ea60a24300b9265e578f842c8de699eaab6154d4cdb4ad29d3,4,14,0.6608076630531281,0.7708333333333333,142
