subject,file_name,epoch_index,global_epoch_index,batch_file
sub-01,sub-01_ses-1.set,0,0,batch_0000.npy
sub-01,sub-01_ses-1.set,1,1,batch_0000.npy
sub-01,sub-01_ses-1.set,2,2,batch_0000.npy
sub-01,sub-01_ses-1.set,3,3,batch_0000.npy
sub-01,sub-01_ses-1.set,4,4,batch_0000.npy
sub-01,sub-01_ses-1.set,5,5,batch_0000.npy
sub-01,sub-01_ses-1.set,6,6,batch_0000.npy
sub-01,sub-01_ses-1.set,7,7,batch_0000.npy
sub-01,sub-01_ses-1.set,8,8,batch_0000.npy
sub-01,sub-01_ses-1.set,9,9,batch_0000.npy
sub-01,sub-01_ses-1.set,10,10,batch_0000.npy
sub-01,sub-01_ses-1.set,11,11,batch_0000.npy
sub-01,sub-01_ses-1.set,12,12,batch_0000.npy
sub-01,sub-01_ses-1.set,13,13,batch_0000.npy
sub-01,sub-01_ses-1.set,14,14,batch_0000.npy
sub-01,sub-01_ses-1.set,15,15,batch_0000.npy
sub-01,sub-01_ses-1.set,16,16,batch_0000.npy
sub-01,sub-01_ses-1.set,17,17,batch_0000.npy
sub-01,sub-01_ses-1.set,18,18,batch_0000.npy
sub-01,sub-01_ses-1.set,19,19,batch_0000.npy
sub-01,sub-01_ses-1.set,20,20,batch_0000.npy
sub-01,sub-01_ses-1.set,21,21,batch_0000.npy
sub-01,sub-01_ses-1.set,22,22,batch_0000.npy
sub-01,sub-01_ses-1.set,23,23,batch_0000.npy
sub-01,sub-01_ses-1.set,24,24,batch_0000.npy
sub-01,sub-01_ses-1.set,25,25,batch_0000.npy
sub-01,sub-01_ses-1.set,26,26,batch_0000.npy
sub-01,sub-01_ses-1.set,27,27,batch_0000.npy
sub-01,sub-01_ses-1.set,28,28,batch_0000.npy
sub-01,sub-01_ses-1.set,29,29,batch_0000.npy
sub-01,sub-01_ses-1.set,30,30,batch_0000.npy
sub-01,sub-01_ses-1.set,31,31,batch_0000.npy
sub-01,sub-01_ses-1.set,32,32,batch_0000.npy
sub-01,sub-01_ses-1.set,33,33,batch_0000.npy
sub-01,sub-01_ses-1.set,34,34,batch_0000.npy
sub-01,sub-01_ses-1.set,35,35,batch_0000.npy
sub-01,sub-01_ses-1.set,36,36,batch_0000.npy
sub-01,sub-01_ses-1.set,37,37,batch_0000.npy
sub-01,sub-01_ses-1.set,38,38,batch_0000.npy
sub-01,sub-01_ses-1.set,39,39,batch_0000.npy
sub-01,sub-01_ses-1.set,40,40,batch_0000.npy
sub-01,sub-01_ses-1.set,41,41,batch_0000.npy
sub-01,sub-01_ses-1.set,42,42,batch_0000.npy
sub-01,sub-01_ses-1.set,43,43,batch_0000.npy
sub-01,sub-01_ses-1.set,44,44,batch_0000.npy
sub-01,sub-01_ses-1.set,45,45,batch_0000.npy
sub-01,sub-01_ses-1.set,46,46,batch_0000.npy
sub-01,sub-01_ses-1.set,47,47,batch_0000.npy
sub-01,sub-01_ses-1.set,48,48,batch_0000.npy
sub-01,sub-01_ses-1.set,49,49,batch_0000.npy
sub-01,sub-01_ses-1.set,50,50,batch_0000.npy
sub-01,sub-01_ses-1.set,51,51,batch_0000.npy
sub-01,sub-01_ses-1.set,52,52,batch_0000.npy
sub-01,sub-01_ses-1.set,53,53,batch_0000.npy
sub-01,sub-01_ses-1.set,54,54,batch_0000.npy
sub-01,sub-01_ses-1.set,55,55,batch_0000.npy
sub-01,sub-01_ses-1.set,56,56,batch_0000.npy
sub-01,sub-01_ses-1.set,57,57,batch_0000.npy
sub-01,sub-01_ses-1.set,58,58,batch_0000.npy
sub-01,sub-01_ses-1.set,59,59,batch_0000.npy
sub-01,sub-01_ses-1.set,60,60,batch_0000.npy
sub-01,sub-01_ses-1.set,61,61,batch_0000.npy
sub-01,sub-01_ses-1.set,62,62,batch_0000.npy
sub-01,sub-01_ses-1.set,63,63,batch_0000.npy
sub-01,sub-01_ses-1.set,64,64,batch_0000.npy
sub-01,sub-01_ses-1.set,65,65,batch_0000.npy
sub-01,sub-01_ses-1.set,66,66,batch_0000.npy
sub-01,sub-01_ses-1.set,67,67,batch_0000.npy
sub-01,sub-01_ses-1.set,68,68,batch_0000.npy
sub-02,sub-02_ses-1.set,0,69,batch_0001.npy
sub-02,sub-02_ses-1.set,1,70,batch_0001.npy
sub-02,sub-02_ses-1.set,2,71,batch_0001.npy
sub-02,sub-02_ses-1.set,3,72,batch_0001.npy
sub-02,sub-02_ses-1.set,4,73,batch_0001.npy
sub-02,sub-02_ses-1.set,5,74,batch_0001.npy
sub-02,sub-02_ses-1.set,6,75,batch_0001.npy
sub-02,sub-02_ses-1.set,7,76,batch_0001.npy
sub-02,sub-02_ses-1.set,8,77,batch_0001.npy
sub-02,sub-02_ses-1.set,9,78,batch_0001.npy
sub-02,sub-02_ses-1.set,10,79,batch_0001.npy
sub-02,sub-02_ses-1.set,11,80,batch_0001.npy
sub-02,sub-02_ses-1.set,12,81,batch_0001.npy
sub-02,sub-02_ses-1.set,13,82,batch_0001.npy
sub-02,sub-02_ses-1.set,14,83,batch_0001.npy
sub-02,sub-02_ses-1.set,15,84,batch_0001.npy
sub-02,sub-02_ses-1.set,16,85,batch_0001.npy
sub-02,sub-02_ses-1.set,17,86,batch_0001.npy
sub-02,sub-02_ses-1.set,18,87,batch_0001.npy
sub-02,sub-02_ses-1.set,19,88,batch_0001.npy
sub-02,sub-02_ses-1.set,20,89,batch_0001.npy
sub-02,sub-02_ses-1.set,21,90,batch_0001.npy
sub-02,sub-02_ses-1.set,22,91,batch_0001.npy
sub-02,sub-02_ses-1.set,23,92,batch_0001.npy
sub-02,sub-02_ses-1.set,24,93,batch_0001.npy
sub-02,sub-02_ses-1.set,25,94,batch_0001.npy
sub-02,sub-02_ses-1.set,26,95,batch_0001.npy
sub-02,sub-02_ses-1.set,27,96,batch_0001.npy
sub-02,sub-02_ses-1.set,28,97,batch_0001.npy
sub-02,sub-02_ses-1.set,29,98,batch_0001.npy
sub-02,sub-02_ses-1.set,30,99,batch_0001.npy
sub-02,sub-02_ses-1.set,31,100,batch_0001.npy
sub-02,sub-02_ses-1.set,32,101,batch_0001.npy
sub-02,sub-02_ses-1.set,33,102,batch_0001.npy
sub-02,sub-02_ses-1.set,34,103,batch_0001.npy
sub-02,sub-02_ses-1.set,35,104,batch_0001.npy
sub-02,sub-02_ses-1.set,36,105,batch_0001.npy
sub-02,sub-02_ses-1.set,37,106,batch_0001.npy
sub-02,sub-02_ses-1.set,38,107,batch_0001.npy
sub-02,sub-02_ses-1.set,39,108,batch_0001.npy
sub-02,sub-02_ses-1.set,40,109,batch_0001.npy
sub-02,sub-02_ses-1.set,41,110,batch_0001.npy
sub-02,sub-02_ses-1.set,42,111,batch_0001.npy
sub-02,sub-02_ses-1.set,43,112,batch_0001.npy
sub-02,sub-02_ses-1.set,44,113,batch_0001.npy
sub-02,sub-02_ses-1.set,45,114,batch_0001.npy
sub-02,sub-02_ses-1.set,46,115,batch_0001.npy
sub-02,sub-02_ses-1.set,47,116,batch_0001.npy
sub-02,sub-02_ses-1.set,48,117,batch_0001.npy
sub-02,sub-02_ses-1.set,49,118,batch_0001.npy
sub-02,sub-02_ses-1.set,50,119,batch_0001.npy
sub-02,sub-02_ses-1.set,51,120,batch_0001.npy
sub-02,sub-02_ses-1.set,52,121,batch_0001.npy
sub-02,sub-02_ses-1.set,53,122,batch_0001.npy
sub-02,sub-02_ses-1.set,54,123,batch_0001.npy
sub-02,sub-02_ses-1.set,55,124,batch_0001.npy
sub-02,sub-02_ses-1.set,56,125,batch_0001.npy
sub-02,sub-02_ses-1.set,57,126,batch_0001.npy
sub-02,sub-02_ses-1.set,58,127,batch_0001.npy
sub-02,sub-02_ses-1.set,59,128,batch_0001.npy
sub-02,sub-02_ses-1.set,60,129,batch_0001.npy
sub-02,sub-02_ses-1.set,61,130,batch_0001.npy
sub-02,sub-02_ses-1.set,62,131,batch_0001.npy
sub-02,sub-02_ses-1.set,63,132,batch_0001.npy
sub-02,sub-02_ses-1.set,64,133,batch_0001.npy
sub-02,sub-02_ses-1.set,65,134,batch_0001.npy
sub-02,sub-02_ses-1.set,66,135,batch_0001.npy
sub-02,sub-02_ses-1.set,67,136,batch_0001.npy
sub-02,sub-02_ses-1.set,68,137,batch_0001.npy
sub-02,sub-02_ses-1.set,69,138,batch_0001.npy
sub-03,sub-03_ses-1.set,0,139,batch_0002.npy
sub-03,sub-03_ses-1.set,1,140,batch_0002.npy
sub-03,sub-03_ses-1.set,2,141,batch_0002.npy
sub-03,sub-03_ses-1.set,3,142,batch_0002.npy
sub-03,sub-03_ses-1.set,4,143,batch_0002.npy
sub-03,sub-03_ses-1.set,5,144,batch_0002.npy
sub-03,sub-03_ses-1.set,6,145,batch_0002.npy
sub-03,sub-03_ses-1.set,7,146,batch_0002.npy
sub-03,sub-03_ses-1.set,8,147,batch_0002.npy
sub-03,sub-03_ses-1.set,9,148,batch_0002.npy
sub-03,sub-03_ses-1.set,10,149,batch_0002.npy
sub-03,sub-03_ses-1.set,11,150,batch_0002.npy
sub-03,sub-03_ses-1.set,12,151,batch_0002.npy
sub-03,sub-03_ses-1.set,13,152,batch_0002.npy
sub-03,sub-03_ses-1.set,14,153,batch_0002.npy
sub-03,sub-03_ses-1.set,15,154,batch_0002.npy
sub-03,sub-03_ses-1.set,16,155,batch_0002.npy
sub-03,sub-03_ses-1.set,17,156,batch_0002.npy
sub-03,sub-03_ses-1.set,18,157,batch_0002.npy
sub-03,sub-03_ses-1.set,19,158,batch_0002.npy
sub-03,sub-03_ses-1.set,20,159,batch_0002.npy
sub-03,sub-03_ses-1.set,21,160,batch_0002.npy
sub-03,sub-03_ses-1.set,22,161,batch_0002.npy
sub-03,sub-03_ses-1.set,23,162,batch_0002.npy
sub-03,sub-03_ses-1.set,24,163,batch_0002.npy
sub-03,sub-03_ses-1.set,25,164,batch_0002.npy
sub-03,sub-03_ses-1.set,26,165,batch_0002.npy
sub-03,sub-03_ses-1.set,27,166,batch_0002.npy
sub-03,sub-03_ses-1.set,28,167,batch_0002.npy
sub-03,sub-03_ses-1.set,29,168,batch_0002.npy
sub-03,sub-03_ses-1.set,30,169,batch_0002.npy
sub-03,sub-03_ses-1.set,31,170,batch_0002.npy
sub-03,sub-03_ses-1.set,32,171,batch_0002.npy
sub-03,sub-03_ses-1.set,33,172,batch_0002.npy
sub-03,sub-03_ses-1.set,34,173,batch_0002.npy
sub-03,sub-03_ses-1.set,35,174,batch_0002.npy
sub-03,sub-03_ses-1.set,36,175,batch_0002.npy
sub-03,sub-03_ses-1.set,37,176,batch_0002.npy
sub-03,sub-03_ses-1.set,38,177,batch_0002.npy
sub-03,sub-03_ses-1.set,39,178,batch_0002.npy
sub-03,sub-03_ses-1.set,40,179,batch_0002.npy
sub-03,sub-03_ses-1.set,41,180,batch_0002.npy
sub-03,sub-03_ses-1.set,42,181,batch_0002.npy
sub-03,sub-03_ses-1.set,43,182,batch_0002.npy
sub-03,sub-03_ses-1.set,44,183,batch_0002.npy
sub-03,sub-03_ses-1.set,45,184,batch_0002.npy
sub-03,sub-03_ses-1.set,46,185,batch_0002.npy
sub-03,sub-03_ses-1.set,47,186,batch_0002.npy
sub-03,sub-03_ses-1.set,48,187,batch_0002.npy
sub-03,sub-03_ses-1.set,49,188,batch_0002.npy
sub-03,sub-03_ses-1.set,50,189,batch_0002.npy
sub-03,sub-03_ses-1.set,51,190,batch_0002.npy
sub-03,sub-03_ses-1.set,52,191,batch_0002.npy
sub-03,sub-03_ses-1.set,53,192,batch_0002.npy
sub-03,sub-03_ses-1.set,54,193,batch_0002.npy
sub-03,sub-03_ses-1.set,55,194,batch_0002.npy
sub-03,sub-03_ses-1.set,56,195,batch_0002.npy
sub-03,sub-03_ses-1.set,57,196,batch_0002.npy
sub-03,sub-03_ses-1.set,58,197,batch_0002.npy
sub-03,sub-03_ses-1.set,59,198,batch_0002.npy
sub-03,sub-03_ses-1.set,60,199,batch_0002.npy
sub-03,sub-03_ses-1.set,61,200,batch_0002.npy
sub-03,sub-03_ses-1.set,62,201,batch_0002.npy
sub-03,sub-03_ses-1.set,63,202,batch_0002.npy
sub-03,sub-03_ses-1.set,64,203,batch_0002.npy
sub-03,sub-03_ses-1.set,65,204,batch_0002.npy
sub-03,sub-03_ses-1.set,66,205,batch_0002.npy
sub-03,sub-03_ses-1.set,67,206,batch_0002.npy
sub-03,sub-03_ses-1.set,68,207,batch_0002.npy
sub-03,sub-03_ses-1.set,69,208,batch_0002.npy
sub-03,sub-03_ses-1.set,70,209,batch_0002.npy
sub-03,sub-03_ses-1.set,71,210,batch_0002.npy
sub-03,sub-03_ses-1.set,72,211,batch_0002.npy
sub-04,sub-04_ses-1.set,0,212,batch_0003.npy
sub-04,sub-04_ses-1.set,1,213,batch_0003.npy
sub-04,sub-04_ses-1.set,2,214,batch_0003.npy
sub-04,sub-04_ses-1.set,3,215,batch_0003.npy
sub-05,sub-05_ses-1.set,0,216,batch_0004.npy
sub-05,sub-05_ses-1.set,1,217,batch_0004.npy
sub-05,sub-05_ses-1.set,2,218,batch_0004.npy
sub-05,sub-05_ses-1.set,3,219,batch_0004.npy
sub-05,sub-05_ses-1.set,4,220,batch_0004.npy
sub-05,sub-05_ses-1.set,5,221,batch_0004.npy
sub-05,sub-05_ses-1.set,6,222,batch_0004.npy
sub-05,sub-05_ses-1.set,7,223,batch_0004.npy
sub-05,sub-05_ses-1.set,8,224,batch_0004.npy
sub-05,sub-05_ses-1.set,9,225,batch_0004.npy
sub-05,sub-05_ses-1.set,10,226,batch_0004.npy
sub-05,sub-05_ses-1.set,11,227,batch_0004.npy
sub-05,sub-05_ses-1.set,12,228,batch_0004.npy
sub-05,sub-05_ses-1.set,13,229,batch_0004.npy
sub-05,sub-05_ses-1.set,14,230,batch_0004.npy
sub-05,sub-05_ses-1.set,15,231,batch_0004.npy
sub-05,sub-05_ses-1.set,16,232,batch_0004.npy
sub-05,sub-05_ses-1.set,17,233,batch_0004.npy
sub-05,sub-05_ses-1.set,18,234,batch_0004.npy
sub-05,sub-05_ses-1.set,19,235,batch_0004.npy
sub-05,sub-05_ses-1.set,20,236,batch_0004.npy
sub-05,sub-05_ses-1.set,21,237,batch_0004.npy
sub-05,sub-05_ses-1.set,22,238,batch_0004.npy
sub-05,sub-05_ses-1.set,23,239,batch_0004.npy
sub-05,sub-05_ses-1.set,24,240,batch_0004.npy
sub-05,sub-05_ses-1.set,25,241,batch_0004.npy
sub-05,sub-05_ses-1.set,26,242,batch_0004.npy
sub-05,sub-05_ses-1.set,27,243,batch_0004.npy
sub-05,sub-05_ses-1.set,28,244,batch_0004.npy
sub-05,sub-05_ses-1.set,29,245,batch_0004.npy
sub-05,sub-05_ses-1.set,30,246,batch_0004.npy
sub-05,sub-05_ses-1.set,31,247,batch_0004.npy
sub-05,sub-05_ses-1.set,32,248,batch_0004.npy
sub-05,sub-05_ses-1.set,33,249,batch_0004.npy
sub-05,sub-05_ses-1.set,34,250,batch_0004.npy
sub-05,sub-05_ses-1.set,35,251,batch_0004.npy
sub-05,sub-05_ses-1.set,36,252,batch_0004.npy
sub-05,sub-05_ses-1.set,37,253,batch_0004.npy
sub-05,sub-05_ses-1.set,38,254,batch_0004.npy
sub-05,sub-05_ses-1.set,39,255,batch_0004.npy
sub-05,sub-05_ses-1.set,40,256,batch_0004.npy
sub-05,sub-05_ses-1.set,41,257,batch_0004.npy
sub-05,sub-05_ses-1.set,42,258,batch_0004.npy
sub-05,sub-05_ses-1.set,43,259,batch_0004.npy
sub-05,sub-05_ses-1.set,44,260,batch_0004.npy
sub-05,sub-05_ses-1.set,45,261,batch_0004.npy
sub-05,sub-05_ses-1.set,46,262,batch_0004.npy
sub-05,sub-05_ses-1.set,47,263,batch_0004.npy
sub-05,sub-05_ses-1.set,48,264,batch_0004.npy
sub-05,sub-05_ses-1.set,49,265,batch_0004.npy
sub-05,sub-05_ses-1.set,50,266,batch_0004.npy
sub-05,sub-05_ses-1.set,51,267,batch_0004.npy
sub-05,sub-05_ses-1.set,52,268,batch_0004.npy
sub-05,sub-05_ses-1.set,53,269,batch_0004.npy
sub-05,sub-05_ses-1.set,54,270,batch_0004.npy
sub-05,sub-05_ses-1.set,55,271,batch_0004.npy
sub-05,sub-05_ses-1.set,56,272,batch_0004.npy
sub-05,sub-05_ses-1.set,57,273,batch_0004.npy
sub-05,sub-05_ses-1.set,58,274,batch_0004.npy
sub-05,sub-05_ses-1.set,59,275,batch_0004.npy
sub-05,sub-05_ses-1.set,60,276,batch_0004.npy
sub-05,sub-05_ses-1.set,61,277,batch_0004.npy
sub-05,sub-05_ses-1.set,62,278,batch_0004.npy
sub-05,sub-05_ses-1.set,63,279,batch_0004.npy
sub-05,sub-05_ses-1.set,64,280,batch_0004.npy
sub-06,sub-06_ses-1.set,0,281,batch_0005.npy
sub-06,sub-06_ses-1.set,1,282,batch_0005.npy
sub-06,sub-06_ses-1.set,2,283,batch_0005.npy
sub-06,sub-06_ses-1.set,3,284,batch_0005.npy
sub-06,sub-06_ses-1.set,4,285,batch_0005.npy
sub-06,sub-06_ses-1.set,5,286,batch_0005.npy
sub-06,sub-06_ses-1.set,6,287,batch_0005.npy
sub-06,sub-06_ses-1.set,7,288,batch_0005.npy
sub-06,sub-06_ses-1.set,8,289,batch_0005.npy
sub-06,sub-06_ses-1.set,9,290,batch_0005.npy
sub-06,sub-06_ses-1.set,10,291,batch_0005.npy
sub-06,sub-06_ses-1.set,11,292,batch_0005.npy
sub-06,sub-06_ses-1.set,12,293,batch_0005.npy
sub-06,sub-06_ses-1.set,13,294,batch_0005.npy
sub-06,sub-06_ses-1.set,14,295,batch_0005.npy
sub-06,sub-06_ses-1.set,15,296,batch_0005.npy
sub-06,sub-06_ses-1.set,16,297,batch_0005.npy
sub-06,sub-06_ses-1.set,17,298,batch_0005.npy
sub-06,sub-06_ses-1.set,18,299,batch_0005.npy
sub-06,sub-06_ses-1.set,19,300,batch_0005.npy
sub-06,sub-06_ses-1.set,20,301,batch_0005.npy
sub-06,sub-06_ses-1.set,21,302,batch_0005.npy
sub-06,sub-06_ses-1.set,22,303,batch_0005.npy
sub-06,sub-06_ses-1.set,23,304,batch_0005.npy
sub-06,sub-06_ses-1.set,24,305,batch_0005.npy
sub-06,sub-06_ses-1.set,25,306,batch_0005.npy
sub-06,sub-06_ses-1.set,26,307,batch_0005.npy
sub-06,sub-06_ses-1.set,27,308,batch_0005.npy
sub-06,sub-06_ses-1.set,28,309,batch_0005.npy
sub-06,sub-06_ses-1.set,29,310,batch_0005.npy
sub-06,sub-06_ses-1.set,30,311,batch_0005.npy
sub-06,sub-06_ses-1.set,31,312,batch_0005.npy
sub-06,sub-06_ses-1.set,32,313,batch_0005.npy
sub-06,sub-06_ses-1.set,33,314,batch_0005.npy
sub-06,sub-06_ses-1.set,34,315,batch_0005.npy
sub-06,sub-06_ses-1.set,35,316,batch_0005.npy
sub-06,sub-06_ses-1.set,36,317,batch_0005.npy
sub-06,sub-06_ses-1.set,37,318,batch_0005.npy
sub-06,sub-06_ses-1.set,38,319,batch_0005.npy
sub-06,sub-06_ses-1.set,39,320,batch_0005.npy
sub-06,sub-06_ses-1.set,40,321,batch_0005.npy
sub-06,sub-06_ses-1.set,41,322,batch_0005.npy
sub-06,sub-06_ses-1.set,42,323,batch_0005.npy
sub-06,sub-06_ses-1.set,43,324,batch_0005.npy
sub-06,sub-06_ses-1.set,44,325,batch_0005.npy
sub-06,sub-06_ses-1.set,45,326,batch_0005.npy
sub-06,sub-06_ses-1.set,46,327,batch_0005.npy
sub-06,sub-06_ses-1.set,47,328,batch_0005.npy
sub-06,sub-06_ses-1.set,48,329,batch_0005.npy
sub-06,sub-06_ses-1.set,49,330,batch_0005.npy
sub-06,sub-06_ses-1.set,50,331,batch_0005.npy
sub-06,sub-06_ses-1.set,51,332,batch_0005.npy
sub-06,sub-06_ses-1.set,52,333,batch_0005.npy
sub-06,sub-06_ses-1.set,53,334,batch_0005.npy
sub-06,sub-06_ses-1.set,54,335,batch_0005.npy
sub-06,sub-06_ses-1.set,55,336,batch_0005.npy
sub-06,sub-06_ses-1.set,56,337,batch_0005.npy
sub-06,sub-06_ses-1.set,57,338,batch_0005.npy
sub-06,sub-06_ses-1.set,58,339,batch_0005.npy
sub-06,sub-06_ses-1.set,59,340,batch_0005.npy
sub-06,sub-06_ses-1.set,60,341,batch_0005.npy
sub-06,sub-06_ses-1.set,61,342,batch_0005.npy
sub-06,sub-06_ses-1.set,62,343,batch_0005.npy
sub-06,sub-06_ses-1.set,63,344,batch_0005.npy
sub-06,sub-06_ses-1.set,64,345,batch_0005.npy
sub-06,sub-06_ses-1.set,65,346,batch_0005.npy
sub-06,sub-06_ses-1.set,66,347,batch_0005.npy
sub-06,sub-06_ses-1.set,67,348,batch_0005.npy
sub-06,sub-06_ses-1.set,68,349,batch_0005.npy
sub-06,sub-06_ses-1.set,69,350,batch_0005.npy
sub-06,sub-06_ses-1.set,70,351,batch_0005.npy
sub-06,sub-06_ses-1.set,71,352,batch_0005.npy
sub-06,sub-06_ses-1.set,72,353,batch_0005.npy
sub-06,sub-06_ses-1.set,73,354,batch_0005.npy
sub-07,sub-07_ses-1.set,0,355,batch_0006.npy
sub-07,sub-07_ses-1.set,1,356,batch_0006.npy
sub-07,sub-07_ses-1.set,2,357,batch_0006.npy
sub-07,sub-07_ses-1.set,3,358,batch_0006.npy
sub-07,sub-07_ses-1.set,4,359,batch_0006.npy
sub-07,sub-07_ses-1.set,5,360,batch_0006.npy
sub-07,sub-07_ses-1.set,6,361,batch_0006.npy
sub-07,sub-07_ses-1.set,7,362,batch_0006.npy
sub-07,sub-07_ses-1.set,8,363,batch_0006.npy
sub-07,sub-07_ses-1.set,9,364,batch_0006.npy
sub-07,sub-07_ses-1.set,10,365,batch_0006.npy
sub-07,sub-07_ses-1.set,11,366,batch_0006.npy
sub-07,sub-07_ses-1.set,12,367,batch_0006.npy
sub-07,sub-07_ses-1.set,13,368,batch_0006.npy
sub-07,sub-07_ses-1.set,14,369,batch_0006.npy
sub-07,sub-07_ses-1.set,15,370,batch_0006.npy
sub-07,sub-07_ses-1.set,16,371,batch_0006.npy
sub-07,sub-07_ses-1.set,17,372,batch_0006.npy
sub-07,sub-07_ses-1.set,18,373,batch_0006.npy
sub-07,sub-07_ses-1.set,19,374,batch_0006.npy
sub-07,sub-07_ses-1.set,20,375,batch_0006.npy
sub-07,sub-07_ses-1.set,21,376,batch_0006.npy
sub-07,sub-07_ses-1.set,22,377,batch_0006.npy
sub-07,sub-07_ses-1.set,23,378,batch_0006.npy
sub-07,sub-07_ses-1.set,24,379,batch_0006.npy
sub-07,sub-07_ses-1.set,25,380,batch_0006.npy
sub-07,sub-07_ses-1.set,26,381,batch_0006.npy
sub-07,sub-07_ses-1.set,27,382,batch_0006.npy
sub-07,sub-07_ses-1.set,28,383,batch_0006.npy
sub-07,sub-07_ses-1.set,29,384,batch_0006.npy
sub-07,sub-07_ses-1.set,30,385,batch_0006.npy
sub-07,sub-07_ses-1.set,31,386,batch_0006.npy
sub-07,sub-07_ses-1.set,32,387,batch_0006.npy
sub-07,sub-07_ses-1.set,33,388,batch_0006.npy
sub-07,sub-07_ses-1.set,34,389,batch_0006.npy
sub-07,sub-07_ses-1.set,35,390,batch_0006.npy
sub-07,sub-07_ses-1.set,36,391,batch_0006.npy
sub-07,sub-07_ses-1.set,37,392,batch_0006.npy
sub-07,sub-07_ses-1.set,38,393,batch_0006.npy
sub-07,sub-07_ses-1.set,39,394,batch_0006.npy
sub-07,sub-07_ses-1.set,40,395,batch_0006.npy
sub-07,sub-07_ses-1.set,41,396,batch_0006.npy
sub-07,sub-07_ses-1.set,42,397,batch_0006.npy
sub-07,sub-07_ses-1.set,43,398,batch_0006.npy
sub-07,sub-07_ses-1.set,44,399,batch_0006.npy
sub-07,sub-07_ses-1.set,45,400,batch_0006.npy
sub-07,sub-07_ses-1.set,46,401,batch_0006.npy
sub-07,sub-07_ses-1.set,47,402,batch_0006.npy
sub-07,sub-07_ses-1.set,48,403,batch_0006.npy
sub-07,sub-07_ses-1.set,49,404,batch_0006.npy
sub-07,sub-07_ses-1.set,50,405,batch_0006.npy
sub-07,sub-07_ses-1.set,51,406,batch_0006.npy
sub-07,sub-07_ses-1.set,52,407,batch_0006.npy
sub-07,sub-07_ses-1.set,53,408,batch_0006.npy
sub-07,sub-07_ses-1.set,54,409,batch_0006.npy
sub-07,sub-07_ses-1.set,55,410,batch_0006.npy
sub-07,sub-07_ses-1.set,56,411,batch_0006.npy
sub-07,sub-07_ses-1.set,57,412,batch_0006.npy
sub-07,sub-07_ses-1.set,58,413,batch_0006.npy
sub-07,sub-07_ses-1.set,59,414,batch_0006.npy
sub-07,sub-07_ses-1.set,60,415,batch_0006.npy
sub-07,sub-07_ses-1.set,61,416,batch_0006.npy
sub-07,sub-07_ses-1.set,62,417,batch_0006.npy
sub-08,sub-08_ses-1.set,0,418,batch_0007.npy
sub-08,sub-08_ses-1.set,1,419,batch_0007.npy
sub-08,sub-08_ses-1.set,2,420,batch_0007.npy
sub-08,sub-08_ses-1.set,3,421,batch_0007.npy
sub-08,sub-08_ses-1.set,4,422,batch_0007.npy
sub-08,sub-08_ses-1.set,5,423,batch_0007.npy
sub-08,sub-08_ses-1.set,6,424,batch_0007.npy
sub-08,sub-08_ses-1.set,7,425,batch_0007.npy
sub-08,sub-08_ses-1.set,8,426,batch_0007.npy
sub-08,sub-08_ses-1.set,9,427,batch_0007.npy
sub-08,sub-08_ses-1.set,10,428,batch_0007.npy
sub-08,sub-08_ses-1.set,11,429,batch_0007.npy
sub-08,sub-08_ses-1.set,12,430,batch_0007.npy
sub-08,sub-08_ses-1.set,13,431,batch_0007.npy
sub-08,sub-08_ses-1.set,14,432,batch_0007.npy
sub-08,sub-08_ses-1.set,15,433,batch_0007.npy
sub-08,sub-08_ses-1.set,16,434,batch_0007.npy
sub-08,sub-08_ses-1.set,17,435,batch_0007.npy
sub-08,sub-08_ses-1.set,18,436,batch_0007.npy
sub-08,sub-08_ses-1.set,19,437,batch_0007.npy
sub-08,sub-08_ses-1.set,20,438,batch_0007.npy
sub-08,sub-08_ses-1.set,21,439,batch_0007.npy
sub-08,sub-08_ses-1.set,22,440,batch_0007.npy
sub-08,sub-08_ses-1.set,23,441,batch_0007.npy
sub-08,sub-08_ses-1.set,24,442,batch_0007.npy
sub-08,sub-08_ses-1.set,25,443,batch_0007.npy
sub-08,sub-08_ses-1.set,26,444,batch_0007.npy
sub-08,sub-08_ses-1.set,27,445,batch_0007.npy
sub-08,sub-08_ses-1.set,28,446,batch_0007.npy
sub-08,sub-08_ses-1.set,29,447,batch_0007.npy
sub-08,sub-08_ses-1.set,30,448,batch_0007.npy
sub-08,sub-08_ses-1.set,31,449,batch_0007.npy
sub-08,sub-08_ses-1.set,32,450,batch_0007.npy
sub-08,sub-08_ses-1.set,33,451,batch_0007.npy
sub-08,sub-08_ses-1.set,34,452,batch_0007.npy
sub-08,sub-08_ses-1.set,35,453,batch_0007.npy
sub-08,sub-08_ses-1.set,36,454,batch_0007.npy
sub-08,sub-08_ses-1.set,37,455,batch_0007.npy
sub-08,sub-08_ses-1.set,38,456,batch_0007.npy
sub-08,sub-08_ses-1.set,39,457,batch_0007.npy
sub-08,sub-08_ses-1.set,40,458,batch_0007.npy
sub-08,sub-08_ses-1.set,41,459,batch_0007.npy
sub-08,sub-08_ses-1.set,42,460,batch_0007.npy
sub-08,sub-08_ses-1.set,43,461,batch_0007.npy
sub-08,sub-08_ses-1.set,44,462,batch_0007.npy
sub-08,sub-08_ses-1.set,45,463,batch_0007.npy
sub-08,sub-08_ses-1.set,46,464,batch_0007.npy
sub-08,sub-08_ses-1.set,47,465,batch_0007.npy
sub-08,sub-08_ses-1.set,48,466,batch_0007.npy
sub-08,sub-08_ses-1.set,49,467,batch_0007.npy
sub-08,sub-08_ses-1.set,50,468,batch_0007.npy
sub-08,sub-08_ses-1.set,51,469,batch_0007.npy
sub-08,sub-08_ses-1.set,52,470,batch_0007.npy
sub-08,sub-08_ses-1.set,53,471,batch_0007.npy
sub-08,sub-08_ses-1.set,54,472,batch_0007.npy
sub-08,sub-08_ses-1.set,55,473,batch_0007.npy
sub-08,sub-08_ses-1.set,56,474,batch_0007.npy
sub-08,sub-08_ses-1.set,57,475,batch_0007.npy
sub-08,sub-08_ses-1.set,58,476,batch_0007.npy
sub-08,sub-08_ses-1.set,59,477,batch_0007.npy
sub-08,sub-08_ses-1.set,60,478,batch_0007.npy
sub-08,sub-08_ses-1.set,61,479,batch_0007.npy
sub-08,sub-08_ses-1.set,62,480,batch_0007.npy
sub-08,sub-08_ses-1.set,63,481,batch_0007.npy
sub-08,sub-08_ses-1.set,64,482,batch_0007.npy
sub-09,sub-09_ses-1.set,0,483,batch_0008.npy
sub-09,sub-09_ses-1.set,1,484,batch_0008.npy
sub-09,sub-09_ses-1.set,2,485,batch_0008.npy
sub-09,sub-09_ses-1.set,3,486,batch_0008.npy
sub-09,sub-09_ses-1.set,4,487,batch_0008.npy
sub-09,sub-09_ses-1.set,5,488,batch_0008.npy
sub-09,sub-09_ses-1.set,6,489,batch_0008.npy
sub-09,sub-09_ses-1.set,7,490,batch_0008.npy
sub-09,sub-09_ses-1.set,8,491,batch_0008.npy
sub-09,sub-09_ses-1.set,9,492,batch_0008.npy
sub-09,sub-09_ses-1.set,10,493,batch_0008.npy
sub-09,sub-09_ses-1.set,11,494,batch_0008.npy
sub-09,sub-09_ses-1.set,12,495,batch_0008.npy
sub-09,sub-09_ses-1.set,13,496,batch_0008.npy
sub-09,sub-09_ses-1.set,14,497,batch_0008.npy
sub-09,sub-09_ses-1.set,15,498,batch_0008.npy
sub-09,sub-09_ses-1.set,16,499,batch_0008.npy
sub-09,sub-09_ses-1.set,17,500,batch_0008.npy
sub-09,sub-09_ses-1.set,18,501,batch_0008.npy
sub-09,sub-09_ses-1.set,19,502,batch_0008.npy
sub-09,sub-09_ses-1.set,20,503,batch_0008.npy
sub-09,sub-09_ses-1.set,21,504,batch_0008.npy
sub-09,sub-09_ses-1.set,22,505,batch_0008.npy
sub-09,sub-09_ses-1.set,23,506,batch_0008.npy
sub-09,sub-09_ses-1.set,24,507,batch_0008.npy
sub-09,sub-09_ses-1.set,25,508,batch_0008.npy
sub-09,sub-09_ses-1.set,26,509,batch_0008.npy
sub-09,sub-09_ses-1.set,27,510,batch_0008.npy
sub-09,sub-09_ses-1.set,28,511,batch_0008.npy
sub-09,sub-09_ses-1.set,29,512,batch_0008.npy
sub-09,sub-09_ses-1.set,30,513,batch_0008.npy
sub-09,sub-09_ses-1.set,31,514,batch_0008.npy
sub-09,sub-09_ses-1.set,32,515,batch_0008.npy
sub-09,sub-09_ses-1.set,33,516,batch_0008.npy
sub-09,sub-09_ses-1.set,34,517,batch_0008.npy
sub-09,sub-09_ses-1.set,35,518,batch_0008.npy
sub-09,sub-09_ses-1.set,36,519,batch_0008.npy
sub-09,sub-09_ses-1.set,37,520,batch_0008.npy
sub-09,sub-09_ses-1.set,38,521,batch_0008.npy
sub-09,sub-09_ses-1.set,39,522,batch_0008.npy
sub-09,sub-09_ses-1.set,40,523,batch_0008.npy
sub-09,sub-09_ses-1.set,41,524,batch_0008.npy
sub-09,sub-09_ses-1.set,42,525,batch_0008.npy
sub-09,sub-09_ses-1.set,43,526,batch_0008.npy
sub-09,sub-09_ses-1.set,44,527,batch_0008.npy
sub-09,sub-09_ses-1.set,45,528,batch_0008.npy
sub-09,sub-09_ses-1.set,46,529,batch_0008.npy
sub-09,sub-09_ses-1.set,47,530,batch_0008.npy
sub-09,sub-09_ses-1.set,48,531,batch_0008.npy
sub-09,sub-09_ses-1.set,49,532,batch_0008.npy
sub-09,sub-09_ses-1.set,50,533,batch_0008.npy
sub-09,sub-09_ses-1.set,51,534,batch_0008.npy
sub-09,sub-09_ses-1.set,52,535,batch_0008.npy
sub-09,sub-09_ses-1.set,53,536,batch_0008.npy
sub-09,sub-09_ses-1.set,54,537,batch_0008.npy
sub-09,sub-09_ses-1.set,55,538,batch_0008.npy
sub-09,sub-09_ses-1.set,56,539,batch_0008.npy
sub-09,sub-09_ses-1.set,57,540,batch_0008.npy
sub-09,sub-09_ses-1.set,58,541,batch_0008.npy
sub-09,sub-09_ses-1.set,59,542,batch_0008.npy
sub-09,sub-09_ses-1.set,60,543,batch_0008.npy
sub-09,sub-09_ses-1.set,61,544,batch_0008.npy
sub-09,sub-09_ses-1.set,62,545,batch_0008.npy
sub-09,sub-09_ses-1.set,63,546,batch_0008.npy
sub-09,sub-09_ses-1.set,64,547,batch_0008.npy
sub-09,sub-09_ses-1.set,65,548,batch_0008.npy
sub-09,sub-09_ses-1.set,66,549,batch_0008.npy
sub-09,sub-09_ses-1.set,67,550,batch_0008.npy
sub-09,sub-09_ses-1.set,68,551,batch_0008.npy
sub-10,sub-10_ses-1.set,0,552,batch_0009.npy
sub-10,sub-10_ses-1.set,1,553,batch_0009.npy
sub-10,sub-10_ses-1.set,2,554,batch_0009.npy
sub-10,sub-10_ses-1.set,3,555,batch_0009.npy
sub-10,sub-10_ses-1.set,4,556,batch_0009.npy
sub-10,sub-10_ses-1.set,5,557,batch_0009.npy
sub-10,sub-10_ses-1.set,6,558,batch_0009.npy
sub-10,sub-10_ses-1.set,7,559,batch_0009.npy
sub-10,sub-10_ses-1.set,8,560,batch_0009.npy
sub-10,sub-10_ses-1.set,9,561,batch_0009.npy
sub-10,sub-10_ses-1.set,10,562,batch_0009.npy
sub-10,sub-10_ses-1.set,11,563,batch_0009.npy
sub-10,sub-10_ses-1.set,12,564,batch_0009.npy
sub-10,sub-10_ses-1.set,13,565,batch_0009.npy
sub-10,sub-10_ses-1.set,14,566,batch_0009.npy
sub-10,sub-10_ses-1.set,15,567,batch_0009.npy
sub-10,sub-10_ses-1.set,16,568,batch_0009.npy
sub-10,sub-10_ses-1.set,17,569,batch_0009.npy
sub-10,sub-10_ses-1.set,18,570,batch_0009.npy
sub-10,sub-10_ses-1.set,19,571,batch_0009.npy
sub-10,sub-10_ses-1.set,20,572,batch_0009.npy
sub-10,sub-10_ses-1.set,21,573,batch_0009.npy
sub-10,sub-10_ses-1.set,22,574,batch_0009.npy
sub-10,sub-10_ses-1.set,23,575,batch_0009.npy
sub-10,sub-10_ses-1.set,24,576,batch_0009.npy
sub-10,sub-10_ses-1.set,25,577,batch_0009.npy
sub-10,sub-10_ses-1.set,26,578,batch_0009.npy
sub-10,sub-10_ses-1.set,27,579,batch_0009.npy
sub-10,sub-10_ses-1.set,28,580,batch_0009.npy
sub-10,sub-10_ses-1.set,29,581,batch_0009.npy
sub-10,sub-10_ses-1.set,30,582,batch_0009.npy
sub-10,sub-10_ses-1.set,31,583,batch_0009.npy
sub-10,sub-10_ses-1.set,32,584,batch_0009.npy
sub-10,sub-10_ses-1.set,33,585,batch_0009.npy
sub-10,sub-10_ses-1.set,34,586,batch_0009.npy
sub-10,sub-10_ses-1.set,35,587,batch_0009.npy
sub-10,sub-10_ses-1.set,36,588,batch_0009.npy
sub-10,sub-10_ses-1.set,37,589,batch_0009.npy
sub-10,sub-10_ses-1.set,38,590,batch_0009.npy
sub-10,sub-10_ses-1.set,39,591,batch_0009.npy
sub-10,sub-10_ses-1.set,40,592,batch_0009.npy
sub-10,sub-10_ses-1.set,41,593,batch_0009.npy
sub-10,sub-10_ses-1.set,42,594,batch_0009.npy
sub-10,sub-10_ses-1.set,43,595,batch_0009.npy
sub-10,sub-10_ses-1.set,44,596,batch_0009.npy
sub-10,sub-10_ses-1.set,45,597,batch_0009.npy
sub-10,sub-10_ses-1.set,46,598,batch_0009.npy
sub-10,sub-10_ses-1.set,47,599,batch_0009.npy
sub-10,sub-10_ses-1.set,48,600,batch_0009.npy
sub-10,sub-10_ses-1.set,49,601,batch_0009.npy
sub-10,sub-10_ses-1.set,50,602,batch_0009.npy
sub-10,sub-10_ses-1.set,51,603,batch_0009.npy
sub-10,sub-10_ses-1.set,52,604,batch_0009.npy
sub-10,sub-10_ses-1.set,53,605,batch_0009.npy
sub-10,sub-10_ses-1.set,54,606,batch_0009.npy
sub-10,sub-10_ses-1.set,55,607,batch_0009.npy
sub-10,sub-10_ses-1.set,56,608,batch_0009.npy
sub-10,sub-10_ses-1.set,57,609,batch_0009.npy
sub-10,sub-10_ses-1.set,58,610,batch_0009.npy
sub-10,sub-10_ses-1.set,59,611,batch_0009.npy
sub-10,sub-10_ses-1.set,60,612,batch_0009.npy
sub-10,sub-10_ses-1.set,61,613,batch_0009.npy
sub-10,sub-10_ses-1.set,62,614,batch_0009.npy
sub-10,sub-10_ses-1.set,63,615,batch_0009.npy
sub-10,sub-10_ses-1.set,64,616,batch_0009.npy
sub-10,sub-10_ses-1.set,65,617,batch_0009.npy
sub-10,sub-10_ses-1.set,66,618,batch_0009.npy
sub-10,sub-10_ses-1.set,67,619,batch_0009.npy
sub-10,sub-10_ses-1.set,68,620,batch_0009.npy
sub-11,sub-11_ses-1.set,0,621,batch_0010.npy
sub-11,sub-11_ses-1.set,1,622,batch_0010.npy
sub-11,sub-11_ses-1.set,2,623,batch_0010.npy
sub-11,sub-11_ses-1.set,3,624,batch_0010.npy
sub-11,sub-11_ses-1.set,4,625,batch_0010.npy
sub-11,sub-11_ses-1.set,5,626,batch_0010.npy
sub-11,sub-11_ses-1.set,6,627,batch_0010.npy
sub-11,sub-11_ses-1.set,7,628,batch_0010.npy
sub-11,sub-11_ses-1.set,8,629,batch_0010.npy
sub-11,sub-11_ses-1.set,9,630,batch_0010.npy
sub-11,sub-11_ses-1.set,10,631,batch_0010.npy
sub-11,sub-11_ses-1.set,11,632,batch_0010.npy
sub-11,sub-11_ses-1.set,12,633,batch_0010.npy
sub-11,sub-11_ses-1.set,13,634,batch_0010.npy
sub-11,sub-11_ses-1.set,14,635,batch_0010.npy
sub-11,sub-11_ses-1.set,15,636,batch_0010.npy
sub-11,sub-11_ses-1.set,16,637,batch_0010.npy
sub-11,sub-11_ses-1.set,17,638,batch_0010.npy
sub-11,sub-11_ses-1.set,18,639,batch_0010.npy
sub-11,sub-11_ses-1.set,19,640,batch_0010.npy
sub-11,sub-11_ses-1.set,20,641,batch_0010.npy
sub-11,sub-11_ses-1.set,21,642,batch_0010.npy
sub-11,sub-11_ses-1.set,22,643,batch_0010.npy
sub-11,sub-11_ses-1.set,23,644,batch_0010.npy
sub-11,sub-11_ses-1.set,24,645,batch_0010.npy
sub-11,sub-11_ses-1.set,25,646,batch_0010.npy
sub-11,sub-11_ses-1.set,26,647,batch_0010.npy
sub-11,sub-11_ses-1.set,27,648,batch_0010.npy
sub-11,sub-11_ses-1.set,28,649,batch_0010.npy
sub-11,sub-11_ses-1.set,29,650,batch_0010.npy
sub-11,sub-11_ses-1.set,30,651,batch_0010.npy
sub-11,sub-11_ses-1.set,31,652,batch_0010.npy
sub-11,sub-11_ses-1.set,32,653,batch_0010.npy
sub-11,sub-11_ses-1.set,33,654,batch_0010.npy
sub-11,sub-11_ses-1.set,34,655,batch_0010.npy
sub-11,sub-11_ses-1.set,35,656,batch_0010.npy
sub-11,sub-11_ses-1.set,36,657,batch_0010.npy
sub-11,sub-11_ses-1.set,37,658,batch_0010.npy
sub-11,sub-11_ses-1.set,38,659,batch_0010.npy
sub-11,sub-11_ses-1.set,39,660,batch_0010.npy
sub-11,sub-11_ses-1.set,40,661,batch_0010.npy
sub-11,sub-11_ses-1.set,41,662,batch_0010.npy
sub-11,sub-11_ses-1.set,42,663,batch_0010.npy
sub-11,sub-11_ses-1.set,43,664,batch_0010.npy
sub-11,sub-11_ses-1.set,44,665,batch_0010.npy
sub-11,sub-11_ses-1.set,45,666,batch_0010.npy
sub-11,sub-11_ses-1.set,46,667,batch_0010.npy
sub-11,sub-11_ses-1.set,47,668,batch_0010.npy
sub-11,sub-11_ses-1.set,48,669,batch_0010.npy
sub-11,sub-11_ses-1.set,49,670,batch_0010.npy
sub-11,sub-11_ses-1.set,50,671,batch_0010.npy
sub-11,sub-11_ses-1.set,51,672,batch_0010.npy
sub-11,sub-11_ses-1.set,52,673,batch_0010.npy
sub-11,sub-11_ses-1.set,53,674,batch_0010.npy
sub-11,sub-11_ses-1.set,54,675,batch_0010.npy
sub-11,sub-11_ses-1.set,55,676,batch_0010.npy
sub-11,sub-11_ses-1.set,56,677,batch_0010.npy
sub-11,sub-11_ses-1.set,57,678,batch_0010.npy
sub-11,sub-11_ses-1.set,58,679,batch_0010.npy
sub-11,sub-11_ses-1.set,59,680,batch_0010.npy
sub-11,sub-11_ses-1.set,60,681,batch_0010.npy
sub-11,sub-11_ses-1.set,61,682,batch_0010.npy
sub-11,sub-11_ses-1.set,62,683,batch_0010.npy
sub-11,sub-11_ses-1.set,63,684,batch_0010.npy
sub-12,sub-12_ses-1.set,0,685,batch_0011.npy
sub-12,sub-12_ses-1.set,1,686,batch_0011.npy
sub-12,sub-12_ses-1.set,2,687,batch_0011.npy
sub-12,sub-12_ses-1.set,3,688,batch_0011.npy
sub-12,sub-12_ses-1.set,4,689,batch_0011.npy
sub-12,sub-12_ses-1.set,5,690,batch_0011.npy
sub-12,sub-12_ses-1.set,6,691,batch_0011.npy
sub-12,sub-12_ses-1.set,7,692,batch_0011.npy
sub-12,sub-12_ses-1.set,8,693,batch_0011.npy
sub-12,sub-12_ses-1.set,9,694,batch_0011.npy
sub-12,sub-12_ses-1.set,10,695,batch_0011.npy
sub-12,sub-12_ses-1.set,11,696,batch_0011.npy
sub-12,sub-12_ses-1.set,12,697,batch_0011.npy
sub-12,sub-12_ses-1.set,13,698,batch_0011.npy
sub-12,sub-12_ses-1.set,14,699,batch_0011.npy
sub-12,sub-12_ses-1.set,15,700,batch_0011.npy
sub-12,sub-12_ses-1.set,16,701,batch_0011.npy
sub-12,sub-12_ses-1.set,17,702,batch_0011.npy
sub-12,sub-12_ses-1.set,18,703,batch_0011.npy
sub-12,sub-12_ses-1.set,19,704,batch_0011.npy
sub-12,sub-12_ses-1.set,20,705,batch_0011.npy
sub-12,sub-12_ses-1.set,21,706,batch_0011.npy
sub-12,sub-12_ses-1.set,22,707,batch_0011.npy
sub-12,sub-12_ses-1.set,23,708,batch_0011.npy
sub-12,sub-12_ses-1.set,24,709,batch_0011.npy
sub-12,sub-12_ses-1.set,25,710,batch_0011.npy
sub-12,sub-12_ses-1.set,26,711,batch_0011.npy
sub-12,sub-12_ses-1.set,27,712,batch_0011.npy
sub-12,sub-12_ses-1.set,28,713,batch_0011.npy
sub-12,sub-12_ses-1.set,29,714,batch_0011.npy
sub-12,sub-12_ses-1.set,30,715,batch_0011.npy
sub-12,sub-12_ses-1.set,31,716,batch_0011.npy
sub-12,sub-12_ses-1.set,32,717,batch_0011.npy
sub-12,sub-12_ses-1.set,33,718,batch_0011.npy
sub-12,sub-12_ses-1.set,34,719,batch_0011.npy
sub-12,sub-12_ses-1.set,35,720,batch_0011.npy
sub-12,sub-12_ses-1.set,36,721,batch_0011.npy
sub-12,sub-12_ses-1.set,37,722,batch_0011.npy
sub-12,sub-12_ses-1.set,38,723,batch_0011.npy
sub-12,sub-12_ses-1.set,39,724,batch_0011.npy
sub-12,sub-12_ses-1.set,40,725,batch_0011.npy
sub-12,sub-12_ses-1.set,41,726,batch_0011.npy
sub-12,sub-12_ses-1.set,42,727,batch_0011.npy
sub-12,sub-12_ses-1.set,43,728,batch_0011.npy
sub-12,sub-12_ses-1.set,44,729,batch_0011.npy
sub-12,sub-12_ses-1.set,45,730,batch_0011.npy
sub-12,sub-12_ses-1.set,46,731,batch_0011.npy
sub-12,sub-12_ses-1.set,47,732,batch_0011.npy
sub-12,sub-12_ses-1.set,48,733,batch_0011.npy
sub-12,sub-12_ses-1.set,49,734,batch_0011.npy
sub-12,sub-12_ses-1.set,50,735,batch_0011.npy
sub-12,sub-12_ses-1.set,51,736,batch_0011.npy
sub-12,sub-12_ses-1.set,52,737,batch_0011.npy
sub-12,sub-12_ses-1.set,53,738,batch_0011.npy
sub-12,sub-12_ses-1.set,54,739,batch_0011.npy
sub-12,sub-12_ses-1.set,55,740,batch_0011.npy
sub-12,sub-12_ses-1.set,56,741,batch_0011.npy
sub-13,sub-13_ses-1.set,0,742,batch_0012.npy
sub-13,sub-13_ses-1.set,1,743,batch_0012.npy
sub-13,sub-13_ses-1.set,2,744,batch_0012.npy
sub-13,sub-13_ses-1.set,3,745,batch_0012.npy
sub-13,sub-13_ses-1.set,4,746,batch_0012.npy
sub-13,sub-13_ses-1.set,5,747,batch_0012.npy
sub-13,sub-13_ses-1.set,6,748,batch_0012.npy
sub-13,sub-13_ses-1.set,7,749,batch_0012.npy
sub-13,sub-13_ses-1.set,8,750,batch_0012.npy
sub-13,sub-13_ses-1.set,9,751,batch_0012.npy
sub-13,sub-13_ses-1.set,10,752,batch_0012.npy
sub-13,sub-13_ses-1.set,11,753,batch_0012.npy
sub-13,sub-13_ses-1.set,12,754,batch_0012.npy
sub-13,sub-13_ses-1.set,13,755,batch_0012.npy
sub-13,sub-13_ses-1.set,14,756,batch_0012.npy
sub-13,sub-13_ses-1.set,15,757,batch_0012.npy
sub-13,sub-13_ses-1.set,16,758,batch_0012.npy
sub-13,sub-13_ses-1.set,17,759,batch_0012.npy
sub-13,sub-13_ses-1.set,18,760,batch_0012.npy
sub-13,sub-13_ses-1.set,19,761,batch_0012.npy
sub-13,sub-13_ses-1.set,20,762,batch_0012.npy
sub-13,sub-13_ses-1.set,21,763,batch_0012.npy
sub-13,sub-13_ses-1.set,22,764,batch_0012.npy
sub-13,sub-13_ses-1.set,23,765,batch_0012.npy
sub-13,sub-13_ses-1.set,24,766,batch_0012.npy
sub-13,sub-13_ses-1.set,25,767,batch_0012.npy
sub-13,sub-13_ses-1.set,26,768,batch_0012.npy
sub-13,sub-13_ses-1.set,27,769,batch_0012.npy
sub-13,sub-13_ses-1.set,28,770,batch_0012.npy
sub-13,sub-13_ses-1.set,29,771,batch_0012.npy
sub-13,sub-13_ses-1.set,30,772,batch_0012.npy
sub-13,sub-13_ses-1.set,31,773,batch_0012.npy
sub-13,sub-13_ses-1.set,32,774,batch_0012.npy
sub-13,sub-13_ses-1.set,33,775,batch_0012.npy
sub-13,sub-13_ses-1.set,34,776,batch_0012.npy
sub-13,sub-13_ses-1.set,35,777,batch_0012.npy
sub-13,sub-13_ses-1.set,36,778,batch_0012.npy
sub-13,sub-13_ses-1.set,37,779,batch_0012.npy
sub-13,sub-13_ses-1.set,38,780,batch_0012.npy
sub-13,sub-13_ses-1.set,39,781,batch_0012.npy
sub-13,sub-13_ses-1.set,40,782,batch_0012.npy
sub-13,sub-13_ses-1.set,41,783,batch_0012.npy
sub-13,sub-13_ses-1.set,42,784,batch_0012.npy
sub-13,sub-13_ses-1.set,43,785,batch_0012.npy
sub-13,sub-13_ses-1.set,44,786,batch_0012.npy
sub-13,sub-13_ses-1.set,45,787,batch_0012.npy
sub-13,sub-13_ses-1.set,46,788,batch_0012.npy
sub-13,sub-13_ses-1.set,47,789,batch_0012.npy
sub-13,sub-13_ses-1.set,48,790,batch_0012.npy
sub-13,sub-13_ses-1.set,49,791,batch_0012.npy
sub-13,sub-13_ses-1.set,50,792,batch_0012.npy
sub-13,sub-13_ses-1.set,51,793,batch_0012.npy
sub-13,sub-13_ses-1.set,52,794,batch_0012.npy
sub-13,sub-13_ses-1.set,53,795,batch_0012.npy
sub-13,sub-13_ses-1.set,54,796,batch_0012.npy
sub-13,sub-13_ses-1.set,55,797,batch_0012.npy
sub-13,sub-13_ses-1.set,56,798,batch_0012.npy
sub-13,sub-13_ses-1.set,57,799,batch_0012.npy
sub-13,sub-13_ses-1.set,58,800,batch_0012.npy
sub-13,sub-13_ses-1.set,59,801,batch_0012.npy
sub-13,sub-13_ses-1.set,60,802,batch_0012.npy
sub-13,sub-13_ses-1.set,61,803,batch_0012.npy
sub-13,sub-13_ses-1.set,62,804,batch_0012.npy
sub-13,sub-13_ses-1.set,63,805,batch_0012.npy
sub-13,sub-13_ses-1.set,64,806,batch_0012.npy
sub-13,sub-13_ses-1.set,65,807,batch_0012.npy
sub-13,sub-13_ses-1.set,66,808,batch_0012.npy
sub-13,sub-13_ses-1.set,67,809,batch_0012.npy
sub-13,sub-13_ses-1.set,68,810,batch_0012.npy
sub-13,sub-13_ses-1.set,69,811,batch_0012.npy
sub-13,sub-13_ses-1.set,70,812,batch_0012.npy
sub-13,sub-13_ses-1.set,71,813,batch_0012.npy
sub-14,sub-14_ses-1.set,0,814,batch_0013.npy
sub-14,sub-14_ses-1.set,1,815,batch_0013.npy
sub-14,sub-14_ses-1.set,2,816,batch_0013.npy
sub-14,sub-14_ses-1.set,3,817,batch_0013.npy
sub-14,sub-14_ses-1.set,4,818,batch_0013.npy
sub-14,sub-14_ses-1.set,5,819,batch_0013.npy
sub-14,sub-14_ses-1.set,6,820,batch_0013.npy
sub-14,sub-14_ses-1.set,7,821,batch_0013.npy
sub-14,sub-14_ses-1.set,8,822,batch_0013.npy
sub-14,sub-14_ses-1.set,9,823,batch_0013.npy
sub-14,sub-14_ses-1.set,10,824,batch_0013.npy
sub-14,sub-14_ses-1.set,11,825,batch_0013.npy
sub-14,sub-14_ses-1.set,12,826,batch_0013.npy
sub-14,sub-14_ses-1.set,13,827,batch_0013.npy
sub-14,sub-14_ses-1.set,14,828,batch_0013.npy
sub-14,sub-14_ses-1.set,15,829,batch_0013.npy
sub-14,sub-14_ses-1.set,16,830,batch_0013.npy
sub-14,sub-14_ses-1.set,17,831,batch_0013.npy
sub-14,sub-14_ses-1.set,18,832,batch_0013.npy
sub-14,sub-14_ses-1.set,19,833,batch_0013.npy
sub-14,sub-14_ses-1.set,20,834,batch_0013.npy
sub-14,sub-14_ses-1.set,21,835,batch_0013.npy
sub-14,sub-14_ses-1.set,22,836,batch_0013.npy
sub-14,sub-14_ses-1.set,23,837,batch_0013.npy
sub-14,sub-14_ses-1.set,24,838,batch_0013.npy
sub-14,sub-14_ses-1.set,25,839,batch_0013.npy
sub-14,sub-14_ses-1.set,26,840,batch_0013.npy
sub-14,sub-14_ses-1.set,27,841,batch_0013.npy
sub-14,sub-14_ses-1.set,28,842,batch_0013.npy
sub-14,sub-14_ses-1.set,29,843,batch_0013.npy
sub-14,sub-14_ses-1.set,30,844,batch_0013.npy
sub-14,sub-14_ses-1.set,31,845,batch_0013.npy
sub-14,sub-14_ses-1.set,32,846,batch_0013.npy
sub-14,sub-14_ses-1.set,33,847,batch_0013.npy
sub-14,sub-14_ses-1.set,34,848,batch_0013.npy
sub-14,sub-14_ses-1.set,35,849,batch_0013.npy
sub-14,sub-14_ses-1.set,36,850,batch_0013.npy
sub-14,sub-14_ses-1.set,37,851,batch_0013.npy
sub-14,sub-14_ses-1.set,38,852,batch_0013.npy
sub-14,sub-14_ses-1.set,39,853,batch_0013.npy
sub-14,sub-14_ses-1.set,40,854,batch_0013.npy
sub-14,sub-14_ses-1.set,41,855,batch_0013.npy
sub-14,sub-14_ses-1.set,42,856,batch_0013.npy
sub-14,sub-14_ses-1.set,43,857,batch_0013.npy
sub-14,sub-14_ses-1.set,44,858,batch_0013.npy
sub-14,sub-14_ses-1.set,45,859,batch_0013.npy
sub-14,sub-14_ses-1.set,46,860,batch_0013.npy
sub-14,sub-14_ses-1.set,47,861,batch_0013.npy
sub-14,sub-14_ses-1.set,48,862,batch_0013.npy
sub-14,sub-14_ses-1.set,49,863,batch_0013.npy
sub-14,sub-14_ses-1.set,50,864,batch_0013.npy
sub-14,sub-14_ses-1.set,51,865,batch_0013.npy
sub-14,sub-14_ses-1.set,52,866,batch_0013.npy
sub-14,sub-14_ses-1.set,53,867,batch_0013.npy
sub-14,sub-14_ses-1.set,54,868,batch_0013.npy
sub-14,sub-14_ses-1.set,55,869,batch_0013.npy
sub-14,sub-14_ses-1.set,56,870,batch_0013.npy
sub-14,sub-14_ses-1.set,57,871,batch_0013.npy
sub-14,sub-14_ses-1.set,58,872,batch_0013.npy
sub-14,sub-14_ses-1.set,59,873,batch_0013.npy
sub-14,sub-14_ses-1.set,60,874,batch_0013.npy
sub-14,sub-14_ses-1.set,61,875,batch_0013.npy
sub-14,sub-14_ses-1.set,62,876,batch_0013.npy
sub-14,sub-14_ses-1.set,63,877,batch_0013.npy
sub-14,sub-14_ses-1.set,64,878,batch_0013.npy
sub-14,sub-14_ses-1.set,65,879,batch_0013.npy
sub-14,sub-14_ses-1.set,66,880,batch_0013.npy
sub-14,sub-14_ses-1.set,67,881,batch_0013.npy
sub-14,sub-14_ses-1.set,68,882,batch_0013.npy
sub-14,sub-14_ses-1.set,69,883,batch_0013.npy
sub-14,sub-14_ses-1.set,70,884,batch_0013.npy
sub-15,sub-15_ses-1.set,0,885,batch_0014.npy
sub-15,sub-15_ses-1.set,1,886,batch_0014.npy
sub-15,sub-15_ses-1.set,2,887,batch_0014.npy
sub-15,sub-15_ses-1.set,3,888,batch_0014.npy
sub-15,sub-15_ses-1.set,4,889,batch_0014.npy
sub-15,sub-15_ses-1.set,5,890,batch_0014.npy
sub-15,sub-15_ses-1.set,6,891,batch_0014.npy
sub-15,sub-15_ses-1.set,7,892,batch_0014.npy
sub-15,sub-15_ses-1.set,8,893,batch_0014.npy
sub-15,sub-15_ses-1.set,9,894,batch_0014.npy
sub-15,sub-15_ses-1.set,10,895,batch_0014.npy
sub-15,sub-15_ses-1.set,11,896,batch_0014.npy
sub-15,sub-15_ses-1.set,12,897,batch_0014.npy
sub-15,sub-15_ses-1.set,13,898,batch_0014.npy
sub-15,sub-15_ses-1.set,14,899,batch_0014.npy
sub-15,sub-15_ses-1.set,15,900,batch_0014.npy
sub-15,sub-15_ses-1.set,16,901,batch_0014.npy
sub-15,sub-15_ses-1.set,17,902,batch_0014.npy
sub-15,sub-15_ses-1.set,18,903,batch_0014.npy
sub-15,sub-15_ses-1.set,19,904,batch_0014.npy
sub-15,sub-15_ses-1.set,20,905,batch_0014.npy
sub-15,sub-15_ses-1.set,21,906,batch_0014.npy
sub-15,sub-15_ses-1.set,22,907,batch_0014.npy
sub-15,sub-15_ses-1.set,23,908,batch_0014.npy
sub-15,sub-15_ses-1.set,24,909,batch_0014.npy
sub-15,sub-15_ses-1.set,25,910,batch_0014.npy
sub-15,sub-15_ses-1.set,26,911,batch_0014.npy
sub-15,sub-15_ses-1.set,27,912,batch_0014.npy
sub-15,sub-15_ses-1.set,28,913,batch_0014.npy
sub-15,sub-15_ses-1.set,29,914,batch_0014.npy
sub-15,sub-15_ses-1.set,30,915,batch_0014.npy
sub-15,sub-15_ses-1.set,31,916,batch_0014.npy
sub-15,sub-15_ses-1.set,32,917,batch_0014.npy
sub-15,sub-15_ses-1.set,33,918,batch_0014.npy
sub-15,sub-15_ses-1.set,34,919,batch_0014.npy
sub-15,sub-15_ses-1.set,35,920,batch_0014.npy
sub-15,sub-15_ses-1.set,36,921,batch_0014.npy
sub-15,sub-15_ses-1.set,37,922,batch_0014.npy
sub-15,sub-15_ses-1.set,38,923,batch_0014.npy
sub-15,sub-15_ses-1.set,39,924,batch_0014.npy
sub-15,sub-15_ses-1.set,40,925,batch_0014.npy
sub-15,sub-15_ses-1.set,41,926,batch_0014.npy
sub-15,sub-15_ses-1.set,42,927,batch_0014.npy
sub-15,sub-15_ses-1.set,43,928,batch_0014.npy
sub-15,sub-15_ses-1.set,44,929,batch_0014.npy
sub-15,sub-15_ses-1.set,45,930,batch_0014.npy
sub-15,sub-15_ses-1.set,46,931,batch_0014.npy
sub-15,sub-15_ses-1.set,47,932,batch_0014.npy
sub-15,sub-15_ses-1.set,48,933,batch_0014.npy
sub-15,sub-15_ses-1.set,49,934,batch_0014.npy
sub-15,sub-15_ses-1.set,50,935,batch_0014.npy
sub-15,sub-15_ses-1.set,51,936,batch_0014.npy
sub-15,sub-15_ses-1.set,52,937,batch_0014.npy
sub-15,sub-15_ses-1.set,53,938,batch_0014.npy
sub-15,sub-15_ses-1.set,54,939,batch_0014.npy
sub-15,sub-15_ses-1.set,55,940,batch_0014.npy
sub-15,sub-15_ses-1.set,56,941,batch_0014.npy
sub-15,sub-15_ses-1.set,57,942,batch_0014.npy
sub-15,sub-15_ses-1.set,58,943,batch_0014.npy
sub-15,sub-15_ses-1.set,59,944,batch_0014.npy
sub-15,sub-15_ses-1.set,60,945,batch_0014.npy
sub-15,sub-15_ses-1.set,61,946,batch_0014.npy
sub-15,sub-15_ses-1.set,62,947,batch_0014.npy
sub-15,sub-15_ses-1.set,63,948,batch_0014.npy
sub-15,sub-15_ses-1.set,64,949,batch_0014.npy
sub-15,sub-15_ses-1.set,65,950,batch_0014.npy
sub-15,sub-15_ses-1.set,66,951,batch_0014.npy
sub-15,sub-15_ses-1.set,67,952,batch_0014.npy
sub-15,sub-15_ses-1.set,68,953,batch_0014.npy
sub-15,sub-15_ses-1.set,69,954,batch_0014.npy
sub-15,sub-15_ses-1.set,70,955,batch_0014.npy
sub-15,sub-15_ses-1.set,71,956,batch_0014.npy
sub-15,sub-15_ses-1.set,72,957,batch_0014.npy
sub-16,sub-16_ses-1.set,0,958,batch_0015.npy
sub-16,sub-16_ses-1.set,1,959,batch_0015.npy
sub-16,sub-16_ses-1.set,2,960,batch_0015.npy
sub-16,sub-16_ses-1.set,3,961,batch_0015.npy
sub-16,sub-16_ses-1.set,4,962,batch_0015.npy
sub-16,sub-16_ses-1.set,5,963,batch_0015.npy
sub-16,sub-16_ses-1.set,6,964,batch_0015.npy
sub-16,sub-16_ses-1.set,7,965,batch_0015.npy
sub-16,sub-16_ses-1.set,8,966,batch_0015.npy
sub-16,sub-16_ses-1.set,9,967,batch_0015.npy
sub-16,sub-16_ses-1.set,10,968,batch_0015.npy
sub-16,sub-16_ses-1.set,11,969,batch_0015.npy
sub-16,sub-16_ses-1.set,12,970,batch_0015.npy
sub-16,sub-16_ses-1.set,13,971,batch_0015.npy
sub-16,sub-16_ses-1.set,14,972,batch_0015.npy
sub-16,sub-16_ses-1.set,15,973,batch_0015.npy
sub-16,sub-16_ses-1.set,16,974,batch_0015.npy
sub-16,sub-16_ses-1.set,17,975,batch_0015.npy
sub-16,sub-16_ses-1.set,18,976,batch_0015.npy
sub-16,sub-16_ses-1.set,19,977,batch_0015.npy
sub-16,sub-16_ses-1.set,20,978,batch_0015.npy
sub-16,sub-16_ses-1.set,21,979,batch_0015.npy
sub-16,sub-16_ses-1.set,22,980,batch_0015.npy
sub-16,sub-16_ses-1.set,23,981,batch_0015.npy
sub-16,sub-16_ses-1.set,24,982,batch_0015.npy
sub-16,sub-16_ses-1.set,25,983,batch_0015.npy
sub-16,sub-16_ses-1.set,26,984,batch_0015.npy
sub-16,sub-16_ses-1.set,27,985,batch_0015.npy
sub-16,sub-16_ses-1.set,28,986,batch_0015.npy
sub-16,sub-16_ses-1.set,29,987,batch_0015.npy
sub-16,sub-16_ses-1.set,30,988,batch_0015.npy
sub-16,sub-16_ses-1.set,31,989,batch_0015.npy
sub-16,sub-16_ses-1.set,32,990,batch_0015.npy
sub-16,sub-16_ses-1.set,33,991,batch_0015.npy
sub-16,sub-16_ses-1.set,34,992,batch_0015.npy
sub-16,sub-16_ses-1.set,35,993,batch_0015.npy
sub-16,sub-16_ses-1.set,36,994,batch_0015.npy
sub-16,sub-16_ses-1.set,37,995,batch_0015.npy
sub-16,sub-16_ses-1.set,38,996,batch_0015.npy
sub-16,sub-16_ses-1.set,39,997,batch_0015.npy
sub-16,sub-16_ses-1.set,40,998,batch_0015.npy
sub-16,sub-16_ses-1.set,41,999,batch_0015.npy
sub-16,sub-16_ses-1.set,42,1000,batch_0015.npy
sub-16,sub-16_ses-1.set,43,1001,batch_0015.npy
sub-16,sub-16_ses-1.set,44,1002,batch_0015.npy
sub-16,sub-16_ses-1.set,45,1003,batch_0015.npy
sub-16,sub-16_ses-1.set,46,1004,batch_0015.npy
sub-16,sub-16_ses-1.set,47,1005,batch_0015.npy
sub-16,sub-16_ses-1.set,48,1006,batch_0015.npy
sub-16,sub-16_ses-1.set,49,1007,batch_0015.npy
sub-16,sub-16_ses-1.set,50,1008,batch_0015.npy
sub-16,sub-16_ses-1.set,51,1009,batch_0015.npy
sub-16,sub-16_ses-1.set,52,1010,batch_0015.npy
sub-16,sub-16_ses-1.set,53,1011,batch_0015.npy
sub-16,sub-16_ses-1.set,54,1012,batch_0015.npy
sub-16,sub-16_ses-1.set,55,1013,batch_0015.npy
sub-16,sub-16_ses-1.set,56,1014,batch_0015.npy
sub-16,sub-16_ses-1.set,57,1015,batch_0015.npy
sub-16,sub-16_ses-1.set,58,1016,batch_0015.npy
sub-16,sub-16_ses-1.set,59,1017,batch_0015.npy
sub-16,sub-16_ses-1.set,60,1018,batch_0015.npy
sub-16,sub-16_ses-1.set,61,1019,batch_0015.npy
sub-16,sub-16_ses-1.set,62,1020,batch_0015.npy
sub-16,sub-16_ses-1.set,63,1021,batch_0015.npy
sub-16,sub-16_ses-1.set,64,1022,batch_0015.npy
sub-16,sub-16_ses-1.set,65,1023,batch_0015.npy
sub-16,sub-16_ses-1.set,66,1024,batch_0015.npy
sub-16,sub-16_ses-1.set,67,1025,batch_0015.npy
sub-16,sub-16_ses-1.set,68,1026,batch_0015.npy
sub-16,sub-16_ses-1.set,69,1027,batch_0015.npy
sub-16,sub-16_ses-1.set,70,1028,batch_0015.npy
sub-16,sub-16_ses-1.set,71,1029,batch_0015.npy
sub-17,sub-17_ses-1.set,0,1030,batch_0016.npy
sub-17,sub-17_ses-1.set,1,1031,batch_0016.npy
sub-17,sub-17_ses-1.set,2,1032,batch_0016.npy
sub-17,sub-17_ses-1.set,3,1033,batch_0016.npy
sub-17,sub-17_ses-1.set,4,1034,batch_0016.npy
sub-17,sub-17_ses-1.set,5,1035,batch_0016.npy
sub-17,sub-17_ses-1.set,6,1036,batch_0016.npy
sub-17,sub-17_ses-1.set,7,1037,batch_0016.npy
sub-17,sub-17_ses-1.set,8,1038,batch_0016.npy
sub-17,sub-17_ses-1.set,9,1039,batch_0016.npy
sub-17,sub-17_ses-1.set,10,1040,batch_0016.npy
sub-17,sub-17_ses-1.set,11,1041,batch_0016.npy
sub-17,sub-17_ses-1.set,12,1042,batch_0016.npy
sub-17,sub-17_ses-1.set,13,1043,batch_0016.npy
sub-17,sub-17_ses-1.set,14,1044,batch_0016.npy
sub-17,sub-17_ses-1.set,15,1045,batch_0016.npy
sub-17,sub-17_ses-1.set,16,1046,batch_0016.npy
sub-17,sub-17_ses-1.set,17,1047,batch_0016.npy
sub-17,sub-17_ses-1.set,18,1048,batch_0016.npy
sub-17,sub-17_ses-1.set,19,1049,batch_0016.npy
sub-17,sub-17_ses-1.set,20,1050,batch_0016.npy
sub-17,sub-17_ses-1.set,21,1051,batch_0016.npy
sub-17,sub-17_ses-1.set,22,1052,batch_0016.npy
sub-17,sub-17_ses-1.set,23,1053,batch_0016.npy
sub-17,sub-17_ses-1.set,24,1054,batch_0016.npy
sub-17,sub-17_ses-1.set,25,1055,batch_0016.npy
sub-17,sub-17_ses-1.set,26,1056,batch_0016.npy
sub-17,sub-17_ses-1.set,27,1057,batch_0016.npy
sub-17,sub-17_ses-1.set,28,1058,batch_0016.npy
sub-17,sub-17_ses-1.set,29,1059,batch_0016.npy
sub-17,sub-17_ses-1.set,30,1060,batch_0016.npy
sub-17,sub-17_ses-1.set,31,1061,batch_0016.npy
sub-17,sub-17_ses-1.set,32,1062,batch_0016.npy
sub-17,sub-17_ses-1.set,33,1063,batch_0016.npy
sub-17,sub-17_ses-1.set,34,1064,batch_0016.npy
sub-17,sub-17_ses-1.set,35,1065,batch_0016.npy
sub-17,sub-17_ses-1.set,36,1066,batch_0016.npy
sub-17,sub-17_ses-1.set,37,1067,batch_0016.npy
sub-17,sub-17_ses-1.set,38,1068,batch_0016.npy
sub-17,sub-17_ses-1.set,39,1069,batch_0016.npy
sub-17,sub-17_ses-1.set,40,1070,batch_0016.npy
sub-17,sub-17_ses-1.set,41,1071,batch_0016.npy
sub-17,sub-17_ses-1.set,42,1072,batch_0016.npy
sub-17,sub-17_ses-1.set,43,1073,batch_0016.npy
sub-17,sub-17_ses-1.set,44,1074,batch_0016.npy
sub-17,sub-17_ses-1.set,45,1075,batch_0016.npy
sub-17,sub-17_ses-1.set,46,1076,batch_0016.npy
sub-17,sub-17_ses-1.set,47,1077,batch_0016.npy
sub-17,sub-17_ses-1.set,48,1078,batch_0016.npy
sub-17,sub-17_ses-1.set,49,1079,batch_0016.npy
sub-17,sub-17_ses-1.set,50,1080,batch_0016.npy
sub-17,sub-17_ses-1.set,51,1081,batch_0016.npy
sub-17,sub-17_ses-1.set,52,1082,batch_0016.npy
sub-17,sub-17_ses-1.set,53,1083,batch_0016.npy
sub-17,sub-17_ses-1.set,54,1084,batch_0016.npy
sub-17,sub-17_ses-1.set,55,1085,batch_0016.npy
sub-17,sub-17_ses-1.set,56,1086,batch_0016.npy
sub-17,sub-17_ses-1.set,57,1087,batch_0016.npy
sub-17,sub-17_ses-1.set,58,1088,batch_0016.npy
sub-17,sub-17_ses-1.set,59,1089,batch_0016.npy
sub-17,sub-17_ses-1.set,60,1090,batch_0016.npy
sub-17,sub-17_ses-1.set,61,1091,batch_0016.npy
sub-17,sub-17_ses-1.set,62,1092,batch_0016.npy
sub-17,sub-17_ses-1.set,63,1093,batch_0016.npy
sub-17,sub-17_ses-1.set,64,1094,batch_0016.npy
sub-17,sub-17_ses-1.set,65,1095,batch_0016.npy
sub-17,sub-17_ses-1.set,66,1096,batch_0016.npy
sub-17,sub-17_ses-1.set,67,1097,batch_0016.npy
sub-17,sub-17_ses-1.set,68,1098,batch_0016.npy
sub-17,sub-17_ses-1.set,69,1099,batch_0016.npy
sub-17,sub-17_ses-1.set,70,1100,batch_0016.npy
sub-17,sub-17_ses-1.set,71,1101,batch_0016.npy
sub-17,sub-17_ses-1.set,72,1102,batch_0016.npy
sub-18,sub-18_ses-1.set,0,1103,batch_0017.npy
sub-18,sub-18_ses-1.set,1,1104,batch_0017.npy
sub-18,sub-18_ses-1.set,2,1105,batch_0017.npy
sub-18,sub-18_ses-1.set,3,1106,batch_0017.npy
sub-18,sub-18_ses-1.set,4,1107,batch_0017.npy
sub-18,sub-18_ses-1.set,5,1108,batch_0017.npy
sub-18,sub-18_ses-1.set,6,1109,batch_0017.npy
sub-18,sub-18_ses-1.set,7,1110,batch_0017.npy
sub-18,sub-18_ses-1.set,8,1111,batch_0017.npy
sub-18,sub-18_ses-1.set,9,1112,batch_0017.npy
sub-18,sub-18_ses-1.set,10,1113,batch_0017.npy
sub-18,sub-18_ses-1.set,11,1114,batch_0017.npy
sub-18,sub-18_ses-1.set,12,1115,batch_0017.npy
sub-18,sub-18_ses-1.set,13,1116,batch_0017.npy
sub-18,sub-18_ses-1.set,14,1117,batch_0017.npy
sub-18,sub-18_ses-1.set,15,1118,batch_0017.npy
sub-18,sub-18_ses-1.set,16,1119,batch_0017.npy
sub-18,sub-18_ses-1.set,17,1120,batch_0017.npy
sub-18,sub-18_ses-1.set,18,1121,batch_0017.npy
sub-18,sub-18_ses-1.set,19,1122,batch_0017.npy
sub-18,sub-18_ses-1.set,20,1123,batch_0017.npy
sub-18,sub-18_ses-1.set,21,1124,batch_0017.npy
sub-18,sub-18_ses-1.set,22,1125,batch_0017.npy
sub-18,sub-18_ses-1.set,23,1126,batch_0017.npy
sub-18,sub-18_ses-1.set,24,1127,batch_0017.npy
sub-18,sub-18_ses-1.set,25,1128,batch_0017.npy
sub-18,sub-18_ses-1.set,26,1129,batch_0017.npy
sub-18,sub-18_ses-1.set,27,1130,batch_0017.npy
sub-18,sub-18_ses-1.set,28,1131,batch_0017.npy
sub-18,sub-18_ses-1.set,29,1132,batch_0017.npy
sub-18,sub-18_ses-1.set,30,1133,batch_0017.npy
sub-18,sub-18_ses-1.set,31,1134,batch_0017.npy
sub-18,sub-18_ses-1.set,32,1135,batch_0017.npy
sub-18,sub-18_ses-1.set,33,1136,batch_0017.npy
sub-18,sub-18_ses-1.set,34,1137,batch_0017.npy
sub-18,sub-18_ses-1.set,35,1138,batch_0017.npy
sub-18,sub-18_ses-1.set,36,1139,batch_0017.npy
sub-18,sub-18_ses-1.set,37,1140,batch_0017.npy
sub-18,sub-18_ses-1.set,38,1141,batch_0017.npy
sub-18,sub-18_ses-1.set,39,1142,batch_0017.npy
sub-18,sub-18_ses-1.set,40,1143,batch_0017.npy
sub-18,sub-18_ses-1.set,41,1144,batch_0017.npy
sub-18,sub-18_ses-1.set,42,1145,batch_0017.npy
sub-18,sub-18_ses-1.set,43,1146,batch_0017.npy
sub-18,sub-18_ses-1.set,44,1147,batch_0017.npy
sub-18,sub-18_ses-1.set,45,1148,batch_0017.npy
sub-18,sub-18_ses-1.set,46,1149,batch_0017.npy
sub-18,sub-18_ses-1.set,47,1150,batch_0017.npy
sub-18,sub-18_ses-1.set,48,1151,batch_0017.npy
sub-18,sub-18_ses-1.set,49,1152,batch_0017.npy
sub-18,sub-18_ses-1.set,50,1153,batch_0017.npy
sub-18,sub-18_ses-1.set,51,1154,batch_0017.npy
sub-18,sub-18_ses-1.set,52,1155,batch_0017.npy
sub-18,sub-18_ses-1.set,53,1156,batch_0017.npy
sub-18,sub-18_ses-1.set,54,1157,batch_0017.npy
sub-18,sub-18_ses-1.set,55,1158,batch_0017.npy
sub-18,sub-18_ses-1.set,56,1159,batch_0017.npy
sub-18,sub-18_ses-1.set,57,1160,batch_0017.npy
sub-18,sub-18_ses-1.set,58,1161,batch_0017.npy
sub-18,sub-18_ses-1.set,59,1162,batch_0017.npy
sub-18,sub-18_ses-1.set,60,1163,batch_0017.npy
sub-18,sub-18_ses-1.set,61,1164,batch_0017.npy
sub-18,sub-18_ses-1.set,62,1165,batch_0017.npy
sub-18,sub-18_ses-1.set,63,1166,batch_0017.npy
sub-18,sub-18_ses-1.set,64,1167,batch_0017.npy
sub-18,sub-18_ses-1.set,65,1168,batch_0017.npy
sub-18,sub-18_ses-1.set,66,1169,batch_0017.npy
sub-18,sub-18_ses-1.set,67,1170,batch_0017.npy
sub-18,sub-18_ses-1.set,68,1171,batch_0017.npy
sub-18,sub-18_ses-1.set,69,1172,batch_0017.npy
sub-18,sub-18_ses-1.set,70,1173,batch_0017.npy
sub-18,sub-18_ses-1.set,71,1174,batch_0017.npy
sub-18,sub-18_ses-1.set,72,1175,batch_0017.npy
sub-19,sub-19_ses-1.set,0,1176,batch_0018.npy
sub-19,sub-19_ses-1.set,1,1177,batch_0018.npy
sub-19,sub-19_ses-1.set,2,1178,batch_0018.npy
sub-19,sub-19_ses-1.set,3,1179,batch_0018.npy
sub-19,sub-19_ses-1.set,4,1180,batch_0018.npy
sub-19,sub-19_ses-1.set,5,1181,batch_0018.npy
sub-19,sub-19_ses-1.set,6,1182,batch_0018.npy
sub-19,sub-19_ses-1.set,7,1183,batch_0018.npy
sub-19,sub-19_ses-1.set,8,1184,batch_0018.npy
sub-19,sub-19_ses-1.set,9,1185,batch_0018.npy
sub-19,sub-19_ses-1.set,10,1186,batch_0018.npy
sub-19,sub-19_ses-1.set,11,1187,batch_0018.npy
sub-19,sub-19_ses-1.set,12,1188,batch_0018.npy
sub-19,sub-19_ses-1.set,13,1189,batch_0018.npy
sub-19,sub-19_ses-1.set,14,1190,batch_0018.npy
sub-19,sub-19_ses-1.set,15,1191,batch_0018.npy
sub-19,sub-19_ses-1.set,16,1192,batch_0018.npy
sub-19,sub-19_ses-1.set,17,1193,batch_0018.npy
sub-19,sub-19_ses-1.set,18,1194,batch_0018.npy
sub-19,sub-19_ses-1.set,19,1195,batch_0018.npy
sub-19,sub-19_ses-1.set,20,1196,batch_0018.npy
sub-19,sub-19_ses-1.set,21,1197,batch_0018.npy
sub-19,sub-19_ses-1.set,22,1198,batch_0018.npy
sub-19,sub-19_ses-1.set,23,1199,batch_0018.npy
sub-19,sub-19_ses-1.set,24,1200,batch_0018.npy
sub-19,sub-19_ses-1.set,25,1201,batch_0018.npy
sub-19,sub-19_ses-1.set,26,1202,batch_0018.npy
sub-19,sub-19_ses-1.set,27,1203,batch_0018.npy
sub-19,sub-19_ses-1.set,28,1204,batch_0018.npy
sub-19,sub-19_ses-1.set,29,1205,batch_0018.npy
sub-19,sub-19_ses-1.set,30,1206,batch_0018.npy
sub-19,sub-19_ses-1.set,31,1207,batch_0018.npy
sub-19,sub-19_ses-1.set,32,1208,batch_0018.npy
sub-19,sub-19_ses-1.set,33,1209,batch_0018.npy
sub-19,sub-19_ses-1.set,34,1210,batch_0018.npy
sub-19,sub-19_ses-1.set,35,1211,batch_0018.npy
sub-19,sub-19_ses-1.set,36,1212,batch_0018.npy
sub-19,sub-19_ses-1.set,37,1213,batch_0018.npy
sub-19,sub-19_ses-1.set,38,1214,batch_0018.npy
sub-19,sub-19_ses-1.set,39,1215,batch_0018.npy
sub-19,sub-19_ses-1.set,40,1216,batch_0018.npy
sub-19,sub-19_ses-1.set,41,1217,batch_0018.npy
sub-19,sub-19_ses-1.set,42,1218,batch_0018.npy
sub-19,sub-19_ses-1.set,43,1219,batch_0018.npy
sub-19,sub-19_ses-1.set,44,1220,batch_0018.npy
sub-19,sub-19_ses-1.set,45,1221,batch_0018.npy
sub-19,sub-19_ses-1.set,46,1222,batch_0018.npy
sub-19,sub-19_ses-1.set,47,1223,batch_0018.npy
sub-19,sub-19_ses-1.set,48,1224,batch_0018.npy
sub-19,sub-19_ses-1.set,49,1225,batch_0018.npy
sub-19,sub-19_ses-1.set,50,1226,batch_0018.npy
sub-19,sub-19_ses-1.set,51,1227,batch_0018.npy
sub-19,sub-19_ses-1.set,52,1228,batch_0018.npy
sub-19,sub-19_ses-1.set,53,1229,batch_0018.npy
sub-19,sub-19_ses-1.set,54,1230,batch_0018.npy
sub-19,sub-19_ses-1.set,55,1231,batch_0018.npy
sub-19,sub-19_ses-1.set,56,1232,batch_0018.npy
sub-19,sub-19_ses-1.set,57,1233,batch_0018.npy
sub-19,sub-19_ses-1.set,58,1234,batch_0018.npy
sub-19,sub-19_ses-1.set,59,1235,batch_0018.npy
sub-19,sub-19_ses-1.set,60,1236,batch_0018.npy
sub-19,sub-19_ses-1.set,61,1237,batch_0018.npy
sub-19,sub-19_ses-1.set,62,1238,batch_0018.npy
sub-19,sub-19_ses-1.set,63,1239,batch_0018.npy
sub-19,sub-19_ses-1.set,64,1240,batch_0018.npy
sub-19,sub-19_ses-1.set,65,1241,batch_0018.npy
sub-19,sub-19_ses-1.set,66,1242,batch_0018.npy
sub-19,sub-19_ses-1.set,67,1243,batch_0018.npy
sub-19,sub-19_ses-1.set,68,1244,batch_0018.npy
sub-19,sub-19_ses-1.set,69,1245,batch_0018.npy
sub-19,sub-19_ses-1.set,70,1246,batch_0018.npy
sub-19,sub-19_ses-1.set,71,1247,batch_0018.npy
sub-20,sub-20_ses-1.set,0,1248,batch_0019.npy
sub-20,sub-20_ses-1.set,1,1249,batch_0019.npy
sub-20,sub-20_ses-1.set,2,1250,batch_0019.npy
sub-20,sub-20_ses-1.set,3,1251,batch_0019.npy
sub-20,sub-20_ses-1.set,4,1252,batch_0019.npy
sub-20,sub-20_ses-1.set,5,1253,batch_0019.npy
sub-20,sub-20_ses-1.set,6,1254,batch_0019.npy
sub-20,sub-20_ses-1.set,7,1255,batch_0019.npy
sub-20,sub-20_ses-1.set,8,1256,batch_0019.npy
sub-20,sub-20_ses-1.set,9,1257,batch_0019.npy
sub-20,sub-20_ses-1.set,10,1258,batch_0019.npy
sub-20,sub-20_ses-1.set,11,1259,batch_0019.npy
sub-20,sub-20_ses-1.set,12,1260,batch_0019.npy
sub-20,sub-20_ses-1.set,13,1261,batch_0019.npy
sub-20,sub-20_ses-1.set,14,1262,batch_0019.npy
sub-20,sub-20_ses-1.set,15,1263,batch_0019.npy
sub-20,sub-20_ses-1.set,16,1264,batch_0019.npy
sub-20,sub-20_ses-1.set,17,1265,batch_0019.npy
sub-20,sub-20_ses-1.set,18,1266,batch_0019.npy
sub-20,sub-20_ses-1.set,19,1267,batch_0019.npy
sub-20,sub-20_ses-1.set,20,1268,batch_0019.npy
sub-20,sub-20_ses-1.set,21,1269,batch_0019.npy
sub-20,sub-20_ses-1.set,22,1270,batch_0019.npy
sub-20,sub-20_ses-1.set,23,1271,batch_0019.npy
sub-20,sub-20_ses-1.set,24,1272,batch_0019.npy
sub-20,sub-20_ses-1.set,25,1273,batch_0019.npy
sub-20,sub-20_ses-1.set,26,1274,batch_0019.npy
sub-20,sub-20_ses-1.set,27,1275,batch_0019.npy
sub-20,sub-20_ses-1.set,28,1276,batch_0019.npy
sub-20,sub-20_ses-1.set,29,1277,batch_0019.npy
sub-20,sub-20_ses-1.set,30,1278,batch_0019.npy
sub-20,sub-20_ses-1.set,31,1279,batch_0019.npy
sub-20,sub-20_ses-1.set,32,1280,batch_0019.npy
sub-20,sub-20_ses-1.set,33,1281,batch_0019.npy
sub-20,sub-20_ses-1.set,34,1282,batch_0019.npy
sub-20,sub-20_ses-1.set,35,1283,batch_0019.npy
sub-20,sub-20_ses-1.set,36,1284,batch_0019.npy
sub-20,sub-20_ses-1.set,37,1285,batch_0019.npy
sub-20,sub-20_ses-1.set,38,1286,batch_0019.npy
sub-20,sub-20_ses-1.set,39,1287,batch_0019.npy
sub-20,sub-20_ses-1.set,40,1288,batch_0019.npy
sub-20,sub-20_ses-1.set,41,1289,batch_0019.npy
sub-20,sub-20_ses-1.set,42,1290,batch_0019.npy
sub-20,sub-20_ses-1.set,43,1291,batch_0019.npy
sub-20,sub-20_ses-1.set,44,1292,batch_0019.npy
sub-20,sub-20_ses-1.set,45,1293,batch_0019.npy
sub-20,sub-20_ses-1.set,46,1294,batch_0019.npy
sub-20,sub-20_ses-1.set,47,1295,batch_0019.npy
sub-20,sub-20_ses-1.set,48,1296,batch_0019.npy
sub-20,sub-20_ses-1.set,49,1297,batch_0019.npy
sub-20,sub-20_ses-1.set,50,1298,batch_0019.npy
sub-20,sub-20_ses-1.set,51,1299,batch_0019.npy
sub-20,sub-20_ses-1.set,52,1300,batch_0019.npy
sub-20,sub-20_ses-1.set,53,1301,batch_0019.npy
sub-20,sub-20_ses-1.set,54,1302,batch_0019.npy
sub-20,sub-20_ses-1.set,55,1303,batch_0019.npy
sub-20,sub-20_ses-1.set,56,1304,batch_0019.npy
sub-20,sub-20_ses-1.set,57,1305,batch_0019.npy
sub-20,sub-20_ses-1.set,58,1306,batch_0019.npy
sub-20,sub-20_ses-1.set,59,1307,batch_0019.npy
sub-20,sub-20_ses-1.set,60,1308,batch_0019.npy
sub-20,sub-20_ses-1.set,61,1309,batch_0019.npy
sub-20,sub-20_ses-1.set,62,1310,batch_0019.npy
sub-20,sub-20_ses-1.set,63,1311,batch_0019.npy
sub-20,sub-20_ses-1.set,64,1312,batch_0019.npy
sub-20,sub-20_ses-1.set,65,1313,batch_0019.npy
sub-20,sub-20_ses-1.set,66,1314,batch_0019.npy
sub-20,sub-20_ses-1.set,67,1315,batch_0019.npy
sub-20,sub-20_ses-1.set,68,1316,batch_0019.npy
sub-20,sub-20_ses-1.set,69,1317,batch_0019.npy
sub-20,sub-20_ses-1.set,70,1318,batch_0019.npy
sub-20,sub-20_ses-1.set,71,1319,batch_0019.npy
sub-20,sub-20_ses-1.set,72,1320,batch_0019.npy
sub-20,sub-20_ses-1.set,73,1321,batch_0019.npy
sub-21,sub-21_ses-1.set,0,1322,batch_0020.npy
sub-21,sub-21_ses-1.set,1,1323,batch_0020.npy
sub-21,sub-21_ses-1.set,2,1324,batch_0020.npy
sub-21,sub-21_ses-1.set,3,1325,batch_0020.npy
sub-21,sub-21_ses-1.set,4,1326,batch_0020.npy
sub-21,sub-21_ses-1.set,5,1327,batch_0020.npy
sub-21,sub-21_ses-1.set,6,1328,batch_0020.npy
sub-21,sub-21_ses-1.set,7,1329,batch_0020.npy
sub-21,sub-21_ses-1.set,8,1330,batch_0020.npy
sub-21,sub-21_ses-1.set,9,1331,batch_0020.npy
sub-21,sub-21_ses-1.set,10,1332,batch_0020.npy
sub-21,sub-21_ses-1.set,11,1333,batch_0020.npy
sub-21,sub-21_ses-1.set,12,1334,batch_0020.npy
sub-21,sub-21_ses-1.set,13,1335,batch_0020.npy
sub-21,sub-21_ses-1.set,14,1336,batch_0020.npy
sub-21,sub-21_ses-1.set,15,1337,batch_0020.npy
sub-21,sub-21_ses-1.set,16,1338,batch_0020.npy
sub-21,sub-21_ses-1.set,17,1339,batch_0020.npy
sub-21,sub-21_ses-1.set,18,1340,batch_0020.npy
sub-21,sub-21_ses-1.set,19,1341,batch_0020.npy
sub-21,sub-21_ses-1.set,20,1342,batch_0020.npy
sub-21,sub-21_ses-1.set,21,1343,batch_0020.npy
sub-21,sub-21_ses-1.set,22,1344,batch_0020.npy
sub-21,sub-21_ses-1.set,23,1345,batch_0020.npy
sub-21,sub-21_ses-1.set,24,1346,batch_0020.npy
sub-21,sub-21_ses-1.set,25,1347,batch_0020.npy
sub-21,sub-21_ses-1.set,26,1348,batch_0020.npy
sub-21,sub-21_ses-1.set,27,1349,batch_0020.npy
sub-21,sub-21_ses-1.set,28,1350,batch_0020.npy
sub-21,sub-21_ses-1.set,29,1351,batch_0020.npy
sub-21,sub-21_ses-1.set,30,1352,batch_0020.npy
sub-21,sub-21_ses-1.set,31,1353,batch_0020.npy
sub-21,sub-21_ses-1.set,32,1354,batch_0020.npy
sub-21,sub-21_ses-1.set,33,1355,batch_0020.npy
sub-21,sub-21_ses-1.set,34,1356,batch_0020.npy
sub-21,sub-21_ses-1.set,35,1357,batch_0020.npy
sub-21,sub-21_ses-1.set,36,1358,batch_0020.npy
sub-21,sub-21_ses-1.set,37,1359,batch_0020.npy
sub-21,sub-21_ses-1.set,38,1360,batch_0020.npy
sub-21,sub-21_ses-1.set,39,1361,batch_0020.npy
sub-21,sub-21_ses-1.set,40,1362,batch_0020.npy
sub-21,sub-21_ses-1.set,41,1363,batch_0020.npy
sub-21,sub-21_ses-1.set,42,1364,batch_0020.npy
sub-21,sub-21_ses-1.set,43,1365,batch_0020.npy
sub-21,sub-21_ses-1.set,44,1366,batch_0020.npy
sub-21,sub-21_ses-1.set,45,1367,batch_0020.npy
sub-21,sub-21_ses-1.set,46,1368,batch_0020.npy
sub-21,sub-21_ses-1.set,47,1369,batch_0020.npy
sub-21,sub-21_ses-1.set,48,1370,batch_0020.npy
sub-21,sub-21_ses-1.set,49,1371,batch_0020.npy
sub-21,sub-21_ses-1.set,50,1372,batch_0020.npy
sub-21,sub-21_ses-1.set,51,1373,batch_0020.npy
sub-21,sub-21_ses-1.set,52,1374,batch_0020.npy
sub-21,sub-21_ses-1.set,53,1375,batch_0020.npy
sub-21,sub-21_ses-1.set,54,1376,batch_0020.npy
sub-21,sub-21_ses-1.set,55,1377,batch_0020.npy
sub-21,sub-21_ses-1.set,56,1378,batch_0020.npy
sub-21,sub-21_ses-1.set,57,1379,batch_0020.npy
sub-21,sub-21_ses-1.set,58,1380,batch_0020.npy
sub-21,sub-21_ses-1.set,59,1381,batch_0020.npy
sub-21,sub-21_ses-1.set,60,1382,batch_0020.npy
sub-21,sub-21_ses-1.set,61,1383,batch_0020.npy
sub-21,sub-21_ses-1.set,62,1384,batch_0020.npy
sub-22,sub-22_ses-1.set,0,1385,batch_0021.npy
sub-22,sub-22_ses-1.set,1,1386,batch_0021.npy
sub-22,sub-22_ses-1.set,2,1387,batch_0021.npy
sub-22,sub-22_ses-1.set,3,1388,batch_0021.npy
sub-22,sub-22_ses-1.set,4,1389,batch_0021.npy
sub-22,sub-22_ses-1.set,5,1390,batch_0021.npy
sub-22,sub-22_ses-1.set,6,1391,batch_0021.npy
sub-22,sub-22_ses-1.set,7,1392,batch_0021.npy
sub-22,sub-22_ses-1.set,8,1393,batch_0021.npy
sub-22,sub-22_ses-1.set,9,1394,batch_0021.npy
sub-22,sub-22_ses-1.set,10,1395,batch_0021.npy
sub-22,sub-22_ses-1.set,11,1396,batch_0021.npy
sub-22,sub-22_ses-1.set,12,1397,batch_0021.npy
sub-22,sub-22_ses-1.set,13,1398,batch_0021.npy
sub-22,sub-22_ses-1.set,14,1399,batch_0021.npy
sub-22,sub-22_ses-1.set,15,1400,batch_0021.npy
sub-22,sub-22_ses-1.set,16,1401,batch_0021.npy
sub-22,sub-22_ses-1.set,17,1402,batch_0021.npy
sub-22,sub-22_ses-1.set,18,1403,batch_0021.npy
sub-22,sub-22_ses-1.set,19,1404,batch_0021.npy
sub-22,sub-22_ses-1.set,20,1405,batch_0021.npy
sub-22,sub-22_ses-1.set,21,1406,batch_0021.npy
sub-22,sub-22_ses-1.set,22,1407,batch_0021.npy
sub-22,sub-22_ses-1.set,23,1408,batch_0021.npy
sub-22,sub-22_ses-1.set,24,1409,batch_0021.npy
sub-22,sub-22_ses-1.set,25,1410,batch_0021.npy
sub-22,sub-22_ses-1.set,26,1411,batch_0021.npy
sub-22,sub-22_ses-1.set,27,1412,batch_0021.npy
sub-22,sub-22_ses-1.set,28,1413,batch_0021.npy
sub-22,sub-22_ses-1.set,29,1414,batch_0021.npy
sub-22,sub-22_ses-1.set,30,1415,batch_0021.npy
sub-22,sub-22_ses-1.set,31,1416,batch_0021.npy
sub-22,sub-22_ses-1.set,32,1417,batch_0021.npy
sub-22,sub-22_ses-1.set,33,1418,batch_0021.npy
sub-22,sub-22_ses-1.set,34,1419,batch_0021.npy
sub-22,sub-22_ses-1.set,35,1420,batch_0021.npy
sub-22,sub-22_ses-1.set,36,1421,batch_0021.npy
sub-22,sub-22_ses-1.set,37,1422,batch_0021.npy
sub-22,sub-22_ses-1.set,38,1423,batch_0021.npy
sub-22,sub-22_ses-1.set,39,1424,batch_0021.npy
sub-22,sub-22_ses-1.set,40,1425,batch_0021.npy
sub-22,sub-22_ses-1.set,41,1426,batch_0021.npy
sub-22,sub-22_ses-1.set,42,1427,batch_0021.npy
sub-22,sub-22_ses-1.set,43,1428,batch_0021.npy
sub-22,sub-22_ses-1.set,44,1429,batch_0021.npy
sub-22,sub-22_ses-1.set,45,1430,batch_0021.npy
sub-22,sub-22_ses-1.set,46,1431,batch_0021.npy
sub-22,sub-22_ses-1.set,47,1432,batch_0021.npy
sub-22,sub-22_ses-1.set,48,1433,batch_0021.npy
sub-22,sub-22_ses-1.set,49,1434,batch_0021.npy
sub-22,sub-22_ses-1.set,50,1435,batch_0021.npy
sub-22,sub-22_ses-1.set,51,1436,batch_0021.npy
sub-22,sub-22_ses-1.set,52,1437,batch_0021.npy
sub-22,sub-22_ses-1.set,53,1438,batch_0021.npy
sub-22,sub-22_ses-1.set,54,1439,batch_0021.npy
sub-22,sub-22_ses-1.set,55,1440,batch_0021.npy
sub-22,sub-22_ses-1.set,56,1441,batch_0021.npy
sub-22,sub-22_ses-1.set,57,1442,batch_0021.npy
sub-22,sub-22_ses-1.set,58,1443,batch_0021.npy
sub-22,sub-22_ses-1.set,59,1444,batch_0021.npy
sub-22,sub-22_ses-1.set,60,1445,batch_0021.npy
sub-22,sub-22_ses-1.set,61,1446,batch_0021.npy
sub-22,sub-22_ses-1.set,62,1447,batch_0021.npy
sub-22,sub-22_ses-1.set,63,1448,batch_0021.npy
sub-22,sub-22_ses-1.set,64,1449,batch_0021.npy
sub-22,sub-22_ses-1.set,65,1450,batch_0021.npy
sub-22,sub-22_ses-1.set,66,1451,batch_0021.npy
sub-22,sub-22_ses-1.set,67,1452,batch_0021.npy
sub-22,sub-22_ses-1.set,68,1453,batch_0021.npy
sub-22,sub-22_ses-1.set,69,1454,batch_0021.npy
sub-22,sub-22_ses-1.set,70,1455,batch_0021.npy
sub-22,sub-22_ses-1.set,71,1456,batch_0021.npy
sub-22,sub-22_ses-1.set,72,1457,batch_0021.npy
sub-23,sub-23_ses-1.set,0,1458,batch_0022.npy
sub-23,sub-23_ses-1.set,1,1459,batch_0022.npy
sub-23,sub-23_ses-1.set,2,1460,batch_0022.npy
sub-23,sub-23_ses-1.set,3,1461,batch_0022.npy
sub-23,sub-23_ses-1.set,4,1462,batch_0022.npy
sub-23,sub-23_ses-1.set,5,1463,batch_0022.npy
sub-23,sub-23_ses-1.set,6,1464,batch_0022.npy
sub-23,sub-23_ses-1.set,7,1465,batch_0022.npy
sub-23,sub-23_ses-1.set,8,1466,batch_0022.npy
sub-23,sub-23_ses-1.set,9,1467,batch_0022.npy
sub-23,sub-23_ses-1.set,10,1468,batch_0022.npy
sub-23,sub-23_ses-1.set,11,1469,batch_0022.npy
sub-23,sub-23_ses-1.set,12,1470,batch_0022.npy
sub-23,sub-23_ses-1.set,13,1471,batch_0022.npy
sub-23,sub-23_ses-1.set,14,1472,batch_0022.npy
sub-23,sub-23_ses-1.set,15,1473,batch_0022.npy
sub-23,sub-23_ses-1.set,16,1474,batch_0022.npy
sub-23,sub-23_ses-1.set,17,1475,batch_0022.npy
sub-23,sub-23_ses-1.set,18,1476,batch_0022.npy
sub-23,sub-23_ses-1.set,19,1477,batch_0022.npy
sub-23,sub-23_ses-1.set,20,1478,batch_0022.npy
sub-23,sub-23_ses-1.set,21,1479,batch_0022.npy
sub-23,sub-23_ses-1.set,22,1480,batch_0022.npy
sub-23,sub-23_ses-1.set,23,1481,batch_0022.npy
sub-23,sub-23_ses-1.set,24,1482,batch_0022.npy
sub-23,sub-23_ses-1.set,25,1483,batch_0022.npy
sub-23,sub-23_ses-1.set,26,1484,batch_0022.npy
sub-23,sub-23_ses-1.set,27,1485,batch_0022.npy
sub-23,sub-23_ses-1.set,28,1486,batch_0022.npy
sub-23,sub-23_ses-1.set,29,1487,batch_0022.npy
sub-23,sub-23_ses-1.set,30,1488,batch_0022.npy
sub-23,sub-23_ses-1.set,31,1489,batch_0022.npy
sub-23,sub-23_ses-1.set,32,1490,batch_0022.npy
sub-23,sub-23_ses-1.set,33,1491,batch_0022.npy
sub-23,sub-23_ses-1.set,34,1492,batch_0022.npy
sub-23,sub-23_ses-1.set,35,1493,batch_0022.npy
sub-23,sub-23_ses-1.set,36,1494,batch_0022.npy
sub-23,sub-23_ses-1.set,37,1495,batch_0022.npy
sub-23,sub-23_ses-1.set,38,1496,batch_0022.npy
sub-23,sub-23_ses-1.set,39,1497,batch_0022.npy
sub-23,sub-23_ses-1.set,40,1498,batch_0022.npy
sub-23,sub-23_ses-1.set,41,1499,batch_0022.npy
sub-23,sub-23_ses-1.set,42,1500,batch_0022.npy
sub-23,sub-23_ses-1.set,43,1501,batch_0022.npy
sub-23,sub-23_ses-1.set,44,1502,batch_0022.npy
sub-23,sub-23_ses-1.set,45,1503,batch_0022.npy
sub-23,sub-23_ses-1.set,46,1504,batch_0022.npy
sub-23,sub-23_ses-1.set,47,1505,batch_0022.npy
sub-23,sub-23_ses-1.set,48,1506,batch_0022.npy
sub-23,sub-23_ses-1.set,49,1507,batch_0022.npy
sub-23,sub-23_ses-1.set,50,1508,batch_0022.npy
sub-23,sub-23_ses-1.set,51,1509,batch_0022.npy
sub-23,sub-23_ses-1.set,52,1510,batch_0022.npy
sub-23,sub-23_ses-1.set,53,1511,batch_0022.npy
sub-23,sub-23_ses-1.set,54,1512,batch_0022.npy
sub-23,sub-23_ses-1.set,55,1513,batch_0022.npy
sub-23,sub-23_ses-1.set,56,1514,batch_0022.npy
sub-23,sub-23_ses-1.set,57,1515,batch_0022.npy
sub-23,sub-23_ses-1.set,58,1516,batch_0022.npy
sub-23,sub-23_ses-1.set,59,1517,batch_0022.npy
sub-23,sub-23_ses-1.set,60,1518,batch_0022.npy
sub-23,sub-23_ses-1.set,61,1519,batch_0022.npy
sub-23,sub-23_ses-1.set,62,1520,batch_0022.npy
sub-23,sub-23_ses-1.set,63,1521,batch_0022.npy
sub-23,sub-23_ses-1.set,64,1522,batch_0022.npy
sub-23,sub-23_ses-1.set,65,1523,batch_0022.npy
sub-23,sub-23_ses-1.set,66,1524,batch_0022.npy
sub-23,sub-23_ses-1.set,67,1525,batch_0022.npy
sub-23,sub-23_ses-1.set,68,1526,batch_0022.npy
sub-23,sub-23_ses-1.set,69,1527,batch_0022.npy
sub-23,sub-23_ses-1.set,70,1528,batch_0022.npy
sub-23,sub-23_ses-1.set,71,1529,batch_0022.npy
sub-23,sub-23_ses-1.set,72,1530,batch_0022.npy
sub-23,sub-23_ses-1.set,73,1531,batch_0022.npy
sub-24,sub-24_ses-1.set,0,1532,batch_0023.npy
sub-24,sub-24_ses-1.set,1,1533,batch_0023.npy
sub-24,sub-24_ses-1.set,2,1534,batch_0023.npy
sub-24,sub-24_ses-1.set,3,1535,batch_0023.npy
sub-24,sub-24_ses-1.set,4,1536,batch_0023.npy
sub-24,sub-24_ses-1.set,5,1537,batch_0023.npy
sub-24,sub-24_ses-1.set,6,1538,batch_0023.npy
sub-24,sub-24_ses-1.set,7,1539,batch_0023.npy
sub-24,sub-24_ses-1.set,8,1540,batch_0023.npy
sub-24,sub-24_ses-1.set,9,1541,batch_0023.npy
sub-24,sub-24_ses-1.set,10,1542,batch_0023.npy
sub-24,sub-24_ses-1.set,11,1543,batch_0023.npy
sub-24,sub-24_ses-1.set,12,1544,batch_0023.npy
sub-24,sub-24_ses-1.set,13,1545,batch_0023.npy
sub-24,sub-24_ses-1.set,14,1546,batch_0023.npy
sub-24,sub-24_ses-1.set,15,1547,batch_0023.npy
sub-24,sub-24_ses-1.set,16,1548,batch_0023.npy
sub-24,sub-24_ses-1.set,17,1549,batch_0023.npy
sub-24,sub-24_ses-1.set,18,1550,batch_0023.npy
sub-24,sub-24_ses-1.set,19,1551,batch_0023.npy
sub-24,sub-24_ses-1.set,20,1552,batch_0023.npy
sub-24,sub-24_ses-1.set,21,1553,batch_0023.npy
sub-24,sub-24_ses-1.set,22,1554,batch_0023.npy
sub-24,sub-24_ses-1.set,23,1555,batch_0023.npy
sub-24,sub-24_ses-1.set,24,1556,batch_0023.npy
sub-24,sub-24_ses-1.set,25,1557,batch_0023.npy
sub-24,sub-24_ses-1.set,26,1558,batch_0023.npy
sub-24,sub-24_ses-1.set,27,1559,batch_0023.npy
sub-24,sub-24_ses-1.set,28,1560,batch_0023.npy
sub-24,sub-24_ses-1.set,29,1561,batch_0023.npy
sub-24,sub-24_ses-1.set,30,1562,batch_0023.npy
sub-24,sub-24_ses-1.set,31,1563,batch_0023.npy
sub-24,sub-24_ses-1.set,32,1564,batch_0023.npy
sub-24,sub-24_ses-1.set,33,1565,batch_0023.npy
sub-24,sub-24_ses-1.set,34,1566,batch_0023.npy
sub-24,sub-24_ses-1.set,35,1567,batch_0023.npy
sub-24,sub-24_ses-1.set,36,1568,batch_0023.npy
sub-24,sub-24_ses-1.set,37,1569,batch_0023.npy
sub-24,sub-24_ses-1.set,38,1570,batch_0023.npy
sub-24,sub-24_ses-1.set,39,1571,batch_0023.npy
sub-24,sub-24_ses-1.set,40,1572,batch_0023.npy
sub-24,sub-24_ses-1.set,41,1573,batch_0023.npy
sub-24,sub-24_ses-1.set,42,1574,batch_0023.npy
sub-24,sub-24_ses-1.set,43,1575,batch_0023.npy
sub-24,sub-24_ses-1.set,44,1576,batch_0023.npy
sub-24,sub-24_ses-1.set,45,1577,batch_0023.npy
sub-24,sub-24_ses-1.set,46,1578,batch_0023.npy
sub-24,sub-24_ses-1.set,47,1579,batch_0023.npy
sub-24,sub-24_ses-1.set,48,1580,batch_0023.npy
sub-24,sub-24_ses-1.set,49,1581,batch_0023.npy
sub-24,sub-24_ses-1.set,50,1582,batch_0023.npy
sub-24,sub-24_ses-1.set,51,1583,batch_0023.npy
sub-24,sub-24_ses-1.set,52,1584,batch_0023.npy
sub-24,sub-24_ses-1.set,53,1585,batch_0023.npy
sub-24,sub-24_ses-1.set,54,1586,batch_0023.npy
sub-24,sub-24_ses-1.set,55,1587,batch_0023.npy
sub-24,sub-24_ses-1.set,56,1588,batch_0023.npy
sub-24,sub-24_ses-1.set,57,1589,batch_0023.npy
sub-24,sub-24_ses-1.set,58,1590,batch_0023.npy
sub-24,sub-24_ses-1.set,59,1591,batch_0023.npy
sub-24,sub-24_ses-1.set,60,1592,batch_0023.npy
sub-24,sub-24_ses-1.set,61,1593,batch_0023.npy
sub-24,sub-24_ses-1.set,62,1594,batch_0023.npy
sub-24,sub-24_ses-1.set,63,1595,batch_0023.npy
sub-24,sub-24_ses-1.set,64,1596,batch_0023.npy
sub-24,sub-24_ses-1.set,65,1597,batch_0023.npy
sub-24,sub-24_ses-1.set,66,1598,batch_0023.npy
sub-24,sub-24_ses-1.set,67,1599,batch_0023.npy
sub-24,sub-24_ses-1.set,68,1600,batch_0023.npy
sub-24,sub-24_ses-1.set,69,1601,batch_0023.npy
sub-24,sub-24_ses-1.set,70,1602,batch_0023.npy
sub-24,sub-24_ses-1.set,71,1603,batch_0023.npy
sub-25,sub-25_ses-1.set,0,1604,batch_0024.npy
sub-25,sub-25_ses-1.set,1,1605,batch_0024.npy
sub-25,sub-25_ses-1.set,2,1606,batch_0024.npy
sub-25,sub-25_ses-1.set,3,1607,batch_0024.npy
sub-25,sub-25_ses-1.set,4,1608,batch_0024.npy
sub-25,sub-25_ses-1.set,5,1609,batch_0024.npy
sub-25,sub-25_ses-1.set,6,1610,batch_0024.npy
sub-25,sub-25_ses-1.set,7,1611,batch_0024.npy
sub-25,sub-25_ses-1.set,8,1612,batch_0024.npy
sub-25,sub-25_ses-1.set,9,1613,batch_0024.npy
sub-25,sub-25_ses-1.set,10,1614,batch_0024.npy
sub-25,sub-25_ses-1.set,11,1615,batch_0024.npy
sub-25,sub-25_ses-1.set,12,1616,batch_0024.npy
sub-25,sub-25_ses-1.set,13,1617,batch_0024.npy
sub-25,sub-25_ses-1.set,14,1618,batch_0024.npy
sub-25,sub-25_ses-1.set,15,1619,batch_0024.npy
sub-25,sub-25_ses-1.set,16,1620,batch_0024.npy
sub-25,sub-25_ses-1.set,17,1621,batch_0024.npy
sub-25,sub-25_ses-1.set,18,1622,batch_0024.npy
sub-25,sub-25_ses-1.set,19,1623,batch_0024.npy
sub-25,sub-25_ses-1.set,20,1624,batch_0024.npy
sub-25,sub-25_ses-1.set,21,1625,batch_0024.npy
sub-25,sub-25_ses-1.set,22,1626,batch_0024.npy
sub-25,sub-25_ses-1.set,23,1627,batch_0024.npy
sub-25,sub-25_ses-1.set,24,1628,batch_0024.npy
sub-25,sub-25_ses-1.set,25,1629,batch_0024.npy
sub-25,sub-25_ses-1.set,26,1630,batch_0024.npy
sub-25,sub-25_ses-1.set,27,1631,batch_0024.npy
sub-25,sub-25_ses-1.set,28,1632,batch_0024.npy
sub-25,sub-25_ses-1.set,29,1633,batch_0024.npy
sub-25,sub-25_ses-1.set,30,1634,batch_0024.npy
sub-25,sub-25_ses-1.set,31,1635,batch_0024.npy
sub-25,sub-25_ses-1.set,32,1636,batch_0024.npy
sub-25,sub-25_ses-1.set,33,1637,batch_0024.npy
sub-25,sub-25_ses-1.set,34,1638,batch_0024.npy
sub-25,sub-25_ses-1.set,35,1639,batch_0024.npy
sub-25,sub-25_ses-1.set,36,1640,batch_0024.npy
sub-25,sub-25_ses-1.set,37,1641,batch_0024.npy
sub-25,sub-25_ses-1.set,38,1642,batch_0024.npy
sub-25,sub-25_ses-1.set,39,1643,batch_0024.npy
sub-25,sub-25_ses-1.set,40,1644,batch_0024.npy
sub-25,sub-25_ses-1.set,41,1645,batch_0024.npy
sub-25,sub-25_ses-1.set,42,1646,batch_0024.npy
sub-25,sub-25_ses-1.set,43,1647,batch_0024.npy
sub-25,sub-25_ses-1.set,44,1648,batch_0024.npy
sub-25,sub-25_ses-1.set,45,1649,batch_0024.npy
sub-25,sub-25_ses-1.set,46,1650,batch_0024.npy
sub-25,sub-25_ses-1.set,47,1651,batch_0024.npy
sub-25,sub-25_ses-1.set,48,1652,batch_0024.npy
sub-25,sub-25_ses-1.set,49,1653,batch_0024.npy
sub-25,sub-25_ses-1.set,50,1654,batch_0024.npy
sub-25,sub-25_ses-1.set,51,1655,batch_0024.npy
sub-25,sub-25_ses-1.set,52,1656,batch_0024.npy
sub-25,sub-25_ses-1.set,53,1657,batch_0024.npy
sub-25,sub-25_ses-1.set,54,1658,batch_0024.npy
sub-25,sub-25_ses-1.set,55,1659,batch_0024.npy
sub-25,sub-25_ses-1.set,56,1660,batch_0024.npy
sub-25,sub-25_ses-1.set,57,1661,batch_0024.npy
sub-25,sub-25_ses-1.set,58,1662,batch_0024.npy
sub-25,sub-25_ses-1.set,59,1663,batch_0024.npy
sub-25,sub-25_ses-1.set,60,1664,batch_0024.npy
sub-25,sub-25_ses-1.set,61,1665,batch_0024.npy
sub-25,sub-25_ses-1.set,62,1666,batch_0024.npy
sub-25,sub-25_ses-1.set,63,1667,batch_0024.npy
sub-25,sub-25_ses-1.set,64,1668,batch_0024.npy
sub-25,sub-25_ses-1.set,65,1669,batch_0024.npy
sub-25,sub-25_ses-1.set,66,1670,batch_0024.npy
sub-25,sub-25_ses-1.set,67,1671,batch_0024.npy
sub-25,sub-25_ses-1.set,68,1672,batch_0024.npy
sub-25,sub-25_ses-1.set,69,1673,batch_0024.npy
sub-25,sub-25_ses-1.set,70,1674,batch_0024.npy
sub-25,sub-25_ses-1.set,71,1675,batch_0024.npy
sub-25,sub-25_ses-1.set,72,1676,batch_0024.npy
sub-26,sub-26_ses-1.set,0,1677,batch_0025.npy
sub-26,sub-26_ses-1.set,1,1678,batch_0025.npy
sub-26,sub-26_ses-1.set,2,1679,batch_0025.npy
sub-26,sub-26_ses-1.set,3,1680,batch_0025.npy
sub-26,sub-26_ses-1.set,4,1681,batch_0025.npy
sub-26,sub-26_ses-1.set,5,1682,batch_0025.npy
sub-26,sub-26_ses-1.set,6,1683,batch_0025.npy
sub-26,sub-26_ses-1.set,7,1684,batch_0025.npy
sub-26,sub-26_ses-1.set,8,1685,batch_0025.npy
sub-26,sub-26_ses-1.set,9,1686,batch_0025.npy
sub-26,sub-26_ses-1.set,10,1687,batch_0025.npy
sub-26,sub-26_ses-1.set,11,1688,batch_0025.npy
sub-26,sub-26_ses-1.set,12,1689,batch_0025.npy
sub-26,sub-26_ses-1.set,13,1690,batch_0025.npy
sub-26,sub-26_ses-1.set,14,1691,batch_0025.npy
sub-26,sub-26_ses-1.set,15,1692,batch_0025.npy
sub-26,sub-26_ses-1.set,16,1693,batch_0025.npy
sub-26,sub-26_ses-1.set,17,1694,batch_0025.npy
sub-26,sub-26_ses-1.set,18,1695,batch_0025.npy
sub-26,sub-26_ses-1.set,19,1696,batch_0025.npy
sub-26,sub-26_ses-1.set,20,1697,batch_0025.npy
sub-26,sub-26_ses-1.set,21,1698,batch_0025.npy
sub-26,sub-26_ses-1.set,22,1699,batch_0025.npy
sub-26,sub-26_ses-1.set,23,1700,batch_0025.npy
sub-26,sub-26_ses-1.set,24,1701,batch_0025.npy
sub-26,sub-26_ses-1.set,25,1702,batch_0025.npy
sub-26,sub-26_ses-1.set,26,1703,batch_0025.npy
sub-26,sub-26_ses-1.set,27,1704,batch_0025.npy
sub-26,sub-26_ses-1.set,28,1705,batch_0025.npy
sub-26,sub-26_ses-1.set,29,1706,batch_0025.npy
sub-26,sub-26_ses-1.set,30,1707,batch_0025.npy
sub-26,sub-26_ses-1.set,31,1708,batch_0025.npy
sub-26,sub-26_ses-1.set,32,1709,batch_0025.npy
sub-26,sub-26_ses-1.set,33,1710,batch_0025.npy
sub-26,sub-26_ses-1.set,34,1711,batch_0025.npy
sub-26,sub-26_ses-1.set,35,1712,batch_0025.npy
sub-26,sub-26_ses-1.set,36,1713,batch_0025.npy
sub-26,sub-26_ses-1.set,37,1714,batch_0025.npy
sub-26,sub-26_ses-1.set,38,1715,batch_0025.npy
sub-26,sub-26_ses-1.set,39,1716,batch_0025.npy
sub-26,sub-26_ses-1.set,40,1717,batch_0025.npy
sub-26,sub-26_ses-1.set,41,1718,batch_0025.npy
sub-26,sub-26_ses-1.set,42,1719,batch_0025.npy
sub-26,sub-26_ses-1.set,43,1720,batch_0025.npy
sub-26,sub-26_ses-1.set,44,1721,batch_0025.npy
sub-26,sub-26_ses-1.set,45,1722,batch_0025.npy
sub-26,sub-26_ses-1.set,46,1723,batch_0025.npy
sub-26,sub-26_ses-1.set,47,1724,batch_0025.npy
sub-26,sub-26_ses-1.set,48,1725,batch_0025.npy
sub-26,sub-26_ses-1.set,49,1726,batch_0025.npy
sub-26,sub-26_ses-1.set,50,1727,batch_0025.npy
sub-26,sub-26_ses-1.set,51,1728,batch_0025.npy
sub-26,sub-26_ses-1.set,52,1729,batch_0025.npy
sub-26,sub-26_ses-1.set,53,1730,batch_0025.npy
sub-26,sub-26_ses-1.set,54,1731,batch_0025.npy
sub-26,sub-26_ses-1.set,55,1732,batch_0025.npy
sub-26,sub-26_ses-1.set,56,1733,batch_0025.npy
sub-26,sub-26_ses-1.set,57,1734,batch_0025.npy
sub-26,sub-26_ses-1.set,58,1735,batch_0025.npy
sub-26,sub-26_ses-1.set,59,1736,batch_0025.npy
sub-26,sub-26_ses-1.set,60,1737,batch_0025.npy
sub-26,sub-26_ses-1.set,61,1738,batch_0025.npy
sub-26,sub-26_ses-1.set,62,1739,batch_0025.npy
sub-26,sub-26_ses-1.set,63,1740,batch_0025.npy
sub-26,sub-26_ses-1.set,64,1741,batch_0025.npy
sub-26,sub-26_ses-1.set,65,1742,batch_0025.npy
sub-26,sub-26_ses-1.set,66,1743,batch_0025.npy
sub-26,sub-26_ses-1.set,67,1744,batch_0025.npy
sub-26,sub-26_ses-1.set,68,1745,batch_0025.npy
sub-26,sub-26_ses-1.set,69,1746,batch_0025.npy
sub-26,sub-26_ses-1.set,70,1747,batch_0025.npy
sub-26,sub-26_ses-1.set,71,1748,batch_0025.npy
sub-26,sub-26_ses-1.set,72,1749,batch_0025.npy
sub-27,sub-27_ses-1.set,0,1750,batch_0026.npy
sub-27,sub-27_ses-1.set,1,1751,batch_0026.npy
sub-27,sub-27_ses-1.set,2,1752,batch_0026.npy
sub-27,sub-27_ses-1.set,3,1753,batch_0026.npy
sub-27,sub-27_ses-1.set,4,1754,batch_0026.npy
sub-27,sub-27_ses-1.set,5,1755,batch_0026.npy
sub-27,sub-27_ses-1.set,6,1756,batch_0026.npy
sub-27,sub-27_ses-1.set,7,1757,batch_0026.npy
sub-27,sub-27_ses-1.set,8,1758,batch_0026.npy
sub-27,sub-27_ses-1.set,9,1759,batch_0026.npy
sub-27,sub-27_ses-1.set,10,1760,batch_0026.npy
sub-27,sub-27_ses-1.set,11,1761,batch_0026.npy
sub-27,sub-27_ses-1.set,12,1762,batch_0026.npy
sub-27,sub-27_ses-1.set,13,1763,batch_0026.npy
sub-27,sub-27_ses-1.set,14,1764,batch_0026.npy
sub-27,sub-27_ses-1.set,15,1765,batch_0026.npy
sub-27,sub-27_ses-1.set,16,1766,batch_0026.npy
sub-27,sub-27_ses-1.set,17,1767,batch_0026.npy
sub-27,sub-27_ses-1.set,18,1768,batch_0026.npy
sub-27,sub-27_ses-1.set,19,1769,batch_0026.npy
sub-27,sub-27_ses-1.set,20,1770,batch_0026.npy
sub-27,sub-27_ses-1.set,21,1771,batch_0026.npy
sub-27,sub-27_ses-1.set,22,1772,batch_0026.npy
sub-27,sub-27_ses-1.set,23,1773,batch_0026.npy
sub-27,sub-27_ses-1.set,24,1774,batch_0026.npy
sub-27,sub-27_ses-1.set,25,1775,batch_0026.npy
sub-27,sub-27_ses-1.set,26,1776,batch_0026.npy
sub-27,sub-27_ses-1.set,27,1777,batch_0026.npy
sub-27,sub-27_ses-1.set,28,1778,batch_0026.npy
sub-27,sub-27_ses-1.set,29,1779,batch_0026.npy
sub-27,sub-27_ses-1.set,30,1780,batch_0026.npy
sub-27,sub-27_ses-1.set,31,1781,batch_0026.npy
sub-27,sub-27_ses-1.set,32,1782,batch_0026.npy
sub-27,sub-27_ses-1.set,33,1783,batch_0026.npy
sub-27,sub-27_ses-1.set,34,1784,batch_0026.npy
sub-27,sub-27_ses-1.set,35,1785,batch_0026.npy
sub-27,sub-27_ses-1.set,36,1786,batch_0026.npy
sub-27,sub-27_ses-1.set,37,1787,batch_0026.npy
sub-27,sub-27_ses-1.set,38,1788,batch_0026.npy
sub-27,sub-27_ses-1.set,39,1789,batch_0026.npy
sub-27,sub-27_ses-1.set,40,1790,batch_0026.npy
sub-27,sub-27_ses-1.set,41,1791,batch_0026.npy
sub-27,sub-27_ses-1.set,42,1792,batch_0026.npy
sub-27,sub-27_ses-1.set,43,1793,batch_0026.npy
sub-27,sub-27_ses-1.set,44,1794,batch_0026.npy
sub-27,sub-27_ses-1.set,45,1795,batch_0026.npy
sub-27,sub-27_ses-1.set,46,1796,batch_0026.npy
sub-27,sub-27_ses-1.set,47,1797,batch_0026.npy
sub-27,sub-27_ses-1.set,48,1798,batch_0026.npy
sub-27,sub-27_ses-1.set,49,1799,batch_0026.npy
sub-27,sub-27_ses-1.set,50,1800,batch_0026.npy
sub-27,sub-27_ses-1.set,51,1801,batch_0026.npy
sub-27,sub-27_ses-1.set,52,1802,batch_0026.npy
sub-27,sub-27_ses-1.set,53,1803,batch_0026.npy
sub-27,sub-27_ses-1.set,54,1804,batch_0026.npy
sub-27,sub-27_ses-1.set,55,1805,batch_0026.npy
sub-27,sub-27_ses-1.set,56,1806,batch_0026.npy
sub-27,sub-27_ses-1.set,57,1807,batch_0026.npy
sub-27,sub-27_ses-1.set,58,1808,batch_0026.npy
sub-27,sub-27_ses-1.set,59,1809,batch_0026.npy
sub-27,sub-27_ses-1.set,60,1810,batch_0026.npy
sub-27,sub-27_ses-1.set,61,1811,batch_0026.npy
sub-27,sub-27_ses-1.set,62,1812,batch_0026.npy
sub-27,sub-27_ses-1.set,63,1813,batch_0026.npy
sub-27,sub-27_ses-1.set,64,1814,batch_0026.npy
sub-27,sub-27_ses-1.set,65,1815,batch_0026.npy
sub-27,sub-27_ses-1.set,66,1816,batch_0026.npy
sub-27,sub-27_ses-1.set,67,1817,batch_0026.npy
sub-27,sub-27_ses-1.set,68,1818,batch_0026.npy
sub-27,sub-27_ses-1.set,69,1819,batch_0026.npy
sub-27,sub-27_ses-1.set,70,1820,batch_0026.npy
sub-27,sub-27_ses-1.set,71,1821,batch_0026.npy
sub-27,sub-27_ses-1.set,72,1822,batch_0026.npy
sub-28,sub-28_ses-1.set,0,1823,batch_0027.npy
sub-28,sub-28_ses-1.set,1,1824,batch_0027.npy
sub-28,sub-28_ses-1.set,2,1825,batch_0027.npy
sub-28,sub-28_ses-1.set,3,1826,batch_0027.npy
sub-28,sub-28_ses-1.set,4,1827,batch_0027.npy
sub-28,sub-28_ses-1.set,5,1828,batch_0027.npy
sub-28,sub-28_ses-1.set,6,1829,batch_0027.npy
sub-28,sub-28_ses-1.set,7,1830,batch_0027.npy
sub-28,sub-28_ses-1.set,8,1831,batch_0027.npy
sub-28,sub-28_ses-1.set,9,1832,batch_0027.npy
sub-28,sub-28_ses-1.set,10,1833,batch_0027.npy
sub-28,sub-28_ses-1.set,11,1834,batch_0027.npy
sub-28,sub-28_ses-1.set,12,1835,batch_0027.npy
sub-28,sub-28_ses-1.set,13,1836,batch_0027.npy
sub-28,sub-28_ses-1.set,14,1837,batch_0027.npy
sub-28,sub-28_ses-1.set,15,1838,batch_0027.npy
sub-28,sub-28_ses-1.set,16,1839,batch_0027.npy
sub-28,sub-28_ses-1.set,17,1840,batch_0027.npy
sub-28,sub-28_ses-1.set,18,1841,batch_0027.npy
sub-28,sub-28_ses-1.set,19,1842,batch_0027.npy
sub-28,sub-28_ses-1.set,20,1843,batch_0027.npy
sub-28,sub-28_ses-1.set,21,1844,batch_0027.npy
sub-28,sub-28_ses-1.set,22,1845,batch_0027.npy
sub-28,sub-28_ses-1.set,23,1846,batch_0027.npy
sub-28,sub-28_ses-1.set,24,1847,batch_0027.npy
sub-28,sub-28_ses-1.set,25,1848,batch_0027.npy
sub-28,sub-28_ses-1.set,26,1849,batch_0027.npy
sub-28,sub-28_ses-1.set,27,1850,batch_0027.npy
sub-28,sub-28_ses-1.set,28,1851,batch_0027.npy
sub-28,sub-28_ses-1.set,29,1852,batch_0027.npy
sub-28,sub-28_ses-1.set,30,1853,batch_0027.npy
sub-28,sub-28_ses-1.set,31,1854,batch_0027.npy
sub-28,sub-28_ses-1.set,32,1855,batch_0027.npy
sub-28,sub-28_ses-1.set,33,1856,batch_0027.npy
sub-28,sub-28_ses-1.set,34,1857,batch_0027.npy
sub-28,sub-28_ses-1.set,35,1858,batch_0027.npy
sub-28,sub-28_ses-1.set,36,1859,batch_0027.npy
sub-28,sub-28_ses-1.set,37,1860,batch_0027.npy
sub-28,sub-28_ses-1.set,38,1861,batch_0027.npy
sub-28,sub-28_ses-1.set,39,1862,batch_0027.npy
sub-28,sub-28_ses-1.set,40,1863,batch_0027.npy
sub-28,sub-28_ses-1.set,41,1864,batch_0027.npy
sub-28,sub-28_ses-1.set,42,1865,batch_0027.npy
sub-28,sub-28_ses-1.set,43,1866,batch_0027.npy
sub-28,sub-28_ses-1.set,44,1867,batch_0027.npy
sub-28,sub-28_ses-1.set,45,1868,batch_0027.npy
sub-28,sub-28_ses-1.set,46,1869,batch_0027.npy
sub-28,sub-28_ses-1.set,47,1870,batch_0027.npy
sub-28,sub-28_ses-1.set,48,1871,batch_0027.npy
sub-28,sub-28_ses-1.set,49,1872,batch_0027.npy
sub-28,sub-28_ses-1.set,50,1873,batch_0027.npy
sub-28,sub-28_ses-1.set,51,1874,batch_0027.npy
sub-28,sub-28_ses-1.set,52,1875,batch_0027.npy
sub-28,sub-28_ses-1.set,53,1876,batch_0027.npy
sub-28,sub-28_ses-1.set,54,1877,batch_0027.npy
sub-28,sub-28_ses-1.set,55,1878,batch_0027.npy
sub-28,sub-28_ses-1.set,56,1879,batch_0027.npy
sub-28,sub-28_ses-1.set,57,1880,batch_0027.npy
sub-28,sub-28_ses-1.set,58,1881,batch_0027.npy
sub-28,sub-28_ses-1.set,59,1882,batch_0027.npy
sub-28,sub-28_ses-1.set,60,1883,batch_0027.npy
sub-28,sub-28_ses-1.set,61,1884,batch_0027.npy
sub-28,sub-28_ses-1.set,62,1885,batch_0027.npy
sub-28,sub-28_ses-1.set,63,1886,batch_0027.npy
sub-28,sub-28_ses-1.set,64,1887,batch_0027.npy
sub-28,sub-28_ses-1.set,65,1888,batch_0027.npy
sub-28,sub-28_ses-1.set,66,1889,batch_0027.npy
sub-28,sub-28_ses-1.set,67,1890,batch_0027.npy
sub-28,sub-28_ses-1.set,68,1891,batch_0027.npy
sub-28,sub-28_ses-1.set,69,1892,batch_0027.npy
sub-28,sub-28_ses-1.set,70,1893,batch_0027.npy
sub-28,sub-28_ses-1.set,71,1894,batch_0027.npy
sub-28,sub-28_ses-1.set,72,1895,batch_0027.npy
sub-28,sub-28_ses-1.set,73,1896,batch_0027.npy
sub-29,sub-29_ses-1.set,0,1897,batch_0028.npy
sub-29,sub-29_ses-1.set,1,1898,batch_0028.npy
sub-29,sub-29_ses-1.set,2,1899,batch_0028.npy
sub-29,sub-29_ses-1.set,3,1900,batch_0028.npy
sub-29,sub-29_ses-1.set,4,1901,batch_0028.npy
sub-29,sub-29_ses-1.set,5,1902,batch_0028.npy
sub-29,sub-29_ses-1.set,6,1903,batch_0028.npy
sub-29,sub-29_ses-1.set,7,1904,batch_0028.npy
sub-29,sub-29_ses-1.set,8,1905,batch_0028.npy
sub-29,sub-29_ses-1.set,9,1906,batch_0028.npy
sub-29,sub-29_ses-1.set,10,1907,batch_0028.npy
sub-29,sub-29_ses-1.set,11,1908,batch_0028.npy
sub-29,sub-29_ses-1.set,12,1909,batch_0028.npy
sub-29,sub-29_ses-1.set,13,1910,batch_0028.npy
sub-29,sub-29_ses-1.set,14,1911,batch_0028.npy
sub-29,sub-29_ses-1.set,15,1912,batch_0028.npy
sub-29,sub-29_ses-1.set,16,1913,batch_0028.npy
sub-29,sub-29_ses-1.set,17,1914,batch_0028.npy
sub-29,sub-29_ses-1.set,18,1915,batch_0028.npy
sub-29,sub-29_ses-1.set,19,1916,batch_0028.npy
sub-29,sub-29_ses-1.set,20,1917,batch_0028.npy
sub-29,sub-29_ses-1.set,21,1918,batch_0028.npy
sub-29,sub-29_ses-1.set,22,1919,batch_0028.npy
sub-29,sub-29_ses-1.set,23,1920,batch_0028.npy
sub-29,sub-29_ses-1.set,24,1921,batch_0028.npy
sub-29,sub-29_ses-1.set,25,1922,batch_0028.npy
sub-29,sub-29_ses-1.set,26,1923,batch_0028.npy
sub-29,sub-29_ses-1.set,27,1924,batch_0028.npy
sub-29,sub-29_ses-1.set,28,1925,batch_0028.npy
sub-29,sub-29_ses-1.set,29,1926,batch_0028.npy
sub-29,sub-29_ses-1.set,30,1927,batch_0028.npy
sub-29,sub-29_ses-1.set,31,1928,batch_0028.npy
sub-29,sub-29_ses-1.set,32,1929,batch_0028.npy
sub-29,sub-29_ses-1.set,33,1930,batch_0028.npy
sub-29,sub-29_ses-1.set,34,1931,batch_0028.npy
sub-29,sub-29_ses-1.set,35,1932,batch_0028.npy
sub-29,sub-29_ses-1.set,36,1933,batch_0028.npy
sub-29,sub-29_ses-1.set,37,1934,batch_0028.npy
sub-29,sub-29_ses-1.set,38,1935,batch_0028.npy
sub-29,sub-29_ses-1.set,39,1936,batch_0028.npy
sub-29,sub-29_ses-1.set,40,1937,batch_0028.npy
sub-29,sub-29_ses-1.set,41,1938,batch_0028.npy
sub-29,sub-29_ses-1.set,42,1939,batch_0028.npy
sub-29,sub-29_ses-1.set,43,1940,batch_0028.npy
sub-29,sub-29_ses-1.set,44,1941,batch_0028.npy
sub-29,sub-29_ses-1.set,45,1942,batch_0028.npy
sub-29,sub-29_ses-1.set,46,1943,batch_0028.npy
sub-29,sub-29_ses-1.set,47,1944,batch_0028.npy
sub-29,sub-29_ses-1.set,48,1945,batch_0028.npy
sub-29,sub-29_ses-1.set,49,1946,batch_0028.npy
sub-29,sub-29_ses-1.set,50,1947,batch_0028.npy
sub-29,sub-29_ses-1.set,51,1948,batch_0028.npy
sub-29,sub-29_ses-1.set,52,1949,batch_0028.npy
sub-29,sub-29_ses-1.set,53,1950,batch_0028.npy
sub-29,sub-29_ses-1.set,54,1951,batch_0028.npy
sub-29,sub-29_ses-1.set,55,1952,batch_0028.npy
sub-29,sub-29_ses-1.set,56,1953,batch_0028.npy
sub-29,sub-29_ses-1.set,57,1954,batch_0028.npy
sub-29,sub-29_ses-1.set,58,1955,batch_0028.npy
sub-29,sub-29_ses-1.set,59,1956,batch_0028.npy
sub-29,sub-29_ses-1.set,60,1957,batch_0028.npy
sub-29,sub-29_ses-1.set,61,1958,batch_0028.npy
sub-29,sub-29_ses-1.set,62,1959,batch_0028.npy
sub-29,sub-29_ses-1.set,63,1960,batch_0028.npy
sub-29,sub-29_ses-1.set,64,1961,batch_0028.npy
sub-29,sub-29_ses-1.set,65,1962,batch_0028.npy
sub-29,sub-29_ses-1.set,66,1963,batch_0028.npy
sub-29,sub-29_ses-1.set,67,1964,batch_0028.npy
sub-29,sub-29_ses-1.set,68,1965,batch_0028.npy
sub-29,sub-29_ses-1.set,69,1966,batch_0028.npy
sub-29,sub-29_ses-1.set,70,1967,batch_0028.npy
sub-29,sub-29_ses-1.set,71,1968,batch_0028.npy
sub-30,sub-30_ses-1.set,0,1969,batch_0029.npy
sub-30,sub-30_ses-1.set,1,1970,batch_0029.npy
sub-30,sub-30_ses-1.set,2,1971,batch_0029.npy
sub-30,sub-30_ses-1.set,3,1972,batch_0029.npy
sub-30,sub-30_ses-1.set,4,1973,batch_0029.npy
sub-30,sub-30_ses-1.set,5,1974,batch_0029.npy
sub-30,sub-30_ses-1.set,6,1975,batch_0029.npy
sub-30,sub-30_ses-1.set,7,1976,batch_0029.npy
sub-30,sub-30_ses-1.set,8,1977,batch_0029.npy
sub-30,sub-30_ses-1.set,9,1978,batch_0029.npy
sub-30,sub-30_ses-1.set,10,1979,batch_0029.npy
sub-30,sub-30_ses-1.set,11,1980,batch_0029.npy
sub-30,sub-30_ses-1.set,12,1981,batch_0029.npy
sub-30,sub-30_ses-1.set,13,1982,batch_0029.npy
sub-30,sub-30_ses-1.set,14,1983,batch_0029.npy
sub-30,sub-30_ses-1.set,15,1984,batch_0029.npy
sub-30,sub-30_ses-1.set,16,1985,batch_0029.npy
sub-30,sub-30_ses-1.set,17,1986,batch_0029.npy
sub-30,sub-30_ses-1.set,18,1987,batch_0029.npy
sub-30,sub-30_ses-1.set,19,1988,batch_0029.npy
sub-30,sub-30_ses-1.set,20,1989,batch_0029.npy
sub-30,sub-30_ses-1.set,21,1990,batch_0029.npy
sub-30,sub-30_ses-1.set,22,1991,batch_0029.npy
sub-30,sub-30_ses-1.set,23,1992,batch_0029.npy
sub-30,sub-30_ses-1.set,24,1993,batch_0029.npy
sub-30,sub-30_ses-1.set,25,1994,batch_0029.npy
sub-30,sub-30_ses-1.set,26,1995,batch_0029.npy
sub-30,sub-30_ses-1.set,27,1996,batch_0029.npy
sub-30,sub-30_ses-1.set,28,1997,batch_0029.npy
sub-30,sub-30_ses-1.set,29,1998,batch_0029.npy
sub-30,sub-30_ses-1.set,30,1999,batch_0029.npy
sub-30,sub-30_ses-1.set,31,2000,batch_0029.npy
sub-30,sub-30_ses-1.set,32,2001,batch_0029.npy
sub-30,sub-30_ses-1.set,33,2002,batch_0029.npy
sub-30,sub-30_ses-1.set,34,2003,batch_0029.npy
sub-30,sub-30_ses-1.set,35,2004,batch_0029.npy
sub-30,sub-30_ses-1.set,36,2005,batch_0029.npy
sub-30,sub-30_ses-1.set,37,2006,batch_0029.npy
sub-30,sub-30_ses-1.set,38,2007,batch_0029.npy
sub-30,sub-30_ses-1.set,39,2008,batch_0029.npy
sub-30,sub-30_ses-1.set,40,2009,batch_0029.npy
sub-30,sub-30_ses-1.set,41,2010,batch_0029.npy
sub-30,sub-30_ses-1.set,42,2011,batch_0029.npy
sub-30,sub-30_ses-1.set,43,2012,batch_0029.npy
sub-30,sub-30_ses-1.set,44,2013,batch_0029.npy
sub-30,sub-30_ses-1.set,45,2014,batch_0029.npy
sub-30,sub-30_ses-1.set,46,2015,batch_0029.npy
sub-30,sub-30_ses-1.set,47,2016,batch_0029.npy
sub-30,sub-30_ses-1.set,48,2017,batch_0029.npy
sub-30,sub-30_ses-1.set,49,2018,batch_0029.npy
sub-30,sub-30_ses-1.set,50,2019,batch_0029.npy
sub-30,sub-30_ses-1.set,51,2020,batch_0029.npy
sub-30,sub-30_ses-1.set,52,2021,batch_0029.npy
sub-30,sub-30_ses-1.set,53,2022,batch_0029.npy
sub-30,sub-30_ses-1.set,54,2023,batch_0029.npy
sub-30,sub-30_ses-1.set,55,2024,batch_0029.npy
sub-30,sub-30_ses-1.set,56,2025,batch_0029.npy
sub-30,sub-30_ses-1.set,57,2026,batch_0029.npy
sub-30,sub-30_ses-1.set,58,2027,batch_0029.npy
sub-30,sub-30_ses-1.set,59,2028,batch_0029.npy
sub-30,sub-30_ses-1.set,60,2029,batch_0029.npy
sub-30,sub-30_ses-1.set,61,2030,batch_0029.npy
sub-30,sub-30_ses-1.set,62,2031,batch_0029.npy
sub-30,sub-30_ses-1.set,63,2032,batch_0029.npy
sub-30,sub-30_ses-1.set,64,2033,batch_0029.npy
sub-30,sub-30_ses-1.set,65,2034,batch_0029.npy
sub-30,sub-30_ses-1.set,66,2035,batch_0029.npy
sub-30,sub-30_ses-1.set,67,2036,batch_0029.npy
sub-30,sub-30_ses-1.set,68,2037,batch_0029.npy
sub-30,sub-30_ses-1.set,69,2038,batch_0029.npy
sub-30,sub-30_ses-1.set,70,2039,batch_0029.npy
sub-30,sub-30_ses-1.set,71,2040,batch_0029.npy
sub-30,sub-30_ses-1.set,72,2041,batch_0029.npy
sub-31,sub-31_ses-1.set,0,2042,batch_0030.npy
sub-31,sub-31_ses-1.set,1,2043,batch_0030.npy
sub-31,sub-31_ses-1.set,2,2044,batch_0030.npy
sub-31,sub-31_ses-1.set,3,2045,batch_0030.npy
sub-31,sub-31_ses-1.set,4,2046,batch_0030.npy
sub-31,sub-31_ses-1.set,5,2047,batch_0030.npy
sub-31,sub-31_ses-1.set,6,2048,batch_0030.npy
sub-31,sub-31_ses-1.set,7,2049,batch_0030.npy
sub-31,sub-31_ses-1.set,8,2050,batch_0030.npy
sub-31,sub-31_ses-1.set,9,2051,batch_0030.npy
sub-31,sub-31_ses-1.set,10,2052,batch_0030.npy
sub-31,sub-31_ses-1.set,11,2053,batch_0030.npy
sub-31,sub-31_ses-1.set,12,2054,batch_0030.npy
sub-31,sub-31_ses-1.set,13,2055,batch_0030.npy
sub-31,sub-31_ses-1.set,14,2056,batch_0030.npy
sub-31,sub-31_ses-1.set,15,2057,batch_0030.npy
sub-31,sub-31_ses-1.set,16,2058,batch_0030.npy
sub-31,sub-31_ses-1.set,17,2059,batch_0030.npy
sub-31,sub-31_ses-1.set,18,2060,batch_0030.npy
sub-31,sub-31_ses-1.set,19,2061,batch_0030.npy
sub-31,sub-31_ses-1.set,20,2062,batch_0030.npy
sub-31,sub-31_ses-1.set,21,2063,batch_0030.npy
sub-31,sub-31_ses-1.set,22,2064,batch_0030.npy
sub-31,sub-31_ses-1.set,23,2065,batch_0030.npy
sub-31,sub-31_ses-1.set,24,2066,batch_0030.npy
sub-31,sub-31_ses-1.set,25,2067,batch_0030.npy
sub-31,sub-31_ses-1.set,26,2068,batch_0030.npy
sub-31,sub-31_ses-1.set,27,2069,batch_0030.npy
sub-31,sub-31_ses-1.set,28,2070,batch_0030.npy
sub-31,sub-31_ses-1.set,29,2071,batch_0030.npy
sub-31,sub-31_ses-1.set,30,2072,batch_0030.npy
sub-31,sub-31_ses-1.set,31,2073,batch_0030.npy
sub-31,sub-31_ses-1.set,32,2074,batch_0030.npy
sub-31,sub-31_ses-1.set,33,2075,batch_0030.npy
sub-31,sub-31_ses-1.set,34,2076,batch_0030.npy
sub-31,sub-31_ses-1.set,35,2077,batch_0030.npy
sub-31,sub-31_ses-1.set,36,2078,batch_0030.npy
sub-31,sub-31_ses-1.set,37,2079,batch_0030.npy
sub-31,sub-31_ses-1.set,38,2080,batch_0030.npy
sub-31,sub-31_ses-1.set,39,2081,batch_0030.npy
sub-31,sub-31_ses-1.set,40,2082,batch_0030.npy
sub-31,sub-31_ses-1.set,41,2083,batch_0030.npy
sub-31,sub-31_ses-1.set,42,2084,batch_0030.npy
sub-31,sub-31_ses-1.set,43,2085,batch_0030.npy
sub-31,sub-31_ses-1.set,44,2086,batch_0030.npy
sub-31,sub-31_ses-1.set,45,2087,batch_0030.npy
sub-31,sub-31_ses-1.set,46,2088,batch_0030.npy
sub-31,sub-31_ses-1.set,47,2089,batch_0030.npy
sub-31,sub-31_ses-1.set,48,2090,batch_0030.npy
sub-31,sub-31_ses-1.set,49,2091,batch_0030.npy
sub-31,sub-31_ses-1.set,50,2092,batch_0030.npy
sub-31,sub-31_ses-1.set,51,2093,batch_0030.npy
sub-31,sub-31_ses-1.set,52,2094,batch_0030.npy
sub-31,sub-31_ses-1.set,53,2095,batch_0030.npy
sub-31,sub-31_ses-1.set,54,2096,batch_0030.npy
sub-31,sub-31_ses-1.set,55,2097,batch_0030.npy
sub-31,sub-31_ses-1.set,56,2098,batch_0030.npy
sub-31,sub-31_ses-1.set,57,2099,batch_0030.npy
sub-31,sub-31_ses-1.set,58,2100,batch_0030.npy
sub-31,sub-31_ses-1.set,59,2101,batch_0030.npy
sub-31,sub-31_ses-1.set,60,2102,batch_0030.npy
sub-31,sub-31_ses-1.set,61,2103,batch_0030.npy
sub-31,sub-31_ses-1.set,62,2104,batch_0030.npy
sub-31,sub-31_ses-1.set,63,2105,batch_0030.npy
sub-31,sub-31_ses-1.set,64,2106,batch_0030.npy
sub-31,sub-31_ses-1.set,65,2107,batch_0030.npy
sub-31,sub-31_ses-1.set,66,2108,batch_0030.npy
sub-31,sub-31_ses-1.set,67,2109,batch_0030.npy
sub-31,sub-31_ses-1.set,68,2110,batch_0030.npy
sub-31,sub-31_ses-1.set,69,2111,batch_0030.npy
sub-31,sub-31_ses-1.set,70,2112,batch_0030.npy
sub-31,sub-31_ses-1.set,71,2113,batch_0030.npy
sub-31,sub-31_ses-1.set,72,2114,batch_0030.npy
sub-32,sub-32_ses-1.set,0,2115,batch_0031.npy
sub-32,sub-32_ses-1.set,1,2116,batch_0031.npy
sub-32,sub-32_ses-1.set,2,2117,batch_0031.npy
sub-32,sub-32_ses-1.set,3,2118,batch_0031.npy
sub-32,sub-32_ses-1.set,4,2119,batch_0031.npy
sub-32,sub-32_ses-1.set,5,2120,batch_0031.npy
sub-32,sub-32_ses-1.set,6,2121,batch_0031.npy
sub-32,sub-32_ses-1.set,7,2122,batch_0031.npy
sub-32,sub-32_ses-1.set,8,2123,batch_0031.npy
sub-32,sub-32_ses-1.set,9,2124,batch_0031.npy
sub-32,sub-32_ses-1.set,10,2125,batch_0031.npy
sub-32,sub-32_ses-1.set,11,2126,batch_0031.npy
sub-32,sub-32_ses-1.set,12,2127,batch_0031.npy
sub-32,sub-32_ses-1.set,13,2128,batch_0031.npy
sub-32,sub-32_ses-1.set,14,2129,batch_0031.npy
sub-32,sub-32_ses-1.set,15,2130,batch_0031.npy
sub-32,sub-32_ses-1.set,16,2131,batch_0031.npy
sub-32,sub-32_ses-1.set,17,2132,batch_0031.npy
sub-32,sub-32_ses-1.set,18,2133,batch_0031.npy
sub-32,sub-32_ses-1.set,19,2134,batch_0031.npy
sub-32,sub-32_ses-1.set,20,2135,batch_0031.npy
sub-32,sub-32_ses-1.set,21,2136,batch_0031.npy
sub-32,sub-32_ses-1.set,22,2137,batch_0031.npy
sub-32,sub-32_ses-1.set,23,2138,batch_0031.npy
sub-32,sub-32_ses-1.set,24,2139,batch_0031.npy
sub-32,sub-32_ses-1.set,25,2140,batch_0031.npy
sub-32,sub-32_ses-1.set,26,2141,batch_0031.npy
sub-32,sub-32_ses-1.set,27,2142,batch_0031.npy
sub-32,sub-32_ses-1.set,28,2143,batch_0031.npy
sub-32,sub-32_ses-1.set,29,2144,batch_0031.npy
sub-32,sub-32_ses-1.set,30,2145,batch_0031.npy
sub-32,sub-32_ses-1.set,31,2146,batch_0031.npy
sub-32,sub-32_ses-1.set,32,2147,batch_0031.npy
sub-32,sub-32_ses-1.set,33,2148,batch_0031.npy
sub-32,sub-32_ses-1.set,34,2149,batch_0031.npy
sub-32,sub-32_ses-1.set,35,2150,batch_0031.npy
sub-32,sub-32_ses-1.set,36,2151,batch_0031.npy
sub-32,sub-32_ses-1.set,37,2152,batch_0031.npy
sub-32,sub-32_ses-1.set,38,2153,batch_0031.npy
sub-32,sub-32_ses-1.set,39,2154,batch_0031.npy
sub-32,sub-32_ses-1.set,40,2155,batch_0031.npy
sub-32,sub-32_ses-1.set,41,2156,batch_0031.npy
sub-32,sub-32_ses-1.set,42,2157,batch_0031.npy
sub-32,sub-32_ses-1.set,43,2158,batch_0031.npy
sub-32,sub-32_ses-1.set,44,2159,batch_0031.npy
sub-32,sub-32_ses-1.set,45,2160,batch_0031.npy
sub-32,sub-32_ses-1.set,46,2161,batch_0031.npy
sub-32,sub-32_ses-1.set,47,2162,batch_0031.npy
sub-32,sub-32_ses-1.set,48,2163,batch_0031.npy
sub-32,sub-32_ses-1.set,49,2164,batch_0031.npy
sub-32,sub-32_ses-1.set,50,2165,batch_0031.npy
sub-32,sub-32_ses-1.set,51,2166,batch_0031.npy
sub-32,sub-32_ses-1.set,52,2167,batch_0031.npy
sub-32,sub-32_ses-1.set,53,2168,batch_0031.npy
sub-32,sub-32_ses-1.set,54,2169,batch_0031.npy
sub-32,sub-32_ses-1.set,55,2170,batch_0031.npy
sub-32,sub-32_ses-1.set,56,2171,batch_0031.npy
sub-32,sub-32_ses-1.set,57,2172,batch_0031.npy
sub-32,sub-32_ses-1.set,58,2173,batch_0031.npy
sub-32,sub-32_ses-1.set,59,2174,batch_0031.npy
sub-32,sub-32_ses-1.set,60,2175,batch_0031.npy
sub-32,sub-32_ses-1.set,61,2176,batch_0031.npy
sub-32,sub-32_ses-1.set,62,2177,batch_0031.npy
sub-32,sub-32_ses-1.set,63,2178,batch_0031.npy
sub-32,sub-32_ses-1.set,64,2179,batch_0031.npy
sub-32,sub-32_ses-1.set,65,2180,batch_0031.npy
sub-32,sub-32_ses-1.set,66,2181,batch_0031.npy
sub-32,sub-32_ses-1.set,67,2182,batch_0031.npy
sub-33,sub-33_ses-1.set,0,2183,batch_0032.npy
sub-33,sub-33_ses-1.set,1,2184,batch_0032.npy
sub-33,sub-33_ses-1.set,2,2185,batch_0032.npy
sub-33,sub-33_ses-1.set,3,2186,batch_0032.npy
sub-33,sub-33_ses-1.set,4,2187,batch_0032.npy
sub-33,sub-33_ses-1.set,5,2188,batch_0032.npy
sub-33,sub-33_ses-1.set,6,2189,batch_0032.npy
sub-33,sub-33_ses-1.set,7,2190,batch_0032.npy
sub-33,sub-33_ses-1.set,8,2191,batch_0032.npy
sub-33,sub-33_ses-1.set,9,2192,batch_0032.npy
sub-33,sub-33_ses-1.set,10,2193,batch_0032.npy
sub-33,sub-33_ses-1.set,11,2194,batch_0032.npy
sub-33,sub-33_ses-1.set,12,2195,batch_0032.npy
sub-33,sub-33_ses-1.set,13,2196,batch_0032.npy
sub-33,sub-33_ses-1.set,14,2197,batch_0032.npy
sub-33,sub-33_ses-1.set,15,2198,batch_0032.npy
sub-33,sub-33_ses-1.set,16,2199,batch_0032.npy
sub-33,sub-33_ses-1.set,17,2200,batch_0032.npy
sub-33,sub-33_ses-1.set,18,2201,batch_0032.npy
sub-33,sub-33_ses-1.set,19,2202,batch_0032.npy
sub-33,sub-33_ses-1.set,20,2203,batch_0032.npy
sub-33,sub-33_ses-1.set,21,2204,batch_0032.npy
sub-33,sub-33_ses-1.set,22,2205,batch_0032.npy
sub-33,sub-33_ses-1.set,23,2206,batch_0032.npy
sub-33,sub-33_ses-1.set,24,2207,batch_0032.npy
sub-33,sub-33_ses-1.set,25,2208,batch_0032.npy
sub-33,sub-33_ses-1.set,26,2209,batch_0032.npy
sub-33,sub-33_ses-1.set,27,2210,batch_0032.npy
sub-33,sub-33_ses-1.set,28,2211,batch_0032.npy
sub-33,sub-33_ses-1.set,29,2212,batch_0032.npy
sub-33,sub-33_ses-1.set,30,2213,batch_0032.npy
sub-33,sub-33_ses-1.set,31,2214,batch_0032.npy
sub-33,sub-33_ses-1.set,32,2215,batch_0032.npy
sub-33,sub-33_ses-1.set,33,2216,batch_0032.npy
sub-33,sub-33_ses-1.set,34,2217,batch_0032.npy
sub-33,sub-33_ses-1.set,35,2218,batch_0032.npy
sub-33,sub-33_ses-1.set,36,2219,batch_0032.npy
sub-33,sub-33_ses-1.set,37,2220,batch_0032.npy
sub-33,sub-33_ses-1.set,38,2221,batch_0032.npy
sub-33,sub-33_ses-1.set,39,2222,batch_0032.npy
sub-33,sub-33_ses-1.set,40,2223,batch_0032.npy
sub-33,sub-33_ses-1.set,41,2224,batch_0032.npy
sub-33,sub-33_ses-1.set,42,2225,batch_0032.npy
sub-33,sub-33_ses-1.set,43,2226,batch_0032.npy
sub-33,sub-33_ses-1.set,44,2227,batch_0032.npy
sub-33,sub-33_ses-1.set,45,2228,batch_0032.npy
sub-33,sub-33_ses-1.set,46,2229,batch_0032.npy
sub-33,sub-33_ses-1.set,47,2230,batch_0032.npy
sub-33,sub-33_ses-1.set,48,2231,batch_0032.npy
sub-33,sub-33_ses-1.set,49,2232,batch_0032.npy
sub-33,sub-33_ses-1.set,50,2233,batch_0032.npy
sub-33,sub-33_ses-1.set,51,2234,batch_0032.npy
sub-33,sub-33_ses-1.set,52,2235,batch_0032.npy
sub-33,sub-33_ses-1.set,53,2236,batch_0032.npy
sub-33,sub-33_ses-1.set,54,2237,batch_0032.npy
sub-33,sub-33_ses-1.set,55,2238,batch_0032.npy
sub-33,sub-33_ses-1.set,56,2239,batch_0032.npy
sub-33,sub-33_ses-1.set,57,2240,batch_0032.npy
sub-33,sub-33_ses-1.set,58,2241,batch_0032.npy
sub-33,sub-33_ses-1.set,59,2242,batch_0032.npy
sub-33,sub-33_ses-1.set,60,2243,batch_0032.npy
sub-33,sub-33_ses-1.set,61,2244,batch_0032.npy
sub-33,sub-33_ses-1.set,62,2245,batch_0032.npy
sub-33,sub-33_ses-1.set,63,2246,batch_0032.npy
sub-33,sub-33_ses-1.set,64,2247,batch_0032.npy
sub-33,sub-33_ses-1.set,65,2248,batch_0032.npy
sub-33,sub-33_ses-1.set,66,2249,batch_0032.npy
sub-33,sub-33_ses-1.set,67,2250,batch_0032.npy
sub-33,sub-33_ses-1.set,68,2251,batch_0032.npy
sub-33,sub-33_ses-1.set,69,2252,batch_0032.npy
sub-33,sub-33_ses-1.set,70,2253,batch_0032.npy
sub-33,sub-33_ses-1.set,71,2254,batch_0032.npy
sub-33,sub-33_ses-1.set,72,2255,batch_0032.npy
sub-34,sub-34_ses-1.set,0,2256,batch_0033.npy
sub-34,sub-34_ses-1.set,1,2257,batch_0033.npy
sub-34,sub-34_ses-1.set,2,2258,batch_0033.npy
sub-34,sub-34_ses-1.set,3,2259,batch_0033.npy
sub-34,sub-34_ses-1.set,4,2260,batch_0033.npy
sub-34,sub-34_ses-1.set,5,2261,batch_0033.npy
sub-34,sub-34_ses-1.set,6,2262,batch_0033.npy
sub-34,sub-34_ses-1.set,7,2263,batch_0033.npy
sub-34,sub-34_ses-1.set,8,2264,batch_0033.npy
sub-34,sub-34_ses-1.set,9,2265,batch_0033.npy
sub-34,sub-34_ses-1.set,10,2266,batch_0033.npy
sub-34,sub-34_ses-1.set,11,2267,batch_0033.npy
sub-34,sub-34_ses-1.set,12,2268,batch_0033.npy
sub-34,sub-34_ses-1.set,13,2269,batch_0033.npy
sub-34,sub-34_ses-1.set,14,2270,batch_0033.npy
sub-34,sub-34_ses-1.set,15,2271,batch_0033.npy
sub-34,sub-34_ses-1.set,16,2272,batch_0033.npy
sub-34,sub-34_ses-1.set,17,2273,batch_0033.npy
sub-34,sub-34_ses-1.set,18,2274,batch_0033.npy
sub-34,sub-34_ses-1.set,19,2275,batch_0033.npy
sub-34,sub-34_ses-1.set,20,2276,batch_0033.npy
sub-34,sub-34_ses-1.set,21,2277,batch_0033.npy
sub-34,sub-34_ses-1.set,22,2278,batch_0033.npy
sub-34,sub-34_ses-1.set,23,2279,batch_0033.npy
sub-34,sub-34_ses-1.set,24,2280,batch_0033.npy
sub-34,sub-34_ses-1.set,25,2281,batch_0033.npy
sub-34,sub-34_ses-1.set,26,2282,batch_0033.npy
sub-34,sub-34_ses-1.set,27,2283,batch_0033.npy
sub-34,sub-34_ses-1.set,28,2284,batch_0033.npy
sub-34,sub-34_ses-1.set,29,2285,batch_0033.npy
sub-34,sub-34_ses-1.set,30,2286,batch_0033.npy
sub-34,sub-34_ses-1.set,31,2287,batch_0033.npy
sub-34,sub-34_ses-1.set,32,2288,batch_0033.npy
sub-34,sub-34_ses-1.set,33,2289,batch_0033.npy
sub-34,sub-34_ses-1.set,34,2290,batch_0033.npy
sub-34,sub-34_ses-1.set,35,2291,batch_0033.npy
sub-34,sub-34_ses-1.set,36,2292,batch_0033.npy
sub-34,sub-34_ses-1.set,37,2293,batch_0033.npy
sub-34,sub-34_ses-1.set,38,2294,batch_0033.npy
sub-34,sub-34_ses-1.set,39,2295,batch_0033.npy
sub-34,sub-34_ses-1.set,40,2296,batch_0033.npy
sub-34,sub-34_ses-1.set,41,2297,batch_0033.npy
sub-34,sub-34_ses-1.set,42,2298,batch_0033.npy
sub-34,sub-34_ses-1.set,43,2299,batch_0033.npy
sub-34,sub-34_ses-1.set,44,2300,batch_0033.npy
sub-34,sub-34_ses-1.set,45,2301,batch_0033.npy
sub-34,sub-34_ses-1.set,46,2302,batch_0033.npy
sub-34,sub-34_ses-1.set,47,2303,batch_0033.npy
sub-34,sub-34_ses-1.set,48,2304,batch_0033.npy
sub-34,sub-34_ses-1.set,49,2305,batch_0033.npy
sub-34,sub-34_ses-1.set,50,2306,batch_0033.npy
sub-34,sub-34_ses-1.set,51,2307,batch_0033.npy
sub-34,sub-34_ses-1.set,52,2308,batch_0033.npy
sub-34,sub-34_ses-1.set,53,2309,batch_0033.npy
sub-34,sub-34_ses-1.set,54,2310,batch_0033.npy
sub-34,sub-34_ses-1.set,55,2311,batch_0033.npy
sub-34,sub-34_ses-1.set,56,2312,batch_0033.npy
sub-34,sub-34_ses-1.set,57,2313,batch_0033.npy
sub-34,sub-34_ses-1.set,58,2314,batch_0033.npy
sub-34,sub-34_ses-1.set,59,2315,batch_0033.npy
sub-34,sub-34_ses-1.set,60,2316,batch_0033.npy
sub-34,sub-34_ses-1.set,61,2317,batch_0033.npy
sub-34,sub-34_ses-1.set,62,2318,batch_0033.npy
sub-34,sub-34_ses-1.set,63,2319,batch_0033.npy
sub-34,sub-34_ses-1.set,64,2320,batch_0033.npy
sub-34,sub-34_ses-1.set,65,2321,batch_0033.npy
sub-34,sub-34_ses-1.set,66,2322,batch_0033.npy
sub-34,sub-34_ses-1.set,67,2323,batch_0033.npy
sub-34,sub-34_ses-1.set,68,2324,batch_0033.npy
sub-34,sub-34_ses-1.set,69,2325,batch_0033.npy
sub-34,sub-34_ses-1.set,70,2326,batch_0033.npy
sub-34,sub-34_ses-1.set,71,2327,batch_0033.npy
sub-35,sub-35_ses-1.set,0,2328,batch_0034.npy
sub-35,sub-35_ses-1.set,1,2329,batch_0034.npy
sub-35,sub-35_ses-1.set,2,2330,batch_0034.npy
sub-35,sub-35_ses-1.set,3,2331,batch_0034.npy
sub-35,sub-35_ses-1.set,4,2332,batch_0034.npy
sub-35,sub-35_ses-1.set,5,2333,batch_0034.npy
sub-35,sub-35_ses-1.set,6,2334,batch_0034.npy
sub-35,sub-35_ses-1.set,7,2335,batch_0034.npy
sub-35,sub-35_ses-1.set,8,2336,batch_0034.npy
sub-35,sub-35_ses-1.set,9,2337,batch_0034.npy
sub-35,sub-35_ses-1.set,10,2338,batch_0034.npy
sub-35,sub-35_ses-1.set,11,2339,batch_0034.npy
sub-35,sub-35_ses-1.set,12,2340,batch_0034.npy
sub-35,sub-35_ses-1.set,13,2341,batch_0034.npy
sub-35,sub-35_ses-1.set,14,2342,batch_0034.npy
sub-35,sub-35_ses-1.set,15,2343,batch_0034.npy
sub-35,sub-35_ses-1.set,16,2344,batch_0034.npy
sub-35,sub-35_ses-1.set,17,2345,batch_0034.npy
sub-35,sub-35_ses-1.set,18,2346,batch_0034.npy
sub-35,sub-35_ses-1.set,19,2347,batch_0034.npy
sub-35,sub-35_ses-1.set,20,2348,batch_0034.npy
sub-35,sub-35_ses-1.set,21,2349,batch_0034.npy
sub-35,sub-35_ses-1.set,22,2350,batch_0034.npy
sub-35,sub-35_ses-1.set,23,2351,batch_0034.npy
sub-35,sub-35_ses-1.set,24,2352,batch_0034.npy
sub-35,sub-35_ses-1.set,25,2353,batch_0034.npy
sub-35,sub-35_ses-1.set,26,2354,batch_0034.npy
sub-35,sub-35_ses-1.set,27,2355,batch_0034.npy
sub-35,sub-35_ses-1.set,28,2356,batch_0034.npy
sub-35,sub-35_ses-1.set,29,2357,batch_0034.npy
sub-35,sub-35_ses-1.set,30,2358,batch_0034.npy
sub-35,sub-35_ses-1.set,31,2359,batch_0034.npy
sub-35,sub-35_ses-1.set,32,2360,batch_0034.npy
sub-35,sub-35_ses-1.set,33,2361,batch_0034.npy
sub-35,sub-35_ses-1.set,34,2362,batch_0034.npy
sub-35,sub-35_ses-1.set,35,2363,batch_0034.npy
sub-35,sub-35_ses-1.set,36,2364,batch_0034.npy
sub-35,sub-35_ses-1.set,37,2365,batch_0034.npy
sub-35,sub-35_ses-1.set,38,2366,batch_0034.npy
sub-35,sub-35_ses-1.set,39,2367,batch_0034.npy
sub-35,sub-35_ses-1.set,40,2368,batch_0034.npy
sub-35,sub-35_ses-1.set,41,2369,batch_0034.npy
sub-35,sub-35_ses-1.set,42,2370,batch_0034.npy
sub-35,sub-35_ses-1.set,43,2371,batch_0034.npy
sub-35,sub-35_ses-1.set,44,2372,batch_0034.npy
sub-35,sub-35_ses-1.set,45,2373,batch_0034.npy
sub-35,sub-35_ses-1.set,46,2374,batch_0034.npy
sub-35,sub-35_ses-1.set,47,2375,batch_0034.npy
sub-35,sub-35_ses-1.set,48,2376,batch_0034.npy
sub-35,sub-35_ses-1.set,49,2377,batch_0034.npy
sub-35,sub-35_ses-1.set,50,2378,batch_0034.npy
sub-35,sub-35_ses-1.set,51,2379,batch_0034.npy
sub-35,sub-35_ses-1.set,52,2380,batch_0034.npy
sub-35,sub-35_ses-1.set,53,2381,batch_0034.npy
sub-35,sub-35_ses-1.set,54,2382,batch_0034.npy
sub-35,sub-35_ses-1.set,55,2383,batch_0034.npy
sub-35,sub-35_ses-1.set,56,2384,batch_0034.npy
sub-35,sub-35_ses-1.set,57,2385,batch_0034.npy
sub-35,sub-35_ses-1.set,58,2386,batch_0034.npy
sub-35,sub-35_ses-1.set,59,2387,batch_0034.npy
sub-35,sub-35_ses-1.set,60,2388,batch_0034.npy
sub-35,sub-35_ses-1.set,61,2389,batch_0034.npy
sub-35,sub-35_ses-1.set,62,2390,batch_0034.npy
sub-35,sub-35_ses-1.set,63,2391,batch_0034.npy
sub-35,sub-35_ses-1.set,64,2392,batch_0034.npy
sub-35,sub-35_ses-1.set,65,2393,batch_0034.npy
sub-35,sub-35_ses-1.set,66,2394,batch_0034.npy
sub-35,sub-35_ses-1.set,67,2395,batch_0034.npy
sub-35,sub-35_ses-1.set,68,2396,batch_0034.npy
sub-35,sub-35_ses-1.set,69,2397,batch_0034.npy
sub-35,sub-35_ses-1.set,70,2398,batch_0034.npy
sub-35,sub-35_ses-1.set,71,2399,batch_0034.npy
sub-35,sub-35_ses-1.set,72,2400,batch_0034.npy
sub-36,sub-36_ses-1.set,0,2401,batch_0035.npy
sub-36,sub-36_ses-1.set,1,2402,batch_0035.npy
sub-36,sub-36_ses-1.set,2,2403,batch_0035.npy
sub-36,sub-36_ses-1.set,3,2404,batch_0035.npy
sub-36,sub-36_ses-1.set,4,2405,batch_0035.npy
sub-36,sub-36_ses-1.set,5,2406,batch_0035.npy
sub-36,sub-36_ses-1.set,6,2407,batch_0035.npy
sub-36,sub-36_ses-1.set,7,2408,batch_0035.npy
sub-36,sub-36_ses-1.set,8,2409,batch_0035.npy
sub-36,sub-36_ses-1.set,9,2410,batch_0035.npy
sub-36,sub-36_ses-1.set,10,2411,batch_0035.npy
sub-36,sub-36_ses-1.set,11,2412,batch_0035.npy
sub-36,sub-36_ses-1.set,12,2413,batch_0035.npy
sub-36,sub-36_ses-1.set,13,2414,batch_0035.npy
sub-36,sub-36_ses-1.set,14,2415,batch_0035.npy
sub-36,sub-36_ses-1.set,15,2416,batch_0035.npy
sub-36,sub-36_ses-1.set,16,2417,batch_0035.npy
sub-36,sub-36_ses-1.set,17,2418,batch_0035.npy
sub-36,sub-36_ses-1.set,18,2419,batch_0035.npy
sub-36,sub-36_ses-1.set,19,2420,batch_0035.npy
sub-36,sub-36_ses-1.set,20,2421,batch_0035.npy
sub-36,sub-36_ses-1.set,21,2422,batch_0035.npy
sub-36,sub-36_ses-1.set,22,2423,batch_0035.npy
sub-36,sub-36_ses-1.set,23,2424,batch_0035.npy
sub-36,sub-36_ses-1.set,24,2425,batch_0035.npy
sub-36,sub-36_ses-1.set,25,2426,batch_0035.npy
sub-36,sub-36_ses-1.set,26,2427,batch_0035.npy
sub-36,sub-36_ses-1.set,27,2428,batch_0035.npy
sub-36,sub-36_ses-1.set,28,2429,batch_0035.npy
sub-36,sub-36_ses-1.set,29,2430,batch_0035.npy
sub-36,sub-36_ses-1.set,30,2431,batch_0035.npy
sub-36,sub-36_ses-1.set,31,2432,batch_0035.npy
sub-36,sub-36_ses-1.set,32,2433,batch_0035.npy
sub-36,sub-36_ses-1.set,33,2434,batch_0035.npy
sub-36,sub-36_ses-1.set,34,2435,batch_0035.npy
sub-36,sub-36_ses-1.set,35,2436,batch_0035.npy
sub-36,sub-36_ses-1.set,36,2437,batch_0035.npy
sub-36,sub-36_ses-1.set,37,2438,batch_0035.npy
sub-36,sub-36_ses-1.set,38,2439,batch_0035.npy
sub-36,sub-36_ses-1.set,39,2440,batch_0035.npy
sub-36,sub-36_ses-1.set,40,2441,batch_0035.npy
sub-36,sub-36_ses-1.set,41,2442,batch_0035.npy
sub-36,sub-36_ses-1.set,42,2443,batch_0035.npy
sub-36,sub-36_ses-1.set,43,2444,batch_0035.npy
sub-36,sub-36_ses-1.set,44,2445,batch_0035.npy
sub-36,sub-36_ses-1.set,45,2446,batch_0035.npy
sub-36,sub-36_ses-1.set,46,2447,batch_0035.npy
sub-36,sub-36_ses-1.set,47,2448,batch_0035.npy
sub-36,sub-36_ses-1.set,48,2449,batch_0035.npy
sub-36,sub-36_ses-1.set,49,2450,batch_0035.npy
sub-36,sub-36_ses-1.set,50,2451,batch_0035.npy
sub-36,sub-36_ses-1.set,51,2452,batch_0035.npy
sub-36,sub-36_ses-1.set,52,2453,batch_0035.npy
sub-36,sub-36_ses-1.set,53,2454,batch_0035.npy
sub-36,sub-36_ses-1.set,54,2455,batch_0035.npy
sub-36,sub-36_ses-1.set,55,2456,batch_0035.npy
sub-36,sub-36_ses-1.set,56,2457,batch_0035.npy
sub-36,sub-36_ses-1.set,57,2458,batch_0035.npy
sub-36,sub-36_ses-1.set,58,2459,batch_0035.npy
sub-36,sub-36_ses-1.set,59,2460,batch_0035.npy
sub-36,sub-36_ses-1.set,60,2461,batch_0035.npy
sub-36,sub-36_ses-1.set,61,2462,batch_0035.npy
sub-36,sub-36_ses-1.set,62,2463,batch_0035.npy
sub-36,sub-36_ses-1.set,63,2464,batch_0035.npy
sub-36,sub-36_ses-1.set,64,2465,batch_0035.npy
sub-36,sub-36_ses-1.set,65,2466,batch_0035.npy
sub-36,sub-36_ses-1.set,66,2467,batch_0035.npy
sub-36,sub-36_ses-1.set,67,2468,batch_0035.npy
sub-36,sub-36_ses-1.set,68,2469,batch_0035.npy
sub-36,sub-36_ses-1.set,69,2470,batch_0035.npy
sub-36,sub-36_ses-1.set,70,2471,batch_0035.npy
sub-36,sub-36_ses-1.set,71,2472,batch_0035.npy
sub-36,sub-36_ses-1.set,72,2473,batch_0035.npy
sub-37,sub-37_ses-1.set,0,2474,batch_0036.npy
sub-37,sub-37_ses-1.set,1,2475,batch_0036.npy
sub-37,sub-37_ses-1.set,2,2476,batch_0036.npy
sub-37,sub-37_ses-1.set,3,2477,batch_0036.npy
sub-37,sub-37_ses-1.set,4,2478,batch_0036.npy
sub-37,sub-37_ses-1.set,5,2479,batch_0036.npy
sub-37,sub-37_ses-1.set,6,2480,batch_0036.npy
sub-37,sub-37_ses-1.set,7,2481,batch_0036.npy
sub-37,sub-37_ses-1.set,8,2482,batch_0036.npy
sub-37,sub-37_ses-1.set,9,2483,batch_0036.npy
sub-37,sub-37_ses-1.set,10,2484,batch_0036.npy
sub-37,sub-37_ses-1.set,11,2485,batch_0036.npy
sub-37,sub-37_ses-1.set,12,2486,batch_0036.npy
sub-37,sub-37_ses-1.set,13,2487,batch_0036.npy
sub-37,sub-37_ses-1.set,14,2488,batch_0036.npy
sub-37,sub-37_ses-1.set,15,2489,batch_0036.npy
sub-37,sub-37_ses-1.set,16,2490,batch_0036.npy
sub-37,sub-37_ses-1.set,17,2491,batch_0036.npy
sub-37,sub-37_ses-1.set,18,2492,batch_0036.npy
sub-37,sub-37_ses-1.set,19,2493,batch_0036.npy
sub-37,sub-37_ses-1.set,20,2494,batch_0036.npy
sub-37,sub-37_ses-1.set,21,2495,batch_0036.npy
sub-37,sub-37_ses-1.set,22,2496,batch_0036.npy
sub-37,sub-37_ses-1.set,23,2497,batch_0036.npy
sub-37,sub-37_ses-1.set,24,2498,batch_0036.npy
sub-37,sub-37_ses-1.set,25,2499,batch_0036.npy
sub-37,sub-37_ses-1.set,26,2500,batch_0036.npy
sub-37,sub-37_ses-1.set,27,2501,batch_0036.npy
sub-37,sub-37_ses-1.set,28,2502,batch_0036.npy
sub-37,sub-37_ses-1.set,29,2503,batch_0036.npy
sub-37,sub-37_ses-1.set,30,2504,batch_0036.npy
sub-37,sub-37_ses-1.set,31,2505,batch_0036.npy
sub-37,sub-37_ses-1.set,32,2506,batch_0036.npy
sub-37,sub-37_ses-1.set,33,2507,batch_0036.npy
sub-37,sub-37_ses-1.set,34,2508,batch_0036.npy
sub-37,sub-37_ses-1.set,35,2509,batch_0036.npy
sub-37,sub-37_ses-1.set,36,2510,batch_0036.npy
sub-37,sub-37_ses-1.set,37,2511,batch_0036.npy
sub-37,sub-37_ses-1.set,38,2512,batch_0036.npy
sub-37,sub-37_ses-1.set,39,2513,batch_0036.npy
sub-37,sub-37_ses-1.set,40,2514,batch_0036.npy
sub-37,sub-37_ses-1.set,41,2515,batch_0036.npy
sub-37,sub-37_ses-1.set,42,2516,batch_0036.npy
sub-37,sub-37_ses-1.set,43,2517,batch_0036.npy
sub-37,sub-37_ses-1.set,44,2518,batch_0036.npy
sub-37,sub-37_ses-1.set,45,2519,batch_0036.npy
sub-37,sub-37_ses-1.set,46,2520,batch_0036.npy
sub-37,sub-37_ses-1.set,47,2521,batch_0036.npy
sub-37,sub-37_ses-1.set,48,2522,batch_0036.npy
sub-37,sub-37_ses-1.set,49,2523,batch_0036.npy
sub-37,sub-37_ses-1.set,50,2524,batch_0036.npy
sub-37,sub-37_ses-1.set,51,2525,batch_0036.npy
sub-37,sub-37_ses-1.set,52,2526,batch_0036.npy
sub-37,sub-37_ses-1.set,53,2527,batch_0036.npy
sub-37,sub-37_ses-1.set,54,2528,batch_0036.npy
sub-37,sub-37_ses-1.set,55,2529,batch_0036.npy
sub-37,sub-37_ses-1.set,56,2530,batch_0036.npy
sub-37,sub-37_ses-1.set,57,2531,batch_0036.npy
sub-37,sub-37_ses-1.set,58,2532,batch_0036.npy
sub-37,sub-37_ses-1.set,59,2533,batch_0036.npy
sub-37,sub-37_ses-1.set,60,2534,batch_0036.npy
sub-37,sub-37_ses-1.set,61,2535,batch_0036.npy
sub-37,sub-37_ses-1.set,62,2536,batch_0036.npy
sub-37,sub-37_ses-1.set,63,2537,batch_0036.npy
sub-37,sub-37_ses-1.set,64,2538,batch_0036.npy
sub-37,sub-37_ses-1.set,65,2539,batch_0036.npy
sub-37,sub-37_ses-1.set,66,2540,batch_0036.npy
sub-37,sub-37_ses-1.set,67,2541,batch_0036.npy
sub-37,sub-37_ses-1.set,68,2542,batch_0036.npy
sub-37,sub-37_ses-1.set,69,2543,batch_0036.npy
sub-37,sub-37_ses-1.set,70,2544,batch_0036.npy
sub-38,sub-38_ses-1.set,0,2545,batch_0037.npy
sub-38,sub-38_ses-1.set,1,2546,batch_0037.npy
sub-38,sub-38_ses-1.set,2,2547,batch_0037.npy
sub-38,sub-38_ses-1.set,3,2548,batch_0037.npy
sub-38,sub-38_ses-1.set,4,2549,batch_0037.npy
sub-38,sub-38_ses-1.set,5,2550,batch_0037.npy
sub-38,sub-38_ses-1.set,6,2551,batch_0037.npy
sub-38,sub-38_ses-1.set,7,2552,batch_0037.npy
sub-38,sub-38_ses-1.set,8,2553,batch_0037.npy
sub-38,sub-38_ses-1.set,9,2554,batch_0037.npy
sub-38,sub-38_ses-1.set,10,2555,batch_0037.npy
sub-38,sub-38_ses-1.set,11,2556,batch_0037.npy
sub-38,sub-38_ses-1.set,12,2557,batch_0037.npy
sub-38,sub-38_ses-1.set,13,2558,batch_0037.npy
sub-38,sub-38_ses-1.set,14,2559,batch_0037.npy
sub-38,sub-38_ses-1.set,15,2560,batch_0037.npy
sub-38,sub-38_ses-1.set,16,2561,batch_0037.npy
sub-38,sub-38_ses-1.set,17,2562,batch_0037.npy
sub-38,sub-38_ses-1.set,18,2563,batch_0037.npy
sub-38,sub-38_ses-1.set,19,2564,batch_0037.npy
sub-38,sub-38_ses-1.set,20,2565,batch_0037.npy
sub-38,sub-38_ses-1.set,21,2566,batch_0037.npy
sub-38,sub-38_ses-1.set,22,2567,batch_0037.npy
sub-38,sub-38_ses-1.set,23,2568,batch_0037.npy
sub-38,sub-38_ses-1.set,24,2569,batch_0037.npy
sub-38,sub-38_ses-1.set,25,2570,batch_0037.npy
sub-38,sub-38_ses-1.set,26,2571,batch_0037.npy
sub-38,sub-38_ses-1.set,27,2572,batch_0037.npy
sub-38,sub-38_ses-1.set,28,2573,batch_0037.npy
sub-38,sub-38_ses-1.set,29,2574,batch_0037.npy
sub-38,sub-38_ses-1.set,30,2575,batch_0037.npy
sub-38,sub-38_ses-1.set,31,2576,batch_0037.npy
sub-38,sub-38_ses-1.set,32,2577,batch_0037.npy
sub-38,sub-38_ses-1.set,33,2578,batch_0037.npy
sub-38,sub-38_ses-1.set,34,2579,batch_0037.npy
sub-38,sub-38_ses-1.set,35,2580,batch_0037.npy
sub-38,sub-38_ses-1.set,36,2581,batch_0037.npy
sub-38,sub-38_ses-1.set,37,2582,batch_0037.npy
sub-38,sub-38_ses-1.set,38,2583,batch_0037.npy
sub-38,sub-38_ses-1.set,39,2584,batch_0037.npy
sub-38,sub-38_ses-1.set,40,2585,batch_0037.npy
sub-38,sub-38_ses-1.set,41,2586,batch_0037.npy
sub-38,sub-38_ses-1.set,42,2587,batch_0037.npy
sub-38,sub-38_ses-1.set,43,2588,batch_0037.npy
sub-38,sub-38_ses-1.set,44,2589,batch_0037.npy
sub-38,sub-38_ses-1.set,45,2590,batch_0037.npy
sub-38,sub-38_ses-1.set,46,2591,batch_0037.npy
sub-38,sub-38_ses-1.set,47,2592,batch_0037.npy
sub-38,sub-38_ses-1.set,48,2593,batch_0037.npy
sub-38,sub-38_ses-1.set,49,2594,batch_0037.npy
sub-38,sub-38_ses-1.set,50,2595,batch_0037.npy
sub-38,sub-38_ses-1.set,51,2596,batch_0037.npy
sub-38,sub-38_ses-1.set,52,2597,batch_0037.npy
sub-38,sub-38_ses-1.set,53,2598,batch_0037.npy
sub-38,sub-38_ses-1.set,54,2599,batch_0037.npy
sub-38,sub-38_ses-1.set,55,2600,batch_0037.npy
sub-38,sub-38_ses-1.set,56,2601,batch_0037.npy
sub-38,sub-38_ses-1.set,57,2602,batch_0037.npy
sub-38,sub-38_ses-1.set,58,2603,batch_0037.npy
sub-38,sub-38_ses-1.set,59,2604,batch_0037.npy
sub-38,sub-38_ses-1.set,60,2605,batch_0037.npy
sub-38,sub-38_ses-1.set,61,2606,batch_0037.npy
sub-38,sub-38_ses-1.set,62,2607,batch_0037.npy
sub-38,sub-38_ses-1.set,63,2608,batch_0037.npy
sub-38,sub-38_ses-1.set,64,2609,batch_0037.npy
sub-38,sub-38_ses-1.set,65,2610,batch_0037.npy
sub-38,sub-38_ses-1.set,66,2611,batch_0037.npy
sub-38,sub-38_ses-1.set,67,2612,batch_0037.npy
sub-38,sub-38_ses-1.set,68,2613,batch_0037.npy
sub-38,sub-38_ses-1.set,69,2614,batch_0037.npy
sub-38,sub-38_ses-1.set,70,2615,batch_0037.npy
sub-39,sub-39_ses-1.set,0,2616,batch_0038.npy
sub-39,sub-39_ses-1.set,1,2617,batch_0038.npy
sub-39,sub-39_ses-1.set,2,2618,batch_0038.npy
sub-39,sub-39_ses-1.set,3,2619,batch_0038.npy
sub-39,sub-39_ses-1.set,4,2620,batch_0038.npy
sub-39,sub-39_ses-1.set,5,2621,batch_0038.npy
sub-39,sub-39_ses-1.set,6,2622,batch_0038.npy
sub-39,sub-39_ses-1.set,7,2623,batch_0038.npy
sub-39,sub-39_ses-1.set,8,2624,batch_0038.npy
sub-39,sub-39_ses-1.set,9,2625,batch_0038.npy
sub-39,sub-39_ses-1.set,10,2626,batch_0038.npy
sub-39,sub-39_ses-1.set,11,2627,batch_0038.npy
sub-39,sub-39_ses-1.set,12,2628,batch_0038.npy
sub-39,sub-39_ses-1.set,13,2629,batch_0038.npy
sub-39,sub-39_ses-1.set,14,2630,batch_0038.npy
sub-39,sub-39_ses-1.set,15,2631,batch_0038.npy
sub-39,sub-39_ses-1.set,16,2632,batch_0038.npy
sub-39,sub-39_ses-1.set,17,2633,batch_0038.npy
sub-39,sub-39_ses-1.set,18,2634,batch_0038.npy
sub-39,sub-39_ses-1.set,19,2635,batch_0038.npy
sub-39,sub-39_ses-1.set,20,2636,batch_0038.npy
sub-39,sub-39_ses-1.set,21,2637,batch_0038.npy
sub-39,sub-39_ses-1.set,22,2638,batch_0038.npy
sub-39,sub-39_ses-1.set,23,2639,batch_0038.npy
sub-39,sub-39_ses-1.set,24,2640,batch_0038.npy
sub-39,sub-39_ses-1.set,25,2641,batch_0038.npy
sub-39,sub-39_ses-1.set,26,2642,batch_0038.npy
sub-39,sub-39_ses-1.set,27,2643,batch_0038.npy
sub-39,sub-39_ses-1.set,28,2644,batch_0038.npy
sub-39,sub-39_ses-1.set,29,2645,batch_0038.npy
sub-39,sub-39_ses-1.set,30,2646,batch_0038.npy
sub-39,sub-39_ses-1.set,31,2647,batch_0038.npy
sub-39,sub-39_ses-1.set,32,2648,batch_0038.npy
sub-39,sub-39_ses-1.set,33,2649,batch_0038.npy
sub-39,sub-39_ses-1.set,34,2650,batch_0038.npy
sub-39,sub-39_ses-1.set,35,2651,batch_0038.npy
sub-39,sub-39_ses-1.set,36,2652,batch_0038.npy
sub-39,sub-39_ses-1.set,37,2653,batch_0038.npy
sub-39,sub-39_ses-1.set,38,2654,batch_0038.npy
sub-39,sub-39_ses-1.set,39,2655,batch_0038.npy
sub-39,sub-39_ses-1.set,40,2656,batch_0038.npy
sub-39,sub-39_ses-1.set,41,2657,batch_0038.npy
sub-39,sub-39_ses-1.set,42,2658,batch_0038.npy
sub-39,sub-39_ses-1.set,43,2659,batch_0038.npy
sub-39,sub-39_ses-1.set,44,2660,batch_0038.npy
sub-39,sub-39_ses-1.set,45,2661,batch_0038.npy
sub-39,sub-39_ses-1.set,46,2662,batch_0038.npy
sub-39,sub-39_ses-1.set,47,2663,batch_0038.npy
sub-39,sub-39_ses-1.set,48,2664,batch_0038.npy
sub-39,sub-39_ses-1.set,49,2665,batch_0038.npy
sub-39,sub-39_ses-1.set,50,2666,batch_0038.npy
sub-39,sub-39_ses-1.set,51,2667,batch_0038.npy
sub-39,sub-39_ses-1.set,52,2668,batch_0038.npy
sub-39,sub-39_ses-1.set,53,2669,batch_0038.npy
sub-39,sub-39_ses-1.set,54,2670,batch_0038.npy
sub-39,sub-39_ses-1.set,55,2671,batch_0038.npy
sub-39,sub-39_ses-1.set,56,2672,batch_0038.npy
sub-39,sub-39_ses-1.set,57,2673,batch_0038.npy
sub-39,sub-39_ses-1.set,58,2674,batch_0038.npy
sub-39,sub-39_ses-1.set,59,2675,batch_0038.npy
sub-39,sub-39_ses-1.set,60,2676,batch_0038.npy
sub-39,sub-39_ses-1.set,61,2677,batch_0038.npy
sub-39,sub-39_ses-1.set,62,2678,batch_0038.npy
sub-39,sub-39_ses-1.set,63,2679,batch_0038.npy
sub-39,sub-39_ses-1.set,64,2680,batch_0038.npy
sub-39,sub-39_ses-1.set,65,2681,batch_0038.npy
sub-39,sub-39_ses-1.set,66,2682,batch_0038.npy
sub-39,sub-39_ses-1.set,67,2683,batch_0038.npy
sub-39,sub-39_ses-1.set,68,2684,batch_0038.npy
sub-39,sub-39_ses-1.set,69,2685,batch_0038.npy
sub-39,sub-39_ses-1.set,70,2686,batch_0038.npy
sub-40,sub-40_ses-1.set,0,2687,batch_0039.npy
sub-40,sub-40_ses-1.set,1,2688,batch_0039.npy
sub-40,sub-40_ses-1.set,2,2689,batch_0039.npy
sub-40,sub-40_ses-1.set,3,2690,batch_0039.npy
sub-40,sub-40_ses-1.set,4,2691,batch_0039.npy
sub-40,sub-40_ses-1.set,5,2692,batch_0039.npy
sub-40,sub-40_ses-1.set,6,2693,batch_0039.npy
sub-40,sub-40_ses-1.set,7,2694,batch_0039.npy
sub-40,sub-40_ses-1.set,8,2695,batch_0039.npy
sub-40,sub-40_ses-1.set,9,2696,batch_0039.npy
sub-40,sub-40_ses-1.set,10,2697,batch_0039.npy
sub-40,sub-40_ses-1.set,11,2698,batch_0039.npy
sub-40,sub-40_ses-1.set,12,2699,batch_0039.npy
sub-40,sub-40_ses-1.set,13,2700,batch_0039.npy
sub-40,sub-40_ses-1.set,14,2701,batch_0039.npy
sub-40,sub-40_ses-1.set,15,2702,batch_0039.npy
sub-40,sub-40_ses-1.set,16,2703,batch_0039.npy
sub-40,sub-40_ses-1.set,17,2704,batch_0039.npy
sub-40,sub-40_ses-1.set,18,2705,batch_0039.npy
sub-40,sub-40_ses-1.set,19,2706,batch_0039.npy
sub-40,sub-40_ses-1.set,20,2707,batch_0039.npy
sub-40,sub-40_ses-1.set,21,2708,batch_0039.npy
sub-40,sub-40_ses-1.set,22,2709,batch_0039.npy
sub-40,sub-40_ses-1.set,23,2710,batch_0039.npy
sub-40,sub-40_ses-1.set,24,2711,batch_0039.npy
sub-40,sub-40_ses-1.set,25,2712,batch_0039.npy
sub-40,sub-40_ses-1.set,26,2713,batch_0039.npy
sub-40,sub-40_ses-1.set,27,2714,batch_0039.npy
sub-40,sub-40_ses-1.set,28,2715,batch_0039.npy
sub-40,sub-40_ses-1.set,29,2716,batch_0039.npy
sub-40,sub-40_ses-1.set,30,2717,batch_0039.npy
sub-40,sub-40_ses-1.set,31,2718,batch_0039.npy
sub-40,sub-40_ses-1.set,32,2719,batch_0039.npy
sub-40,sub-40_ses-1.set,33,2720,batch_0039.npy
sub-40,sub-40_ses-1.set,34,2721,batch_0039.npy
sub-40,sub-40_ses-1.set,35,2722,batch_0039.npy
sub-40,sub-40_ses-1.set,36,2723,batch_0039.npy
sub-40,sub-40_ses-1.set,37,2724,batch_0039.npy
sub-40,sub-40_ses-1.set,38,2725,batch_0039.npy
sub-40,sub-40_ses-1.set,39,2726,batch_0039.npy
sub-40,sub-40_ses-1.set,40,2727,batch_0039.npy
sub-40,sub-40_ses-1.set,41,2728,batch_0039.npy
sub-40,sub-40_ses-1.set,42,2729,batch_0039.npy
sub-40,sub-40_ses-1.set,43,2730,batch_0039.npy
sub-40,sub-40_ses-1.set,44,2731,batch_0039.npy
sub-40,sub-40_ses-1.set,45,2732,batch_0039.npy
sub-40,sub-40_ses-1.set,46,2733,batch_0039.npy
sub-40,sub-40_ses-1.set,47,2734,batch_0039.npy
sub-40,sub-40_ses-1.set,48,2735,batch_0039.npy
sub-40,sub-40_ses-1.set,49,2736,batch_0039.npy
sub-40,sub-40_ses-1.set,50,2737,batch_0039.npy
sub-40,sub-40_ses-1.set,51,2738,batch_0039.npy
sub-40,sub-40_ses-1.set,52,2739,batch_0039.npy
sub-40,sub-40_ses-1.set,53,2740,batch_0039.npy
sub-40,sub-40_ses-1.set,54,2741,batch_0039.npy
sub-40,sub-40_ses-1.set,55,2742,batch_0039.npy
sub-40,sub-40_ses-1.set,56,2743,batch_0039.npy
sub-40,sub-40_ses-1.set,57,2744,batch_0039.npy
sub-40,sub-40_ses-1.set,58,2745,batch_0039.npy
sub-40,sub-40_ses-1.set,59,2746,batch_0039.npy
sub-40,sub-40_ses-1.set,60,2747,batch_0039.npy
sub-40,sub-40_ses-1.set,61,2748,batch_0039.npy
sub-40,sub-40_ses-1.set,62,2749,batch_0039.npy
sub-40,sub-40_ses-1.set,63,2750,batch_0039.npy
sub-40,sub-40_ses-1.set,64,2751,batch_0039.npy
sub-40,sub-40_ses-1.set,65,2752,batch_0039.npy
sub-40,sub-40_ses-1.set,66,2753,batch_0039.npy
sub-40,sub-40_ses-1.set,67,2754,batch_0039.npy
sub-40,sub-40_ses-1.set,68,2755,batch_0039.npy
sub-40,sub-40_ses-1.set,69,2756,batch_0039.npy
sub-40,sub-40_ses-1.set,70,2757,batch_0039.npy
sub-40,sub-40_ses-1.set,71,2758,batch_0039.npy
sub-40,sub-40_ses-1.set,72,2759,batch_0039.npy
sub-41,sub-41_ses-1.set,0,2760,batch_0040.npy
sub-41,sub-41_ses-1.set,1,2761,batch_0040.npy
sub-41,sub-41_ses-1.set,2,2762,batch_0040.npy
sub-41,sub-41_ses-1.set,3,2763,batch_0040.npy
sub-41,sub-41_ses-1.set,4,2764,batch_0040.npy
sub-41,sub-41_ses-1.set,5,2765,batch_0040.npy
sub-41,sub-41_ses-1.set,6,2766,batch_0040.npy
sub-41,sub-41_ses-1.set,7,2767,batch_0040.npy
sub-41,sub-41_ses-1.set,8,2768,batch_0040.npy
sub-41,sub-41_ses-1.set,9,2769,batch_0040.npy
sub-41,sub-41_ses-1.set,10,2770,batch_0040.npy
sub-41,sub-41_ses-1.set,11,2771,batch_0040.npy
sub-41,sub-41_ses-1.set,12,2772,batch_0040.npy
sub-41,sub-41_ses-1.set,13,2773,batch_0040.npy
sub-41,sub-41_ses-1.set,14,2774,batch_0040.npy
sub-41,sub-41_ses-1.set,15,2775,batch_0040.npy
sub-41,sub-41_ses-1.set,16,2776,batch_0040.npy
sub-41,sub-41_ses-1.set,17,2777,batch_0040.npy
sub-41,sub-41_ses-1.set,18,2778,batch_0040.npy
sub-41,sub-41_ses-1.set,19,2779,batch_0040.npy
sub-41,sub-41_ses-1.set,20,2780,batch_0040.npy
sub-41,sub-41_ses-1.set,21,2781,batch_0040.npy
sub-41,sub-41_ses-1.set,22,2782,batch_0040.npy
sub-41,sub-41_ses-1.set,23,2783,batch_0040.npy
sub-41,sub-41_ses-1.set,24,2784,batch_0040.npy
sub-41,sub-41_ses-1.set,25,2785,batch_0040.npy
sub-41,sub-41_ses-1.set,26,2786,batch_0040.npy
sub-41,sub-41_ses-1.set,27,2787,batch_0040.npy
sub-41,sub-41_ses-1.set,28,2788,batch_0040.npy
sub-41,sub-41_ses-1.set,29,2789,batch_0040.npy
sub-41,sub-41_ses-1.set,30,2790,batch_0040.npy
sub-41,sub-41_ses-1.set,31,2791,batch_0040.npy
sub-41,sub-41_ses-1.set,32,2792,batch_0040.npy
sub-41,sub-41_ses-1.set,33,2793,batch_0040.npy
sub-41,sub-41_ses-1.set,34,2794,batch_0040.npy
sub-41,sub-41_ses-1.set,35,2795,batch_0040.npy
sub-41,sub-41_ses-1.set,36,2796,batch_0040.npy
sub-41,sub-41_ses-1.set,37,2797,batch_0040.npy
sub-41,sub-41_ses-1.set,38,2798,batch_0040.npy
sub-41,sub-41_ses-1.set,39,2799,batch_0040.npy
sub-41,sub-41_ses-1.set,40,2800,batch_0040.npy
sub-41,sub-41_ses-1.set,41,2801,batch_0040.npy
sub-41,sub-41_ses-1.set,42,2802,batch_0040.npy
sub-41,sub-41_ses-1.set,43,2803,batch_0040.npy
sub-41,sub-41_ses-1.set,44,2804,batch_0040.npy
sub-41,sub-41_ses-1.set,45,2805,batch_0040.npy
sub-41,sub-41_ses-1.set,46,2806,batch_0040.npy
sub-41,sub-41_ses-1.set,47,2807,batch_0040.npy
sub-41,sub-41_ses-1.set,48,2808,batch_0040.npy
sub-41,sub-41_ses-1.set,49,2809,batch_0040.npy
sub-41,sub-41_ses-1.set,50,2810,batch_0040.npy
sub-41,sub-41_ses-1.set,51,2811,batch_0040.npy
sub-41,sub-41_ses-1.set,52,2812,batch_0040.npy
sub-41,sub-41_ses-1.set,53,2813,batch_0040.npy
sub-41,sub-41_ses-1.set,54,2814,batch_0040.npy
sub-41,sub-41_ses-1.set,55,2815,batch_0040.npy
sub-41,sub-41_ses-1.set,56,2816,batch_0040.npy
sub-41,sub-41_ses-1.set,57,2817,batch_0040.npy
sub-41,sub-41_ses-1.set,58,2818,batch_0040.npy
sub-41,sub-41_ses-1.set,59,2819,batch_0040.npy
sub-41,sub-41_ses-1.set,60,2820,batch_0040.npy
sub-41,sub-41_ses-1.set,61,2821,batch_0040.npy
sub-41,sub-41_ses-1.set,62,2822,batch_0040.npy
sub-41,sub-41_ses-1.set,63,2823,batch_0040.npy
sub-41,sub-41_ses-1.set,64,2824,batch_0040.npy
sub-41,sub-41_ses-1.set,65,2825,batch_0040.npy
sub-41,sub-41_ses-1.set,66,2826,batch_0040.npy
sub-41,sub-41_ses-1.set,67,2827,batch_0040.npy
sub-41,sub-41_ses-1.set,68,2828,batch_0040.npy
sub-42,sub-42_ses-1.set,0,2829,batch_0041.npy
sub-42,sub-42_ses-1.set,1,2830,batch_0041.npy
sub-42,sub-42_ses-1.set,2,2831,batch_0041.npy
sub-42,sub-42_ses-1.set,3,2832,batch_0041.npy
sub-42,sub-42_ses-1.set,4,2833,batch_0041.npy
sub-42,sub-42_ses-1.set,5,2834,batch_0041.npy
sub-42,sub-42_ses-1.set,6,2835,batch_0041.npy
sub-42,sub-42_ses-1.set,7,2836,batch_0041.npy
sub-42,sub-42_ses-1.set,8,2837,batch_0041.npy
sub-42,sub-42_ses-1.set,9,2838,batch_0041.npy
sub-42,sub-42_ses-1.set,10,2839,batch_0041.npy
sub-42,sub-42_ses-1.set,11,2840,batch_0041.npy
sub-42,sub-42_ses-1.set,12,2841,batch_0041.npy
sub-42,sub-42_ses-1.set,13,2842,batch_0041.npy
sub-42,sub-42_ses-1.set,14,2843,batch_0041.npy
sub-42,sub-42_ses-1.set,15,2844,batch_0041.npy
sub-42,sub-42_ses-1.set,16,2845,batch_0041.npy
sub-42,sub-42_ses-1.set,17,2846,batch_0041.npy
sub-42,sub-42_ses-1.set,18,2847,batch_0041.npy
sub-42,sub-42_ses-1.set,19,2848,batch_0041.npy
sub-42,sub-42_ses-1.set,20,2849,batch_0041.npy
sub-42,sub-42_ses-1.set,21,2850,batch_0041.npy
sub-42,sub-42_ses-1.set,22,2851,batch_0041.npy
sub-42,sub-42_ses-1.set,23,2852,batch_0041.npy
sub-42,sub-42_ses-1.set,24,2853,batch_0041.npy
sub-42,sub-42_ses-1.set,25,2854,batch_0041.npy
sub-42,sub-42_ses-1.set,26,2855,batch_0041.npy
sub-42,sub-42_ses-1.set,27,2856,batch_0041.npy
sub-42,sub-42_ses-1.set,28,2857,batch_0041.npy
sub-42,sub-42_ses-1.set,29,2858,batch_0041.npy
sub-42,sub-42_ses-1.set,30,2859,batch_0041.npy
sub-42,sub-42_ses-1.set,31,2860,batch_0041.npy
sub-42,sub-42_ses-1.set,32,2861,batch_0041.npy
sub-42,sub-42_ses-1.set,33,2862,batch_0041.npy
sub-42,sub-42_ses-1.set,34,2863,batch_0041.npy
sub-42,sub-42_ses-1.set,35,2864,batch_0041.npy
sub-42,sub-42_ses-1.set,36,2865,batch_0041.npy
sub-42,sub-42_ses-1.set,37,2866,batch_0041.npy
sub-42,sub-42_ses-1.set,38,2867,batch_0041.npy
sub-42,sub-42_ses-1.set,39,2868,batch_0041.npy
sub-42,sub-42_ses-1.set,40,2869,batch_0041.npy
sub-42,sub-42_ses-1.set,41,2870,batch_0041.npy
sub-42,sub-42_ses-1.set,42,2871,batch_0041.npy
sub-42,sub-42_ses-1.set,43,2872,batch_0041.npy
sub-42,sub-42_ses-1.set,44,2873,batch_0041.npy
sub-42,sub-42_ses-1.set,45,2874,batch_0041.npy
sub-42,sub-42_ses-1.set,46,2875,batch_0041.npy
sub-42,sub-42_ses-1.set,47,2876,batch_0041.npy
sub-42,sub-42_ses-1.set,48,2877,batch_0041.npy
sub-42,sub-42_ses-1.set,49,2878,batch_0041.npy
sub-42,sub-42_ses-1.set,50,2879,batch_0041.npy
sub-42,sub-42_ses-1.set,51,2880,batch_0041.npy
sub-42,sub-42_ses-1.set,52,2881,batch_0041.npy
sub-42,sub-42_ses-1.set,53,2882,batch_0041.npy
sub-42,sub-42_ses-1.set,54,2883,batch_0041.npy
sub-42,sub-42_ses-1.set,55,2884,batch_0041.npy
sub-42,sub-42_ses-1.set,56,2885,batch_0041.npy
sub-42,sub-42_ses-1.set,57,2886,batch_0041.npy
sub-42,sub-42_ses-1.set,58,2887,batch_0041.npy
sub-42,sub-42_ses-1.set,59,2888,batch_0041.npy
sub-42,sub-42_ses-1.set,60,2889,batch_0041.npy
sub-42,sub-42_ses-1.set,61,2890,batch_0041.npy
sub-42,sub-42_ses-1.set,62,2891,batch_0041.npy
sub-42,sub-42_ses-1.set,63,2892,batch_0041.npy
sub-42,sub-42_ses-1.set,64,2893,batch_0041.npy
sub-42,sub-42_ses-1.set,65,2894,batch_0041.npy
sub-42,sub-42_ses-1.set,66,2895,batch_0041.npy
sub-42,sub-42_ses-1.set,67,2896,batch_0041.npy
sub-42,sub-42_ses-1.set,68,2897,batch_0041.npy
sub-42,sub-42_ses-1.set,69,2898,batch_0041.npy
sub-42,sub-42_ses-1.set,70,2899,batch_0041.npy
sub-43,sub-43_ses-1.set,0,2900,batch_0042.npy
sub-43,sub-43_ses-1.set,1,2901,batch_0042.npy
sub-43,sub-43_ses-1.set,2,2902,batch_0042.npy
sub-43,sub-43_ses-1.set,3,2903,batch_0042.npy
sub-43,sub-43_ses-1.set,4,2904,batch_0042.npy
sub-43,sub-43_ses-1.set,5,2905,batch_0042.npy
sub-43,sub-43_ses-1.set,6,2906,batch_0042.npy
sub-43,sub-43_ses-1.set,7,2907,batch_0042.npy
sub-43,sub-43_ses-1.set,8,2908,batch_0042.npy
sub-43,sub-43_ses-1.set,9,2909,batch_0042.npy
sub-43,sub-43_ses-1.set,10,2910,batch_0042.npy
sub-43,sub-43_ses-1.set,11,2911,batch_0042.npy
sub-43,sub-43_ses-1.set,12,2912,batch_0042.npy
sub-43,sub-43_ses-1.set,13,2913,batch_0042.npy
sub-43,sub-43_ses-1.set,14,2914,batch_0042.npy
sub-43,sub-43_ses-1.set,15,2915,batch_0042.npy
sub-43,sub-43_ses-1.set,16,2916,batch_0042.npy
sub-43,sub-43_ses-1.set,17,2917,batch_0042.npy
sub-43,sub-43_ses-1.set,18,2918,batch_0042.npy
sub-43,sub-43_ses-1.set,19,2919,batch_0042.npy
sub-43,sub-43_ses-1.set,20,2920,batch_0042.npy
sub-43,sub-43_ses-1.set,21,2921,batch_0042.npy
sub-43,sub-43_ses-1.set,22,2922,batch_0042.npy
sub-43,sub-43_ses-1.set,23,2923,batch_0042.npy
sub-43,sub-43_ses-1.set,24,2924,batch_0042.npy
sub-43,sub-43_ses-1.set,25,2925,batch_0042.npy
sub-43,sub-43_ses-1.set,26,2926,batch_0042.npy
sub-43,sub-43_ses-1.set,27,2927,batch_0042.npy
sub-43,sub-43_ses-1.set,28,2928,batch_0042.npy
sub-43,sub-43_ses-1.set,29,2929,batch_0042.npy
sub-43,sub-43_ses-1.set,30,2930,batch_0042.npy
sub-43,sub-43_ses-1.set,31,2931,batch_0042.npy
sub-43,sub-43_ses-1.set,32,2932,batch_0042.npy
sub-43,sub-43_ses-1.set,33,2933,batch_0042.npy
sub-43,sub-43_ses-1.set,34,2934,batch_0042.npy
sub-43,sub-43_ses-1.set,35,2935,batch_0042.npy
sub-43,sub-43_ses-1.set,36,2936,batch_0042.npy
sub-43,sub-43_ses-1.set,37,2937,batch_0042.npy
sub-43,sub-43_ses-1.set,38,2938,batch_0042.npy
sub-43,sub-43_ses-1.set,39,2939,batch_0042.npy
sub-43,sub-43_ses-1.set,40,2940,batch_0042.npy
sub-43,sub-43_ses-1.set,41,2941,batch_0042.npy
sub-43,sub-43_ses-1.set,42,2942,batch_0042.npy
sub-43,sub-43_ses-1.set,43,2943,batch_0042.npy
sub-43,sub-43_ses-1.set,44,2944,batch_0042.npy
sub-43,sub-43_ses-1.set,45,2945,batch_0042.npy
sub-43,sub-43_ses-1.set,46,2946,batch_0042.npy
sub-43,sub-43_ses-1.set,47,2947,batch_0042.npy
sub-43,sub-43_ses-1.set,48,2948,batch_0042.npy
sub-43,sub-43_ses-1.set,49,2949,batch_0042.npy
sub-43,sub-43_ses-1.set,50,2950,batch_0042.npy
sub-43,sub-43_ses-1.set,51,2951,batch_0042.npy
sub-43,sub-43_ses-1.set,52,2952,batch_0042.npy
sub-43,sub-43_ses-1.set,53,2953,batch_0042.npy
sub-43,sub-43_ses-1.set,54,2954,batch_0042.npy
sub-43,sub-43_ses-1.set,55,2955,batch_0042.npy
sub-43,sub-43_ses-1.set,56,2956,batch_0042.npy
sub-43,sub-43_ses-1.set,57,2957,batch_0042.npy
sub-43,sub-43_ses-1.set,58,2958,batch_0042.npy
sub-43,sub-43_ses-1.set,59,2959,batch_0042.npy
sub-43,sub-43_ses-1.set,60,2960,batch_0042.npy
sub-43,sub-43_ses-1.set,61,2961,batch_0042.npy
sub-43,sub-43_ses-1.set,62,2962,batch_0042.npy
sub-43,sub-43_ses-1.set,63,2963,batch_0042.npy
sub-43,sub-43_ses-1.set,64,2964,batch_0042.npy
sub-43,sub-43_ses-1.set,65,2965,batch_0042.npy
sub-43,sub-43_ses-1.set,66,2966,batch_0042.npy
sub-43,sub-43_ses-1.set,67,2967,batch_0042.npy
sub-43,sub-43_ses-1.set,68,2968,batch_0042.npy
sub-43,sub-43_ses-1.set,69,2969,batch_0042.npy
sub-44,sub-44_ses-1.set,0,2970,batch_0043.npy
sub-44,sub-44_ses-1.set,1,2971,batch_0043.npy
sub-44,sub-44_ses-1.set,2,2972,batch_0043.npy
sub-44,sub-44_ses-1.set,3,2973,batch_0043.npy
sub-44,sub-44_ses-1.set,4,2974,batch_0043.npy
sub-44,sub-44_ses-1.set,5,2975,batch_0043.npy
sub-44,sub-44_ses-1.set,6,2976,batch_0043.npy
sub-44,sub-44_ses-1.set,7,2977,batch_0043.npy
sub-44,sub-44_ses-1.set,8,2978,batch_0043.npy
sub-44,sub-44_ses-1.set,9,2979,batch_0043.npy
sub-44,sub-44_ses-1.set,10,2980,batch_0043.npy
sub-44,sub-44_ses-1.set,11,2981,batch_0043.npy
sub-44,sub-44_ses-1.set,12,2982,batch_0043.npy
sub-44,sub-44_ses-1.set,13,2983,batch_0043.npy
sub-44,sub-44_ses-1.set,14,2984,batch_0043.npy
sub-44,sub-44_ses-1.set,15,2985,batch_0043.npy
sub-44,sub-44_ses-1.set,16,2986,batch_0043.npy
sub-44,sub-44_ses-1.set,17,2987,batch_0043.npy
sub-44,sub-44_ses-1.set,18,2988,batch_0043.npy
sub-44,sub-44_ses-1.set,19,2989,batch_0043.npy
sub-44,sub-44_ses-1.set,20,2990,batch_0043.npy
sub-44,sub-44_ses-1.set,21,2991,batch_0043.npy
sub-44,sub-44_ses-1.set,22,2992,batch_0043.npy
sub-44,sub-44_ses-1.set,23,2993,batch_0043.npy
sub-44,sub-44_ses-1.set,24,2994,batch_0043.npy
sub-44,sub-44_ses-1.set,25,2995,batch_0043.npy
sub-44,sub-44_ses-1.set,26,2996,batch_0043.npy
sub-44,sub-44_ses-1.set,27,2997,batch_0043.npy
sub-44,sub-44_ses-1.set,28,2998,batch_0043.npy
sub-44,sub-44_ses-1.set,29,2999,batch_0043.npy
sub-44,sub-44_ses-1.set,30,3000,batch_0043.npy
sub-44,sub-44_ses-1.set,31,3001,batch_0043.npy
sub-44,sub-44_ses-1.set,32,3002,batch_0043.npy
sub-44,sub-44_ses-1.set,33,3003,batch_0043.npy
sub-44,sub-44_ses-1.set,34,3004,batch_0043.npy
sub-44,sub-44_ses-1.set,35,3005,batch_0043.npy
sub-44,sub-44_ses-1.set,36,3006,batch_0043.npy
sub-44,sub-44_ses-1.set,37,3007,batch_0043.npy
sub-44,sub-44_ses-1.set,38,3008,batch_0043.npy
sub-44,sub-44_ses-1.set,39,3009,batch_0043.npy
sub-44,sub-44_ses-1.set,40,3010,batch_0043.npy
sub-44,sub-44_ses-1.set,41,3011,batch_0043.npy
sub-44,sub-44_ses-1.set,42,3012,batch_0043.npy
sub-44,sub-44_ses-1.set,43,3013,batch_0043.npy
sub-44,sub-44_ses-1.set,44,3014,batch_0043.npy
sub-44,sub-44_ses-1.set,45,3015,batch_0043.npy
sub-44,sub-44_ses-1.set,46,3016,batch_0043.npy
sub-44,sub-44_ses-1.set,47,3017,batch_0043.npy
sub-44,sub-44_ses-1.set,48,3018,batch_0043.npy
sub-44,sub-44_ses-1.set,49,3019,batch_0043.npy
sub-44,sub-44_ses-1.set,50,3020,batch_0043.npy
sub-44,sub-44_ses-1.set,51,3021,batch_0043.npy
sub-44,sub-44_ses-1.set,52,3022,batch_0043.npy
sub-44,sub-44_ses-1.set,53,3023,batch_0043.npy
sub-44,sub-44_ses-1.set,54,3024,batch_0043.npy
sub-44,sub-44_ses-1.set,55,3025,batch_0043.npy
sub-44,sub-44_ses-1.set,56,3026,batch_0043.npy
sub-44,sub-44_ses-1.set,57,3027,batch_0043.npy
sub-44,sub-44_ses-1.set,58,3028,batch_0043.npy
sub-44,sub-44_ses-1.set,59,3029,batch_0043.npy
sub-44,sub-44_ses-1.set,60,3030,batch_0043.npy
sub-44,sub-44_ses-1.set,61,3031,batch_0043.npy
sub-44,sub-44_ses-1.set,62,3032,batch_0043.npy
sub-44,sub-44_ses-1.set,63,3033,batch_0043.npy
sub-44,sub-44_ses-1.set,64,3034,batch_0043.npy
sub-44,sub-44_ses-1.set,65,3035,batch_0043.npy
sub-44,sub-44_ses-1.set,66,3036,batch_0043.npy
sub-44,sub-44_ses-1.set,67,3037,batch_0043.npy
sub-44,sub-44_ses-1.set,68,3038,batch_0043.npy
sub-44,sub-44_ses-1.set,69,3039,batch_0043.npy
sub-44,sub-44_ses-1.set,70,3040,batch_0043.npy
sub-44,sub-44_ses-1.set,71,3041,batch_0043.npy
sub-44,sub-44_ses-1.set,72,3042,batch_0043.npy
sub-45,sub-45_ses-1.set,0,3043,batch_0044.npy
sub-45,sub-45_ses-1.set,1,3044,batch_0044.npy
sub-45,sub-45_ses-1.set,2,3045,batch_0044.npy
sub-45,sub-45_ses-1.set,3,3046,batch_0044.npy
sub-45,sub-45_ses-1.set,4,3047,batch_0044.npy
sub-45,sub-45_ses-1.set,5,3048,batch_0044.npy
sub-45,sub-45_ses-1.set,6,3049,batch_0044.npy
sub-45,sub-45_ses-1.set,7,3050,batch_0044.npy
sub-45,sub-45_ses-1.set,8,3051,batch_0044.npy
sub-45,sub-45_ses-1.set,9,3052,batch_0044.npy
sub-45,sub-45_ses-1.set,10,3053,batch_0044.npy
sub-45,sub-45_ses-1.set,11,3054,batch_0044.npy
sub-45,sub-45_ses-1.set,12,3055,batch_0044.npy
sub-45,sub-45_ses-1.set,13,3056,batch_0044.npy
sub-45,sub-45_ses-1.set,14,3057,batch_0044.npy
sub-45,sub-45_ses-1.set,15,3058,batch_0044.npy
sub-45,sub-45_ses-1.set,16,3059,batch_0044.npy
sub-45,sub-45_ses-1.set,17,3060,batch_0044.npy
sub-45,sub-45_ses-1.set,18,3061,batch_0044.npy
sub-45,sub-45_ses-1.set,19,3062,batch_0044.npy
sub-45,sub-45_ses-1.set,20,3063,batch_0044.npy
sub-45,sub-45_ses-1.set,21,3064,batch_0044.npy
sub-45,sub-45_ses-1.set,22,3065,batch_0044.npy
sub-45,sub-45_ses-1.set,23,3066,batch_0044.npy
sub-45,sub-45_ses-1.set,24,3067,batch_0044.npy
sub-45,sub-45_ses-1.set,25,3068,batch_0044.npy
sub-45,sub-45_ses-1.set,26,3069,batch_0044.npy
sub-45,sub-45_ses-1.set,27,3070,batch_0044.npy
sub-45,sub-45_ses-1.set,28,3071,batch_0044.npy
sub-45,sub-45_ses-1.set,29,3072,batch_0044.npy
sub-45,sub-45_ses-1.set,30,3073,batch_0044.npy
sub-45,sub-45_ses-1.set,31,3074,batch_0044.npy
sub-45,sub-45_ses-1.set,32,3075,batch_0044.npy
sub-45,sub-45_ses-1.set,33,3076,batch_0044.npy
sub-45,sub-45_ses-1.set,34,3077,batch_0044.npy
sub-45,sub-45_ses-1.set,35,3078,batch_0044.npy
sub-45,sub-45_ses-1.set,36,3079,batch_0044.npy
sub-45,sub-45_ses-1.set,37,3080,batch_0044.npy
sub-45,sub-45_ses-1.set,38,3081,batch_0044.npy
sub-45,sub-45_ses-1.set,39,3082,batch_0044.npy
sub-45,sub-45_ses-1.set,40,3083,batch_0044.npy
sub-45,sub-45_ses-1.set,41,3084,batch_0044.npy
sub-45,sub-45_ses-1.set,42,3085,batch_0044.npy
sub-45,sub-45_ses-1.set,43,3086,batch_0044.npy
sub-45,sub-45_ses-1.set,44,3087,batch_0044.npy
sub-45,sub-45_ses-1.set,45,3088,batch_0044.npy
sub-45,sub-45_ses-1.set,46,3089,batch_0044.npy
sub-45,sub-45_ses-1.set,47,3090,batch_0044.npy
sub-45,sub-45_ses-1.set,48,3091,batch_0044.npy
sub-45,sub-45_ses-1.set,49,3092,batch_0044.npy
sub-45,sub-45_ses-1.set,50,3093,batch_0044.npy
sub-45,sub-45_ses-1.set,51,3094,batch_0044.npy
sub-45,sub-45_ses-1.set,52,3095,batch_0044.npy
sub-45,sub-45_ses-1.set,53,3096,batch_0044.npy
sub-45,sub-45_ses-1.set,54,3097,batch_0044.npy
sub-45,sub-45_ses-1.set,55,3098,batch_0044.npy
sub-45,sub-45_ses-1.set,56,3099,batch_0044.npy
sub-45,sub-45_ses-1.set,57,3100,batch_0044.npy
sub-45,sub-45_ses-1.set,58,3101,batch_0044.npy
sub-45,sub-45_ses-1.set,59,3102,batch_0044.npy
sub-45,sub-45_ses-1.set,60,3103,batch_0044.npy
sub-45,sub-45_ses-1.set,61,3104,batch_0044.npy
sub-45,sub-45_ses-1.set,62,3105,batch_0044.npy
sub-45,sub-45_ses-1.set,63,3106,batch_0044.npy
sub-45,sub-45_ses-1.set,64,3107,batch_0044.npy
sub-45,sub-45_ses-1.set,65,3108,batch_0044.npy
sub-45,sub-45_ses-1.set,66,3109,batch_0044.npy
sub-45,sub-45_ses-1.set,67,3110,batch_0044.npy
sub-46,sub-46_ses-1.set,0,3111,batch_0045.npy
sub-46,sub-46_ses-1.set,1,3112,batch_0045.npy
sub-46,sub-46_ses-1.set,2,3113,batch_0045.npy
sub-46,sub-46_ses-1.set,3,3114,batch_0045.npy
sub-46,sub-46_ses-1.set,4,3115,batch_0045.npy
sub-46,sub-46_ses-1.set,5,3116,batch_0045.npy
sub-46,sub-46_ses-1.set,6,3117,batch_0045.npy
sub-46,sub-46_ses-1.set,7,3118,batch_0045.npy
sub-46,sub-46_ses-1.set,8,3119,batch_0045.npy
sub-46,sub-46_ses-1.set,9,3120,batch_0045.npy
sub-46,sub-46_ses-1.set,10,3121,batch_0045.npy
sub-46,sub-46_ses-1.set,11,3122,batch_0045.npy
sub-46,sub-46_ses-1.set,12,3123,batch_0045.npy
sub-46,sub-46_ses-1.set,13,3124,batch_0045.npy
sub-46,sub-46_ses-1.set,14,3125,batch_0045.npy
sub-46,sub-46_ses-1.set,15,3126,batch_0045.npy
sub-46,sub-46_ses-1.set,16,3127,batch_0045.npy
sub-46,sub-46_ses-1.set,17,3128,batch_0045.npy
sub-46,sub-46_ses-1.set,18,3129,batch_0045.npy
sub-46,sub-46_ses-1.set,19,3130,batch_0045.npy
sub-46,sub-46_ses-1.set,20,3131,batch_0045.npy
sub-46,sub-46_ses-1.set,21,3132,batch_0045.npy
sub-46,sub-46_ses-1.set,22,3133,batch_0045.npy
sub-46,sub-46_ses-1.set,23,3134,batch_0045.npy
sub-46,sub-46_ses-1.set,24,3135,batch_0045.npy
sub-46,sub-46_ses-1.set,25,3136,batch_0045.npy
sub-46,sub-46_ses-1.set,26,3137,batch_0045.npy
sub-46,sub-46_ses-1.set,27,3138,batch_0045.npy
sub-46,sub-46_ses-1.set,28,3139,batch_0045.npy
sub-46,sub-46_ses-1.set,29,3140,batch_0045.npy
sub-46,sub-46_ses-1.set,30,3141,batch_0045.npy
sub-46,sub-46_ses-1.set,31,3142,batch_0045.npy
sub-46,sub-46_ses-1.set,32,3143,batch_0045.npy
sub-46,sub-46_ses-1.set,33,3144,batch_0045.npy
sub-46,sub-46_ses-1.set,34,3145,batch_0045.npy
sub-46,sub-46_ses-1.set,35,3146,batch_0045.npy
sub-46,sub-46_ses-1.set,36,3147,batch_0045.npy
sub-46,sub-46_ses-1.set,37,3148,batch_0045.npy
sub-46,sub-46_ses-1.set,38,3149,batch_0045.npy
sub-46,sub-46_ses-1.set,39,3150,batch_0045.npy
sub-46,sub-46_ses-1.set,40,3151,batch_0045.npy
sub-46,sub-46_ses-1.set,41,3152,batch_0045.npy
sub-46,sub-46_ses-1.set,42,3153,batch_0045.npy
sub-46,sub-46_ses-1.set,43,3154,batch_0045.npy
sub-46,sub-46_ses-1.set,44,3155,batch_0045.npy
sub-46,sub-46_ses-1.set,45,3156,batch_0045.npy
sub-46,sub-46_ses-1.set,46,3157,batch_0045.npy
sub-46,sub-46_ses-1.set,47,3158,batch_0045.npy
sub-46,sub-46_ses-1.set,48,3159,batch_0045.npy
sub-46,sub-46_ses-1.set,49,3160,batch_0045.npy
sub-46,sub-46_ses-1.set,50,3161,batch_0045.npy
sub-46,sub-46_ses-1.set,51,3162,batch_0045.npy
sub-46,sub-46_ses-1.set,52,3163,batch_0045.npy
sub-46,sub-46_ses-1.set,53,3164,batch_0045.npy
sub-46,sub-46_ses-1.set,54,3165,batch_0045.npy
sub-46,sub-46_ses-1.set,55,3166,batch_0045.npy
sub-46,sub-46_ses-1.set,56,3167,batch_0045.npy
sub-46,sub-46_ses-1.set,57,3168,batch_0045.npy
sub-46,sub-46_ses-1.set,58,3169,batch_0045.npy
sub-46,sub-46_ses-1.set,59,3170,batch_0045.npy
sub-46,sub-46_ses-1.set,60,3171,batch_0045.npy
sub-46,sub-46_ses-1.set,61,3172,batch_0045.npy
sub-46,sub-46_ses-1.set,62,3173,batch_0045.npy
sub-46,sub-46_ses-1.set,63,3174,batch_0045.npy
sub-46,sub-46_ses-1.set,64,3175,batch_0045.npy
sub-46,sub-46_ses-1.set,65,3176,batch_0045.npy
sub-46,sub-46_ses-1.set,66,3177,batch_0045.npy
sub-46,sub-46_ses-1.set,67,3178,batch_0045.npy
sub-46,sub-46_ses-1.set,68,3179,batch_0045.npy
sub-46,sub-46_ses-1.set,69,3180,batch_0045.npy
sub-47,sub-47_ses-1.set,0,3181,batch_0046.npy
sub-47,sub-47_ses-1.set,1,3182,batch_0046.npy
sub-47,sub-47_ses-1.set,2,3183,batch_0046.npy
sub-47,sub-47_ses-1.set,3,3184,batch_0046.npy
sub-47,sub-47_ses-1.set,4,3185,batch_0046.npy
sub-47,sub-47_ses-1.set,5,3186,batch_0046.npy
sub-47,sub-47_ses-1.set,6,3187,batch_0046.npy
sub-47,sub-47_ses-1.set,7,3188,batch_0046.npy
sub-47,sub-47_ses-1.set,8,3189,batch_0046.npy
sub-47,sub-47_ses-1.set,9,3190,batch_0046.npy
sub-47,sub-47_ses-1.set,10,3191,batch_0046.npy
sub-47,sub-47_ses-1.set,11,3192,batch_0046.npy
sub-47,sub-47_ses-1.set,12,3193,batch_0046.npy
sub-47,sub-47_ses-1.set,13,3194,batch_0046.npy
sub-47,sub-47_ses-1.set,14,3195,batch_0046.npy
sub-47,sub-47_ses-1.set,15,3196,batch_0046.npy
sub-47,sub-47_ses-1.set,16,3197,batch_0046.npy
sub-47,sub-47_ses-1.set,17,3198,batch_0046.npy
sub-47,sub-47_ses-1.set,18,3199,batch_0046.npy
sub-47,sub-47_ses-1.set,19,3200,batch_0046.npy
sub-47,sub-47_ses-1.set,20,3201,batch_0046.npy
sub-47,sub-47_ses-1.set,21,3202,batch_0046.npy
sub-47,sub-47_ses-1.set,22,3203,batch_0046.npy
sub-47,sub-47_ses-1.set,23,3204,batch_0046.npy
sub-47,sub-47_ses-1.set,24,3205,batch_0046.npy
sub-47,sub-47_ses-1.set,25,3206,batch_0046.npy
sub-47,sub-47_ses-1.set,26,3207,batch_0046.npy
sub-47,sub-47_ses-1.set,27,3208,batch_0046.npy
sub-47,sub-47_ses-1.set,28,3209,batch_0046.npy
sub-47,sub-47_ses-1.set,29,3210,batch_0046.npy
sub-47,sub-47_ses-1.set,30,3211,batch_0046.npy
sub-47,sub-47_ses-1.set,31,3212,batch_0046.npy
sub-47,sub-47_ses-1.set,32,3213,batch_0046.npy
sub-47,sub-47_ses-1.set,33,3214,batch_0046.npy
sub-47,sub-47_ses-1.set,34,3215,batch_0046.npy
sub-47,sub-47_ses-1.set,35,3216,batch_0046.npy
sub-47,sub-47_ses-1.set,36,3217,batch_0046.npy
sub-47,sub-47_ses-1.set,37,3218,batch_0046.npy
sub-47,sub-47_ses-1.set,38,3219,batch_0046.npy
sub-47,sub-47_ses-1.set,39,3220,batch_0046.npy
sub-47,sub-47_ses-1.set,40,3221,batch_0046.npy
sub-47,sub-47_ses-1.set,41,3222,batch_0046.npy
sub-47,sub-47_ses-1.set,42,3223,batch_0046.npy
sub-47,sub-47_ses-1.set,43,3224,batch_0046.npy
sub-47,sub-47_ses-1.set,44,3225,batch_0046.npy
sub-47,sub-47_ses-1.set,45,3226,batch_0046.npy
sub-47,sub-47_ses-1.set,46,3227,batch_0046.npy
sub-47,sub-47_ses-1.set,47,3228,batch_0046.npy
sub-47,sub-47_ses-1.set,48,3229,batch_0046.npy
sub-47,sub-47_ses-1.set,49,3230,batch_0046.npy
sub-47,sub-47_ses-1.set,50,3231,batch_0046.npy
sub-47,sub-47_ses-1.set,51,3232,batch_0046.npy
sub-47,sub-47_ses-1.set,52,3233,batch_0046.npy
sub-47,sub-47_ses-1.set,53,3234,batch_0046.npy
sub-47,sub-47_ses-1.set,54,3235,batch_0046.npy
sub-47,sub-47_ses-1.set,55,3236,batch_0046.npy
sub-47,sub-47_ses-1.set,56,3237,batch_0046.npy
sub-47,sub-47_ses-1.set,57,3238,batch_0046.npy
sub-47,sub-47_ses-1.set,58,3239,batch_0046.npy
sub-47,sub-47_ses-1.set,59,3240,batch_0046.npy
sub-47,sub-47_ses-1.set,60,3241,batch_0046.npy
sub-47,sub-47_ses-1.set,61,3242,batch_0046.npy
sub-47,sub-47_ses-1.set,62,3243,batch_0046.npy
sub-47,sub-47_ses-1.set,63,3244,batch_0046.npy
sub-47,sub-47_ses-1.set,64,3245,batch_0046.npy
sub-47,sub-47_ses-1.set,65,3246,batch_0046.npy
sub-47,sub-47_ses-1.set,66,3247,batch_0046.npy
sub-47,sub-47_ses-1.set,67,3248,batch_0046.npy
sub-47,sub-47_ses-1.set,68,3249,batch_0046.npy
sub-47,sub-47_ses-1.set,69,3250,batch_0046.npy
sub-47,sub-47_ses-1.set,70,3251,batch_0046.npy
sub-47,sub-47_ses-1.set,71,3252,batch_0046.npy
sub-47,sub-47_ses-1.set,72,3253,batch_0046.npy
sub-48,sub-48_ses-1.set,0,3254,batch_0047.npy
sub-48,sub-48_ses-1.set,1,3255,batch_0047.npy
sub-48,sub-48_ses-1.set,2,3256,batch_0047.npy
sub-48,sub-48_ses-1.set,3,3257,batch_0047.npy
sub-48,sub-48_ses-1.set,4,3258,batch_0047.npy
sub-48,sub-48_ses-1.set,5,3259,batch_0047.npy
sub-48,sub-48_ses-1.set,6,3260,batch_0047.npy
sub-48,sub-48_ses-1.set,7,3261,batch_0047.npy
sub-48,sub-48_ses-1.set,8,3262,batch_0047.npy
sub-48,sub-48_ses-1.set,9,3263,batch_0047.npy
sub-48,sub-48_ses-1.set,10,3264,batch_0047.npy
sub-48,sub-48_ses-1.set,11,3265,batch_0047.npy
sub-48,sub-48_ses-1.set,12,3266,batch_0047.npy
sub-48,sub-48_ses-1.set,13,3267,batch_0047.npy
sub-48,sub-48_ses-1.set,14,3268,batch_0047.npy
sub-48,sub-48_ses-1.set,15,3269,batch_0047.npy
sub-48,sub-48_ses-1.set,16,3270,batch_0047.npy
sub-48,sub-48_ses-1.set,17,3271,batch_0047.npy
sub-48,sub-48_ses-1.set,18,3272,batch_0047.npy
sub-48,sub-48_ses-1.set,19,3273,batch_0047.npy
sub-48,sub-48_ses-1.set,20,3274,batch_0047.npy
sub-48,sub-48_ses-1.set,21,3275,batch_0047.npy
sub-48,sub-48_ses-1.set,22,3276,batch_0047.npy
sub-48,sub-48_ses-1.set,23,3277,batch_0047.npy
sub-48,sub-48_ses-1.set,24,3278,batch_0047.npy
sub-48,sub-48_ses-1.set,25,3279,batch_0047.npy
sub-48,sub-48_ses-1.set,26,3280,batch_0047.npy
sub-48,sub-48_ses-1.set,27,3281,batch_0047.npy
sub-48,sub-48_ses-1.set,28,3282,batch_0047.npy
sub-48,sub-48_ses-1.set,29,3283,batch_0047.npy
sub-48,sub-48_ses-1.set,30,3284,batch_0047.npy
sub-48,sub-48_ses-1.set,31,3285,batch_0047.npy
sub-48,sub-48_ses-1.set,32,3286,batch_0047.npy
sub-48,sub-48_ses-1.set,33,3287,batch_0047.npy
sub-48,sub-48_ses-1.set,34,3288,batch_0047.npy
sub-48,sub-48_ses-1.set,35,3289,batch_0047.npy
sub-48,sub-48_ses-1.set,36,3290,batch_0047.npy
sub-48,sub-48_ses-1.set,37,3291,batch_0047.npy
sub-48,sub-48_ses-1.set,38,3292,batch_0047.npy
sub-48,sub-48_ses-1.set,39,3293,batch_0047.npy
sub-48,sub-48_ses-1.set,40,3294,batch_0047.npy
sub-48,sub-48_ses-1.set,41,3295,batch_0047.npy
sub-48,sub-48_ses-1.set,42,3296,batch_0047.npy
sub-48,sub-48_ses-1.set,43,3297,batch_0047.npy
sub-48,sub-48_ses-1.set,44,3298,batch_0047.npy
sub-48,sub-48_ses-1.set,45,3299,batch_0047.npy
sub-48,sub-48_ses-1.set,46,3300,batch_0047.npy
sub-48,sub-48_ses-1.set,47,3301,batch_0047.npy
sub-48,sub-48_ses-1.set,48,3302,batch_0047.npy
sub-48,sub-48_ses-1.set,49,3303,batch_0047.npy
sub-48,sub-48_ses-1.set,50,3304,batch_0047.npy
sub-48,sub-48_ses-1.set,51,3305,batch_0047.npy
sub-48,sub-48_ses-1.set,52,3306,batch_0047.npy
sub-48,sub-48_ses-1.set,53,3307,batch_0047.npy
sub-48,sub-48_ses-1.set,54,3308,batch_0047.npy
sub-48,sub-48_ses-1.set,55,3309,batch_0047.npy
sub-48,sub-48_ses-1.set,56,3310,batch_0047.npy
sub-48,sub-48_ses-1.set,57,3311,batch_0047.npy
sub-48,sub-48_ses-1.set,58,3312,batch_0047.npy
sub-48,sub-48_ses-1.set,59,3313,batch_0047.npy
sub-48,sub-48_ses-1.set,60,3314,batch_0047.npy
sub-48,sub-48_ses-1.set,61,3315,batch_0047.npy
sub-48,sub-48_ses-1.set,62,3316,batch_0047.npy
sub-48,sub-48_ses-1.set,63,3317,batch_0047.npy
sub-48,sub-48_ses-1.set,64,3318,batch_0047.npy
sub-48,sub-48_ses-1.set,65,3319,batch_0047.npy
sub-48,sub-48_ses-1.set,66,3320,batch_0047.npy
sub-48,sub-48_ses-1.set,67,3321,batch_0047.npy
sub-48,sub-48_ses-1.set,68,3322,batch_0047.npy
sub-48,sub-48_ses-1.set,69,3323,batch_0047.npy
sub-48,sub-48_ses-1.set,70,3324,batch_0047.npy
sub-48,sub-48_ses-1.set,71,3325,batch_0047.npy
sub-48,sub-48_ses-1.set,72,3326,batch_0047.npy
sub-48,sub-48_ses-1.set,73,3327,batch_0047.npy
sub-49,sub-49_ses-1.set,0,3328,batch_0048.npy
sub-49,sub-49_ses-1.set,1,3329,batch_0048.npy
sub-49,sub-49_ses-1.set,2,3330,batch_0048.npy
sub-49,sub-49_ses-1.set,3,3331,batch_0048.npy
sub-49,sub-49_ses-1.set,4,3332,batch_0048.npy
sub-49,sub-49_ses-1.set,5,3333,batch_0048.npy
sub-49,sub-49_ses-1.set,6,3334,batch_0048.npy
sub-49,sub-49_ses-1.set,7,3335,batch_0048.npy
sub-49,sub-49_ses-1.set,8,3336,batch_0048.npy
sub-49,sub-49_ses-1.set,9,3337,batch_0048.npy
sub-49,sub-49_ses-1.set,10,3338,batch_0048.npy
sub-49,sub-49_ses-1.set,11,3339,batch_0048.npy
sub-49,sub-49_ses-1.set,12,3340,batch_0048.npy
sub-49,sub-49_ses-1.set,13,3341,batch_0048.npy
sub-49,sub-49_ses-1.set,14,3342,batch_0048.npy
sub-49,sub-49_ses-1.set,15,3343,batch_0048.npy
sub-49,sub-49_ses-1.set,16,3344,batch_0048.npy
sub-49,sub-49_ses-1.set,17,3345,batch_0048.npy
sub-49,sub-49_ses-1.set,18,3346,batch_0048.npy
sub-49,sub-49_ses-1.set,19,3347,batch_0048.npy
sub-49,sub-49_ses-1.set,20,3348,batch_0048.npy
sub-49,sub-49_ses-1.set,21,3349,batch_0048.npy
sub-49,sub-49_ses-1.set,22,3350,batch_0048.npy
sub-49,sub-49_ses-1.set,23,3351,batch_0048.npy
sub-49,sub-49_ses-1.set,24,3352,batch_0048.npy
sub-49,sub-49_ses-1.set,25,3353,batch_0048.npy
sub-49,sub-49_ses-1.set,26,3354,batch_0048.npy
sub-49,sub-49_ses-1.set,27,3355,batch_0048.npy
sub-49,sub-49_ses-1.set,28,3356,batch_0048.npy
sub-49,sub-49_ses-1.set,29,3357,batch_0048.npy
sub-49,sub-49_ses-1.set,30,3358,batch_0048.npy
sub-49,sub-49_ses-1.set,31,3359,batch_0048.npy
sub-49,sub-49_ses-1.set,32,3360,batch_0048.npy
sub-49,sub-49_ses-1.set,33,3361,batch_0048.npy
sub-49,sub-49_ses-1.set,34,3362,batch_0048.npy
sub-49,sub-49_ses-1.set,35,3363,batch_0048.npy
sub-49,sub-49_ses-1.set,36,3364,batch_0048.npy
sub-49,sub-49_ses-1.set,37,3365,batch_0048.npy
sub-49,sub-49_ses-1.set,38,3366,batch_0048.npy
sub-49,sub-49_ses-1.set,39,3367,batch_0048.npy
sub-49,sub-49_ses-1.set,40,3368,batch_0048.npy
sub-49,sub-49_ses-1.set,41,3369,batch_0048.npy
sub-49,sub-49_ses-1.set,42,3370,batch_0048.npy
sub-49,sub-49_ses-1.set,43,3371,batch_0048.npy
sub-49,sub-49_ses-1.set,44,3372,batch_0048.npy
sub-49,sub-49_ses-1.set,45,3373,batch_0048.npy
sub-49,sub-49_ses-1.set,46,3374,batch_0048.npy
sub-49,sub-49_ses-1.set,47,3375,batch_0048.npy
sub-49,sub-49_ses-1.set,48,3376,batch_0048.npy
sub-49,sub-49_ses-1.set,49,3377,batch_0048.npy
sub-49,sub-49_ses-1.set,50,3378,batch_0048.npy
sub-49,sub-49_ses-1.set,51,3379,batch_0048.npy
sub-49,sub-49_ses-1.set,52,3380,batch_0048.npy
sub-49,sub-49_ses-1.set,53,3381,batch_0048.npy
sub-49,sub-49_ses-1.set,54,3382,batch_0048.npy
sub-49,sub-49_ses-1.set,55,3383,batch_0048.npy
sub-49,sub-49_ses-1.set,56,3384,batch_0048.npy
sub-49,sub-49_ses-1.set,57,3385,batch_0048.npy
sub-49,sub-49_ses-1.set,58,3386,batch_0048.npy
sub-49,sub-49_ses-1.set,59,3387,batch_0048.npy
sub-49,sub-49_ses-1.set,60,3388,batch_0048.npy
sub-49,sub-49_ses-1.set,61,3389,batch_0048.npy
sub-49,sub-49_ses-1.set,62,3390,batch_0048.npy
sub-49,sub-49_ses-1.set,63,3391,batch_0048.npy
sub-49,sub-49_ses-1.set,64,3392,batch_0048.npy
sub-49,sub-49_ses-1.set,65,3393,batch_0048.npy
sub-49,sub-49_ses-1.set,66,3394,batch_0048.npy
sub-49,sub-49_ses-1.set,67,3395,batch_0048.npy
sub-49,sub-49_ses-1.set,68,3396,batch_0048.npy
sub-49,sub-49_ses-1.set,69,3397,batch_0048.npy
sub-49,sub-49_ses-1.set,70,3398,batch_0048.npy
sub-49,sub-49_ses-1.set,71,3399,batch_0048.npy
sub-49,sub-49_ses-1.set,72,3400,batch_0048.npy
sub-50,sub-50_ses-1.set,0,3401,batch_0049.npy
sub-50,sub-50_ses-1.set,1,3402,batch_0049.npy
sub-50,sub-50_ses-1.set,2,3403,batch_0049.npy
sub-50,sub-50_ses-1.set,3,3404,batch_0049.npy
sub-50,sub-50_ses-1.set,4,3405,batch_0049.npy
sub-50,sub-50_ses-1.set,5,3406,batch_0049.npy
sub-50,sub-50_ses-1.set,6,3407,batch_0049.npy
sub-50,sub-50_ses-1.set,7,3408,batch_0049.npy
sub-50,sub-50_ses-1.set,8,3409,batch_0049.npy
sub-50,sub-50_ses-1.set,9,3410,batch_0049.npy
sub-50,sub-50_ses-1.set,10,3411,batch_0049.npy
sub-50,sub-50_ses-1.set,11,3412,batch_0049.npy
sub-50,sub-50_ses-1.set,12,3413,batch_0049.npy
sub-50,sub-50_ses-1.set,13,3414,batch_0049.npy
sub-50,sub-50_ses-1.set,14,3415,batch_0049.npy
sub-50,sub-50_ses-1.set,15,3416,batch_0049.npy
sub-50,sub-50_ses-1.set,16,3417,batch_0049.npy
sub-50,sub-50_ses-1.set,17,3418,batch_0049.npy
sub-50,sub-50_ses-1.set,18,3419,batch_0049.npy
sub-50,sub-50_ses-1.set,19,3420,batch_0049.npy
sub-50,sub-50_ses-1.set,20,3421,batch_0049.npy
sub-50,sub-50_ses-1.set,21,3422,batch_0049.npy
sub-50,sub-50_ses-1.set,22,3423,batch_0049.npy
sub-50,sub-50_ses-1.set,23,3424,batch_0049.npy
sub-50,sub-50_ses-1.set,24,3425,batch_0049.npy
sub-50,sub-50_ses-1.set,25,3426,batch_0049.npy
sub-50,sub-50_ses-1.set,26,3427,batch_0049.npy
sub-50,sub-50_ses-1.set,27,3428,batch_0049.npy
sub-50,sub-50_ses-1.set,28,3429,batch_0049.npy
sub-50,sub-50_ses-1.set,29,3430,batch_0049.npy
sub-50,sub-50_ses-1.set,30,3431,batch_0049.npy
sub-50,sub-50_ses-1.set,31,3432,batch_0049.npy
sub-50,sub-50_ses-1.set,32,3433,batch_0049.npy
sub-50,sub-50_ses-1.set,33,3434,batch_0049.npy
sub-50,sub-50_ses-1.set,34,3435,batch_0049.npy
sub-50,sub-50_ses-1.set,35,3436,batch_0049.npy
sub-50,sub-50_ses-1.set,36,3437,batch_0049.npy
sub-50,sub-50_ses-1.set,37,3438,batch_0049.npy
sub-50,sub-50_ses-1.set,38,3439,batch_0049.npy
sub-50,sub-50_ses-1.set,39,3440,batch_0049.npy
sub-50,sub-50_ses-1.set,40,3441,batch_0049.npy
sub-50,sub-50_ses-1.set,41,3442,batch_0049.npy
sub-50,sub-50_ses-1.set,42,3443,batch_0049.npy
sub-50,sub-50_ses-1.set,43,3444,batch_0049.npy
sub-50,sub-50_ses-1.set,44,3445,batch_0049.npy
sub-50,sub-50_ses-1.set,45,3446,batch_0049.npy
sub-50,sub-50_ses-1.set,46,3447,batch_0049.npy
sub-50,sub-50_ses-1.set,47,3448,batch_0049.npy
sub-50,sub-50_ses-1.set,48,3449,batch_0049.npy
sub-50,sub-50_ses-1.set,49,3450,batch_0049.npy
sub-50,sub-50_ses-1.set,50,3451,batch_0049.npy
sub-50,sub-50_ses-1.set,51,3452,batch_0049.npy
sub-50,sub-50_ses-1.set,52,3453,batch_0049.npy
sub-50,sub-50_ses-1.set,53,3454,batch_0049.npy
sub-50,sub-50_ses-1.set,54,3455,batch_0049.npy
sub-50,sub-50_ses-1.set,55,3456,batch_0049.npy
sub-50,sub-50_ses-1.set,56,3457,batch_0049.npy
sub-50,sub-50_ses-1.set,57,3458,batch_0049.npy
sub-50,sub-50_ses-1.set,58,3459,batch_0049.npy
sub-50,sub-50_ses-1.set,59,3460,batch_0049.npy
sub-50,sub-50_ses-1.set,60,3461,batch_0049.npy
sub-50,sub-50_ses-1.set,61,3462,batch_0049.npy
sub-50,sub-50_ses-1.set,62,3463,batch_0049.npy
sub-50,sub-50_ses-1.set,63,3464,batch_0049.npy
sub-50,sub-50_ses-1.set,64,3465,batch_0049.npy
sub-50,sub-50_ses-1.set,65,3466,batch_0049.npy
sub-50,sub-50_ses-1.set,66,3467,batch_0049.npy
sub-50,sub-50_ses-1.set,67,3468,batch_0049.npy
sub-50,sub-50_ses-1.set,68,3469,batch_0049.npy
sub-50,sub-50_ses-1.set,69,3470,batch_0049.npy
sub-51,sub-51_ses-1.set,0,3471,batch_0050.npy
sub-51,sub-51_ses-1.set,1,3472,batch_0050.npy
sub-51,sub-51_ses-1.set,2,3473,batch_0050.npy
sub-51,sub-51_ses-1.set,3,3474,batch_0050.npy
sub-51,sub-51_ses-1.set,4,3475,batch_0050.npy
sub-51,sub-51_ses-1.set,5,3476,batch_0050.npy
sub-51,sub-51_ses-1.set,6,3477,batch_0050.npy
sub-51,sub-51_ses-1.set,7,3478,batch_0050.npy
sub-51,sub-51_ses-1.set,8,3479,batch_0050.npy
sub-51,sub-51_ses-1.set,9,3480,batch_0050.npy
sub-51,sub-51_ses-1.set,10,3481,batch_0050.npy
sub-51,sub-51_ses-1.set,11,3482,batch_0050.npy
sub-51,sub-51_ses-1.set,12,3483,batch_0050.npy
sub-51,sub-51_ses-1.set,13,3484,batch_0050.npy
sub-51,sub-51_ses-1.set,14,3485,batch_0050.npy
sub-51,sub-51_ses-1.set,15,3486,batch_0050.npy
sub-51,sub-51_ses-1.set,16,3487,batch_0050.npy
sub-51,sub-51_ses-1.set,17,3488,batch_0050.npy
sub-51,sub-51_ses-1.set,18,3489,batch_0050.npy
sub-51,sub-51_ses-1.set,19,3490,batch_0050.npy
sub-51,sub-51_ses-1.set,20,3491,batch_0050.npy
sub-51,sub-51_ses-1.set,21,3492,batch_0050.npy
sub-51,sub-51_ses-1.set,22,3493,batch_0050.npy
sub-51,sub-51_ses-1.set,23,3494,batch_0050.npy
sub-51,sub-51_ses-1.set,24,3495,batch_0050.npy
sub-51,sub-51_ses-1.set,25,3496,batch_0050.npy
sub-51,sub-51_ses-1.set,26,3497,batch_0050.npy
sub-51,sub-51_ses-1.set,27,3498,batch_0050.npy
sub-51,sub-51_ses-1.set,28,3499,batch_0050.npy
sub-51,sub-51_ses-1.set,29,3500,batch_0050.npy
sub-51,sub-51_ses-1.set,30,3501,batch_0050.npy
sub-51,sub-51_ses-1.set,31,3502,batch_0050.npy
sub-51,sub-51_ses-1.set,32,3503,batch_0050.npy
sub-51,sub-51_ses-1.set,33,3504,batch_0050.npy
sub-51,sub-51_ses-1.set,34,3505,batch_0050.npy
sub-51,sub-51_ses-1.set,35,3506,batch_0050.npy
sub-51,sub-51_ses-1.set,36,3507,batch_0050.npy
sub-51,sub-51_ses-1.set,37,3508,batch_0050.npy
sub-51,sub-51_ses-1.set,38,3509,batch_0050.npy
sub-51,sub-51_ses-1.set,39,3510,batch_0050.npy
sub-51,sub-51_ses-1.set,40,3511,batch_0050.npy
sub-51,sub-51_ses-1.set,41,3512,batch_0050.npy
sub-51,sub-51_ses-1.set,42,3513,batch_0050.npy
sub-51,sub-51_ses-1.set,43,3514,batch_0050.npy
sub-51,sub-51_ses-1.set,44,3515,batch_0050.npy
sub-51,sub-51_ses-1.set,45,3516,batch_0050.npy
sub-51,sub-51_ses-1.set,46,3517,batch_0050.npy
sub-51,sub-51_ses-1.set,47,3518,batch_0050.npy
sub-51,sub-51_ses-1.set,48,3519,batch_0050.npy
sub-51,sub-51_ses-1.set,49,3520,batch_0050.npy
sub-51,sub-51_ses-1.set,50,3521,batch_0050.npy
sub-51,sub-51_ses-1.set,51,3522,batch_0050.npy
sub-51,sub-51_ses-1.set,52,3523,batch_0050.npy
sub-51,sub-51_ses-1.set,53,3524,batch_0050.npy
sub-51,sub-51_ses-1.set,54,3525,batch_0050.npy
sub-51,sub-51_ses-1.set,55,3526,batch_0050.npy
sub-51,sub-51_ses-1.set,56,3527,batch_0050.npy
sub-51,sub-51_ses-1.set,57,3528,batch_0050.npy
sub-51,sub-51_ses-1.set,58,3529,batch_0050.npy
sub-51,sub-51_ses-1.set,59,3530,batch_0050.npy
sub-51,sub-51_ses-1.set,60,3531,batch_0050.npy
sub-51,sub-51_ses-1.set,61,3532,batch_0050.npy
sub-51,sub-51_ses-1.set,62,3533,batch_0050.npy
sub-51,sub-51_ses-1.set,63,3534,batch_0050.npy
sub-51,sub-51_ses-1.set,64,3535,batch_0050.npy
sub-51,sub-51_ses-1.set,65,3536,batch_0050.npy
sub-51,sub-51_ses-1.set,66,3537,batch_0050.npy
sub-51,sub-51_ses-1.set,67,3538,batch_0050.npy
sub-51,sub-51_ses-1.set,68,3539,batch_0050.npy
sub-51,sub-51_ses-1.set,69,3540,batch_0050.npy
sub-52,sub-52_ses-1.set,0,3541,batch_0051.npy
sub-52,sub-52_ses-1.set,1,3542,batch_0051.npy
sub-52,sub-52_ses-1.set,2,3543,batch_0051.npy
sub-52,sub-52_ses-1.set,3,3544,batch_0051.npy
sub-52,sub-52_ses-1.set,4,3545,batch_0051.npy
sub-52,sub-52_ses-1.set,5,3546,batch_0051.npy
sub-52,sub-52_ses-1.set,6,3547,batch_0051.npy
sub-52,sub-52_ses-1.set,7,3548,batch_0051.npy
sub-52,sub-52_ses-1.set,8,3549,batch_0051.npy
sub-52,sub-52_ses-1.set,9,3550,batch_0051.npy
sub-52,sub-52_ses-1.set,10,3551,batch_0051.npy
sub-52,sub-52_ses-1.set,11,3552,batch_0051.npy
sub-52,sub-52_ses-1.set,12,3553,batch_0051.npy
sub-52,sub-52_ses-1.set,13,3554,batch_0051.npy
sub-52,sub-52_ses-1.set,14,3555,batch_0051.npy
sub-52,sub-52_ses-1.set,15,3556,batch_0051.npy
sub-52,sub-52_ses-1.set,16,3557,batch_0051.npy
sub-52,sub-52_ses-1.set,17,3558,batch_0051.npy
sub-52,sub-52_ses-1.set,18,3559,batch_0051.npy
sub-52,sub-52_ses-1.set,19,3560,batch_0051.npy
sub-52,sub-52_ses-1.set,20,3561,batch_0051.npy
sub-52,sub-52_ses-1.set,21,3562,batch_0051.npy
sub-52,sub-52_ses-1.set,22,3563,batch_0051.npy
sub-52,sub-52_ses-1.set,23,3564,batch_0051.npy
sub-52,sub-52_ses-1.set,24,3565,batch_0051.npy
sub-52,sub-52_ses-1.set,25,3566,batch_0051.npy
sub-52,sub-52_ses-1.set,26,3567,batch_0051.npy
sub-52,sub-52_ses-1.set,27,3568,batch_0051.npy
sub-52,sub-52_ses-1.set,28,3569,batch_0051.npy
sub-52,sub-52_ses-1.set,29,3570,batch_0051.npy
sub-52,sub-52_ses-1.set,30,3571,batch_0051.npy
sub-52,sub-52_ses-1.set,31,3572,batch_0051.npy
sub-52,sub-52_ses-1.set,32,3573,batch_0051.npy
sub-52,sub-52_ses-1.set,33,3574,batch_0051.npy
sub-52,sub-52_ses-1.set,34,3575,batch_0051.npy
sub-52,sub-52_ses-1.set,35,3576,batch_0051.npy
sub-52,sub-52_ses-1.set,36,3577,batch_0051.npy
sub-52,sub-52_ses-1.set,37,3578,batch_0051.npy
sub-52,sub-52_ses-1.set,38,3579,batch_0051.npy
sub-52,sub-52_ses-1.set,39,3580,batch_0051.npy
sub-52,sub-52_ses-1.set,40,3581,batch_0051.npy
sub-52,sub-52_ses-1.set,41,3582,batch_0051.npy
sub-52,sub-52_ses-1.set,42,3583,batch_0051.npy
sub-52,sub-52_ses-1.set,43,3584,batch_0051.npy
sub-52,sub-52_ses-1.set,44,3585,batch_0051.npy
sub-52,sub-52_ses-1.set,45,3586,batch_0051.npy
sub-52,sub-52_ses-1.set,46,3587,batch_0051.npy
sub-52,sub-52_ses-1.set,47,3588,batch_0051.npy
sub-52,sub-52_ses-1.set,48,3589,batch_0051.npy
sub-52,sub-52_ses-1.set,49,3590,batch_0051.npy
sub-52,sub-52_ses-1.set,50,3591,batch_0051.npy
sub-52,sub-52_ses-1.set,51,3592,batch_0051.npy
sub-52,sub-52_ses-1.set,52,3593,batch_0051.npy
sub-52,sub-52_ses-1.set,53,3594,batch_0051.npy
sub-52,sub-52_ses-1.set,54,3595,batch_0051.npy
sub-52,sub-52_ses-1.set,55,3596,batch_0051.npy
sub-52,sub-52_ses-1.set,56,3597,batch_0051.npy
sub-52,sub-52_ses-1.set,57,3598,batch_0051.npy
sub-52,sub-52_ses-1.set,58,3599,batch_0051.npy
sub-52,sub-52_ses-1.set,59,3600,batch_0051.npy
sub-52,sub-52_ses-1.set,60,3601,batch_0051.npy
sub-52,sub-52_ses-1.set,61,3602,batch_0051.npy
sub-52,sub-52_ses-1.set,62,3603,batch_0051.npy
sub-52,sub-52_ses-1.set,63,3604,batch_0051.npy
sub-52,sub-52_ses-1.set,64,3605,batch_0051.npy
sub-52,sub-52_ses-1.set,65,3606,batch_0051.npy
sub-52,sub-52_ses-1.set,66,3607,batch_0051.npy
sub-52,sub-52_ses-1.set,67,3608,batch_0051.npy
sub-52,sub-52_ses-1.set,68,3609,batch_0051.npy
sub-52,sub-52_ses-1.set,69,3610,batch_0051.npy
sub-52,sub-52_ses-1.set,70,3611,batch_0051.npy
sub-52,sub-52_ses-1.set,71,3612,batch_0051.npy
sub-53,sub-53_ses-1.set,0,3613,batch_0052.npy
sub-53,sub-53_ses-1.set,1,3614,batch_0052.npy
sub-53,sub-53_ses-1.set,2,3615,batch_0052.npy
sub-53,sub-53_ses-1.set,3,3616,batch_0052.npy
sub-53,sub-53_ses-1.set,4,3617,batch_0052.npy
sub-53,sub-53_ses-1.set,5,3618,batch_0052.npy
sub-53,sub-53_ses-1.set,6,3619,batch_0052.npy
sub-53,sub-53_ses-1.set,7,3620,batch_0052.npy
sub-53,sub-53_ses-1.set,8,3621,batch_0052.npy
sub-53,sub-53_ses-1.set,9,3622,batch_0052.npy
sub-53,sub-53_ses-1.set,10,3623,batch_0052.npy
sub-53,sub-53_ses-1.set,11,3624,batch_0052.npy
sub-53,sub-53_ses-1.set,12,3625,batch_0052.npy
sub-53,sub-53_ses-1.set,13,3626,batch_0052.npy
sub-53,sub-53_ses-1.set,14,3627,batch_0052.npy
sub-53,sub-53_ses-1.set,15,3628,batch_0052.npy
sub-53,sub-53_ses-1.set,16,3629,batch_0052.npy
sub-53,sub-53_ses-1.set,17,3630,batch_0052.npy
sub-53,sub-53_ses-1.set,18,3631,batch_0052.npy
sub-53,sub-53_ses-1.set,19,3632,batch_0052.npy
sub-53,sub-53_ses-1.set,20,3633,batch_0052.npy
sub-53,sub-53_ses-1.set,21,3634,batch_0052.npy
sub-53,sub-53_ses-1.set,22,3635,batch_0052.npy
sub-53,sub-53_ses-1.set,23,3636,batch_0052.npy
sub-53,sub-53_ses-1.set,24,3637,batch_0052.npy
sub-53,sub-53_ses-1.set,25,3638,batch_0052.npy
sub-53,sub-53_ses-1.set,26,3639,batch_0052.npy
sub-53,sub-53_ses-1.set,27,3640,batch_0052.npy
sub-53,sub-53_ses-1.set,28,3641,batch_0052.npy
sub-53,sub-53_ses-1.set,29,3642,batch_0052.npy
sub-53,sub-53_ses-1.set,30,3643,batch_0052.npy
sub-53,sub-53_ses-1.set,31,3644,batch_0052.npy
sub-53,sub-53_ses-1.set,32,3645,batch_0052.npy
sub-53,sub-53_ses-1.set,33,3646,batch_0052.npy
sub-53,sub-53_ses-1.set,34,3647,batch_0052.npy
sub-53,sub-53_ses-1.set,35,3648,batch_0052.npy
sub-53,sub-53_ses-1.set,36,3649,batch_0052.npy
sub-53,sub-53_ses-1.set,37,3650,batch_0052.npy
sub-53,sub-53_ses-1.set,38,3651,batch_0052.npy
sub-53,sub-53_ses-1.set,39,3652,batch_0052.npy
sub-53,sub-53_ses-1.set,40,3653,batch_0052.npy
sub-53,sub-53_ses-1.set,41,3654,batch_0052.npy
sub-53,sub-53_ses-1.set,42,3655,batch_0052.npy
sub-53,sub-53_ses-1.set,43,3656,batch_0052.npy
sub-53,sub-53_ses-1.set,44,3657,batch_0052.npy
sub-53,sub-53_ses-1.set,45,3658,batch_0052.npy
sub-53,sub-53_ses-1.set,46,3659,batch_0052.npy
sub-53,sub-53_ses-1.set,47,3660,batch_0052.npy
sub-53,sub-53_ses-1.set,48,3661,batch_0052.npy
sub-53,sub-53_ses-1.set,49,3662,batch_0052.npy
sub-53,sub-53_ses-1.set,50,3663,batch_0052.npy
sub-53,sub-53_ses-1.set,51,3664,batch_0052.npy
sub-53,sub-53_ses-1.set,52,3665,batch_0052.npy
sub-53,sub-53_ses-1.set,53,3666,batch_0052.npy
sub-53,sub-53_ses-1.set,54,3667,batch_0052.npy
sub-53,sub-53_ses-1.set,55,3668,batch_0052.npy
sub-53,sub-53_ses-1.set,56,3669,batch_0052.npy
sub-53,sub-53_ses-1.set,57,3670,batch_0052.npy
sub-53,sub-53_ses-1.set,58,3671,batch_0052.npy
sub-53,sub-53_ses-1.set,59,3672,batch_0052.npy
sub-53,sub-53_ses-1.set,60,3673,batch_0052.npy
sub-53,sub-53_ses-1.set,61,3674,batch_0052.npy
sub-53,sub-53_ses-1.set,62,3675,batch_0052.npy
sub-53,sub-53_ses-1.set,63,3676,batch_0052.npy
sub-53,sub-53_ses-1.set,64,3677,batch_0052.npy
sub-53,sub-53_ses-1.set,65,3678,batch_0052.npy
sub-53,sub-53_ses-1.set,66,3679,batch_0052.npy
sub-53,sub-53_ses-1.set,67,3680,batch_0052.npy
sub-53,sub-53_ses-1.set,68,3681,batch_0052.npy
sub-53,sub-53_ses-1.set,69,3682,batch_0052.npy
sub-53,sub-53_ses-1.set,70,3683,batch_0052.npy
sub-53,sub-53_ses-1.set,71,3684,batch_0052.npy
sub-54,sub-54_ses-1.set,0,3685,batch_0053.npy
sub-54,sub-54_ses-1.set,1,3686,batch_0053.npy
sub-54,sub-54_ses-1.set,2,3687,batch_0053.npy
sub-54,sub-54_ses-1.set,3,3688,batch_0053.npy
sub-54,sub-54_ses-1.set,4,3689,batch_0053.npy
sub-54,sub-54_ses-1.set,5,3690,batch_0053.npy
sub-54,sub-54_ses-1.set,6,3691,batch_0053.npy
sub-54,sub-54_ses-1.set,7,3692,batch_0053.npy
sub-54,sub-54_ses-1.set,8,3693,batch_0053.npy
sub-54,sub-54_ses-1.set,9,3694,batch_0053.npy
sub-54,sub-54_ses-1.set,10,3695,batch_0053.npy
sub-54,sub-54_ses-1.set,11,3696,batch_0053.npy
sub-54,sub-54_ses-1.set,12,3697,batch_0053.npy
sub-54,sub-54_ses-1.set,13,3698,batch_0053.npy
sub-54,sub-54_ses-1.set,14,3699,batch_0053.npy
sub-54,sub-54_ses-1.set,15,3700,batch_0053.npy
sub-54,sub-54_ses-1.set,16,3701,batch_0053.npy
sub-54,sub-54_ses-1.set,17,3702,batch_0053.npy
sub-54,sub-54_ses-1.set,18,3703,batch_0053.npy
sub-54,sub-54_ses-1.set,19,3704,batch_0053.npy
sub-54,sub-54_ses-1.set,20,3705,batch_0053.npy
sub-54,sub-54_ses-1.set,21,3706,batch_0053.npy
sub-54,sub-54_ses-1.set,22,3707,batch_0053.npy
sub-54,sub-54_ses-1.set,23,3708,batch_0053.npy
sub-54,sub-54_ses-1.set,24,3709,batch_0053.npy
sub-54,sub-54_ses-1.set,25,3710,batch_0053.npy
sub-54,sub-54_ses-1.set,26,3711,batch_0053.npy
sub-54,sub-54_ses-1.set,27,3712,batch_0053.npy
sub-54,sub-54_ses-1.set,28,3713,batch_0053.npy
sub-54,sub-54_ses-1.set,29,3714,batch_0053.npy
sub-54,sub-54_ses-1.set,30,3715,batch_0053.npy
sub-54,sub-54_ses-1.set,31,3716,batch_0053.npy
sub-54,sub-54_ses-1.set,32,3717,batch_0053.npy
sub-54,sub-54_ses-1.set,33,3718,batch_0053.npy
sub-54,sub-54_ses-1.set,34,3719,batch_0053.npy
sub-54,sub-54_ses-1.set,35,3720,batch_0053.npy
sub-54,sub-54_ses-1.set,36,3721,batch_0053.npy
sub-54,sub-54_ses-1.set,37,3722,batch_0053.npy
sub-54,sub-54_ses-1.set,38,3723,batch_0053.npy
sub-54,sub-54_ses-1.set,39,3724,batch_0053.npy
sub-54,sub-54_ses-1.set,40,3725,batch_0053.npy
sub-54,sub-54_ses-1.set,41,3726,batch_0053.npy
sub-54,sub-54_ses-1.set,42,3727,batch_0053.npy
sub-54,sub-54_ses-1.set,43,3728,batch_0053.npy
sub-54,sub-54_ses-1.set,44,3729,batch_0053.npy
sub-54,sub-54_ses-1.set,45,3730,batch_0053.npy
sub-54,sub-54_ses-1.set,46,3731,batch_0053.npy
sub-54,sub-54_ses-1.set,47,3732,batch_0053.npy
sub-54,sub-54_ses-1.set,48,3733,batch_0053.npy
sub-54,sub-54_ses-1.set,49,3734,batch_0053.npy
sub-54,sub-54_ses-1.set,50,3735,batch_0053.npy
sub-54,sub-54_ses-1.set,51,3736,batch_0053.npy
sub-54,sub-54_ses-1.set,52,3737,batch_0053.npy
sub-54,sub-54_ses-1.set,53,3738,batch_0053.npy
sub-54,sub-54_ses-1.set,54,3739,batch_0053.npy
sub-54,sub-54_ses-1.set,55,3740,batch_0053.npy
sub-54,sub-54_ses-1.set,56,3741,batch_0053.npy
sub-54,sub-54_ses-1.set,57,3742,batch_0053.npy
sub-54,sub-54_ses-1.set,58,3743,batch_0053.npy
sub-54,sub-54_ses-1.set,59,3744,batch_0053.npy
sub-54,sub-54_ses-1.set,60,3745,batch_0053.npy
sub-54,sub-54_ses-1.set,61,3746,batch_0053.npy
sub-54,sub-54_ses-1.set,62,3747,batch_0053.npy
sub-54,sub-54_ses-1.set,63,3748,batch_0053.npy
sub-54,sub-54_ses-1.set,64,3749,batch_0053.npy
sub-54,sub-54_ses-1.set,65,3750,batch_0053.npy
sub-54,sub-54_ses-1.set,66,3751,batch_0053.npy
sub-54,sub-54_ses-1.set,67,3752,batch_0053.npy
sub-54,sub-54_ses-1.set,68,3753,batch_0053.npy
sub-54,sub-54_ses-1.set,69,3754,batch_0053.npy
sub-54,sub-54_ses-1.set,70,3755,batch_0053.npy
sub-55,sub-55_ses-1.set,0,3756,batch_0054.npy
sub-55,sub-55_ses-1.set,1,3757,batch_0054.npy
sub-55,sub-55_ses-1.set,2,3758,batch_0054.npy
sub-55,sub-55_ses-1.set,3,3759,batch_0054.npy
sub-55,sub-55_ses-1.set,4,3760,batch_0054.npy
sub-55,sub-55_ses-1.set,5,3761,batch_0054.npy
sub-55,sub-55_ses-1.set,6,3762,batch_0054.npy
sub-55,sub-55_ses-1.set,7,3763,batch_0054.npy
sub-55,sub-55_ses-1.set,8,3764,batch_0054.npy
sub-55,sub-55_ses-1.set,9,3765,batch_0054.npy
sub-55,sub-55_ses-1.set,10,3766,batch_0054.npy
sub-55,sub-55_ses-1.set,11,3767,batch_0054.npy
sub-55,sub-55_ses-1.set,12,3768,batch_0054.npy
sub-55,sub-55_ses-1.set,13,3769,batch_0054.npy
sub-55,sub-55_ses-1.set,14,3770,batch_0054.npy
sub-55,sub-55_ses-1.set,15,3771,batch_0054.npy
sub-55,sub-55_ses-1.set,16,3772,batch_0054.npy
sub-55,sub-55_ses-1.set,17,3773,batch_0054.npy
sub-55,sub-55_ses-1.set,18,3774,batch_0054.npy
sub-55,sub-55_ses-1.set,19,3775,batch_0054.npy
sub-55,sub-55_ses-1.set,20,3776,batch_0054.npy
sub-55,sub-55_ses-1.set,21,3777,batch_0054.npy
sub-55,sub-55_ses-1.set,22,3778,batch_0054.npy
sub-55,sub-55_ses-1.set,23,3779,batch_0054.npy
sub-55,sub-55_ses-1.set,24,3780,batch_0054.npy
sub-55,sub-55_ses-1.set,25,3781,batch_0054.npy
sub-55,sub-55_ses-1.set,26,3782,batch_0054.npy
sub-55,sub-55_ses-1.set,27,3783,batch_0054.npy
sub-55,sub-55_ses-1.set,28,3784,batch_0054.npy
sub-55,sub-55_ses-1.set,29,3785,batch_0054.npy
sub-55,sub-55_ses-1.set,30,3786,batch_0054.npy
sub-55,sub-55_ses-1.set,31,3787,batch_0054.npy
sub-55,sub-55_ses-1.set,32,3788,batch_0054.npy
sub-55,sub-55_ses-1.set,33,3789,batch_0054.npy
sub-55,sub-55_ses-1.set,34,3790,batch_0054.npy
sub-55,sub-55_ses-1.set,35,3791,batch_0054.npy
sub-55,sub-55_ses-1.set,36,3792,batch_0054.npy
sub-55,sub-55_ses-1.set,37,3793,batch_0054.npy
sub-55,sub-55_ses-1.set,38,3794,batch_0054.npy
sub-55,sub-55_ses-1.set,39,3795,batch_0054.npy
sub-55,sub-55_ses-1.set,40,3796,batch_0054.npy
sub-55,sub-55_ses-1.set,41,3797,batch_0054.npy
sub-55,sub-55_ses-1.set,42,3798,batch_0054.npy
sub-55,sub-55_ses-1.set,43,3799,batch_0054.npy
sub-55,sub-55_ses-1.set,44,3800,batch_0054.npy
sub-55,sub-55_ses-1.set,45,3801,batch_0054.npy
sub-55,sub-55_ses-1.set,46,3802,batch_0054.npy
sub-55,sub-55_ses-1.set,47,3803,batch_0054.npy
sub-55,sub-55_ses-1.set,48,3804,batch_0054.npy
sub-55,sub-55_ses-1.set,49,3805,batch_0054.npy
sub-55,sub-55_ses-1.set,50,3806,batch_0054.npy
sub-55,sub-55_ses-1.set,51,3807,batch_0054.npy
sub-55,sub-55_ses-1.set,52,3808,batch_0054.npy
sub-55,sub-55_ses-1.set,53,3809,batch_0054.npy
sub-55,sub-55_ses-1.set,54,3810,batch_0054.npy
sub-55,sub-55_ses-1.set,55,3811,batch_0054.npy
sub-55,sub-55_ses-1.set,56,3812,batch_0054.npy
sub-55,sub-55_ses-1.set,57,3813,batch_0054.npy
sub-55,sub-55_ses-1.set,58,3814,batch_0054.npy
sub-55,sub-55_ses-1.set,59,3815,batch_0054.npy
sub-55,sub-55_ses-1.set,60,3816,batch_0054.npy
sub-55,sub-55_ses-1.set,61,3817,batch_0054.npy
sub-55,sub-55_ses-1.set,62,3818,batch_0054.npy
sub-55,sub-55_ses-1.set,63,3819,batch_0054.npy
sub-55,sub-55_ses-1.set,64,3820,batch_0054.npy
sub-55,sub-55_ses-1.set,65,3821,batch_0054.npy
sub-55,sub-55_ses-1.set,66,3822,batch_0054.npy
sub-55,sub-55_ses-1.set,67,3823,batch_0054.npy
sub-55,sub-55_ses-1.set,68,3824,batch_0054.npy
sub-55,sub-55_ses-1.set,69,3825,batch_0054.npy
sub-55,sub-55_ses-1.set,70,3826,batch_0054.npy
sub-55,sub-55_ses-1.set,71,3827,batch_0054.npy
sub-55,sub-55_ses-1.set,72,3828,batch_0054.npy
sub-55,sub-55_ses-1.set,73,3829,batch_0054.npy
sub-56,sub-56_ses-1.set,0,3830,batch_0055.npy
sub-56,sub-56_ses-1.set,1,3831,batch_0055.npy
sub-56,sub-56_ses-1.set,2,3832,batch_0055.npy
sub-56,sub-56_ses-1.set,3,3833,batch_0055.npy
sub-56,sub-56_ses-1.set,4,3834,batch_0055.npy
sub-56,sub-56_ses-1.set,5,3835,batch_0055.npy
sub-56,sub-56_ses-1.set,6,3836,batch_0055.npy
sub-56,sub-56_ses-1.set,7,3837,batch_0055.npy
sub-56,sub-56_ses-1.set,8,3838,batch_0055.npy
sub-56,sub-56_ses-1.set,9,3839,batch_0055.npy
sub-56,sub-56_ses-1.set,10,3840,batch_0055.npy
sub-56,sub-56_ses-1.set,11,3841,batch_0055.npy
sub-56,sub-56_ses-1.set,12,3842,batch_0055.npy
sub-56,sub-56_ses-1.set,13,3843,batch_0055.npy
sub-56,sub-56_ses-1.set,14,3844,batch_0055.npy
sub-56,sub-56_ses-1.set,15,3845,batch_0055.npy
sub-56,sub-56_ses-1.set,16,3846,batch_0055.npy
sub-56,sub-56_ses-1.set,17,3847,batch_0055.npy
sub-56,sub-56_ses-1.set,18,3848,batch_0055.npy
sub-56,sub-56_ses-1.set,19,3849,batch_0055.npy
sub-56,sub-56_ses-1.set,20,3850,batch_0055.npy
sub-56,sub-56_ses-1.set,21,3851,batch_0055.npy
sub-56,sub-56_ses-1.set,22,3852,batch_0055.npy
sub-56,sub-56_ses-1.set,23,3853,batch_0055.npy
sub-56,sub-56_ses-1.set,24,3854,batch_0055.npy
sub-56,sub-56_ses-1.set,25,3855,batch_0055.npy
sub-56,sub-56_ses-1.set,26,3856,batch_0055.npy
sub-56,sub-56_ses-1.set,27,3857,batch_0055.npy
sub-56,sub-56_ses-1.set,28,3858,batch_0055.npy
sub-56,sub-56_ses-1.set,29,3859,batch_0055.npy
sub-56,sub-56_ses-1.set,30,3860,batch_0055.npy
sub-56,sub-56_ses-1.set,31,3861,batch_0055.npy
sub-56,sub-56_ses-1.set,32,3862,batch_0055.npy
sub-56,sub-56_ses-1.set,33,3863,batch_0055.npy
sub-56,sub-56_ses-1.set,34,3864,batch_0055.npy
sub-56,sub-56_ses-1.set,35,3865,batch_0055.npy
sub-56,sub-56_ses-1.set,36,3866,batch_0055.npy
sub-56,sub-56_ses-1.set,37,3867,batch_0055.npy
sub-56,sub-56_ses-1.set,38,3868,batch_0055.npy
sub-56,sub-56_ses-1.set,39,3869,batch_0055.npy
sub-56,sub-56_ses-1.set,40,3870,batch_0055.npy
sub-56,sub-56_ses-1.set,41,3871,batch_0055.npy
sub-56,sub-56_ses-1.set,42,3872,batch_0055.npy
sub-56,sub-56_ses-1.set,43,3873,batch_0055.npy
sub-56,sub-56_ses-1.set,44,3874,batch_0055.npy
sub-56,sub-56_ses-1.set,45,3875,batch_0055.npy
sub-56,sub-56_ses-1.set,46,3876,batch_0055.npy
sub-56,sub-56_ses-1.set,47,3877,batch_0055.npy
sub-56,sub-56_ses-1.set,48,3878,batch_0055.npy
sub-56,sub-56_ses-1.set,49,3879,batch_0055.npy
sub-56,sub-56_ses-1.set,50,3880,batch_0055.npy
sub-56,sub-56_ses-1.set,51,3881,batch_0055.npy
sub-56,sub-56_ses-1.set,52,3882,batch_0055.npy
sub-56,sub-56_ses-1.set,53,3883,batch_0055.npy
sub-56,sub-56_ses-1.set,54,3884,batch_0055.npy
sub-56,sub-56_ses-1.set,55,3885,batch_0055.npy
sub-56,sub-56_ses-1.set,56,3886,batch_0055.npy
sub-56,sub-56_ses-1.set,57,3887,batch_0055.npy
sub-56,sub-56_ses-1.set,58,3888,batch_0055.npy
sub-56,sub-56_ses-1.set,59,3889,batch_0055.npy
sub-56,sub-56_ses-1.set,60,3890,batch_0055.npy
sub-56,sub-56_ses-1.set,61,3891,batch_0055.npy
sub-56,sub-56_ses-1.set,62,3892,batch_0055.npy
sub-56,sub-56_ses-1.set,63,3893,batch_0055.npy
sub-56,sub-56_ses-1.set,64,3894,batch_0055.npy
sub-56,sub-56_ses-1.set,65,3895,batch_0055.npy
sub-56,sub-56_ses-1.set,66,3896,batch_0055.npy
sub-56,sub-56_ses-1.set,67,3897,batch_0055.npy
sub-56,sub-56_ses-1.set,68,3898,batch_0055.npy
sub-56,sub-56_ses-1.set,69,3899,batch_0055.npy
sub-56,sub-56_ses-1.set,70,3900,batch_0055.npy
sub-56,sub-56_ses-1.set,71,3901,batch_0055.npy
sub-57,sub-57_ses-1.set,0,3902,batch_0056.npy
sub-57,sub-57_ses-1.set,1,3903,batch_0056.npy
sub-57,sub-57_ses-1.set,2,3904,batch_0056.npy
sub-57,sub-57_ses-1.set,3,3905,batch_0056.npy
sub-57,sub-57_ses-1.set,4,3906,batch_0056.npy
sub-57,sub-57_ses-1.set,5,3907,batch_0056.npy
sub-57,sub-57_ses-1.set,6,3908,batch_0056.npy
sub-57,sub-57_ses-1.set,7,3909,batch_0056.npy
sub-57,sub-57_ses-1.set,8,3910,batch_0056.npy
sub-57,sub-57_ses-1.set,9,3911,batch_0056.npy
sub-57,sub-57_ses-1.set,10,3912,batch_0056.npy
sub-57,sub-57_ses-1.set,11,3913,batch_0056.npy
sub-57,sub-57_ses-1.set,12,3914,batch_0056.npy
sub-57,sub-57_ses-1.set,13,3915,batch_0056.npy
sub-57,sub-57_ses-1.set,14,3916,batch_0056.npy
sub-57,sub-57_ses-1.set,15,3917,batch_0056.npy
sub-57,sub-57_ses-1.set,16,3918,batch_0056.npy
sub-57,sub-57_ses-1.set,17,3919,batch_0056.npy
sub-57,sub-57_ses-1.set,18,3920,batch_0056.npy
sub-57,sub-57_ses-1.set,19,3921,batch_0056.npy
sub-57,sub-57_ses-1.set,20,3922,batch_0056.npy
sub-57,sub-57_ses-1.set,21,3923,batch_0056.npy
sub-57,sub-57_ses-1.set,22,3924,batch_0056.npy
sub-57,sub-57_ses-1.set,23,3925,batch_0056.npy
sub-57,sub-57_ses-1.set,24,3926,batch_0056.npy
sub-57,sub-57_ses-1.set,25,3927,batch_0056.npy
sub-57,sub-57_ses-1.set,26,3928,batch_0056.npy
sub-57,sub-57_ses-1.set,27,3929,batch_0056.npy
sub-57,sub-57_ses-1.set,28,3930,batch_0056.npy
sub-57,sub-57_ses-1.set,29,3931,batch_0056.npy
sub-57,sub-57_ses-1.set,30,3932,batch_0056.npy
sub-57,sub-57_ses-1.set,31,3933,batch_0056.npy
sub-57,sub-57_ses-1.set,32,3934,batch_0056.npy
sub-57,sub-57_ses-1.set,33,3935,batch_0056.npy
sub-57,sub-57_ses-1.set,34,3936,batch_0056.npy
sub-57,sub-57_ses-1.set,35,3937,batch_0056.npy
sub-57,sub-57_ses-1.set,36,3938,batch_0056.npy
sub-57,sub-57_ses-1.set,37,3939,batch_0056.npy
sub-57,sub-57_ses-1.set,38,3940,batch_0056.npy
sub-57,sub-57_ses-1.set,39,3941,batch_0056.npy
sub-57,sub-57_ses-1.set,40,3942,batch_0056.npy
sub-57,sub-57_ses-1.set,41,3943,batch_0056.npy
sub-57,sub-57_ses-1.set,42,3944,batch_0056.npy
sub-57,sub-57_ses-1.set,43,3945,batch_0056.npy
sub-57,sub-57_ses-1.set,44,3946,batch_0056.npy
sub-57,sub-57_ses-1.set,45,3947,batch_0056.npy
sub-57,sub-57_ses-1.set,46,3948,batch_0056.npy
sub-57,sub-57_ses-1.set,47,3949,batch_0056.npy
sub-57,sub-57_ses-1.set,48,3950,batch_0056.npy
sub-57,sub-57_ses-1.set,49,3951,batch_0056.npy
sub-57,sub-57_ses-1.set,50,3952,batch_0056.npy
sub-57,sub-57_ses-1.set,51,3953,batch_0056.npy
sub-57,sub-57_ses-1.set,52,3954,batch_0056.npy
sub-57,sub-57_ses-1.set,53,3955,batch_0056.npy
sub-57,sub-57_ses-1.set,54,3956,batch_0056.npy
sub-57,sub-57_ses-1.set,55,3957,batch_0056.npy
sub-57,sub-57_ses-1.set,56,3958,batch_0056.npy
sub-57,sub-57_ses-1.set,57,3959,batch_0056.npy
sub-57,sub-57_ses-1.set,58,3960,batch_0056.npy
sub-57,sub-57_ses-1.set,59,3961,batch_0056.npy
sub-57,sub-57_ses-1.set,60,3962,batch_0056.npy
sub-57,sub-57_ses-1.set,61,3963,batch_0056.npy
sub-57,sub-57_ses-1.set,62,3964,batch_0056.npy
sub-57,sub-57_ses-1.set,63,3965,batch_0056.npy
sub-57,sub-57_ses-1.set,64,3966,batch_0056.npy
sub-57,sub-57_ses-1.set,65,3967,batch_0056.npy
sub-57,sub-57_ses-1.set,66,3968,batch_0056.npy
sub-57,sub-57_ses-1.set,67,3969,batch_0056.npy
sub-57,sub-57_ses-1.set,68,3970,batch_0056.npy
sub-57,sub-57_ses-1.set,69,3971,batch_0056.npy
sub-57,sub-57_ses-1.set,70,3972,batch_0056.npy
sub-58,sub-58_ses-1.set,0,3973,batch_0057.npy
sub-58,sub-58_ses-1.set,1,3974,batch_0057.npy
sub-58,sub-58_ses-1.set,2,3975,batch_0057.npy
sub-58,sub-58_ses-1.set,3,3976,batch_0057.npy
sub-58,sub-58_ses-1.set,4,3977,batch_0057.npy
sub-58,sub-58_ses-1.set,5,3978,batch_0057.npy
sub-58,sub-58_ses-1.set,6,3979,batch_0057.npy
sub-58,sub-58_ses-1.set,7,3980,batch_0057.npy
sub-58,sub-58_ses-1.set,8,3981,batch_0057.npy
sub-58,sub-58_ses-1.set,9,3982,batch_0057.npy
sub-58,sub-58_ses-1.set,10,3983,batch_0057.npy
sub-58,sub-58_ses-1.set,11,3984,batch_0057.npy
sub-58,sub-58_ses-1.set,12,3985,batch_0057.npy
sub-58,sub-58_ses-1.set,13,3986,batch_0057.npy
sub-58,sub-58_ses-1.set,14,3987,batch_0057.npy
sub-58,sub-58_ses-1.set,15,3988,batch_0057.npy
sub-58,sub-58_ses-1.set,16,3989,batch_0057.npy
sub-58,sub-58_ses-1.set,17,3990,batch_0057.npy
sub-58,sub-58_ses-1.set,18,3991,batch_0057.npy
sub-58,sub-58_ses-1.set,19,3992,batch_0057.npy
sub-58,sub-58_ses-1.set,20,3993,batch_0057.npy
sub-58,sub-58_ses-1.set,21,3994,batch_0057.npy
sub-58,sub-58_ses-1.set,22,3995,batch_0057.npy
sub-58,sub-58_ses-1.set,23,3996,batch_0057.npy
sub-58,sub-58_ses-1.set,24,3997,batch_0057.npy
sub-58,sub-58_ses-1.set,25,3998,batch_0057.npy
sub-58,sub-58_ses-1.set,26,3999,batch_0057.npy
sub-58,sub-58_ses-1.set,27,4000,batch_0057.npy
sub-58,sub-58_ses-1.set,28,4001,batch_0057.npy
sub-58,sub-58_ses-1.set,29,4002,batch_0057.npy
sub-58,sub-58_ses-1.set,30,4003,batch_0057.npy
sub-58,sub-58_ses-1.set,31,4004,batch_0057.npy
sub-58,sub-58_ses-1.set,32,4005,batch_0057.npy
sub-58,sub-58_ses-1.set,33,4006,batch_0057.npy
sub-58,sub-58_ses-1.set,34,4007,batch_0057.npy
sub-58,sub-58_ses-1.set,35,4008,batch_0057.npy
sub-58,sub-58_ses-1.set,36,4009,batch_0057.npy
sub-58,sub-58_ses-1.set,37,4010,batch_0057.npy
sub-58,sub-58_ses-1.set,38,4011,batch_0057.npy
sub-58,sub-58_ses-1.set,39,4012,batch_0057.npy
sub-58,sub-58_ses-1.set,40,4013,batch_0057.npy
sub-58,sub-58_ses-1.set,41,4014,batch_0057.npy
sub-58,sub-58_ses-1.set,42,4015,batch_0057.npy
sub-58,sub-58_ses-1.set,43,4016,batch_0057.npy
sub-58,sub-58_ses-1.set,44,4017,batch_0057.npy
sub-58,sub-58_ses-1.set,45,4018,batch_0057.npy
sub-58,sub-58_ses-1.set,46,4019,batch_0057.npy
sub-58,sub-58_ses-1.set,47,4020,batch_0057.npy
sub-58,sub-58_ses-1.set,48,4021,batch_0057.npy
sub-58,sub-58_ses-1.set,49,4022,batch_0057.npy
sub-58,sub-58_ses-1.set,50,4023,batch_0057.npy
sub-58,sub-58_ses-1.set,51,4024,batch_0057.npy
sub-58,sub-58_ses-1.set,52,4025,batch_0057.npy
sub-58,sub-58_ses-1.set,53,4026,batch_0057.npy
sub-58,sub-58_ses-1.set,54,4027,batch_0057.npy
sub-58,sub-58_ses-1.set,55,4028,batch_0057.npy
sub-58,sub-58_ses-1.set,56,4029,batch_0057.npy
sub-58,sub-58_ses-1.set,57,4030,batch_0057.npy
sub-58,sub-58_ses-1.set,58,4031,batch_0057.npy
sub-58,sub-58_ses-1.set,59,4032,batch_0057.npy
sub-58,sub-58_ses-1.set,60,4033,batch_0057.npy
sub-58,sub-58_ses-1.set,61,4034,batch_0057.npy
sub-58,sub-58_ses-1.set,62,4035,batch_0057.npy
sub-58,sub-58_ses-1.set,63,4036,batch_0057.npy
sub-58,sub-58_ses-1.set,64,4037,batch_0057.npy
sub-58,sub-58_ses-1.set,65,4038,batch_0057.npy
sub-58,sub-58_ses-1.set,66,4039,batch_0057.npy
sub-58,sub-58_ses-1.set,67,4040,batch_0057.npy
sub-58,sub-58_ses-1.set,68,4041,batch_0057.npy
sub-58,sub-58_ses-1.set,69,4042,batch_0057.npy
sub-58,sub-58_ses-1.set,70,4043,batch_0057.npy
sub-58,sub-58_ses-1.set,71,4044,batch_0057.npy
sub-59,sub-59_ses-1.set,0,4045,batch_0058.npy
sub-59,sub-59_ses-1.set,1,4046,batch_0058.npy
sub-59,sub-59_ses-1.set,2,4047,batch_0058.npy
sub-59,sub-59_ses-1.set,3,4048,batch_0058.npy
sub-59,sub-59_ses-1.set,4,4049,batch_0058.npy
sub-59,sub-59_ses-1.set,5,4050,batch_0058.npy
sub-59,sub-59_ses-1.set,6,4051,batch_0058.npy
sub-59,sub-59_ses-1.set,7,4052,batch_0058.npy
sub-59,sub-59_ses-1.set,8,4053,batch_0058.npy
sub-59,sub-59_ses-1.set,9,4054,batch_0058.npy
sub-59,sub-59_ses-1.set,10,4055,batch_0058.npy
sub-59,sub-59_ses-1.set,11,4056,batch_0058.npy
sub-59,sub-59_ses-1.set,12,4057,batch_0058.npy
sub-59,sub-59_ses-1.set,13,4058,batch_0058.npy
sub-59,sub-59_ses-1.set,14,4059,batch_0058.npy
sub-59,sub-59_ses-1.set,15,4060,batch_0058.npy
sub-59,sub-59_ses-1.set,16,4061,batch_0058.npy
sub-59,sub-59_ses-1.set,17,4062,batch_0058.npy
sub-59,sub-59_ses-1.set,18,4063,batch_0058.npy
sub-59,sub-59_ses-1.set,19,4064,batch_0058.npy
sub-59,sub-59_ses-1.set,20,4065,batch_0058.npy
sub-59,sub-59_ses-1.set,21,4066,batch_0058.npy
sub-59,sub-59_ses-1.set,22,4067,batch_0058.npy
sub-59,sub-59_ses-1.set,23,4068,batch_0058.npy
sub-59,sub-59_ses-1.set,24,4069,batch_0058.npy
sub-59,sub-59_ses-1.set,25,4070,batch_0058.npy
sub-59,sub-59_ses-1.set,26,4071,batch_0058.npy
sub-59,sub-59_ses-1.set,27,4072,batch_0058.npy
sub-59,sub-59_ses-1.set,28,4073,batch_0058.npy
sub-59,sub-59_ses-1.set,29,4074,batch_0058.npy
sub-59,sub-59_ses-1.set,30,4075,batch_0058.npy
sub-59,sub-59_ses-1.set,31,4076,batch_0058.npy
sub-59,sub-59_ses-1.set,32,4077,batch_0058.npy
sub-59,sub-59_ses-1.set,33,4078,batch_0058.npy
sub-59,sub-59_ses-1.set,34,4079,batch_0058.npy
sub-59,sub-59_ses-1.set,35,4080,batch_0058.npy
sub-59,sub-59_ses-1.set,36,4081,batch_0058.npy
sub-59,sub-59_ses-1.set,37,4082,batch_0058.npy
sub-59,sub-59_ses-1.set,38,4083,batch_0058.npy
sub-59,sub-59_ses-1.set,39,4084,batch_0058.npy
sub-59,sub-59_ses-1.set,40,4085,batch_0058.npy
sub-59,sub-59_ses-1.set,41,4086,batch_0058.npy
sub-59,sub-59_ses-1.set,42,4087,batch_0058.npy
sub-59,sub-59_ses-1.set,43,4088,batch_0058.npy
sub-59,sub-59_ses-1.set,44,4089,batch_0058.npy
sub-59,sub-59_ses-1.set,45,4090,batch_0058.npy
sub-59,sub-59_ses-1.set,46,4091,batch_0058.npy
sub-59,sub-59_ses-1.set,47,4092,batch_0058.npy
sub-59,sub-59_ses-1.set,48,4093,batch_0058.npy
sub-59,sub-59_ses-1.set,49,4094,batch_0058.npy
sub-59,sub-59_ses-1.set,50,4095,batch_0058.npy
sub-59,sub-59_ses-1.set,51,4096,batch_0058.npy
sub-59,sub-59_ses-1.set,52,4097,batch_0058.npy
sub-59,sub-59_ses-1.set,53,4098,batch_0058.npy
sub-59,sub-59_ses-1.set,54,4099,batch_0058.npy
sub-59,sub-59_ses-1.set,55,4100,batch_0058.npy
sub-59,sub-59_ses-1.set,56,4101,batch_0058.npy
sub-59,sub-59_ses-1.set,57,4102,batch_0058.npy
sub-59,sub-59_ses-1.set,58,4103,batch_0058.npy
sub-59,sub-59_ses-1.set,59,4104,batch_0058.npy
sub-59,sub-59_ses-1.set,60,4105,batch_0058.npy
sub-59,sub-59_ses-1.set,61,4106,batch_0058.npy
sub-59,sub-59_ses-1.set,62,4107,batch_0058.npy
sub-59,sub-59_ses-1.set,63,4108,batch_0058.npy
sub-59,sub-59_ses-1.set,64,4109,batch_0058.npy
sub-59,sub-59_ses-1.set,65,4110,batch_0058.npy
sub-59,sub-59_ses-1.set,66,4111,batch_0058.npy
sub-59,sub-59_ses-1.set,67,4112,batch_0058.npy
sub-59,sub-59_ses-1.set,68,4113,batch_0058.npy
sub-59,sub-59_ses-1.set,69,4114,batch_0058.npy
sub-59,sub-59_ses-1.set,70,4115,batch_0058.npy
sub-60,sub-60_ses-1.set,0,4116,batch_0059.npy
sub-60,sub-60_ses-1.set,1,4117,batch_0059.npy
sub-60,sub-60_ses-1.set,2,4118,batch_0059.npy
sub-60,sub-60_ses-1.set,3,4119,batch_0059.npy
sub-60,sub-60_ses-1.set,4,4120,batch_0059.npy
sub-60,sub-60_ses-1.set,5,4121,batch_0059.npy
sub-60,sub-60_ses-1.set,6,4122,batch_0059.npy
sub-60,sub-60_ses-1.set,7,4123,batch_0059.npy
sub-60,sub-60_ses-1.set,8,4124,batch_0059.npy
sub-60,sub-60_ses-1.set,9,4125,batch_0059.npy
sub-60,sub-60_ses-1.set,10,4126,batch_0059.npy
sub-60,sub-60_ses-1.set,11,4127,batch_0059.npy
sub-60,sub-60_ses-1.set,12,4128,batch_0059.npy
sub-60,sub-60_ses-1.set,13,4129,batch_0059.npy
sub-60,sub-60_ses-1.set,14,4130,batch_0059.npy
sub-60,sub-60_ses-1.set,15,4131,batch_0059.npy
sub-60,sub-60_ses-1.set,16,4132,batch_0059.npy
sub-60,sub-60_ses-1.set,17,4133,batch_0059.npy
sub-60,sub-60_ses-1.set,18,4134,batch_0059.npy
sub-60,sub-60_ses-1.set,19,4135,batch_0059.npy
sub-60,sub-60_ses-1.set,20,4136,batch_0059.npy
sub-60,sub-60_ses-1.set,21,4137,batch_0059.npy
sub-60,sub-60_ses-1.set,22,4138,batch_0059.npy
sub-60,sub-60_ses-1.set,23,4139,batch_0059.npy
sub-60,sub-60_ses-1.set,24,4140,batch_0059.npy
sub-60,sub-60_ses-1.set,25,4141,batch_0059.npy
sub-60,sub-60_ses-1.set,26,4142,batch_0059.npy
sub-60,sub-60_ses-1.set,27,4143,batch_0059.npy
sub-60,sub-60_ses-1.set,28,4144,batch_0059.npy
sub-60,sub-60_ses-1.set,29,4145,batch_0059.npy
sub-60,sub-60_ses-1.set,30,4146,batch_0059.npy
sub-60,sub-60_ses-1.set,31,4147,batch_0059.npy
sub-60,sub-60_ses-1.set,32,4148,batch_0059.npy
sub-60,sub-60_ses-1.set,33,4149,batch_0059.npy
sub-60,sub-60_ses-1.set,34,4150,batch_0059.npy
sub-60,sub-60_ses-1.set,35,4151,batch_0059.npy
sub-60,sub-60_ses-1.set,36,4152,batch_0059.npy
sub-60,sub-60_ses-1.set,37,4153,batch_0059.npy
sub-60,sub-60_ses-1.set,38,4154,batch_0059.npy
sub-60,sub-60_ses-1.set,39,4155,batch_0059.npy
sub-60,sub-60_ses-1.set,40,4156,batch_0059.npy
sub-60,sub-60_ses-1.set,41,4157,batch_0059.npy
sub-60,sub-60_ses-1.set,42,4158,batch_0059.npy
sub-60,sub-60_ses-1.set,43,4159,batch_0059.npy
sub-60,sub-60_ses-1.set,44,4160,batch_0059.npy
sub-60,sub-60_ses-1.set,45,4161,batch_0059.npy
sub-60,sub-60_ses-1.set,46,4162,batch_0059.npy
sub-60,sub-60_ses-1.set,47,4163,batch_0059.npy
sub-60,sub-60_ses-1.set,48,4164,batch_0059.npy
sub-60,sub-60_ses-1.set,49,4165,batch_0059.npy
sub-60,sub-60_ses-1.set,50,4166,batch_0059.npy
sub-60,sub-60_ses-1.set,51,4167,batch_0059.npy
sub-60,sub-60_ses-1.set,52,4168,batch_0059.npy
sub-60,sub-60_ses-1.set,53,4169,batch_0059.npy
sub-60,sub-60_ses-1.set,54,4170,batch_0059.npy
sub-60,sub-60_ses-1.set,55,4171,batch_0059.npy
sub-60,sub-60_ses-1.set,56,4172,batch_0059.npy
sub-60,sub-60_ses-1.set,57,4173,batch_0059.npy
sub-60,sub-60_ses-1.set,58,4174,batch_0059.npy
sub-60,sub-60_ses-1.set,59,4175,batch_0059.npy
sub-61,sub-61_ses-1.set,0,4176,batch_0060.npy
sub-61,sub-61_ses-1.set,1,4177,batch_0060.npy
sub-61,sub-61_ses-1.set,2,4178,batch_0060.npy
sub-61,sub-61_ses-1.set,3,4179,batch_0060.npy
sub-61,sub-61_ses-1.set,4,4180,batch_0060.npy
sub-61,sub-61_ses-1.set,5,4181,batch_0060.npy
sub-61,sub-61_ses-1.set,6,4182,batch_0060.npy
sub-61,sub-61_ses-1.set,7,4183,batch_0060.npy
sub-61,sub-61_ses-1.set,8,4184,batch_0060.npy
sub-61,sub-61_ses-1.set,9,4185,batch_0060.npy
sub-61,sub-61_ses-1.set,10,4186,batch_0060.npy
sub-61,sub-61_ses-1.set,11,4187,batch_0060.npy
sub-61,sub-61_ses-1.set,12,4188,batch_0060.npy
sub-61,sub-61_ses-1.set,13,4189,batch_0060.npy
sub-61,sub-61_ses-1.set,14,4190,batch_0060.npy
sub-61,sub-61_ses-1.set,15,4191,batch_0060.npy
sub-61,sub-61_ses-1.set,16,4192,batch_0060.npy
sub-61,sub-61_ses-1.set,17,4193,batch_0060.npy
sub-61,sub-61_ses-1.set,18,4194,batch_0060.npy
sub-61,sub-61_ses-1.set,19,4195,batch_0060.npy
sub-61,sub-61_ses-1.set,20,4196,batch_0060.npy
sub-61,sub-61_ses-1.set,21,4197,batch_0060.npy
sub-61,sub-61_ses-1.set,22,4198,batch_0060.npy
sub-61,sub-61_ses-1.set,23,4199,batch_0060.npy
sub-61,sub-61_ses-1.set,24,4200,batch_0060.npy
sub-61,sub-61_ses-1.set,25,4201,batch_0060.npy
sub-61,sub-61_ses-1.set,26,4202,batch_0060.npy
sub-61,sub-61_ses-1.set,27,4203,batch_0060.npy
sub-61,sub-61_ses-1.set,28,4204,batch_0060.npy
sub-61,sub-61_ses-1.set,29,4205,batch_0060.npy
sub-61,sub-61_ses-1.set,30,4206,batch_0060.npy
sub-61,sub-61_ses-1.set,31,4207,batch_0060.npy
sub-61,sub-61_ses-1.set,32,4208,batch_0060.npy
sub-61,sub-61_ses-1.set,33,4209,batch_0060.npy
sub-61,sub-61_ses-1.set,34,4210,batch_0060.npy
sub-61,sub-61_ses-1.set,35,4211,batch_0060.npy
sub-61,sub-61_ses-1.set,36,4212,batch_0060.npy
sub-61,sub-61_ses-1.set,37,4213,batch_0060.npy
sub-61,sub-61_ses-1.set,38,4214,batch_0060.npy
sub-61,sub-61_ses-1.set,39,4215,batch_0060.npy
sub-61,sub-61_ses-1.set,40,4216,batch_0060.npy
sub-61,sub-61_ses-1.set,41,4217,batch_0060.npy
sub-61,sub-61_ses-1.set,42,4218,batch_0060.npy
sub-61,sub-61_ses-1.set,43,4219,batch_0060.npy
sub-61,sub-61_ses-1.set,44,4220,batch_0060.npy
sub-61,sub-61_ses-1.set,45,4221,batch_0060.npy
sub-61,sub-61_ses-1.set,46,4222,batch_0060.npy
sub-61,sub-61_ses-1.set,47,4223,batch_0060.npy
sub-61,sub-61_ses-1.set,48,4224,batch_0060.npy
sub-61,sub-61_ses-1.set,49,4225,batch_0060.npy
sub-61,sub-61_ses-1.set,50,4226,batch_0060.npy
sub-61,sub-61_ses-1.set,51,4227,batch_0060.npy
sub-61,sub-61_ses-1.set,52,4228,batch_0060.npy
sub-61,sub-61_ses-1.set,53,4229,batch_0060.npy
sub-61,sub-61_ses-1.set,54,4230,batch_0060.npy
sub-61,sub-61_ses-1.set,55,4231,batch_0060.npy
sub-61,sub-61_ses-1.set,56,4232,batch_0060.npy
sub-61,sub-61_ses-1.set,57,4233,batch_0060.npy
sub-61,sub-61_ses-1.set,58,4234,batch_0060.npy
sub-61,sub-61_ses-1.set,59,4235,batch_0060.npy
sub-61,sub-61_ses-1.set,60,4236,batch_0060.npy
sub-61,sub-61_ses-1.set,61,4237,batch_0060.npy
sub-61,sub-61_ses-1.set,62,4238,batch_0060.npy
sub-61,sub-61_ses-1.set,63,4239,batch_0060.npy
sub-61,sub-61_ses-1.set,64,4240,batch_0060.npy
sub-61,sub-61_ses-1.set,65,4241,batch_0060.npy
sub-61,sub-61_ses-1.set,66,4242,batch_0060.npy
sub-61,sub-61_ses-1.set,67,4243,batch_0060.npy
sub-61,sub-61_ses-1.set,68,4244,batch_0060.npy
sub-61,sub-61_ses-1.set,69,4245,batch_0060.npy
sub-61,sub-61_ses-1.set,70,4246,batch_0060.npy
sub-61,sub-61_ses-1.set,71,4247,batch_0060.npy
sub-61,sub-61_ses-1.set,72,4248,batch_0060.npy
sub-61,sub-61_ses-1.set,73,4249,batch_0060.npy
sub-62,sub-62_ses-1.set,0,4250,batch_0061.npy
sub-62,sub-62_ses-1.set,1,4251,batch_0061.npy
sub-62,sub-62_ses-1.set,2,4252,batch_0061.npy
sub-62,sub-62_ses-1.set,3,4253,batch_0061.npy
sub-62,sub-62_ses-1.set,4,4254,batch_0061.npy
sub-62,sub-62_ses-1.set,5,4255,batch_0061.npy
sub-62,sub-62_ses-1.set,6,4256,batch_0061.npy
sub-62,sub-62_ses-1.set,7,4257,batch_0061.npy
sub-62,sub-62_ses-1.set,8,4258,batch_0061.npy
sub-62,sub-62_ses-1.set,9,4259,batch_0061.npy
sub-62,sub-62_ses-1.set,10,4260,batch_0061.npy
sub-62,sub-62_ses-1.set,11,4261,batch_0061.npy
sub-62,sub-62_ses-1.set,12,4262,batch_0061.npy
sub-62,sub-62_ses-1.set,13,4263,batch_0061.npy
sub-62,sub-62_ses-1.set,14,4264,batch_0061.npy
sub-62,sub-62_ses-1.set,15,4265,batch_0061.npy
sub-62,sub-62_ses-1.set,16,4266,batch_0061.npy
sub-62,sub-62_ses-1.set,17,4267,batch_0061.npy
sub-62,sub-62_ses-1.set,18,4268,batch_0061.npy
sub-62,sub-62_ses-1.set,19,4269,batch_0061.npy
sub-62,sub-62_ses-1.set,20,4270,batch_0061.npy
sub-62,sub-62_ses-1.set,21,4271,batch_0061.npy
sub-62,sub-62_ses-1.set,22,4272,batch_0061.npy
sub-62,sub-62_ses-1.set,23,4273,batch_0061.npy
sub-62,sub-62_ses-1.set,24,4274,batch_0061.npy
sub-62,sub-62_ses-1.set,25,4275,batch_0061.npy
sub-62,sub-62_ses-1.set,26,4276,batch_0061.npy
sub-62,sub-62_ses-1.set,27,4277,batch_0061.npy
sub-62,sub-62_ses-1.set,28,4278,batch_0061.npy
sub-62,sub-62_ses-1.set,29,4279,batch_0061.npy
sub-62,sub-62_ses-1.set,30,4280,batch_0061.npy
sub-62,sub-62_ses-1.set,31,4281,batch_0061.npy
sub-62,sub-62_ses-1.set,32,4282,batch_0061.npy
sub-62,sub-62_ses-1.set,33,4283,batch_0061.npy
sub-62,sub-62_ses-1.set,34,4284,batch_0061.npy
sub-62,sub-62_ses-1.set,35,4285,batch_0061.npy
sub-62,sub-62_ses-1.set,36,4286,batch_0061.npy
sub-62,sub-62_ses-1.set,37,4287,batch_0061.npy
sub-62,sub-62_ses-1.set,38,4288,batch_0061.npy
sub-62,sub-62_ses-1.set,39,4289,batch_0061.npy
sub-62,sub-62_ses-1.set,40,4290,batch_0061.npy
sub-62,sub-62_ses-1.set,41,4291,batch_0061.npy
sub-62,sub-62_ses-1.set,42,4292,batch_0061.npy
sub-62,sub-62_ses-1.set,43,4293,batch_0061.npy
sub-62,sub-62_ses-1.set,44,4294,batch_0061.npy
sub-62,sub-62_ses-1.set,45,4295,batch_0061.npy
sub-62,sub-62_ses-1.set,46,4296,batch_0061.npy
sub-62,sub-62_ses-1.set,47,4297,batch_0061.npy
sub-62,sub-62_ses-1.set,48,4298,batch_0061.npy
sub-62,sub-62_ses-1.set,49,4299,batch_0061.npy
sub-62,sub-62_ses-1.set,50,4300,batch_0061.npy
sub-62,sub-62_ses-1.set,51,4301,batch_0061.npy
sub-62,sub-62_ses-1.set,52,4302,batch_0061.npy
sub-62,sub-62_ses-1.set,53,4303,batch_0061.npy
sub-62,sub-62_ses-1.set,54,4304,batch_0061.npy
sub-62,sub-62_ses-1.set,55,4305,batch_0061.npy
sub-62,sub-62_ses-1.set,56,4306,batch_0061.npy
sub-62,sub-62_ses-1.set,57,4307,batch_0061.npy
sub-62,sub-62_ses-1.set,58,4308,batch_0061.npy
sub-62,sub-62_ses-1.set,59,4309,batch_0061.npy
sub-62,sub-62_ses-1.set,60,4310,batch_0061.npy
sub-62,sub-62_ses-1.set,61,4311,batch_0061.npy
sub-62,sub-62_ses-1.set,62,4312,batch_0061.npy
sub-62,sub-62_ses-1.set,63,4313,batch_0061.npy
sub-62,sub-62_ses-1.set,64,4314,batch_0061.npy
sub-62,sub-62_ses-1.set,65,4315,batch_0061.npy
sub-62,sub-62_ses-1.set,66,4316,batch_0061.npy
sub-62,sub-62_ses-1.set,67,4317,batch_0061.npy
sub-62,sub-62_ses-1.set,68,4318,batch_0061.npy
sub-62,sub-62_ses-1.set,69,4319,batch_0061.npy
sub-62,sub-62_ses-1.set,70,4320,batch_0061.npy
sub-63,sub-63_ses-1.set,0,4321,batch_0062.npy
sub-63,sub-63_ses-1.set,1,4322,batch_0062.npy
sub-63,sub-63_ses-1.set,2,4323,batch_0062.npy
sub-63,sub-63_ses-1.set,3,4324,batch_0062.npy
sub-63,sub-63_ses-1.set,4,4325,batch_0062.npy
sub-63,sub-63_ses-1.set,5,4326,batch_0062.npy
sub-63,sub-63_ses-1.set,6,4327,batch_0062.npy
sub-63,sub-63_ses-1.set,7,4328,batch_0062.npy
sub-63,sub-63_ses-1.set,8,4329,batch_0062.npy
sub-63,sub-63_ses-1.set,9,4330,batch_0062.npy
sub-63,sub-63_ses-1.set,10,4331,batch_0062.npy
sub-63,sub-63_ses-1.set,11,4332,batch_0062.npy
sub-63,sub-63_ses-1.set,12,4333,batch_0062.npy
sub-63,sub-63_ses-1.set,13,4334,batch_0062.npy
sub-63,sub-63_ses-1.set,14,4335,batch_0062.npy
sub-63,sub-63_ses-1.set,15,4336,batch_0062.npy
sub-63,sub-63_ses-1.set,16,4337,batch_0062.npy
sub-63,sub-63_ses-1.set,17,4338,batch_0062.npy
sub-63,sub-63_ses-1.set,18,4339,batch_0062.npy
sub-63,sub-63_ses-1.set,19,4340,batch_0062.npy
sub-63,sub-63_ses-1.set,20,4341,batch_0062.npy
sub-63,sub-63_ses-1.set,21,4342,batch_0062.npy
sub-63,sub-63_ses-1.set,22,4343,batch_0062.npy
sub-63,sub-63_ses-1.set,23,4344,batch_0062.npy
sub-63,sub-63_ses-1.set,24,4345,batch_0062.npy
sub-63,sub-63_ses-1.set,25,4346,batch_0062.npy
sub-63,sub-63_ses-1.set,26,4347,batch_0062.npy
sub-63,sub-63_ses-1.set,27,4348,batch_0062.npy
sub-63,sub-63_ses-1.set,28,4349,batch_0062.npy
sub-63,sub-63_ses-1.set,29,4350,batch_0062.npy
sub-63,sub-63_ses-1.set,30,4351,batch_0062.npy
sub-63,sub-63_ses-1.set,31,4352,batch_0062.npy
sub-63,sub-63_ses-1.set,32,4353,batch_0062.npy
sub-63,sub-63_ses-1.set,33,4354,batch_0062.npy
sub-63,sub-63_ses-1.set,34,4355,batch_0062.npy
sub-63,sub-63_ses-1.set,35,4356,batch_0062.npy
sub-63,sub-63_ses-1.set,36,4357,batch_0062.npy
sub-63,sub-63_ses-1.set,37,4358,batch_0062.npy
sub-63,sub-63_ses-1.set,38,4359,batch_0062.npy
sub-63,sub-63_ses-1.set,39,4360,batch_0062.npy
sub-63,sub-63_ses-1.set,40,4361,batch_0062.npy
sub-63,sub-63_ses-1.set,41,4362,batch_0062.npy
sub-63,sub-63_ses-1.set,42,4363,batch_0062.npy
sub-63,sub-63_ses-1.set,43,4364,batch_0062.npy
sub-63,sub-63_ses-1.set,44,4365,batch_0062.npy
sub-63,sub-63_ses-1.set,45,4366,batch_0062.npy
sub-63,sub-63_ses-1.set,46,4367,batch_0062.npy
sub-63,sub-63_ses-1.set,47,4368,batch_0062.npy
sub-63,sub-63_ses-1.set,48,4369,batch_0062.npy
sub-63,sub-63_ses-1.set,49,4370,batch_0062.npy
sub-63,sub-63_ses-1.set,50,4371,batch_0062.npy
sub-63,sub-63_ses-1.set,51,4372,batch_0062.npy
sub-63,sub-63_ses-1.set,52,4373,batch_0062.npy
sub-63,sub-63_ses-1.set,53,4374,batch_0062.npy
sub-63,sub-63_ses-1.set,54,4375,batch_0062.npy
sub-63,sub-63_ses-1.set,55,4376,batch_0062.npy
sub-63,sub-63_ses-1.set,56,4377,batch_0062.npy
sub-63,sub-63_ses-1.set,57,4378,batch_0062.npy
sub-63,sub-63_ses-1.set,58,4379,batch_0062.npy
sub-63,sub-63_ses-1.set,59,4380,batch_0062.npy
sub-63,sub-63_ses-1.set,60,4381,batch_0062.npy
sub-63,sub-63_ses-1.set,61,4382,batch_0062.npy
sub-63,sub-63_ses-1.set,62,4383,batch_0062.npy
sub-63,sub-63_ses-1.set,63,4384,batch_0062.npy
sub-63,sub-63_ses-1.set,64,4385,batch_0062.npy
sub-63,sub-63_ses-1.set,65,4386,batch_0062.npy
sub-63,sub-63_ses-1.set,66,4387,batch_0062.npy
sub-63,sub-63_ses-1.set,67,4388,batch_0062.npy
sub-64,sub-64_ses-1.set,0,4389,batch_0063.npy
sub-64,sub-64_ses-1.set,1,4390,batch_0063.npy
sub-64,sub-64_ses-1.set,2,4391,batch_0063.npy
sub-64,sub-64_ses-1.set,3,4392,batch_0063.npy
sub-64,sub-64_ses-1.set,4,4393,batch_0063.npy
sub-64,sub-64_ses-1.set,5,4394,batch_0063.npy
sub-64,sub-64_ses-1.set,6,4395,batch_0063.npy
sub-64,sub-64_ses-1.set,7,4396,batch_0063.npy
sub-64,sub-64_ses-1.set,8,4397,batch_0063.npy
sub-64,sub-64_ses-1.set,9,4398,batch_0063.npy
sub-64,sub-64_ses-1.set,10,4399,batch_0063.npy
sub-64,sub-64_ses-1.set,11,4400,batch_0063.npy
sub-64,sub-64_ses-1.set,12,4401,batch_0063.npy
sub-64,sub-64_ses-1.set,13,4402,batch_0063.npy
sub-64,sub-64_ses-1.set,14,4403,batch_0063.npy
sub-64,sub-64_ses-1.set,15,4404,batch_0063.npy
sub-64,sub-64_ses-1.set,16,4405,batch_0063.npy
sub-64,sub-64_ses-1.set,17,4406,batch_0063.npy
sub-64,sub-64_ses-1.set,18,4407,batch_0063.npy
sub-64,sub-64_ses-1.set,19,4408,batch_0063.npy
sub-64,sub-64_ses-1.set,20,4409,batch_0063.npy
sub-64,sub-64_ses-1.set,21,4410,batch_0063.npy
sub-64,sub-64_ses-1.set,22,4411,batch_0063.npy
sub-64,sub-64_ses-1.set,23,4412,batch_0063.npy
sub-64,sub-64_ses-1.set,24,4413,batch_0063.npy
sub-64,sub-64_ses-1.set,25,4414,batch_0063.npy
sub-64,sub-64_ses-1.set,26,4415,batch_0063.npy
sub-64,sub-64_ses-1.set,27,4416,batch_0063.npy
sub-64,sub-64_ses-1.set,28,4417,batch_0063.npy
sub-64,sub-64_ses-1.set,29,4418,batch_0063.npy
sub-64,sub-64_ses-1.set,30,4419,batch_0063.npy
sub-64,sub-64_ses-1.set,31,4420,batch_0063.npy
sub-64,sub-64_ses-1.set,32,4421,batch_0063.npy
sub-64,sub-64_ses-1.set,33,4422,batch_0063.npy
sub-64,sub-64_ses-1.set,34,4423,batch_0063.npy
sub-64,sub-64_ses-1.set,35,4424,batch_0063.npy
sub-64,sub-64_ses-1.set,36,4425,batch_0063.npy
sub-64,sub-64_ses-1.set,37,4426,batch_0063.npy
sub-64,sub-64_ses-1.set,38,4427,batch_0063.npy
sub-64,sub-64_ses-1.set,39,4428,batch_0063.npy
sub-64,sub-64_ses-1.set,40,4429,batch_0063.npy
sub-64,sub-64_ses-1.set,41,4430,batch_0063.npy
sub-64,sub-64_ses-1.set,42,4431,batch_0063.npy
sub-64,sub-64_ses-1.set,43,4432,batch_0063.npy
sub-64,sub-64_ses-1.set,44,4433,batch_0063.npy
sub-64,sub-64_ses-1.set,45,4434,batch_0063.npy
sub-64,sub-64_ses-1.set,46,4435,batch_0063.npy
sub-64,sub-64_ses-1.set,47,4436,batch_0063.npy
sub-64,sub-64_ses-1.set,48,4437,batch_0063.npy
sub-64,sub-64_ses-1.set,49,4438,batch_0063.npy
sub-64,sub-64_ses-1.set,50,4439,batch_0063.npy
sub-64,sub-64_ses-1.set,51,4440,batch_0063.npy
sub-64,sub-64_ses-1.set,52,4441,batch_0063.npy
sub-64,sub-64_ses-1.set,53,4442,batch_0063.npy
sub-64,sub-64_ses-1.set,54,4443,batch_0063.npy
sub-64,sub-64_ses-1.set,55,4444,batch_0063.npy
sub-64,sub-64_ses-1.set,56,4445,batch_0063.npy
sub-64,sub-64_ses-1.set,57,4446,batch_0063.npy
sub-64,sub-64_ses-1.set,58,4447,batch_0063.npy
sub-64,sub-64_ses-1.set,59,4448,batch_0063.npy
sub-64,sub-64_ses-1.set,60,4449,batch_0063.npy
sub-64,sub-64_ses-1.set,61,4450,batch_0063.npy
sub-64,sub-64_ses-1.set,62,4451,batch_0063.npy
sub-64,sub-64_ses-1.set,63,4452,batch_0063.npy
sub-64,sub-64_ses-1.set,64,4453,batch_0063.npy
sub-64,sub-64_ses-1.set,65,4454,batch_0063.npy
sub-64,sub-64_ses-1.set,66,4455,batch_0063.npy
sub-64,sub-64_ses-1.set,67,4456,batch_0063.npy
sub-64,sub-64_ses-1.set,68,4457,batch_0063.npy
sub-65,sub-65_ses-1.set,0,4458,batch_0064.npy
sub-65,sub-65_ses-1.set,1,4459,batch_0064.npy
sub-65,sub-65_ses-1.set,2,4460,batch_0064.npy
sub-65,sub-65_ses-1.set,3,4461,batch_0064.npy
sub-65,sub-65_ses-1.set,4,4462,batch_0064.npy
sub-65,sub-65_ses-1.set,5,4463,batch_0064.npy
sub-65,sub-65_ses-1.set,6,4464,batch_0064.npy
sub-65,sub-65_ses-1.set,7,4465,batch_0064.npy
sub-65,sub-65_ses-1.set,8,4466,batch_0064.npy
sub-65,sub-65_ses-1.set,9,4467,batch_0064.npy
sub-65,sub-65_ses-1.set,10,4468,batch_0064.npy
sub-65,sub-65_ses-1.set,11,4469,batch_0064.npy
sub-65,sub-65_ses-1.set,12,4470,batch_0064.npy
sub-65,sub-65_ses-1.set,13,4471,batch_0064.npy
sub-65,sub-65_ses-1.set,14,4472,batch_0064.npy
sub-65,sub-65_ses-1.set,15,4473,batch_0064.npy
sub-65,sub-65_ses-1.set,16,4474,batch_0064.npy
sub-65,sub-65_ses-1.set,17,4475,batch_0064.npy
sub-65,sub-65_ses-1.set,18,4476,batch_0064.npy
sub-65,sub-65_ses-1.set,19,4477,batch_0064.npy
sub-65,sub-65_ses-1.set,20,4478,batch_0064.npy
sub-65,sub-65_ses-1.set,21,4479,batch_0064.npy
sub-65,sub-65_ses-1.set,22,4480,batch_0064.npy
sub-65,sub-65_ses-1.set,23,4481,batch_0064.npy
sub-65,sub-65_ses-1.set,24,4482,batch_0064.npy
sub-65,sub-65_ses-1.set,25,4483,batch_0064.npy
sub-65,sub-65_ses-1.set,26,4484,batch_0064.npy
sub-65,sub-65_ses-1.set,27,4485,batch_0064.npy
sub-65,sub-65_ses-1.set,28,4486,batch_0064.npy
sub-65,sub-65_ses-1.set,29,4487,batch_0064.npy
sub-65,sub-65_ses-1.set,30,4488,batch_0064.npy
sub-65,sub-65_ses-1.set,31,4489,batch_0064.npy
sub-65,sub-65_ses-1.set,32,4490,batch_0064.npy
sub-65,sub-65_ses-1.set,33,4491,batch_0064.npy
sub-65,sub-65_ses-1.set,34,4492,batch_0064.npy
sub-65,sub-65_ses-1.set,35,4493,batch_0064.npy
sub-65,sub-65_ses-1.set,36,4494,batch_0064.npy
sub-65,sub-65_ses-1.set,37,4495,batch_0064.npy
sub-65,sub-65_ses-1.set,38,4496,batch_0064.npy
sub-65,sub-65_ses-1.set,39,4497,batch_0064.npy
sub-65,sub-65_ses-1.set,40,4498,batch_0064.npy
sub-65,sub-65_ses-1.set,41,4499,batch_0064.npy
sub-65,sub-65_ses-1.set,42,4500,batch_0064.npy
sub-65,sub-65_ses-1.set,43,4501,batch_0064.npy
sub-65,sub-65_ses-1.set,44,4502,batch_0064.npy
sub-65,sub-65_ses-1.set,45,4503,batch_0064.npy
sub-65,sub-65_ses-1.set,46,4504,batch_0064.npy
sub-65,sub-65_ses-1.set,47,4505,batch_0064.npy
sub-65,sub-65_ses-1.set,48,4506,batch_0064.npy
sub-65,sub-65_ses-1.set,49,4507,batch_0064.npy
sub-65,sub-65_ses-1.set,50,4508,batch_0064.npy
sub-65,sub-65_ses-1.set,51,4509,batch_0064.npy
sub-65,sub-65_ses-1.set,52,4510,batch_0064.npy
sub-65,sub-65_ses-1.set,53,4511,batch_0064.npy
sub-65,sub-65_ses-1.set,54,4512,batch_0064.npy
sub-65,sub-65_ses-1.set,55,4513,batch_0064.npy
sub-65,sub-65_ses-1.set,56,4514,batch_0064.npy
sub-65,sub-65_ses-1.set,57,4515,batch_0064.npy
sub-65,sub-65_ses-1.set,58,4516,batch_0064.npy
sub-65,sub-65_ses-1.set,59,4517,batch_0064.npy
sub-65,sub-65_ses-1.set,60,4518,batch_0064.npy
sub-65,sub-65_ses-1.set,61,4519,batch_0064.npy
sub-65,sub-65_ses-1.set,62,4520,batch_0064.npy
sub-65,sub-65_ses-1.set,63,4521,batch_0064.npy
sub-65,sub-65_ses-1.set,64,4522,batch_0064.npy
sub-65,sub-65_ses-1.set,65,4523,batch_0064.npy
sub-65,sub-65_ses-1.set,66,4524,batch_0064.npy
sub-65,sub-65_ses-1.set,67,4525,batch_0064.npy
sub-65,sub-65_ses-1.set,68,4526,batch_0064.npy
sub-65,sub-65_ses-1.set,69,4527,batch_0064.npy
sub-65,sub-65_ses-1.set,70,4528,batch_0064.npy
sub-65,sub-65_ses-1.set,71,4529,batch_0064.npy
sub-65,sub-65_ses-1.set,72,4530,batch_0064.npy
sub-65,sub-65_ses-1.set,73,4531,batch_0064.npy
sub-66,sub-66_ses-1.set,0,4532,batch_0065.npy
sub-66,sub-66_ses-1.set,1,4533,batch_0065.npy
sub-66,sub-66_ses-1.set,2,4534,batch_0065.npy
sub-66,sub-66_ses-1.set,3,4535,batch_0065.npy
sub-66,sub-66_ses-1.set,4,4536,batch_0065.npy
sub-66,sub-66_ses-1.set,5,4537,batch_0065.npy
sub-66,sub-66_ses-1.set,6,4538,batch_0065.npy
sub-66,sub-66_ses-1.set,7,4539,batch_0065.npy
sub-66,sub-66_ses-1.set,8,4540,batch_0065.npy
sub-66,sub-66_ses-1.set,9,4541,batch_0065.npy
sub-66,sub-66_ses-1.set,10,4542,batch_0065.npy
sub-66,sub-66_ses-1.set,11,4543,batch_0065.npy
sub-66,sub-66_ses-1.set,12,4544,batch_0065.npy
sub-66,sub-66_ses-1.set,13,4545,batch_0065.npy
sub-66,sub-66_ses-1.set,14,4546,batch_0065.npy
sub-66,sub-66_ses-1.set,15,4547,batch_0065.npy
sub-66,sub-66_ses-1.set,16,4548,batch_0065.npy
sub-66,sub-66_ses-1.set,17,4549,batch_0065.npy
sub-66,sub-66_ses-1.set,18,4550,batch_0065.npy
sub-66,sub-66_ses-1.set,19,4551,batch_0065.npy
sub-66,sub-66_ses-1.set,20,4552,batch_0065.npy
sub-66,sub-66_ses-1.set,21,4553,batch_0065.npy
sub-66,sub-66_ses-1.set,22,4554,batch_0065.npy
sub-66,sub-66_ses-1.set,23,4555,batch_0065.npy
sub-66,sub-66_ses-1.set,24,4556,batch_0065.npy
sub-66,sub-66_ses-1.set,25,4557,batch_0065.npy
sub-66,sub-66_ses-1.set,26,4558,batch_0065.npy
sub-66,sub-66_ses-1.set,27,4559,batch_0065.npy
sub-66,sub-66_ses-1.set,28,4560,batch_0065.npy
sub-66,sub-66_ses-1.set,29,4561,batch_0065.npy
sub-66,sub-66_ses-1.set,30,4562,batch_0065.npy
sub-66,sub-66_ses-1.set,31,4563,batch_0065.npy
sub-66,sub-66_ses-1.set,32,4564,batch_0065.npy
sub-66,sub-66_ses-1.set,33,4565,batch_0065.npy
sub-66,sub-66_ses-1.set,34,4566,batch_0065.npy
sub-66,sub-66_ses-1.set,35,4567,batch_0065.npy
sub-66,sub-66_ses-1.set,36,4568,batch_0065.npy
sub-66,sub-66_ses-1.set,37,4569,batch_0065.npy
sub-66,sub-66_ses-1.set,38,4570,batch_0065.npy
sub-66,sub-66_ses-1.set,39,4571,batch_0065.npy
sub-66,sub-66_ses-1.set,40,4572,batch_0065.npy
sub-66,sub-66_ses-1.set,41,4573,batch_0065.npy
sub-66,sub-66_ses-1.set,42,4574,batch_0065.npy
sub-66,sub-66_ses-1.set,43,4575,batch_0065.npy
sub-66,sub-66_ses-1.set,44,4576,batch_0065.npy
sub-66,sub-66_ses-1.set,45,4577,batch_0065.npy
sub-66,sub-66_ses-1.set,46,4578,batch_0065.npy
sub-66,sub-66_ses-1.set,47,4579,batch_0065.npy
sub-66,sub-66_ses-1.set,48,4580,batch_0065.npy
sub-66,sub-66_ses-1.set,49,4581,batch_0065.npy
sub-66,sub-66_ses-1.set,50,4582,batch_0065.npy
sub-66,sub-66_ses-1.set,51,4583,batch_0065.npy
sub-66,sub-66_ses-1.set,52,4584,batch_0065.npy
sub-66,sub-66_ses-1.set,53,4585,batch_0065.npy
sub-66,sub-66_ses-1.set,54,4586,batch_0065.npy
sub-66,sub-66_ses-1.set,55,4587,batch_0065.npy
sub-66,sub-66_ses-1.set,56,4588,batch_0065.npy
sub-66,sub-66_ses-1.set,57,4589,batch_0065.npy
sub-66,sub-66_ses-1.set,58,4590,batch_0065.npy
sub-66,sub-66_ses-1.set,59,4591,batch_0065.npy
sub-66,sub-66_ses-1.set,60,4592,batch_0065.npy
sub-66,sub-66_ses-1.set,61,4593,batch_0065.npy
sub-66,sub-66_ses-1.set,62,4594,batch_0065.npy
sub-66,sub-66_ses-1.set,63,4595,batch_0065.npy
sub-66,sub-66_ses-1.set,64,4596,batch_0065.npy
sub-67,sub-67_ses-1.set,0,4597,batch_0066.npy
sub-67,sub-67_ses-1.set,1,4598,batch_0066.npy
sub-67,sub-67_ses-1.set,2,4599,batch_0066.npy
sub-67,sub-67_ses-1.set,3,4600,batch_0066.npy
sub-67,sub-67_ses-1.set,4,4601,batch_0066.npy
sub-67,sub-67_ses-1.set,5,4602,batch_0066.npy
sub-67,sub-67_ses-1.set,6,4603,batch_0066.npy
sub-67,sub-67_ses-1.set,7,4604,batch_0066.npy
sub-67,sub-67_ses-1.set,8,4605,batch_0066.npy
sub-67,sub-67_ses-1.set,9,4606,batch_0066.npy
sub-67,sub-67_ses-1.set,10,4607,batch_0066.npy
sub-67,sub-67_ses-1.set,11,4608,batch_0066.npy
sub-67,sub-67_ses-1.set,12,4609,batch_0066.npy
sub-67,sub-67_ses-1.set,13,4610,batch_0066.npy
sub-67,sub-67_ses-1.set,14,4611,batch_0066.npy
sub-67,sub-67_ses-1.set,15,4612,batch_0066.npy
sub-67,sub-67_ses-1.set,16,4613,batch_0066.npy
sub-67,sub-67_ses-1.set,17,4614,batch_0066.npy
sub-67,sub-67_ses-1.set,18,4615,batch_0066.npy
sub-67,sub-67_ses-1.set,19,4616,batch_0066.npy
sub-67,sub-67_ses-1.set,20,4617,batch_0066.npy
sub-67,sub-67_ses-1.set,21,4618,batch_0066.npy
sub-67,sub-67_ses-1.set,22,4619,batch_0066.npy
sub-67,sub-67_ses-1.set,23,4620,batch_0066.npy
sub-67,sub-67_ses-1.set,24,4621,batch_0066.npy
sub-67,sub-67_ses-1.set,25,4622,batch_0066.npy
sub-67,sub-67_ses-1.set,26,4623,batch_0066.npy
sub-67,sub-67_ses-1.set,27,4624,batch_0066.npy
sub-67,sub-67_ses-1.set,28,4625,batch_0066.npy
sub-67,sub-67_ses-1.set,29,4626,batch_0066.npy
sub-67,sub-67_ses-1.set,30,4627,batch_0066.npy
sub-67,sub-67_ses-1.set,31,4628,batch_0066.npy
sub-67,sub-67_ses-1.set,32,4629,batch_0066.npy
sub-67,sub-67_ses-1.set,33,4630,batch_0066.npy
sub-67,sub-67_ses-1.set,34,4631,batch_0066.npy
sub-67,sub-67_ses-1.set,35,4632,batch_0066.npy
sub-67,sub-67_ses-1.set,36,4633,batch_0066.npy
sub-67,sub-67_ses-1.set,37,4634,batch_0066.npy
sub-67,sub-67_ses-1.set,38,4635,batch_0066.npy
sub-67,sub-67_ses-1.set,39,4636,batch_0066.npy
sub-67,sub-67_ses-1.set,40,4637,batch_0066.npy
sub-67,sub-67_ses-1.set,41,4638,batch_0066.npy
sub-67,sub-67_ses-1.set,42,4639,batch_0066.npy
sub-67,sub-67_ses-1.set,43,4640,batch_0066.npy
sub-67,sub-67_ses-1.set,44,4641,batch_0066.npy
sub-67,sub-67_ses-1.set,45,4642,batch_0066.npy
sub-67,sub-67_ses-1.set,46,4643,batch_0066.npy
sub-67,sub-67_ses-1.set,47,4644,batch_0066.npy
sub-67,sub-67_ses-1.set,48,4645,batch_0066.npy
sub-67,sub-67_ses-1.set,49,4646,batch_0066.npy
sub-67,sub-67_ses-1.set,50,4647,batch_0066.npy
sub-67,sub-67_ses-1.set,51,4648,batch_0066.npy
sub-67,sub-67_ses-1.set,52,4649,batch_0066.npy
sub-67,sub-67_ses-1.set,53,4650,batch_0066.npy
sub-67,sub-67_ses-1.set,54,4651,batch_0066.npy
sub-67,sub-67_ses-1.set,55,4652,batch_0066.npy
sub-67,sub-67_ses-1.set,56,4653,batch_0066.npy
sub-67,sub-67_ses-1.set,57,4654,batch_0066.npy
sub-67,sub-67_ses-1.set,58,4655,batch_0066.npy
sub-67,sub-67_ses-1.set,59,4656,batch_0066.npy
sub-67,sub-67_ses-1.set,60,4657,batch_0066.npy
sub-67,sub-67_ses-1.set,61,4658,batch_0066.npy
sub-67,sub-67_ses-1.set,62,4659,batch_0066.npy
sub-67,sub-67_ses-1.set,63,4660,batch_0066.npy
sub-67,sub-67_ses-1.set,64,4661,batch_0066.npy
sub-67,sub-67_ses-1.set,65,4662,batch_0066.npy
sub-67,sub-67_ses-1.set,66,4663,batch_0066.npy
sub-67,sub-67_ses-1.set,67,4664,batch_0066.npy
sub-67,sub-67_ses-1.set,68,4665,batch_0066.npy
sub-67,sub-67_ses-1.set,69,4666,batch_0066.npy
sub-67,sub-67_ses-1.set,70,4667,batch_0066.npy
sub-67,sub-67_ses-1.set,71,4668,batch_0066.npy
sub-67,sub-67_ses-1.set,72,4669,batch_0066.npy
sub-67,sub-67_ses-1.set,73,4670,batch_0066.npy
sub-68,sub-68_ses-1.set,0,4671,batch_0067.npy
sub-68,sub-68_ses-1.set,1,4672,batch_0067.npy
sub-68,sub-68_ses-1.set,2,4673,batch_0067.npy
sub-68,sub-68_ses-1.set,3,4674,batch_0067.npy
sub-68,sub-68_ses-1.set,4,4675,batch_0067.npy
sub-68,sub-68_ses-1.set,5,4676,batch_0067.npy
sub-68,sub-68_ses-1.set,6,4677,batch_0067.npy
sub-68,sub-68_ses-1.set,7,4678,batch_0067.npy
sub-68,sub-68_ses-1.set,8,4679,batch_0067.npy
sub-68,sub-68_ses-1.set,9,4680,batch_0067.npy
sub-68,sub-68_ses-1.set,10,4681,batch_0067.npy
sub-68,sub-68_ses-1.set,11,4682,batch_0067.npy
sub-68,sub-68_ses-1.set,12,4683,batch_0067.npy
sub-68,sub-68_ses-1.set,13,4684,batch_0067.npy
sub-68,sub-68_ses-1.set,14,4685,batch_0067.npy
sub-68,sub-68_ses-1.set,15,4686,batch_0067.npy
sub-68,sub-68_ses-1.set,16,4687,batch_0067.npy
sub-68,sub-68_ses-1.set,17,4688,batch_0067.npy
sub-68,sub-68_ses-1.set,18,4689,batch_0067.npy
sub-68,sub-68_ses-1.set,19,4690,batch_0067.npy
sub-68,sub-68_ses-1.set,20,4691,batch_0067.npy
sub-68,sub-68_ses-1.set,21,4692,batch_0067.npy
sub-68,sub-68_ses-1.set,22,4693,batch_0067.npy
sub-68,sub-68_ses-1.set,23,4694,batch_0067.npy
sub-68,sub-68_ses-1.set,24,4695,batch_0067.npy
sub-68,sub-68_ses-1.set,25,4696,batch_0067.npy
sub-68,sub-68_ses-1.set,26,4697,batch_0067.npy
sub-68,sub-68_ses-1.set,27,4698,batch_0067.npy
sub-68,sub-68_ses-1.set,28,4699,batch_0067.npy
sub-68,sub-68_ses-1.set,29,4700,batch_0067.npy
sub-68,sub-68_ses-1.set,30,4701,batch_0067.npy
sub-68,sub-68_ses-1.set,31,4702,batch_0067.npy
sub-68,sub-68_ses-1.set,32,4703,batch_0067.npy
sub-68,sub-68_ses-1.set,33,4704,batch_0067.npy
sub-68,sub-68_ses-1.set,34,4705,batch_0067.npy
sub-68,sub-68_ses-1.set,35,4706,batch_0067.npy
sub-68,sub-68_ses-1.set,36,4707,batch_0067.npy
sub-68,sub-68_ses-1.set,37,4708,batch_0067.npy
sub-68,sub-68_ses-1.set,38,4709,batch_0067.npy
sub-68,sub-68_ses-1.set,39,4710,batch_0067.npy
sub-68,sub-68_ses-1.set,40,4711,batch_0067.npy
sub-68,sub-68_ses-1.set,41,4712,batch_0067.npy
sub-68,sub-68_ses-1.set,42,4713,batch_0067.npy
sub-68,sub-68_ses-1.set,43,4714,batch_0067.npy
sub-68,sub-68_ses-1.set,44,4715,batch_0067.npy
sub-68,sub-68_ses-1.set,45,4716,batch_0067.npy
sub-68,sub-68_ses-1.set,46,4717,batch_0067.npy
sub-68,sub-68_ses-1.set,47,4718,batch_0067.npy
sub-68,sub-68_ses-1.set,48,4719,batch_0067.npy
sub-68,sub-68_ses-1.set,49,4720,batch_0067.npy
sub-68,sub-68_ses-1.set,50,4721,batch_0067.npy
sub-68,sub-68_ses-1.set,51,4722,batch_0067.npy
sub-68,sub-68_ses-1.set,52,4723,batch_0067.npy
sub-68,sub-68_ses-1.set,53,4724,batch_0067.npy
sub-68,sub-68_ses-1.set,54,4725,batch_0067.npy
sub-68,sub-68_ses-1.set,55,4726,batch_0067.npy
sub-68,sub-68_ses-1.set,56,4727,batch_0067.npy
sub-68,sub-68_ses-1.set,57,4728,batch_0067.npy
sub-68,sub-68_ses-1.set,58,4729,batch_0067.npy
sub-68,sub-68_ses-1.set,59,4730,batch_0067.npy
sub-68,sub-68_ses-1.set,60,4731,batch_0067.npy
sub-68,sub-68_ses-1.set,61,4732,batch_0067.npy
sub-68,sub-68_ses-1.set,62,4733,batch_0067.npy
sub-68,sub-68_ses-1.set,63,4734,batch_0067.npy
sub-68,sub-68_ses-1.set,64,4735,batch_0067.npy
sub-68,sub-68_ses-1.set,65,4736,batch_0067.npy
sub-68,sub-68_ses-1.set,66,4737,batch_0067.npy
sub-68,sub-68_ses-1.set,67,4738,batch_0067.npy
sub-68,sub-68_ses-1.set,68,4739,batch_0067.npy
sub-68,sub-68_ses-1.set,69,4740,batch_0067.npy
sub-68,sub-68_ses-1.set,70,4741,batch_0067.npy
sub-68,sub-68_ses-1.set,71,4742,batch_0067.npy
sub-68,sub-68_ses-1.set,72,4743,batch_0067.npy
sub-69,sub-69_ses-1.set,0,4744,batch_0068.npy
sub-69,sub-69_ses-1.set,1,4745,batch_0068.npy
sub-69,sub-69_ses-1.set,2,4746,batch_0068.npy
sub-69,sub-69_ses-1.set,3,4747,batch_0068.npy
sub-69,sub-69_ses-1.set,4,4748,batch_0068.npy
sub-69,sub-69_ses-1.set,5,4749,batch_0068.npy
sub-69,sub-69_ses-1.set,6,4750,batch_0068.npy
sub-69,sub-69_ses-1.set,7,4751,batch_0068.npy
sub-69,sub-69_ses-1.set,8,4752,batch_0068.npy
sub-69,sub-69_ses-1.set,9,4753,batch_0068.npy
sub-69,sub-69_ses-1.set,10,4754,batch_0068.npy
sub-69,sub-69_ses-1.set,11,4755,batch_0068.npy
sub-69,sub-69_ses-1.set,12,4756,batch_0068.npy
sub-69,sub-69_ses-1.set,13,4757,batch_0068.npy
sub-69,sub-69_ses-1.set,14,4758,batch_0068.npy
sub-69,sub-69_ses-1.set,15,4759,batch_0068.npy
sub-69,sub-69_ses-1.set,16,4760,batch_0068.npy
sub-69,sub-69_ses-1.set,17,4761,batch_0068.npy
sub-69,sub-69_ses-1.set,18,4762,batch_0068.npy
sub-69,sub-69_ses-1.set,19,4763,batch_0068.npy
sub-69,sub-69_ses-1.set,20,4764,batch_0068.npy
sub-69,sub-69_ses-1.set,21,4765,batch_0068.npy
sub-69,sub-69_ses-1.set,22,4766,batch_0068.npy
sub-69,sub-69_ses-1.set,23,4767,batch_0068.npy
sub-69,sub-69_ses-1.set,24,4768,batch_0068.npy
sub-69,sub-69_ses-1.set,25,4769,batch_0068.npy
sub-69,sub-69_ses-1.set,26,4770,batch_0068.npy
sub-69,sub-69_ses-1.set,27,4771,batch_0068.npy
sub-69,sub-69_ses-1.set,28,4772,batch_0068.npy
sub-69,sub-69_ses-1.set,29,4773,batch_0068.npy
sub-69,sub-69_ses-1.set,30,4774,batch_0068.npy
sub-69,sub-69_ses-1.set,31,4775,batch_0068.npy
sub-69,sub-69_ses-1.set,32,4776,batch_0068.npy
sub-69,sub-69_ses-1.set,33,4777,batch_0068.npy
sub-69,sub-69_ses-1.set,34,4778,batch_0068.npy
sub-69,sub-69_ses-1.set,35,4779,batch_0068.npy
sub-69,sub-69_ses-1.set,36,4780,batch_0068.npy
sub-69,sub-69_ses-1.set,37,4781,batch_0068.npy
sub-69,sub-69_ses-1.set,38,4782,batch_0068.npy
sub-69,sub-69_ses-1.set,39,4783,batch_0068.npy
sub-69,sub-69_ses-1.set,40,4784,batch_0068.npy
sub-69,sub-69_ses-1.set,41,4785,batch_0068.npy
sub-69,sub-69_ses-1.set,42,4786,batch_0068.npy
sub-69,sub-69_ses-1.set,43,4787,batch_0068.npy
sub-69,sub-69_ses-1.set,44,4788,batch_0068.npy
sub-69,sub-69_ses-1.set,45,4789,batch_0068.npy
sub-69,sub-69_ses-1.set,46,4790,batch_0068.npy
sub-69,sub-69_ses-1.set,47,4791,batch_0068.npy
sub-69,sub-69_ses-1.set,48,4792,batch_0068.npy
sub-69,sub-69_ses-1.set,49,4793,batch_0068.npy
sub-69,sub-69_ses-1.set,50,4794,batch_0068.npy
sub-69,sub-69_ses-1.set,51,4795,batch_0068.npy
sub-69,sub-69_ses-1.set,52,4796,batch_0068.npy
sub-69,sub-69_ses-1.set,53,4797,batch_0068.npy
sub-69,sub-69_ses-1.set,54,4798,batch_0068.npy
sub-69,sub-69_ses-1.set,55,4799,batch_0068.npy
sub-69,sub-69_ses-1.set,56,4800,batch_0068.npy
sub-69,sub-69_ses-1.set,57,4801,batch_0068.npy
sub-69,sub-69_ses-1.set,58,4802,batch_0068.npy
sub-69,sub-69_ses-1.set,59,4803,batch_0068.npy
sub-69,sub-69_ses-1.set,60,4804,batch_0068.npy
sub-69,sub-69_ses-1.set,61,4805,batch_0068.npy
sub-69,sub-69_ses-1.set,62,4806,batch_0068.npy
sub-69,sub-69_ses-1.set,63,4807,batch_0068.npy
sub-69,sub-69_ses-1.set,64,4808,batch_0068.npy
sub-69,sub-69_ses-1.set,65,4809,batch_0068.npy
sub-69,sub-69_ses-1.set,66,4810,batch_0068.npy
sub-69,sub-69_ses-1.set,67,4811,batch_0068.npy
sub-69,sub-69_ses-1.set,68,4812,batch_0068.npy
sub-69,sub-69_ses-1.set,69,4813,batch_0068.npy
sub-69,sub-69_ses-1.set,70,4814,batch_0068.npy
sub-69,sub-69_ses-1.set,71,4815,batch_0068.npy
sub-69,sub-69_ses-1.set,72,4816,batch_0068.npy
sub-70,sub-70_ses-1.set,0,4817,batch_0069.npy
sub-70,sub-70_ses-1.set,1,4818,batch_0069.npy
sub-70,sub-70_ses-1.set,2,4819,batch_0069.npy
sub-70,sub-70_ses-1.set,3,4820,batch_0069.npy
sub-70,sub-70_ses-1.set,4,4821,batch_0069.npy
sub-70,sub-70_ses-1.set,5,4822,batch_0069.npy
sub-70,sub-70_ses-1.set,6,4823,batch_0069.npy
sub-70,sub-70_ses-1.set,7,4824,batch_0069.npy
sub-70,sub-70_ses-1.set,8,4825,batch_0069.npy
sub-70,sub-70_ses-1.set,9,4826,batch_0069.npy
sub-70,sub-70_ses-1.set,10,4827,batch_0069.npy
sub-70,sub-70_ses-1.set,11,4828,batch_0069.npy
sub-70,sub-70_ses-1.set,12,4829,batch_0069.npy
sub-70,sub-70_ses-1.set,13,4830,batch_0069.npy
sub-70,sub-70_ses-1.set,14,4831,batch_0069.npy
sub-70,sub-70_ses-1.set,15,4832,batch_0069.npy
sub-70,sub-70_ses-1.set,16,4833,batch_0069.npy
sub-70,sub-70_ses-1.set,17,4834,batch_0069.npy
sub-70,sub-70_ses-1.set,18,4835,batch_0069.npy
sub-70,sub-70_ses-1.set,19,4836,batch_0069.npy
sub-70,sub-70_ses-1.set,20,4837,batch_0069.npy
sub-70,sub-70_ses-1.set,21,4838,batch_0069.npy
sub-70,sub-70_ses-1.set,22,4839,batch_0069.npy
sub-70,sub-70_ses-1.set,23,4840,batch_0069.npy
sub-70,sub-70_ses-1.set,24,4841,batch_0069.npy
sub-70,sub-70_ses-1.set,25,4842,batch_0069.npy
sub-70,sub-70_ses-1.set,26,4843,batch_0069.npy
sub-70,sub-70_ses-1.set,27,4844,batch_0069.npy
sub-70,sub-70_ses-1.set,28,4845,batch_0069.npy
sub-70,sub-70_ses-1.set,29,4846,batch_0069.npy
sub-70,sub-70_ses-1.set,30,4847,batch_0069.npy
sub-70,sub-70_ses-1.set,31,4848,batch_0069.npy
sub-70,sub-70_ses-1.set,32,4849,batch_0069.npy
sub-70,sub-70_ses-1.set,33,4850,batch_0069.npy
sub-70,sub-70_ses-1.set,34,4851,batch_0069.npy
sub-70,sub-70_ses-1.set,35,4852,batch_0069.npy
sub-70,sub-70_ses-1.set,36,4853,batch_0069.npy
sub-70,sub-70_ses-1.set,37,4854,batch_0069.npy
sub-70,sub-70_ses-1.set,38,4855,batch_0069.npy
sub-70,sub-70_ses-1.set,39,4856,batch_0069.npy
sub-70,sub-70_ses-1.set,40,4857,batch_0069.npy
sub-70,sub-70_ses-1.set,41,4858,batch_0069.npy
sub-70,sub-70_ses-1.set,42,4859,batch_0069.npy
sub-70,sub-70_ses-1.set,43,4860,batch_0069.npy
sub-70,sub-70_ses-1.set,44,4861,batch_0069.npy
sub-70,sub-70_ses-1.set,45,4862,batch_0069.npy
sub-70,sub-70_ses-1.set,46,4863,batch_0069.npy
sub-70,sub-70_ses-1.set,47,4864,batch_0069.npy
sub-70,sub-70_ses-1.set,48,4865,batch_0069.npy
sub-70,sub-70_ses-1.set,49,4866,batch_0069.npy
sub-70,sub-70_ses-1.set,50,4867,batch_0069.npy
sub-70,sub-70_ses-1.set,51,4868,batch_0069.npy
sub-70,sub-70_ses-1.set,52,4869,batch_0069.npy
sub-70,sub-70_ses-1.set,53,4870,batch_0069.npy
sub-70,sub-70_ses-1.set,54,4871,batch_0069.npy
sub-70,sub-70_ses-1.set,55,4872,batch_0069.npy
sub-70,sub-70_ses-1.set,56,4873,batch_0069.npy
sub-70,sub-70_ses-1.set,57,4874,batch_0069.npy
sub-70,sub-70_ses-1.set,58,4875,batch_0069.npy
sub-70,sub-70_ses-1.set,59,4876,batch_0069.npy
sub-70,sub-70_ses-1.set,60,4877,batch_0069.npy
sub-70,sub-70_ses-1.set,61,4878,batch_0069.npy
sub-70,sub-70_ses-1.set,62,4879,batch_0069.npy
sub-70,sub-70_ses-1.set,63,4880,batch_0069.npy
sub-70,sub-70_ses-1.set,64,4881,batch_0069.npy
sub-70,sub-70_ses-1.set,65,4882,batch_0069.npy
sub-70,sub-70_ses-1.set,66,4883,batch_0069.npy
sub-70,sub-70_ses-1.set,67,4884,batch_0069.npy
sub-70,sub-70_ses-1.set,68,4885,batch_0069.npy
sub-70,sub-70_ses-1.set,69,4886,batch_0069.npy
sub-71,sub-71_ses-1.set,0,4887,batch_0070.npy
sub-71,sub-71_ses-1.set,1,4888,batch_0070.npy
sub-71,sub-71_ses-1.set,2,4889,batch_0070.npy
sub-71,sub-71_ses-1.set,3,4890,batch_0070.npy
sub-71,sub-71_ses-1.set,4,4891,batch_0070.npy
sub-71,sub-71_ses-1.set,5,4892,batch_0070.npy
sub-71,sub-71_ses-1.set,6,4893,batch_0070.npy
sub-71,sub-71_ses-1.set,7,4894,batch_0070.npy
sub-71,sub-71_ses-1.set,8,4895,batch_0070.npy
sub-71,sub-71_ses-1.set,9,4896,batch_0070.npy
sub-71,sub-71_ses-1.set,10,4897,batch_0070.npy
sub-71,sub-71_ses-1.set,11,4898,batch_0070.npy
sub-71,sub-71_ses-1.set,12,4899,batch_0070.npy
sub-71,sub-71_ses-1.set,13,4900,batch_0070.npy
sub-71,sub-71_ses-1.set,14,4901,batch_0070.npy
sub-71,sub-71_ses-1.set,15,4902,batch_0070.npy
sub-71,sub-71_ses-1.set,16,4903,batch_0070.npy
sub-71,sub-71_ses-1.set,17,4904,batch_0070.npy
sub-71,sub-71_ses-1.set,18,4905,batch_0070.npy
sub-71,sub-71_ses-1.set,19,4906,batch_0070.npy
sub-71,sub-71_ses-1.set,20,4907,batch_0070.npy
sub-71,sub-71_ses-1.set,21,4908,batch_0070.npy
sub-71,sub-71_ses-1.set,22,4909,batch_0070.npy
sub-71,sub-71_ses-1.set,23,4910,batch_0070.npy
sub-71,sub-71_ses-1.set,24,4911,batch_0070.npy
sub-71,sub-71_ses-1.set,25,4912,batch_0070.npy
sub-71,sub-71_ses-1.set,26,4913,batch_0070.npy
sub-71,sub-71_ses-1.set,27,4914,batch_0070.npy
sub-71,sub-71_ses-1.set,28,4915,batch_0070.npy
sub-71,sub-71_ses-1.set,29,4916,batch_0070.npy
sub-71,sub-71_ses-1.set,30,4917,batch_0070.npy
sub-71,sub-71_ses-1.set,31,4918,batch_0070.npy
sub-71,sub-71_ses-1.set,32,4919,batch_0070.npy
sub-71,sub-71_ses-1.set,33,4920,batch_0070.npy
sub-71,sub-71_ses-1.set,34,4921,batch_0070.npy
sub-71,sub-71_ses-1.set,35,4922,batch_0070.npy
sub-71,sub-71_ses-1.set,36,4923,batch_0070.npy
sub-71,sub-71_ses-1.set,37,4924,batch_0070.npy
sub-71,sub-71_ses-1.set,38,4925,batch_0070.npy
sub-71,sub-71_ses-1.set,39,4926,batch_0070.npy
sub-71,sub-71_ses-1.set,40,4927,batch_0070.npy
sub-71,sub-71_ses-1.set,41,4928,batch_0070.npy
sub-71,sub-71_ses-1.set,42,4929,batch_0070.npy
sub-71,sub-71_ses-1.set,43,4930,batch_0070.npy
sub-71,sub-71_ses-1.set,44,4931,batch_0070.npy
sub-71,sub-71_ses-1.set,45,4932,batch_0070.npy
sub-71,sub-71_ses-1.set,46,4933,batch_0070.npy
sub-71,sub-71_ses-1.set,47,4934,batch_0070.npy
sub-71,sub-71_ses-1.set,48,4935,batch_0070.npy
sub-71,sub-71_ses-1.set,49,4936,batch_0070.npy
sub-71,sub-71_ses-1.set,50,4937,batch_0070.npy
sub-71,sub-71_ses-1.set,51,4938,batch_0070.npy
sub-71,sub-71_ses-1.set,52,4939,batch_0070.npy
sub-71,sub-71_ses-1.set,53,4940,batch_0070.npy
sub-71,sub-71_ses-1.set,54,4941,batch_0070.npy
sub-71,sub-71_ses-1.set,55,4942,batch_0070.npy
sub-71,sub-71_ses-1.set,56,4943,batch_0070.npy
sub-71,sub-71_ses-1.set,57,4944,batch_0070.npy
sub-71,sub-71_ses-1.set,58,4945,batch_0070.npy
sub-71,sub-71_ses-1.set,59,4946,batch_0070.npy
sub-71,sub-71_ses-1.set,60,4947,batch_0070.npy
sub-71,sub-71_ses-1.set,61,4948,batch_0070.npy
sub-71,sub-71_ses-1.set,62,4949,batch_0070.npy
sub-71,sub-71_ses-1.set,63,4950,batch_0070.npy
sub-71,sub-71_ses-1.set,64,4951,batch_0070.npy
sub-71,sub-71_ses-1.set,65,4952,batch_0070.npy
sub-71,sub-71_ses-1.set,66,4953,batch_0070.npy
sub-71,sub-71_ses-1.set,67,4954,batch_0070.npy
sub-71,sub-71_ses-1.set,68,4955,batch_0070.npy
sub-71,sub-71_ses-1.set,69,4956,batch_0070.npy
