subject,file_name,epoch_index,global_epoch_index,batch_file
sub-01,sub-01_ses-2.set,0,0,batch_0000.npy
sub-01,sub-01_ses-2.set,1,1,batch_0000.npy
sub-01,sub-01_ses-2.set,2,2,batch_0000.npy
sub-01,sub-01_ses-2.set,3,3,batch_0000.npy
sub-01,sub-01_ses-2.set,4,4,batch_0000.npy
sub-01,sub-01_ses-2.set,5,5,batch_0000.npy
sub-01,sub-01_ses-2.set,6,6,batch_0000.npy
sub-01,sub-01_ses-2.set,7,7,batch_0000.npy
sub-01,sub-01_ses-2.set,8,8,batch_0000.npy
sub-01,sub-01_ses-2.set,9,9,batch_0000.npy
sub-01,sub-01_ses-2.set,10,10,batch_0000.npy
sub-01,sub-01_ses-2.set,11,11,batch_0000.npy
sub-01,sub-01_ses-2.set,12,12,batch_0000.npy
sub-01,sub-01_ses-2.set,13,13,batch_0000.npy
sub-01,sub-01_ses-2.set,14,14,batch_0000.npy
sub-01,sub-01_ses-2.set,15,15,batch_0000.npy
sub-01,sub-01_ses-2.set,16,16,batch_0000.npy
sub-01,sub-01_ses-2.set,17,17,batch_0000.npy
sub-01,sub-01_ses-2.set,18,18,batch_0000.npy
sub-01,sub-01_ses-2.set,19,19,batch_0000.npy
sub-01,sub-01_ses-2.set,20,20,batch_0000.npy
sub-01,sub-01_ses-2.set,21,21,batch_0000.npy
sub-01,sub-01_ses-2.set,22,22,batch_0000.npy
sub-01,sub-01_ses-2.set,23,23,batch_0000.npy
sub-01,sub-01_ses-2.set,24,24,batch_0000.npy
sub-01,sub-01_ses-2.set,25,25,batch_0000.npy
sub-01,sub-01_ses-2.set,26,26,batch_0000.npy
sub-01,sub-01_ses-2.set,27,27,batch_0000.npy
sub-01,sub-01_ses-2.set,28,28,batch_0000.npy
sub-01,sub-01_ses-2.set,29,29,batch_0000.npy
sub-01,sub-01_ses-2.set,30,30,batch_0000.npy
sub-01,sub-01_ses-2.set,31,31,batch_0000.npy
sub-01,sub-01_ses-2.set,32,32,batch_0000.npy
sub-01,sub-01_ses-2.set,33,33,batch_0000.npy
sub-01,sub-01_ses-2.set,34,34,batch_0000.npy
sub-01,sub-01_ses-2.set,35,35,batch_0000.npy
sub-01,sub-01_ses-2.set,36,36,batch_0000.npy
sub-01,sub-01_ses-2.set,37,37,batch_0000.npy
sub-01,sub-01_ses-2.set,38,38,batch_0000.npy
sub-01,sub-01_ses-2.set,39,39,batch_0000.npy
sub-01,sub-01_ses-2.set,40,40,batch_0000.npy
sub-01,sub-01_ses-2.set,41,41,batch_0000.npy
sub-01,sub-01_ses-2.set,42,42,batch_0000.npy
sub-01,sub-01_ses-2.set,43,43,batch_0000.npy
sub-01,sub-01_ses-2.set,44,44,batch_0000.npy
sub-01,sub-01_ses-2.set,45,45,batch_0000.npy
sub-01,sub-01_ses-2.set,46,46,batch_0000.npy
sub-01,sub-01_ses-2.set,47,47,batch_0000.npy
sub-01,sub-01_ses-2.set,48,48,batch_0000.npy
sub-01,sub-01_ses-2.set,49,49,batch_0000.npy
sub-01,sub-01_ses-2.set,50,50,batch_0000.npy
sub-01,sub-01_ses-2.set,51,51,batch_0000.npy
sub-01,sub-01_ses-2.set,52,52,batch_0000.npy
sub-01,sub-01_ses-2.set,53,53,batch_0000.npy
sub-02,sub-02_ses-2.set,0,54,batch_0001.npy
sub-02,sub-02_ses-2.set,1,55,batch_0001.npy
sub-02,sub-02_ses-2.set,2,56,batch_0001.npy
sub-02,sub-02_ses-2.set,3,57,batch_0001.npy
sub-02,sub-02_ses-2.set,4,58,batch_0001.npy
sub-02,sub-02_ses-2.set,5,59,batch_0001.npy
sub-02,sub-02_ses-2.set,6,60,batch_0001.npy
sub-02,sub-02_ses-2.set,7,61,batch_0001.npy
sub-02,sub-02_ses-2.set,8,62,batch_0001.npy
sub-02,sub-02_ses-2.set,9,63,batch_0001.npy
sub-02,sub-02_ses-2.set,10,64,batch_0001.npy
sub-02,sub-02_ses-2.set,11,65,batch_0001.npy
sub-02,sub-02_ses-2.set,12,66,batch_0001.npy
sub-02,sub-02_ses-2.set,13,67,batch_0001.npy
sub-02,sub-02_ses-2.set,14,68,batch_0001.npy
sub-02,sub-02_ses-2.set,15,69,batch_0001.npy
sub-02,sub-02_ses-2.set,16,70,batch_0001.npy
sub-02,sub-02_ses-2.set,17,71,batch_0001.npy
sub-02,sub-02_ses-2.set,18,72,batch_0001.npy
sub-02,sub-02_ses-2.set,19,73,batch_0001.npy
sub-02,sub-02_ses-2.set,20,74,batch_0001.npy
sub-02,sub-02_ses-2.set,21,75,batch_0001.npy
sub-02,sub-02_ses-2.set,22,76,batch_0001.npy
sub-02,sub-02_ses-2.set,23,77,batch_0001.npy
sub-02,sub-02_ses-2.set,24,78,batch_0001.npy
sub-02,sub-02_ses-2.set,25,79,batch_0001.npy
sub-02,sub-02_ses-2.set,26,80,batch_0001.npy
sub-02,sub-02_ses-2.set,27,81,batch_0001.npy
sub-02,sub-02_ses-2.set,28,82,batch_0001.npy
sub-02,sub-02_ses-2.set,29,83,batch_0001.npy
sub-02,sub-02_ses-2.set,30,84,batch_0001.npy
sub-02,sub-02_ses-2.set,31,85,batch_0001.npy
sub-02,sub-02_ses-2.set,32,86,batch_0001.npy
sub-02,sub-02_ses-2.set,33,87,batch_0001.npy
sub-02,sub-02_ses-2.set,34,88,batch_0001.npy
sub-02,sub-02_ses-2.set,35,89,batch_0001.npy
sub-02,sub-02_ses-2.set,36,90,batch_0001.npy
sub-02,sub-02_ses-2.set,37,91,batch_0001.npy
sub-02,sub-02_ses-2.set,38,92,batch_0001.npy
sub-02,sub-02_ses-2.set,39,93,batch_0001.npy
sub-02,sub-02_ses-2.set,40,94,batch_0001.npy
sub-02,sub-02_ses-2.set,41,95,batch_0001.npy
sub-02,sub-02_ses-2.set,42,96,batch_0001.npy
sub-02,sub-02_ses-2.set,43,97,batch_0001.npy
sub-02,sub-02_ses-2.set,44,98,batch_0001.npy
sub-02,sub-02_ses-2.set,45,99,batch_0001.npy
sub-02,sub-02_ses-2.set,46,100,batch_0001.npy
sub-02,sub-02_ses-2.set,47,101,batch_0001.npy
sub-02,sub-02_ses-2.set,48,102,batch_0001.npy
sub-02,sub-02_ses-2.set,49,103,batch_0001.npy
sub-02,sub-02_ses-2.set,50,104,batch_0001.npy
sub-02,sub-02_ses-2.set,51,105,batch_0001.npy
sub-02,sub-02_ses-2.set,52,106,batch_0001.npy
sub-02,sub-02_ses-2.set,53,107,batch_0001.npy
sub-02,sub-02_ses-2.set,54,108,batch_0001.npy
sub-02,sub-02_ses-2.set,55,109,batch_0001.npy
sub-02,sub-02_ses-2.set,56,110,batch_0001.npy
sub-02,sub-02_ses-2.set,57,111,batch_0001.npy
sub-02,sub-02_ses-2.set,58,112,batch_0001.npy
sub-02,sub-02_ses-2.set,59,113,batch_0001.npy
sub-02,sub-02_ses-2.set,60,114,batch_0001.npy
sub-02,sub-02_ses-2.set,61,115,batch_0001.npy
sub-02,sub-02_ses-2.set,62,116,batch_0001.npy
sub-02,sub-02_ses-2.set,63,117,batch_0001.npy
sub-03,sub-03_ses-2.set,0,118,batch_0002.npy
sub-03,sub-03_ses-2.set,1,119,batch_0002.npy
sub-03,sub-03_ses-2.set,2,120,batch_0002.npy
sub-03,sub-03_ses-2.set,3,121,batch_0002.npy
sub-03,sub-03_ses-2.set,4,122,batch_0002.npy
sub-03,sub-03_ses-2.set,5,123,batch_0002.npy
sub-03,sub-03_ses-2.set,6,124,batch_0002.npy
sub-03,sub-03_ses-2.set,7,125,batch_0002.npy
sub-03,sub-03_ses-2.set,8,126,batch_0002.npy
sub-03,sub-03_ses-2.set,9,127,batch_0002.npy
sub-03,sub-03_ses-2.set,10,128,batch_0002.npy
sub-03,sub-03_ses-2.set,11,129,batch_0002.npy
sub-03,sub-03_ses-2.set,12,130,batch_0002.npy
sub-03,sub-03_ses-2.set,13,131,batch_0002.npy
sub-03,sub-03_ses-2.set,14,132,batch_0002.npy
sub-03,sub-03_ses-2.set,15,133,batch_0002.npy
sub-03,sub-03_ses-2.set,16,134,batch_0002.npy
sub-03,sub-03_ses-2.set,17,135,batch_0002.npy
sub-03,sub-03_ses-2.set,18,136,batch_0002.npy
sub-03,sub-03_ses-2.set,19,137,batch_0002.npy
sub-03,sub-03_ses-2.set,20,138,batch_0002.npy
sub-03,sub-03_ses-2.set,21,139,batch_0002.npy
sub-03,sub-03_ses-2.set,22,140,batch_0002.npy
sub-03,sub-03_ses-2.set,23,141,batch_0002.npy
sub-03,sub-03_ses-2.set,24,142,batch_0002.npy
sub-03,sub-03_ses-2.set,25,143,batch_0002.npy
sub-03,sub-03_ses-2.set,26,144,batch_0002.npy
sub-03,sub-03_ses-2.set,27,145,batch_0002.npy
sub-03,sub-03_ses-2.set,28,146,batch_0002.npy
sub-03,sub-03_ses-2.set,29,147,batch_0002.npy
sub-03,sub-03_ses-2.set,30,148,batch_0002.npy
sub-03,sub-03_ses-2.set,31,149,batch_0002.npy
sub-03,sub-03_ses-2.set,32,150,batch_0002.npy
sub-03,sub-03_ses-2.set,33,151,batch_0002.npy
sub-03,sub-03_ses-2.set,34,152,batch_0002.npy
sub-03,sub-03_ses-2.set,35,153,batch_0002.npy
sub-03,sub-03_ses-2.set,36,154,batch_0002.npy
sub-03,sub-03_ses-2.set,37,155,batch_0002.npy
sub-03,sub-03_ses-2.set,38,156,batch_0002.npy
sub-03,sub-03_ses-2.set,39,157,batch_0002.npy
sub-03,sub-03_ses-2.set,40,158,batch_0002.npy
sub-03,sub-03_ses-2.set,41,159,batch_0002.npy
sub-03,sub-03_ses-2.set,42,160,batch_0002.npy
sub-03,sub-03_ses-2.set,43,161,batch_0002.npy
sub-03,sub-03_ses-2.set,44,162,batch_0002.npy
sub-03,sub-03_ses-2.set,45,163,batch_0002.npy
sub-03,sub-03_ses-2.set,46,164,batch_0002.npy
sub-03,sub-03_ses-2.set,47,165,batch_0002.npy
sub-03,sub-03_ses-2.set,48,166,batch_0002.npy
sub-03,sub-03_ses-2.set,49,167,batch_0002.npy
sub-03,sub-03_ses-2.set,50,168,batch_0002.npy
sub-03,sub-03_ses-2.set,51,169,batch_0002.npy
sub-03,sub-03_ses-2.set,52,170,batch_0002.npy
sub-03,sub-03_ses-2.set,53,171,batch_0002.npy
sub-03,sub-03_ses-2.set,54,172,batch_0002.npy
sub-03,sub-03_ses-2.set,55,173,batch_0002.npy
sub-03,sub-03_ses-2.set,56,174,batch_0002.npy
sub-03,sub-03_ses-2.set,57,175,batch_0002.npy
sub-03,sub-03_ses-2.set,58,176,batch_0002.npy
sub-03,sub-03_ses-2.set,59,177,batch_0002.npy
sub-03,sub-03_ses-2.set,60,178,batch_0002.npy
sub-03,sub-03_ses-2.set,61,179,batch_0002.npy
sub-03,sub-03_ses-2.set,62,180,batch_0002.npy
sub-03,sub-03_ses-2.set,63,181,batch_0002.npy
sub-03,sub-03_ses-2.set,64,182,batch_0002.npy
sub-03,sub-03_ses-2.set,65,183,batch_0002.npy
sub-03,sub-03_ses-2.set,66,184,batch_0002.npy
sub-03,sub-03_ses-2.set,67,185,batch_0002.npy
sub-03,sub-03_ses-2.set,68,186,batch_0002.npy
sub-03,sub-03_ses-2.set,69,187,batch_0002.npy
sub-04,sub-04_ses-2.set,0,188,batch_0003.npy
sub-04,sub-04_ses-2.set,1,189,batch_0003.npy
sub-04,sub-04_ses-2.set,2,190,batch_0003.npy
sub-04,sub-04_ses-2.set,3,191,batch_0003.npy
sub-04,sub-04_ses-2.set,4,192,batch_0003.npy
sub-04,sub-04_ses-2.set,5,193,batch_0003.npy
sub-04,sub-04_ses-2.set,6,194,batch_0003.npy
sub-04,sub-04_ses-2.set,7,195,batch_0003.npy
sub-04,sub-04_ses-2.set,8,196,batch_0003.npy
sub-04,sub-04_ses-2.set,9,197,batch_0003.npy
sub-04,sub-04_ses-2.set,10,198,batch_0003.npy
sub-04,sub-04_ses-2.set,11,199,batch_0003.npy
sub-04,sub-04_ses-2.set,12,200,batch_0003.npy
sub-04,sub-04_ses-2.set,13,201,batch_0003.npy
sub-04,sub-04_ses-2.set,14,202,batch_0003.npy
sub-04,sub-04_ses-2.set,15,203,batch_0003.npy
sub-04,sub-04_ses-2.set,16,204,batch_0003.npy
sub-04,sub-04_ses-2.set,17,205,batch_0003.npy
sub-04,sub-04_ses-2.set,18,206,batch_0003.npy
sub-04,sub-04_ses-2.set,19,207,batch_0003.npy
sub-04,sub-04_ses-2.set,20,208,batch_0003.npy
sub-04,sub-04_ses-2.set,21,209,batch_0003.npy
sub-04,sub-04_ses-2.set,22,210,batch_0003.npy
sub-04,sub-04_ses-2.set,23,211,batch_0003.npy
sub-04,sub-04_ses-2.set,24,212,batch_0003.npy
sub-04,sub-04_ses-2.set,25,213,batch_0003.npy
sub-04,sub-04_ses-2.set,26,214,batch_0003.npy
sub-04,sub-04_ses-2.set,27,215,batch_0003.npy
sub-04,sub-04_ses-2.set,28,216,batch_0003.npy
sub-04,sub-04_ses-2.set,29,217,batch_0003.npy
sub-04,sub-04_ses-2.set,30,218,batch_0003.npy
sub-04,sub-04_ses-2.set,31,219,batch_0003.npy
sub-04,sub-04_ses-2.set,32,220,batch_0003.npy
sub-04,sub-04_ses-2.set,33,221,batch_0003.npy
sub-04,sub-04_ses-2.set,34,222,batch_0003.npy
sub-04,sub-04_ses-2.set,35,223,batch_0003.npy
sub-04,sub-04_ses-2.set,36,224,batch_0003.npy
sub-04,sub-04_ses-2.set,37,225,batch_0003.npy
sub-04,sub-04_ses-2.set,38,226,batch_0003.npy
sub-04,sub-04_ses-2.set,39,227,batch_0003.npy
sub-04,sub-04_ses-2.set,40,228,batch_0003.npy
sub-04,sub-04_ses-2.set,41,229,batch_0003.npy
sub-04,sub-04_ses-2.set,42,230,batch_0003.npy
sub-04,sub-04_ses-2.set,43,231,batch_0003.npy
sub-04,sub-04_ses-2.set,44,232,batch_0003.npy
sub-04,sub-04_ses-2.set,45,233,batch_0003.npy
sub-04,sub-04_ses-2.set,46,234,batch_0003.npy
sub-04,sub-04_ses-2.set,47,235,batch_0003.npy
sub-04,sub-04_ses-2.set,48,236,batch_0003.npy
sub-04,sub-04_ses-2.set,49,237,batch_0003.npy
sub-04,sub-04_ses-2.set,50,238,batch_0003.npy
sub-04,sub-04_ses-2.set,51,239,batch_0003.npy
sub-04,sub-04_ses-2.set,52,240,batch_0003.npy
sub-04,sub-04_ses-2.set,53,241,batch_0003.npy
sub-04,sub-04_ses-2.set,54,242,batch_0003.npy
sub-04,sub-04_ses-2.set,55,243,batch_0003.npy
sub-04,sub-04_ses-2.set,56,244,batch_0003.npy
sub-04,sub-04_ses-2.set,57,245,batch_0003.npy
sub-04,sub-04_ses-2.set,58,246,batch_0003.npy
sub-04,sub-04_ses-2.set,59,247,batch_0003.npy
sub-04,sub-04_ses-2.set,60,248,batch_0003.npy
sub-04,sub-04_ses-2.set,61,249,batch_0003.npy
sub-05,sub-05_ses-2.set,0,250,batch_0004.npy
sub-05,sub-05_ses-2.set,1,251,batch_0004.npy
sub-05,sub-05_ses-2.set,2,252,batch_0004.npy
sub-05,sub-05_ses-2.set,3,253,batch_0004.npy
sub-05,sub-05_ses-2.set,4,254,batch_0004.npy
sub-05,sub-05_ses-2.set,5,255,batch_0004.npy
sub-05,sub-05_ses-2.set,6,256,batch_0004.npy
sub-05,sub-05_ses-2.set,7,257,batch_0004.npy
sub-05,sub-05_ses-2.set,8,258,batch_0004.npy
sub-05,sub-05_ses-2.set,9,259,batch_0004.npy
sub-05,sub-05_ses-2.set,10,260,batch_0004.npy
sub-05,sub-05_ses-2.set,11,261,batch_0004.npy
sub-05,sub-05_ses-2.set,12,262,batch_0004.npy
sub-05,sub-05_ses-2.set,13,263,batch_0004.npy
sub-05,sub-05_ses-2.set,14,264,batch_0004.npy
sub-05,sub-05_ses-2.set,15,265,batch_0004.npy
sub-05,sub-05_ses-2.set,16,266,batch_0004.npy
sub-05,sub-05_ses-2.set,17,267,batch_0004.npy
sub-05,sub-05_ses-2.set,18,268,batch_0004.npy
sub-05,sub-05_ses-2.set,19,269,batch_0004.npy
sub-05,sub-05_ses-2.set,20,270,batch_0004.npy
sub-05,sub-05_ses-2.set,21,271,batch_0004.npy
sub-05,sub-05_ses-2.set,22,272,batch_0004.npy
sub-05,sub-05_ses-2.set,23,273,batch_0004.npy
sub-05,sub-05_ses-2.set,24,274,batch_0004.npy
sub-05,sub-05_ses-2.set,25,275,batch_0004.npy
sub-05,sub-05_ses-2.set,26,276,batch_0004.npy
sub-05,sub-05_ses-2.set,27,277,batch_0004.npy
sub-05,sub-05_ses-2.set,28,278,batch_0004.npy
sub-05,sub-05_ses-2.set,29,279,batch_0004.npy
sub-05,sub-05_ses-2.set,30,280,batch_0004.npy
sub-05,sub-05_ses-2.set,31,281,batch_0004.npy
sub-05,sub-05_ses-2.set,32,282,batch_0004.npy
sub-05,sub-05_ses-2.set,33,283,batch_0004.npy
sub-05,sub-05_ses-2.set,34,284,batch_0004.npy
sub-05,sub-05_ses-2.set,35,285,batch_0004.npy
sub-05,sub-05_ses-2.set,36,286,batch_0004.npy
sub-05,sub-05_ses-2.set,37,287,batch_0004.npy
sub-05,sub-05_ses-2.set,38,288,batch_0004.npy
sub-05,sub-05_ses-2.set,39,289,batch_0004.npy
sub-05,sub-05_ses-2.set,40,290,batch_0004.npy
sub-05,sub-05_ses-2.set,41,291,batch_0004.npy
sub-05,sub-05_ses-2.set,42,292,batch_0004.npy
sub-05,sub-05_ses-2.set,43,293,batch_0004.npy
sub-05,sub-05_ses-2.set,44,294,batch_0004.npy
sub-05,sub-05_ses-2.set,45,295,batch_0004.npy
sub-05,sub-05_ses-2.set,46,296,batch_0004.npy
sub-05,sub-05_ses-2.set,47,297,batch_0004.npy
sub-05,sub-05_ses-2.set,48,298,batch_0004.npy
sub-05,sub-05_ses-2.set,49,299,batch_0004.npy
sub-05,sub-05_ses-2.set,50,300,batch_0004.npy
sub-05,sub-05_ses-2.set,51,301,batch_0004.npy
sub-05,sub-05_ses-2.set,52,302,batch_0004.npy
sub-05,sub-05_ses-2.set,53,303,batch_0004.npy
sub-05,sub-05_ses-2.set,54,304,batch_0004.npy
sub-05,sub-05_ses-2.set,55,305,batch_0004.npy
sub-05,sub-05_ses-2.set,56,306,batch_0004.npy
sub-05,sub-05_ses-2.set,57,307,batch_0004.npy
sub-05,sub-05_ses-2.set,58,308,batch_0004.npy
sub-05,sub-05_ses-2.set,59,309,batch_0004.npy
sub-05,sub-05_ses-2.set,60,310,batch_0004.npy
sub-05,sub-05_ses-2.set,61,311,batch_0004.npy
sub-05,sub-05_ses-2.set,62,312,batch_0004.npy
sub-05,sub-05_ses-2.set,63,313,batch_0004.npy
sub-05,sub-05_ses-2.set,64,314,batch_0004.npy
sub-05,sub-05_ses-2.set,65,315,batch_0004.npy
sub-05,sub-05_ses-2.set,66,316,batch_0004.npy
sub-06,sub-06_ses-2.set,0,317,batch_0005.npy
sub-06,sub-06_ses-2.set,1,318,batch_0005.npy
sub-06,sub-06_ses-2.set,2,319,batch_0005.npy
sub-06,sub-06_ses-2.set,3,320,batch_0005.npy
sub-06,sub-06_ses-2.set,4,321,batch_0005.npy
sub-06,sub-06_ses-2.set,5,322,batch_0005.npy
sub-06,sub-06_ses-2.set,6,323,batch_0005.npy
sub-06,sub-06_ses-2.set,7,324,batch_0005.npy
sub-06,sub-06_ses-2.set,8,325,batch_0005.npy
sub-06,sub-06_ses-2.set,9,326,batch_0005.npy
sub-06,sub-06_ses-2.set,10,327,batch_0005.npy
sub-06,sub-06_ses-2.set,11,328,batch_0005.npy
sub-06,sub-06_ses-2.set,12,329,batch_0005.npy
sub-06,sub-06_ses-2.set,13,330,batch_0005.npy
sub-06,sub-06_ses-2.set,14,331,batch_0005.npy
sub-06,sub-06_ses-2.set,15,332,batch_0005.npy
sub-06,sub-06_ses-2.set,16,333,batch_0005.npy
sub-06,sub-06_ses-2.set,17,334,batch_0005.npy
sub-06,sub-06_ses-2.set,18,335,batch_0005.npy
sub-06,sub-06_ses-2.set,19,336,batch_0005.npy
sub-06,sub-06_ses-2.set,20,337,batch_0005.npy
sub-06,sub-06_ses-2.set,21,338,batch_0005.npy
sub-06,sub-06_ses-2.set,22,339,batch_0005.npy
sub-06,sub-06_ses-2.set,23,340,batch_0005.npy
sub-06,sub-06_ses-2.set,24,341,batch_0005.npy
sub-06,sub-06_ses-2.set,25,342,batch_0005.npy
sub-06,sub-06_ses-2.set,26,343,batch_0005.npy
sub-06,sub-06_ses-2.set,27,344,batch_0005.npy
sub-06,sub-06_ses-2.set,28,345,batch_0005.npy
sub-06,sub-06_ses-2.set,29,346,batch_0005.npy
sub-06,sub-06_ses-2.set,30,347,batch_0005.npy
sub-06,sub-06_ses-2.set,31,348,batch_0005.npy
sub-06,sub-06_ses-2.set,32,349,batch_0005.npy
sub-06,sub-06_ses-2.set,33,350,batch_0005.npy
sub-06,sub-06_ses-2.set,34,351,batch_0005.npy
sub-06,sub-06_ses-2.set,35,352,batch_0005.npy
sub-06,sub-06_ses-2.set,36,353,batch_0005.npy
sub-06,sub-06_ses-2.set,37,354,batch_0005.npy
sub-06,sub-06_ses-2.set,38,355,batch_0005.npy
sub-06,sub-06_ses-2.set,39,356,batch_0005.npy
sub-06,sub-06_ses-2.set,40,357,batch_0005.npy
sub-06,sub-06_ses-2.set,41,358,batch_0005.npy
sub-06,sub-06_ses-2.set,42,359,batch_0005.npy
sub-06,sub-06_ses-2.set,43,360,batch_0005.npy
sub-06,sub-06_ses-2.set,44,361,batch_0005.npy
sub-06,sub-06_ses-2.set,45,362,batch_0005.npy
sub-06,sub-06_ses-2.set,46,363,batch_0005.npy
sub-06,sub-06_ses-2.set,47,364,batch_0005.npy
sub-06,sub-06_ses-2.set,48,365,batch_0005.npy
sub-06,sub-06_ses-2.set,49,366,batch_0005.npy
sub-06,sub-06_ses-2.set,50,367,batch_0005.npy
sub-06,sub-06_ses-2.set,51,368,batch_0005.npy
sub-06,sub-06_ses-2.set,52,369,batch_0005.npy
sub-06,sub-06_ses-2.set,53,370,batch_0005.npy
sub-06,sub-06_ses-2.set,54,371,batch_0005.npy
sub-06,sub-06_ses-2.set,55,372,batch_0005.npy
sub-06,sub-06_ses-2.set,56,373,batch_0005.npy
sub-06,sub-06_ses-2.set,57,374,batch_0005.npy
sub-06,sub-06_ses-2.set,58,375,batch_0005.npy
sub-06,sub-06_ses-2.set,59,376,batch_0005.npy
sub-06,sub-06_ses-2.set,60,377,batch_0005.npy
sub-06,sub-06_ses-2.set,61,378,batch_0005.npy
sub-06,sub-06_ses-2.set,62,379,batch_0005.npy
sub-06,sub-06_ses-2.set,63,380,batch_0005.npy
sub-07,sub-07_ses-2.set,0,381,batch_0006.npy
sub-07,sub-07_ses-2.set,1,382,batch_0006.npy
sub-07,sub-07_ses-2.set,2,383,batch_0006.npy
sub-07,sub-07_ses-2.set,3,384,batch_0006.npy
sub-07,sub-07_ses-2.set,4,385,batch_0006.npy
sub-07,sub-07_ses-2.set,5,386,batch_0006.npy
sub-07,sub-07_ses-2.set,6,387,batch_0006.npy
sub-07,sub-07_ses-2.set,7,388,batch_0006.npy
sub-07,sub-07_ses-2.set,8,389,batch_0006.npy
sub-07,sub-07_ses-2.set,9,390,batch_0006.npy
sub-07,sub-07_ses-2.set,10,391,batch_0006.npy
sub-07,sub-07_ses-2.set,11,392,batch_0006.npy
sub-07,sub-07_ses-2.set,12,393,batch_0006.npy
sub-07,sub-07_ses-2.set,13,394,batch_0006.npy
sub-07,sub-07_ses-2.set,14,395,batch_0006.npy
sub-07,sub-07_ses-2.set,15,396,batch_0006.npy
sub-07,sub-07_ses-2.set,16,397,batch_0006.npy
sub-07,sub-07_ses-2.set,17,398,batch_0006.npy
sub-07,sub-07_ses-2.set,18,399,batch_0006.npy
sub-07,sub-07_ses-2.set,19,400,batch_0006.npy
sub-07,sub-07_ses-2.set,20,401,batch_0006.npy
sub-07,sub-07_ses-2.set,21,402,batch_0006.npy
sub-07,sub-07_ses-2.set,22,403,batch_0006.npy
sub-07,sub-07_ses-2.set,23,404,batch_0006.npy
sub-07,sub-07_ses-2.set,24,405,batch_0006.npy
sub-07,sub-07_ses-2.set,25,406,batch_0006.npy
sub-07,sub-07_ses-2.set,26,407,batch_0006.npy
sub-07,sub-07_ses-2.set,27,408,batch_0006.npy
sub-07,sub-07_ses-2.set,28,409,batch_0006.npy
sub-07,sub-07_ses-2.set,29,410,batch_0006.npy
sub-07,sub-07_ses-2.set,30,411,batch_0006.npy
sub-07,sub-07_ses-2.set,31,412,batch_0006.npy
sub-07,sub-07_ses-2.set,32,413,batch_0006.npy
sub-07,sub-07_ses-2.set,33,414,batch_0006.npy
sub-07,sub-07_ses-2.set,34,415,batch_0006.npy
sub-07,sub-07_ses-2.set,35,416,batch_0006.npy
sub-07,sub-07_ses-2.set,36,417,batch_0006.npy
sub-07,sub-07_ses-2.set,37,418,batch_0006.npy
sub-07,sub-07_ses-2.set,38,419,batch_0006.npy
sub-07,sub-07_ses-2.set,39,420,batch_0006.npy
sub-07,sub-07_ses-2.set,40,421,batch_0006.npy
sub-07,sub-07_ses-2.set,41,422,batch_0006.npy
sub-07,sub-07_ses-2.set,42,423,batch_0006.npy
sub-07,sub-07_ses-2.set,43,424,batch_0006.npy
sub-07,sub-07_ses-2.set,44,425,batch_0006.npy
sub-07,sub-07_ses-2.set,45,426,batch_0006.npy
sub-07,sub-07_ses-2.set,46,427,batch_0006.npy
sub-07,sub-07_ses-2.set,47,428,batch_0006.npy
sub-07,sub-07_ses-2.set,48,429,batch_0006.npy
sub-07,sub-07_ses-2.set,49,430,batch_0006.npy
sub-07,sub-07_ses-2.set,50,431,batch_0006.npy
sub-07,sub-07_ses-2.set,51,432,batch_0006.npy
sub-07,sub-07_ses-2.set,52,433,batch_0006.npy
sub-07,sub-07_ses-2.set,53,434,batch_0006.npy
sub-07,sub-07_ses-2.set,54,435,batch_0006.npy
sub-07,sub-07_ses-2.set,55,436,batch_0006.npy
sub-07,sub-07_ses-2.set,56,437,batch_0006.npy
sub-07,sub-07_ses-2.set,57,438,batch_0006.npy
sub-07,sub-07_ses-2.set,58,439,batch_0006.npy
sub-07,sub-07_ses-2.set,59,440,batch_0006.npy
sub-07,sub-07_ses-2.set,60,441,batch_0006.npy
sub-07,sub-07_ses-2.set,61,442,batch_0006.npy
sub-07,sub-07_ses-2.set,62,443,batch_0006.npy
sub-07,sub-07_ses-2.set,63,444,batch_0006.npy
sub-07,sub-07_ses-2.set,64,445,batch_0006.npy
sub-07,sub-07_ses-2.set,65,446,batch_0006.npy
sub-07,sub-07_ses-2.set,66,447,batch_0006.npy
sub-07,sub-07_ses-2.set,67,448,batch_0006.npy
sub-08,sub-08_ses-2.set,0,449,batch_0007.npy
sub-08,sub-08_ses-2.set,1,450,batch_0007.npy
sub-08,sub-08_ses-2.set,2,451,batch_0007.npy
sub-08,sub-08_ses-2.set,3,452,batch_0007.npy
sub-08,sub-08_ses-2.set,4,453,batch_0007.npy
sub-08,sub-08_ses-2.set,5,454,batch_0007.npy
sub-08,sub-08_ses-2.set,6,455,batch_0007.npy
sub-08,sub-08_ses-2.set,7,456,batch_0007.npy
sub-08,sub-08_ses-2.set,8,457,batch_0007.npy
sub-08,sub-08_ses-2.set,9,458,batch_0007.npy
sub-08,sub-08_ses-2.set,10,459,batch_0007.npy
sub-08,sub-08_ses-2.set,11,460,batch_0007.npy
sub-08,sub-08_ses-2.set,12,461,batch_0007.npy
sub-08,sub-08_ses-2.set,13,462,batch_0007.npy
sub-08,sub-08_ses-2.set,14,463,batch_0007.npy
sub-08,sub-08_ses-2.set,15,464,batch_0007.npy
sub-08,sub-08_ses-2.set,16,465,batch_0007.npy
sub-08,sub-08_ses-2.set,17,466,batch_0007.npy
sub-08,sub-08_ses-2.set,18,467,batch_0007.npy
sub-08,sub-08_ses-2.set,19,468,batch_0007.npy
sub-08,sub-08_ses-2.set,20,469,batch_0007.npy
sub-08,sub-08_ses-2.set,21,470,batch_0007.npy
sub-08,sub-08_ses-2.set,22,471,batch_0007.npy
sub-08,sub-08_ses-2.set,23,472,batch_0007.npy
sub-08,sub-08_ses-2.set,24,473,batch_0007.npy
sub-08,sub-08_ses-2.set,25,474,batch_0007.npy
sub-08,sub-08_ses-2.set,26,475,batch_0007.npy
sub-08,sub-08_ses-2.set,27,476,batch_0007.npy
sub-08,sub-08_ses-2.set,28,477,batch_0007.npy
sub-08,sub-08_ses-2.set,29,478,batch_0007.npy
sub-08,sub-08_ses-2.set,30,479,batch_0007.npy
sub-08,sub-08_ses-2.set,31,480,batch_0007.npy
sub-08,sub-08_ses-2.set,32,481,batch_0007.npy
sub-08,sub-08_ses-2.set,33,482,batch_0007.npy
sub-08,sub-08_ses-2.set,34,483,batch_0007.npy
sub-08,sub-08_ses-2.set,35,484,batch_0007.npy
sub-08,sub-08_ses-2.set,36,485,batch_0007.npy
sub-08,sub-08_ses-2.set,37,486,batch_0007.npy
sub-08,sub-08_ses-2.set,38,487,batch_0007.npy
sub-08,sub-08_ses-2.set,39,488,batch_0007.npy
sub-08,sub-08_ses-2.set,40,489,batch_0007.npy
sub-08,sub-08_ses-2.set,41,490,batch_0007.npy
sub-08,sub-08_ses-2.set,42,491,batch_0007.npy
sub-08,sub-08_ses-2.set,43,492,batch_0007.npy
sub-08,sub-08_ses-2.set,44,493,batch_0007.npy
sub-08,sub-08_ses-2.set,45,494,batch_0007.npy
sub-08,sub-08_ses-2.set,46,495,batch_0007.npy
sub-08,sub-08_ses-2.set,47,496,batch_0007.npy
sub-08,sub-08_ses-2.set,48,497,batch_0007.npy
sub-08,sub-08_ses-2.set,49,498,batch_0007.npy
sub-08,sub-08_ses-2.set,50,499,batch_0007.npy
sub-08,sub-08_ses-2.set,51,500,batch_0007.npy
sub-08,sub-08_ses-2.set,52,501,batch_0007.npy
sub-08,sub-08_ses-2.set,53,502,batch_0007.npy
sub-08,sub-08_ses-2.set,54,503,batch_0007.npy
sub-08,sub-08_ses-2.set,55,504,batch_0007.npy
sub-08,sub-08_ses-2.set,56,505,batch_0007.npy
sub-08,sub-08_ses-2.set,57,506,batch_0007.npy
sub-08,sub-08_ses-2.set,58,507,batch_0007.npy
sub-08,sub-08_ses-2.set,59,508,batch_0007.npy
sub-08,sub-08_ses-2.set,60,509,batch_0007.npy
sub-08,sub-08_ses-2.set,61,510,batch_0007.npy
sub-09,sub-09_ses-2.set,0,511,batch_0008.npy
sub-09,sub-09_ses-2.set,1,512,batch_0008.npy
sub-09,sub-09_ses-2.set,2,513,batch_0008.npy
sub-09,sub-09_ses-2.set,3,514,batch_0008.npy
sub-09,sub-09_ses-2.set,4,515,batch_0008.npy
sub-09,sub-09_ses-2.set,5,516,batch_0008.npy
sub-09,sub-09_ses-2.set,6,517,batch_0008.npy
sub-09,sub-09_ses-2.set,7,518,batch_0008.npy
sub-09,sub-09_ses-2.set,8,519,batch_0008.npy
sub-09,sub-09_ses-2.set,9,520,batch_0008.npy
sub-09,sub-09_ses-2.set,10,521,batch_0008.npy
sub-09,sub-09_ses-2.set,11,522,batch_0008.npy
sub-09,sub-09_ses-2.set,12,523,batch_0008.npy
sub-09,sub-09_ses-2.set,13,524,batch_0008.npy
sub-09,sub-09_ses-2.set,14,525,batch_0008.npy
sub-09,sub-09_ses-2.set,15,526,batch_0008.npy
sub-09,sub-09_ses-2.set,16,527,batch_0008.npy
sub-09,sub-09_ses-2.set,17,528,batch_0008.npy
sub-09,sub-09_ses-2.set,18,529,batch_0008.npy
sub-09,sub-09_ses-2.set,19,530,batch_0008.npy
sub-09,sub-09_ses-2.set,20,531,batch_0008.npy
sub-09,sub-09_ses-2.set,21,532,batch_0008.npy
sub-09,sub-09_ses-2.set,22,533,batch_0008.npy
sub-09,sub-09_ses-2.set,23,534,batch_0008.npy
sub-09,sub-09_ses-2.set,24,535,batch_0008.npy
sub-09,sub-09_ses-2.set,25,536,batch_0008.npy
sub-09,sub-09_ses-2.set,26,537,batch_0008.npy
sub-09,sub-09_ses-2.set,27,538,batch_0008.npy
sub-09,sub-09_ses-2.set,28,539,batch_0008.npy
sub-09,sub-09_ses-2.set,29,540,batch_0008.npy
sub-09,sub-09_ses-2.set,30,541,batch_0008.npy
sub-09,sub-09_ses-2.set,31,542,batch_0008.npy
sub-09,sub-09_ses-2.set,32,543,batch_0008.npy
sub-09,sub-09_ses-2.set,33,544,batch_0008.npy
sub-09,sub-09_ses-2.set,34,545,batch_0008.npy
sub-09,sub-09_ses-2.set,35,546,batch_0008.npy
sub-09,sub-09_ses-2.set,36,547,batch_0008.npy
sub-09,sub-09_ses-2.set,37,548,batch_0008.npy
sub-09,sub-09_ses-2.set,38,549,batch_0008.npy
sub-09,sub-09_ses-2.set,39,550,batch_0008.npy
sub-09,sub-09_ses-2.set,40,551,batch_0008.npy
sub-09,sub-09_ses-2.set,41,552,batch_0008.npy
sub-09,sub-09_ses-2.set,42,553,batch_0008.npy
sub-09,sub-09_ses-2.set,43,554,batch_0008.npy
sub-09,sub-09_ses-2.set,44,555,batch_0008.npy
sub-09,sub-09_ses-2.set,45,556,batch_0008.npy
sub-09,sub-09_ses-2.set,46,557,batch_0008.npy
sub-09,sub-09_ses-2.set,47,558,batch_0008.npy
sub-09,sub-09_ses-2.set,48,559,batch_0008.npy
sub-09,sub-09_ses-2.set,49,560,batch_0008.npy
sub-09,sub-09_ses-2.set,50,561,batch_0008.npy
sub-09,sub-09_ses-2.set,51,562,batch_0008.npy
sub-09,sub-09_ses-2.set,52,563,batch_0008.npy
sub-09,sub-09_ses-2.set,53,564,batch_0008.npy
sub-09,sub-09_ses-2.set,54,565,batch_0008.npy
sub-09,sub-09_ses-2.set,55,566,batch_0008.npy
sub-09,sub-09_ses-2.set,56,567,batch_0008.npy
sub-09,sub-09_ses-2.set,57,568,batch_0008.npy
sub-10,sub-10_ses-2.set,0,569,batch_0009.npy
sub-10,sub-10_ses-2.set,1,570,batch_0009.npy
sub-10,sub-10_ses-2.set,2,571,batch_0009.npy
sub-10,sub-10_ses-2.set,3,572,batch_0009.npy
sub-10,sub-10_ses-2.set,4,573,batch_0009.npy
sub-10,sub-10_ses-2.set,5,574,batch_0009.npy
sub-10,sub-10_ses-2.set,6,575,batch_0009.npy
sub-10,sub-10_ses-2.set,7,576,batch_0009.npy
sub-10,sub-10_ses-2.set,8,577,batch_0009.npy
sub-10,sub-10_ses-2.set,9,578,batch_0009.npy
sub-10,sub-10_ses-2.set,10,579,batch_0009.npy
sub-10,sub-10_ses-2.set,11,580,batch_0009.npy
sub-10,sub-10_ses-2.set,12,581,batch_0009.npy
sub-10,sub-10_ses-2.set,13,582,batch_0009.npy
sub-10,sub-10_ses-2.set,14,583,batch_0009.npy
sub-10,sub-10_ses-2.set,15,584,batch_0009.npy
sub-10,sub-10_ses-2.set,16,585,batch_0009.npy
sub-10,sub-10_ses-2.set,17,586,batch_0009.npy
sub-10,sub-10_ses-2.set,18,587,batch_0009.npy
sub-10,sub-10_ses-2.set,19,588,batch_0009.npy
sub-10,sub-10_ses-2.set,20,589,batch_0009.npy
sub-10,sub-10_ses-2.set,21,590,batch_0009.npy
sub-10,sub-10_ses-2.set,22,591,batch_0009.npy
sub-10,sub-10_ses-2.set,23,592,batch_0009.npy
sub-10,sub-10_ses-2.set,24,593,batch_0009.npy
sub-10,sub-10_ses-2.set,25,594,batch_0009.npy
sub-10,sub-10_ses-2.set,26,595,batch_0009.npy
sub-10,sub-10_ses-2.set,27,596,batch_0009.npy
sub-10,sub-10_ses-2.set,28,597,batch_0009.npy
sub-10,sub-10_ses-2.set,29,598,batch_0009.npy
sub-10,sub-10_ses-2.set,30,599,batch_0009.npy
sub-10,sub-10_ses-2.set,31,600,batch_0009.npy
sub-10,sub-10_ses-2.set,32,601,batch_0009.npy
sub-10,sub-10_ses-2.set,33,602,batch_0009.npy
sub-10,sub-10_ses-2.set,34,603,batch_0009.npy
sub-10,sub-10_ses-2.set,35,604,batch_0009.npy
sub-10,sub-10_ses-2.set,36,605,batch_0009.npy
sub-10,sub-10_ses-2.set,37,606,batch_0009.npy
sub-10,sub-10_ses-2.set,38,607,batch_0009.npy
sub-10,sub-10_ses-2.set,39,608,batch_0009.npy
sub-10,sub-10_ses-2.set,40,609,batch_0009.npy
sub-10,sub-10_ses-2.set,41,610,batch_0009.npy
sub-10,sub-10_ses-2.set,42,611,batch_0009.npy
sub-10,sub-10_ses-2.set,43,612,batch_0009.npy
sub-10,sub-10_ses-2.set,44,613,batch_0009.npy
sub-10,sub-10_ses-2.set,45,614,batch_0009.npy
sub-10,sub-10_ses-2.set,46,615,batch_0009.npy
sub-10,sub-10_ses-2.set,47,616,batch_0009.npy
sub-10,sub-10_ses-2.set,48,617,batch_0009.npy
sub-10,sub-10_ses-2.set,49,618,batch_0009.npy
sub-10,sub-10_ses-2.set,50,619,batch_0009.npy
sub-10,sub-10_ses-2.set,51,620,batch_0009.npy
sub-10,sub-10_ses-2.set,52,621,batch_0009.npy
sub-10,sub-10_ses-2.set,53,622,batch_0009.npy
sub-10,sub-10_ses-2.set,54,623,batch_0009.npy
sub-10,sub-10_ses-2.set,55,624,batch_0009.npy
sub-10,sub-10_ses-2.set,56,625,batch_0009.npy
sub-10,sub-10_ses-2.set,57,626,batch_0009.npy
sub-10,sub-10_ses-2.set,58,627,batch_0009.npy
sub-10,sub-10_ses-2.set,59,628,batch_0009.npy
sub-10,sub-10_ses-2.set,60,629,batch_0009.npy
sub-10,sub-10_ses-2.set,61,630,batch_0009.npy
sub-10,sub-10_ses-2.set,62,631,batch_0009.npy
sub-10,sub-10_ses-2.set,63,632,batch_0009.npy
sub-10,sub-10_ses-2.set,64,633,batch_0009.npy
sub-10,sub-10_ses-2.set,65,634,batch_0009.npy
sub-10,sub-10_ses-2.set,66,635,batch_0009.npy
sub-10,sub-10_ses-2.set,67,636,batch_0009.npy
sub-10,sub-10_ses-2.set,68,637,batch_0009.npy
sub-10,sub-10_ses-2.set,69,638,batch_0009.npy
sub-10,sub-10_ses-2.set,70,639,batch_0009.npy
sub-11,sub-11_ses-2.set,0,640,batch_0010.npy
sub-11,sub-11_ses-2.set,1,641,batch_0010.npy
sub-11,sub-11_ses-2.set,2,642,batch_0010.npy
sub-11,sub-11_ses-2.set,3,643,batch_0010.npy
sub-11,sub-11_ses-2.set,4,644,batch_0010.npy
sub-11,sub-11_ses-2.set,5,645,batch_0010.npy
sub-11,sub-11_ses-2.set,6,646,batch_0010.npy
sub-11,sub-11_ses-2.set,7,647,batch_0010.npy
sub-11,sub-11_ses-2.set,8,648,batch_0010.npy
sub-11,sub-11_ses-2.set,9,649,batch_0010.npy
sub-11,sub-11_ses-2.set,10,650,batch_0010.npy
sub-11,sub-11_ses-2.set,11,651,batch_0010.npy
sub-11,sub-11_ses-2.set,12,652,batch_0010.npy
sub-11,sub-11_ses-2.set,13,653,batch_0010.npy
sub-11,sub-11_ses-2.set,14,654,batch_0010.npy
sub-11,sub-11_ses-2.set,15,655,batch_0010.npy
sub-11,sub-11_ses-2.set,16,656,batch_0010.npy
sub-11,sub-11_ses-2.set,17,657,batch_0010.npy
sub-11,sub-11_ses-2.set,18,658,batch_0010.npy
sub-11,sub-11_ses-2.set,19,659,batch_0010.npy
sub-11,sub-11_ses-2.set,20,660,batch_0010.npy
sub-11,sub-11_ses-2.set,21,661,batch_0010.npy
sub-11,sub-11_ses-2.set,22,662,batch_0010.npy
sub-11,sub-11_ses-2.set,23,663,batch_0010.npy
sub-11,sub-11_ses-2.set,24,664,batch_0010.npy
sub-11,sub-11_ses-2.set,25,665,batch_0010.npy
sub-11,sub-11_ses-2.set,26,666,batch_0010.npy
sub-11,sub-11_ses-2.set,27,667,batch_0010.npy
sub-11,sub-11_ses-2.set,28,668,batch_0010.npy
sub-11,sub-11_ses-2.set,29,669,batch_0010.npy
sub-11,sub-11_ses-2.set,30,670,batch_0010.npy
sub-11,sub-11_ses-2.set,31,671,batch_0010.npy
sub-11,sub-11_ses-2.set,32,672,batch_0010.npy
sub-11,sub-11_ses-2.set,33,673,batch_0010.npy
sub-11,sub-11_ses-2.set,34,674,batch_0010.npy
sub-11,sub-11_ses-2.set,35,675,batch_0010.npy
sub-11,sub-11_ses-2.set,36,676,batch_0010.npy
sub-11,sub-11_ses-2.set,37,677,batch_0010.npy
sub-11,sub-11_ses-2.set,38,678,batch_0010.npy
sub-11,sub-11_ses-2.set,39,679,batch_0010.npy
sub-11,sub-11_ses-2.set,40,680,batch_0010.npy
sub-11,sub-11_ses-2.set,41,681,batch_0010.npy
sub-11,sub-11_ses-2.set,42,682,batch_0010.npy
sub-11,sub-11_ses-2.set,43,683,batch_0010.npy
sub-11,sub-11_ses-2.set,44,684,batch_0010.npy
sub-11,sub-11_ses-2.set,45,685,batch_0010.npy
sub-11,sub-11_ses-2.set,46,686,batch_0010.npy
sub-11,sub-11_ses-2.set,47,687,batch_0010.npy
sub-11,sub-11_ses-2.set,48,688,batch_0010.npy
sub-11,sub-11_ses-2.set,49,689,batch_0010.npy
sub-11,sub-11_ses-2.set,50,690,batch_0010.npy
sub-11,sub-11_ses-2.set,51,691,batch_0010.npy
sub-11,sub-11_ses-2.set,52,692,batch_0010.npy
sub-11,sub-11_ses-2.set,53,693,batch_0010.npy
sub-11,sub-11_ses-2.set,54,694,batch_0010.npy
sub-11,sub-11_ses-2.set,55,695,batch_0010.npy
sub-11,sub-11_ses-2.set,56,696,batch_0010.npy
sub-11,sub-11_ses-2.set,57,697,batch_0010.npy
sub-11,sub-11_ses-2.set,58,698,batch_0010.npy
sub-11,sub-11_ses-2.set,59,699,batch_0010.npy
sub-11,sub-11_ses-2.set,60,700,batch_0010.npy
sub-11,sub-11_ses-2.set,61,701,batch_0010.npy
sub-11,sub-11_ses-2.set,62,702,batch_0010.npy
sub-11,sub-11_ses-2.set,63,703,batch_0010.npy
sub-11,sub-11_ses-2.set,64,704,batch_0010.npy
sub-11,sub-11_ses-2.set,65,705,batch_0010.npy
sub-12,sub-12_ses-2.set,0,706,batch_0011.npy
sub-12,sub-12_ses-2.set,1,707,batch_0011.npy
sub-12,sub-12_ses-2.set,2,708,batch_0011.npy
sub-12,sub-12_ses-2.set,3,709,batch_0011.npy
sub-12,sub-12_ses-2.set,4,710,batch_0011.npy
sub-12,sub-12_ses-2.set,5,711,batch_0011.npy
sub-12,sub-12_ses-2.set,6,712,batch_0011.npy
sub-12,sub-12_ses-2.set,7,713,batch_0011.npy
sub-12,sub-12_ses-2.set,8,714,batch_0011.npy
sub-12,sub-12_ses-2.set,9,715,batch_0011.npy
sub-12,sub-12_ses-2.set,10,716,batch_0011.npy
sub-12,sub-12_ses-2.set,11,717,batch_0011.npy
sub-12,sub-12_ses-2.set,12,718,batch_0011.npy
sub-12,sub-12_ses-2.set,13,719,batch_0011.npy
sub-12,sub-12_ses-2.set,14,720,batch_0011.npy
sub-12,sub-12_ses-2.set,15,721,batch_0011.npy
sub-12,sub-12_ses-2.set,16,722,batch_0011.npy
sub-12,sub-12_ses-2.set,17,723,batch_0011.npy
sub-12,sub-12_ses-2.set,18,724,batch_0011.npy
sub-12,sub-12_ses-2.set,19,725,batch_0011.npy
sub-12,sub-12_ses-2.set,20,726,batch_0011.npy
sub-12,sub-12_ses-2.set,21,727,batch_0011.npy
sub-12,sub-12_ses-2.set,22,728,batch_0011.npy
sub-12,sub-12_ses-2.set,23,729,batch_0011.npy
sub-12,sub-12_ses-2.set,24,730,batch_0011.npy
sub-12,sub-12_ses-2.set,25,731,batch_0011.npy
sub-12,sub-12_ses-2.set,26,732,batch_0011.npy
sub-12,sub-12_ses-2.set,27,733,batch_0011.npy
sub-12,sub-12_ses-2.set,28,734,batch_0011.npy
sub-12,sub-12_ses-2.set,29,735,batch_0011.npy
sub-12,sub-12_ses-2.set,30,736,batch_0011.npy
sub-12,sub-12_ses-2.set,31,737,batch_0011.npy
sub-12,sub-12_ses-2.set,32,738,batch_0011.npy
sub-12,sub-12_ses-2.set,33,739,batch_0011.npy
sub-12,sub-12_ses-2.set,34,740,batch_0011.npy
sub-12,sub-12_ses-2.set,35,741,batch_0011.npy
sub-12,sub-12_ses-2.set,36,742,batch_0011.npy
sub-12,sub-12_ses-2.set,37,743,batch_0011.npy
sub-12,sub-12_ses-2.set,38,744,batch_0011.npy
sub-12,sub-12_ses-2.set,39,745,batch_0011.npy
sub-12,sub-12_ses-2.set,40,746,batch_0011.npy
sub-12,sub-12_ses-2.set,41,747,batch_0011.npy
sub-12,sub-12_ses-2.set,42,748,batch_0011.npy
sub-12,sub-12_ses-2.set,43,749,batch_0011.npy
sub-12,sub-12_ses-2.set,44,750,batch_0011.npy
sub-12,sub-12_ses-2.set,45,751,batch_0011.npy
sub-12,sub-12_ses-2.set,46,752,batch_0011.npy
sub-12,sub-12_ses-2.set,47,753,batch_0011.npy
sub-12,sub-12_ses-2.set,48,754,batch_0011.npy
sub-12,sub-12_ses-2.set,49,755,batch_0011.npy
sub-12,sub-12_ses-2.set,50,756,batch_0011.npy
sub-12,sub-12_ses-2.set,51,757,batch_0011.npy
sub-12,sub-12_ses-2.set,52,758,batch_0011.npy
sub-12,sub-12_ses-2.set,53,759,batch_0011.npy
sub-12,sub-12_ses-2.set,54,760,batch_0011.npy
sub-12,sub-12_ses-2.set,55,761,batch_0011.npy
sub-12,sub-12_ses-2.set,56,762,batch_0011.npy
sub-12,sub-12_ses-2.set,57,763,batch_0011.npy
sub-12,sub-12_ses-2.set,58,764,batch_0011.npy
sub-12,sub-12_ses-2.set,59,765,batch_0011.npy
sub-12,sub-12_ses-2.set,60,766,batch_0011.npy
sub-12,sub-12_ses-2.set,61,767,batch_0011.npy
sub-12,sub-12_ses-2.set,62,768,batch_0011.npy
sub-12,sub-12_ses-2.set,63,769,batch_0011.npy
sub-12,sub-12_ses-2.set,64,770,batch_0011.npy
sub-12,sub-12_ses-2.set,65,771,batch_0011.npy
sub-13,sub-13_ses-2.set,0,772,batch_0012.npy
sub-13,sub-13_ses-2.set,1,773,batch_0012.npy
sub-13,sub-13_ses-2.set,2,774,batch_0012.npy
sub-13,sub-13_ses-2.set,3,775,batch_0012.npy
sub-13,sub-13_ses-2.set,4,776,batch_0012.npy
sub-13,sub-13_ses-2.set,5,777,batch_0012.npy
sub-13,sub-13_ses-2.set,6,778,batch_0012.npy
sub-13,sub-13_ses-2.set,7,779,batch_0012.npy
sub-13,sub-13_ses-2.set,8,780,batch_0012.npy
sub-13,sub-13_ses-2.set,9,781,batch_0012.npy
sub-13,sub-13_ses-2.set,10,782,batch_0012.npy
sub-13,sub-13_ses-2.set,11,783,batch_0012.npy
sub-13,sub-13_ses-2.set,12,784,batch_0012.npy
sub-13,sub-13_ses-2.set,13,785,batch_0012.npy
sub-13,sub-13_ses-2.set,14,786,batch_0012.npy
sub-13,sub-13_ses-2.set,15,787,batch_0012.npy
sub-13,sub-13_ses-2.set,16,788,batch_0012.npy
sub-13,sub-13_ses-2.set,17,789,batch_0012.npy
sub-13,sub-13_ses-2.set,18,790,batch_0012.npy
sub-13,sub-13_ses-2.set,19,791,batch_0012.npy
sub-13,sub-13_ses-2.set,20,792,batch_0012.npy
sub-13,sub-13_ses-2.set,21,793,batch_0012.npy
sub-13,sub-13_ses-2.set,22,794,batch_0012.npy
sub-13,sub-13_ses-2.set,23,795,batch_0012.npy
sub-13,sub-13_ses-2.set,24,796,batch_0012.npy
sub-13,sub-13_ses-2.set,25,797,batch_0012.npy
sub-13,sub-13_ses-2.set,26,798,batch_0012.npy
sub-13,sub-13_ses-2.set,27,799,batch_0012.npy
sub-13,sub-13_ses-2.set,28,800,batch_0012.npy
sub-13,sub-13_ses-2.set,29,801,batch_0012.npy
sub-13,sub-13_ses-2.set,30,802,batch_0012.npy
sub-13,sub-13_ses-2.set,31,803,batch_0012.npy
sub-13,sub-13_ses-2.set,32,804,batch_0012.npy
sub-13,sub-13_ses-2.set,33,805,batch_0012.npy
sub-13,sub-13_ses-2.set,34,806,batch_0012.npy
sub-13,sub-13_ses-2.set,35,807,batch_0012.npy
sub-13,sub-13_ses-2.set,36,808,batch_0012.npy
sub-13,sub-13_ses-2.set,37,809,batch_0012.npy
sub-13,sub-13_ses-2.set,38,810,batch_0012.npy
sub-13,sub-13_ses-2.set,39,811,batch_0012.npy
sub-13,sub-13_ses-2.set,40,812,batch_0012.npy
sub-13,sub-13_ses-2.set,41,813,batch_0012.npy
sub-13,sub-13_ses-2.set,42,814,batch_0012.npy
sub-13,sub-13_ses-2.set,43,815,batch_0012.npy
sub-13,sub-13_ses-2.set,44,816,batch_0012.npy
sub-13,sub-13_ses-2.set,45,817,batch_0012.npy
sub-13,sub-13_ses-2.set,46,818,batch_0012.npy
sub-13,sub-13_ses-2.set,47,819,batch_0012.npy
sub-13,sub-13_ses-2.set,48,820,batch_0012.npy
sub-13,sub-13_ses-2.set,49,821,batch_0012.npy
sub-13,sub-13_ses-2.set,50,822,batch_0012.npy
sub-13,sub-13_ses-2.set,51,823,batch_0012.npy
sub-13,sub-13_ses-2.set,52,824,batch_0012.npy
sub-13,sub-13_ses-2.set,53,825,batch_0012.npy
sub-13,sub-13_ses-2.set,54,826,batch_0012.npy
sub-13,sub-13_ses-2.set,55,827,batch_0012.npy
sub-13,sub-13_ses-2.set,56,828,batch_0012.npy
sub-13,sub-13_ses-2.set,57,829,batch_0012.npy
sub-13,sub-13_ses-2.set,58,830,batch_0012.npy
sub-13,sub-13_ses-2.set,59,831,batch_0012.npy
sub-13,sub-13_ses-2.set,60,832,batch_0012.npy
sub-13,sub-13_ses-2.set,61,833,batch_0012.npy
sub-13,sub-13_ses-2.set,62,834,batch_0012.npy
sub-13,sub-13_ses-2.set,63,835,batch_0012.npy
sub-13,sub-13_ses-2.set,64,836,batch_0012.npy
sub-13,sub-13_ses-2.set,65,837,batch_0012.npy
sub-13,sub-13_ses-2.set,66,838,batch_0012.npy
sub-13,sub-13_ses-2.set,67,839,batch_0012.npy
sub-13,sub-13_ses-2.set,68,840,batch_0012.npy
sub-14,sub-14_ses-2.set,0,841,batch_0013.npy
sub-14,sub-14_ses-2.set,1,842,batch_0013.npy
sub-14,sub-14_ses-2.set,2,843,batch_0013.npy
sub-14,sub-14_ses-2.set,3,844,batch_0013.npy
sub-14,sub-14_ses-2.set,4,845,batch_0013.npy
sub-14,sub-14_ses-2.set,5,846,batch_0013.npy
sub-14,sub-14_ses-2.set,6,847,batch_0013.npy
sub-14,sub-14_ses-2.set,7,848,batch_0013.npy
sub-14,sub-14_ses-2.set,8,849,batch_0013.npy
sub-14,sub-14_ses-2.set,9,850,batch_0013.npy
sub-14,sub-14_ses-2.set,10,851,batch_0013.npy
sub-14,sub-14_ses-2.set,11,852,batch_0013.npy
sub-14,sub-14_ses-2.set,12,853,batch_0013.npy
sub-14,sub-14_ses-2.set,13,854,batch_0013.npy
sub-14,sub-14_ses-2.set,14,855,batch_0013.npy
sub-14,sub-14_ses-2.set,15,856,batch_0013.npy
sub-14,sub-14_ses-2.set,16,857,batch_0013.npy
sub-14,sub-14_ses-2.set,17,858,batch_0013.npy
sub-14,sub-14_ses-2.set,18,859,batch_0013.npy
sub-14,sub-14_ses-2.set,19,860,batch_0013.npy
sub-14,sub-14_ses-2.set,20,861,batch_0013.npy
sub-14,sub-14_ses-2.set,21,862,batch_0013.npy
sub-14,sub-14_ses-2.set,22,863,batch_0013.npy
sub-14,sub-14_ses-2.set,23,864,batch_0013.npy
sub-14,sub-14_ses-2.set,24,865,batch_0013.npy
sub-14,sub-14_ses-2.set,25,866,batch_0013.npy
sub-14,sub-14_ses-2.set,26,867,batch_0013.npy
sub-14,sub-14_ses-2.set,27,868,batch_0013.npy
sub-14,sub-14_ses-2.set,28,869,batch_0013.npy
sub-14,sub-14_ses-2.set,29,870,batch_0013.npy
sub-14,sub-14_ses-2.set,30,871,batch_0013.npy
sub-14,sub-14_ses-2.set,31,872,batch_0013.npy
sub-14,sub-14_ses-2.set,32,873,batch_0013.npy
sub-14,sub-14_ses-2.set,33,874,batch_0013.npy
sub-14,sub-14_ses-2.set,34,875,batch_0013.npy
sub-14,sub-14_ses-2.set,35,876,batch_0013.npy
sub-14,sub-14_ses-2.set,36,877,batch_0013.npy
sub-14,sub-14_ses-2.set,37,878,batch_0013.npy
sub-14,sub-14_ses-2.set,38,879,batch_0013.npy
sub-14,sub-14_ses-2.set,39,880,batch_0013.npy
sub-14,sub-14_ses-2.set,40,881,batch_0013.npy
sub-14,sub-14_ses-2.set,41,882,batch_0013.npy
sub-14,sub-14_ses-2.set,42,883,batch_0013.npy
sub-14,sub-14_ses-2.set,43,884,batch_0013.npy
sub-14,sub-14_ses-2.set,44,885,batch_0013.npy
sub-14,sub-14_ses-2.set,45,886,batch_0013.npy
sub-14,sub-14_ses-2.set,46,887,batch_0013.npy
sub-14,sub-14_ses-2.set,47,888,batch_0013.npy
sub-14,sub-14_ses-2.set,48,889,batch_0013.npy
sub-14,sub-14_ses-2.set,49,890,batch_0013.npy
sub-14,sub-14_ses-2.set,50,891,batch_0013.npy
sub-14,sub-14_ses-2.set,51,892,batch_0013.npy
sub-14,sub-14_ses-2.set,52,893,batch_0013.npy
sub-14,sub-14_ses-2.set,53,894,batch_0013.npy
sub-14,sub-14_ses-2.set,54,895,batch_0013.npy
sub-14,sub-14_ses-2.set,55,896,batch_0013.npy
sub-14,sub-14_ses-2.set,56,897,batch_0013.npy
sub-14,sub-14_ses-2.set,57,898,batch_0013.npy
sub-14,sub-14_ses-2.set,58,899,batch_0013.npy
sub-14,sub-14_ses-2.set,59,900,batch_0013.npy
sub-14,sub-14_ses-2.set,60,901,batch_0013.npy
sub-14,sub-14_ses-2.set,61,902,batch_0013.npy
sub-14,sub-14_ses-2.set,62,903,batch_0013.npy
sub-14,sub-14_ses-2.set,63,904,batch_0013.npy
sub-14,sub-14_ses-2.set,64,905,batch_0013.npy
sub-14,sub-14_ses-2.set,65,906,batch_0013.npy
sub-14,sub-14_ses-2.set,66,907,batch_0013.npy
sub-14,sub-14_ses-2.set,67,908,batch_0013.npy
sub-14,sub-14_ses-2.set,68,909,batch_0013.npy
sub-14,sub-14_ses-2.set,69,910,batch_0013.npy
sub-15,sub-15_ses-2.set,0,911,batch_0014.npy
sub-15,sub-15_ses-2.set,1,912,batch_0014.npy
sub-15,sub-15_ses-2.set,2,913,batch_0014.npy
sub-15,sub-15_ses-2.set,3,914,batch_0014.npy
sub-15,sub-15_ses-2.set,4,915,batch_0014.npy
sub-15,sub-15_ses-2.set,5,916,batch_0014.npy
sub-15,sub-15_ses-2.set,6,917,batch_0014.npy
sub-15,sub-15_ses-2.set,7,918,batch_0014.npy
sub-15,sub-15_ses-2.set,8,919,batch_0014.npy
sub-15,sub-15_ses-2.set,9,920,batch_0014.npy
sub-15,sub-15_ses-2.set,10,921,batch_0014.npy
sub-15,sub-15_ses-2.set,11,922,batch_0014.npy
sub-15,sub-15_ses-2.set,12,923,batch_0014.npy
sub-15,sub-15_ses-2.set,13,924,batch_0014.npy
sub-15,sub-15_ses-2.set,14,925,batch_0014.npy
sub-15,sub-15_ses-2.set,15,926,batch_0014.npy
sub-15,sub-15_ses-2.set,16,927,batch_0014.npy
sub-15,sub-15_ses-2.set,17,928,batch_0014.npy
sub-15,sub-15_ses-2.set,18,929,batch_0014.npy
sub-15,sub-15_ses-2.set,19,930,batch_0014.npy
sub-15,sub-15_ses-2.set,20,931,batch_0014.npy
sub-15,sub-15_ses-2.set,21,932,batch_0014.npy
sub-15,sub-15_ses-2.set,22,933,batch_0014.npy
sub-15,sub-15_ses-2.set,23,934,batch_0014.npy
sub-15,sub-15_ses-2.set,24,935,batch_0014.npy
sub-15,sub-15_ses-2.set,25,936,batch_0014.npy
sub-15,sub-15_ses-2.set,26,937,batch_0014.npy
sub-15,sub-15_ses-2.set,27,938,batch_0014.npy
sub-15,sub-15_ses-2.set,28,939,batch_0014.npy
sub-15,sub-15_ses-2.set,29,940,batch_0014.npy
sub-15,sub-15_ses-2.set,30,941,batch_0014.npy
sub-15,sub-15_ses-2.set,31,942,batch_0014.npy
sub-15,sub-15_ses-2.set,32,943,batch_0014.npy
sub-15,sub-15_ses-2.set,33,944,batch_0014.npy
sub-15,sub-15_ses-2.set,34,945,batch_0014.npy
sub-15,sub-15_ses-2.set,35,946,batch_0014.npy
sub-15,sub-15_ses-2.set,36,947,batch_0014.npy
sub-15,sub-15_ses-2.set,37,948,batch_0014.npy
sub-15,sub-15_ses-2.set,38,949,batch_0014.npy
sub-15,sub-15_ses-2.set,39,950,batch_0014.npy
sub-15,sub-15_ses-2.set,40,951,batch_0014.npy
sub-15,sub-15_ses-2.set,41,952,batch_0014.npy
sub-15,sub-15_ses-2.set,42,953,batch_0014.npy
sub-15,sub-15_ses-2.set,43,954,batch_0014.npy
sub-15,sub-15_ses-2.set,44,955,batch_0014.npy
sub-15,sub-15_ses-2.set,45,956,batch_0014.npy
sub-15,sub-15_ses-2.set,46,957,batch_0014.npy
sub-15,sub-15_ses-2.set,47,958,batch_0014.npy
sub-15,sub-15_ses-2.set,48,959,batch_0014.npy
sub-15,sub-15_ses-2.set,49,960,batch_0014.npy
sub-15,sub-15_ses-2.set,50,961,batch_0014.npy
sub-15,sub-15_ses-2.set,51,962,batch_0014.npy
sub-15,sub-15_ses-2.set,52,963,batch_0014.npy
sub-15,sub-15_ses-2.set,53,964,batch_0014.npy
sub-15,sub-15_ses-2.set,54,965,batch_0014.npy
sub-15,sub-15_ses-2.set,55,966,batch_0014.npy
sub-15,sub-15_ses-2.set,56,967,batch_0014.npy
sub-15,sub-15_ses-2.set,57,968,batch_0014.npy
sub-15,sub-15_ses-2.set,58,969,batch_0014.npy
sub-15,sub-15_ses-2.set,59,970,batch_0014.npy
sub-15,sub-15_ses-2.set,60,971,batch_0014.npy
sub-15,sub-15_ses-2.set,61,972,batch_0014.npy
sub-15,sub-15_ses-2.set,62,973,batch_0014.npy
sub-15,sub-15_ses-2.set,63,974,batch_0014.npy
sub-15,sub-15_ses-2.set,64,975,batch_0014.npy
sub-15,sub-15_ses-2.set,65,976,batch_0014.npy
sub-15,sub-15_ses-2.set,66,977,batch_0014.npy
sub-15,sub-15_ses-2.set,67,978,batch_0014.npy
sub-15,sub-15_ses-2.set,68,979,batch_0014.npy
sub-15,sub-15_ses-2.set,69,980,batch_0014.npy
sub-15,sub-15_ses-2.set,70,981,batch_0014.npy
sub-15,sub-15_ses-2.set,71,982,batch_0014.npy
sub-15,sub-15_ses-2.set,72,983,batch_0014.npy
sub-16,sub-16_ses-2.set,0,984,batch_0015.npy
sub-16,sub-16_ses-2.set,1,985,batch_0015.npy
sub-16,sub-16_ses-2.set,2,986,batch_0015.npy
sub-16,sub-16_ses-2.set,3,987,batch_0015.npy
sub-16,sub-16_ses-2.set,4,988,batch_0015.npy
sub-16,sub-16_ses-2.set,5,989,batch_0015.npy
sub-16,sub-16_ses-2.set,6,990,batch_0015.npy
sub-16,sub-16_ses-2.set,7,991,batch_0015.npy
sub-16,sub-16_ses-2.set,8,992,batch_0015.npy
sub-16,sub-16_ses-2.set,9,993,batch_0015.npy
sub-16,sub-16_ses-2.set,10,994,batch_0015.npy
sub-16,sub-16_ses-2.set,11,995,batch_0015.npy
sub-16,sub-16_ses-2.set,12,996,batch_0015.npy
sub-16,sub-16_ses-2.set,13,997,batch_0015.npy
sub-16,sub-16_ses-2.set,14,998,batch_0015.npy
sub-16,sub-16_ses-2.set,15,999,batch_0015.npy
sub-16,sub-16_ses-2.set,16,1000,batch_0015.npy
sub-16,sub-16_ses-2.set,17,1001,batch_0015.npy
sub-16,sub-16_ses-2.set,18,1002,batch_0015.npy
sub-16,sub-16_ses-2.set,19,1003,batch_0015.npy
sub-16,sub-16_ses-2.set,20,1004,batch_0015.npy
sub-16,sub-16_ses-2.set,21,1005,batch_0015.npy
sub-16,sub-16_ses-2.set,22,1006,batch_0015.npy
sub-16,sub-16_ses-2.set,23,1007,batch_0015.npy
sub-16,sub-16_ses-2.set,24,1008,batch_0015.npy
sub-16,sub-16_ses-2.set,25,1009,batch_0015.npy
sub-16,sub-16_ses-2.set,26,1010,batch_0015.npy
sub-16,sub-16_ses-2.set,27,1011,batch_0015.npy
sub-16,sub-16_ses-2.set,28,1012,batch_0015.npy
sub-16,sub-16_ses-2.set,29,1013,batch_0015.npy
sub-16,sub-16_ses-2.set,30,1014,batch_0015.npy
sub-16,sub-16_ses-2.set,31,1015,batch_0015.npy
sub-16,sub-16_ses-2.set,32,1016,batch_0015.npy
sub-16,sub-16_ses-2.set,33,1017,batch_0015.npy
sub-16,sub-16_ses-2.set,34,1018,batch_0015.npy
sub-16,sub-16_ses-2.set,35,1019,batch_0015.npy
sub-16,sub-16_ses-2.set,36,1020,batch_0015.npy
sub-16,sub-16_ses-2.set,37,1021,batch_0015.npy
sub-16,sub-16_ses-2.set,38,1022,batch_0015.npy
sub-16,sub-16_ses-2.set,39,1023,batch_0015.npy
sub-16,sub-16_ses-2.set,40,1024,batch_0015.npy
sub-16,sub-16_ses-2.set,41,1025,batch_0015.npy
sub-16,sub-16_ses-2.set,42,1026,batch_0015.npy
sub-16,sub-16_ses-2.set,43,1027,batch_0015.npy
sub-16,sub-16_ses-2.set,44,1028,batch_0015.npy
sub-16,sub-16_ses-2.set,45,1029,batch_0015.npy
sub-16,sub-16_ses-2.set,46,1030,batch_0015.npy
sub-16,sub-16_ses-2.set,47,1031,batch_0015.npy
sub-16,sub-16_ses-2.set,48,1032,batch_0015.npy
sub-16,sub-16_ses-2.set,49,1033,batch_0015.npy
sub-16,sub-16_ses-2.set,50,1034,batch_0015.npy
sub-16,sub-16_ses-2.set,51,1035,batch_0015.npy
sub-16,sub-16_ses-2.set,52,1036,batch_0015.npy
sub-16,sub-16_ses-2.set,53,1037,batch_0015.npy
sub-16,sub-16_ses-2.set,54,1038,batch_0015.npy
sub-16,sub-16_ses-2.set,55,1039,batch_0015.npy
sub-16,sub-16_ses-2.set,56,1040,batch_0015.npy
sub-16,sub-16_ses-2.set,57,1041,batch_0015.npy
sub-16,sub-16_ses-2.set,58,1042,batch_0015.npy
sub-16,sub-16_ses-2.set,59,1043,batch_0015.npy
sub-16,sub-16_ses-2.set,60,1044,batch_0015.npy
sub-16,sub-16_ses-2.set,61,1045,batch_0015.npy
sub-16,sub-16_ses-2.set,62,1046,batch_0015.npy
sub-16,sub-16_ses-2.set,63,1047,batch_0015.npy
sub-16,sub-16_ses-2.set,64,1048,batch_0015.npy
sub-16,sub-16_ses-2.set,65,1049,batch_0015.npy
sub-16,sub-16_ses-2.set,66,1050,batch_0015.npy
sub-16,sub-16_ses-2.set,67,1051,batch_0015.npy
sub-16,sub-16_ses-2.set,68,1052,batch_0015.npy
sub-16,sub-16_ses-2.set,69,1053,batch_0015.npy
sub-16,sub-16_ses-2.set,70,1054,batch_0015.npy
sub-16,sub-16_ses-2.set,71,1055,batch_0015.npy
sub-16,sub-16_ses-2.set,72,1056,batch_0015.npy
sub-17,sub-17_ses-2.set,0,1057,batch_0016.npy
sub-17,sub-17_ses-2.set,1,1058,batch_0016.npy
sub-17,sub-17_ses-2.set,2,1059,batch_0016.npy
sub-17,sub-17_ses-2.set,3,1060,batch_0016.npy
sub-17,sub-17_ses-2.set,4,1061,batch_0016.npy
sub-17,sub-17_ses-2.set,5,1062,batch_0016.npy
sub-17,sub-17_ses-2.set,6,1063,batch_0016.npy
sub-17,sub-17_ses-2.set,7,1064,batch_0016.npy
sub-17,sub-17_ses-2.set,8,1065,batch_0016.npy
sub-17,sub-17_ses-2.set,9,1066,batch_0016.npy
sub-17,sub-17_ses-2.set,10,1067,batch_0016.npy
sub-17,sub-17_ses-2.set,11,1068,batch_0016.npy
sub-17,sub-17_ses-2.set,12,1069,batch_0016.npy
sub-17,sub-17_ses-2.set,13,1070,batch_0016.npy
sub-17,sub-17_ses-2.set,14,1071,batch_0016.npy
sub-17,sub-17_ses-2.set,15,1072,batch_0016.npy
sub-17,sub-17_ses-2.set,16,1073,batch_0016.npy
sub-17,sub-17_ses-2.set,17,1074,batch_0016.npy
sub-17,sub-17_ses-2.set,18,1075,batch_0016.npy
sub-17,sub-17_ses-2.set,19,1076,batch_0016.npy
sub-17,sub-17_ses-2.set,20,1077,batch_0016.npy
sub-17,sub-17_ses-2.set,21,1078,batch_0016.npy
sub-17,sub-17_ses-2.set,22,1079,batch_0016.npy
sub-17,sub-17_ses-2.set,23,1080,batch_0016.npy
sub-17,sub-17_ses-2.set,24,1081,batch_0016.npy
sub-17,sub-17_ses-2.set,25,1082,batch_0016.npy
sub-17,sub-17_ses-2.set,26,1083,batch_0016.npy
sub-17,sub-17_ses-2.set,27,1084,batch_0016.npy
sub-17,sub-17_ses-2.set,28,1085,batch_0016.npy
sub-17,sub-17_ses-2.set,29,1086,batch_0016.npy
sub-17,sub-17_ses-2.set,30,1087,batch_0016.npy
sub-17,sub-17_ses-2.set,31,1088,batch_0016.npy
sub-17,sub-17_ses-2.set,32,1089,batch_0016.npy
sub-17,sub-17_ses-2.set,33,1090,batch_0016.npy
sub-17,sub-17_ses-2.set,34,1091,batch_0016.npy
sub-17,sub-17_ses-2.set,35,1092,batch_0016.npy
sub-17,sub-17_ses-2.set,36,1093,batch_0016.npy
sub-17,sub-17_ses-2.set,37,1094,batch_0016.npy
sub-17,sub-17_ses-2.set,38,1095,batch_0016.npy
sub-17,sub-17_ses-2.set,39,1096,batch_0016.npy
sub-17,sub-17_ses-2.set,40,1097,batch_0016.npy
sub-17,sub-17_ses-2.set,41,1098,batch_0016.npy
sub-17,sub-17_ses-2.set,42,1099,batch_0016.npy
sub-17,sub-17_ses-2.set,43,1100,batch_0016.npy
sub-17,sub-17_ses-2.set,44,1101,batch_0016.npy
sub-17,sub-17_ses-2.set,45,1102,batch_0016.npy
sub-17,sub-17_ses-2.set,46,1103,batch_0016.npy
sub-17,sub-17_ses-2.set,47,1104,batch_0016.npy
sub-17,sub-17_ses-2.set,48,1105,batch_0016.npy
sub-17,sub-17_ses-2.set,49,1106,batch_0016.npy
sub-17,sub-17_ses-2.set,50,1107,batch_0016.npy
sub-17,sub-17_ses-2.set,51,1108,batch_0016.npy
sub-17,sub-17_ses-2.set,52,1109,batch_0016.npy
sub-17,sub-17_ses-2.set,53,1110,batch_0016.npy
sub-17,sub-17_ses-2.set,54,1111,batch_0016.npy
sub-17,sub-17_ses-2.set,55,1112,batch_0016.npy
sub-17,sub-17_ses-2.set,56,1113,batch_0016.npy
sub-17,sub-17_ses-2.set,57,1114,batch_0016.npy
sub-17,sub-17_ses-2.set,58,1115,batch_0016.npy
sub-17,sub-17_ses-2.set,59,1116,batch_0016.npy
sub-17,sub-17_ses-2.set,60,1117,batch_0016.npy
sub-17,sub-17_ses-2.set,61,1118,batch_0016.npy
sub-17,sub-17_ses-2.set,62,1119,batch_0016.npy
sub-17,sub-17_ses-2.set,63,1120,batch_0016.npy
sub-17,sub-17_ses-2.set,64,1121,batch_0016.npy
sub-17,sub-17_ses-2.set,65,1122,batch_0016.npy
sub-17,sub-17_ses-2.set,66,1123,batch_0016.npy
sub-17,sub-17_ses-2.set,67,1124,batch_0016.npy
sub-17,sub-17_ses-2.set,68,1125,batch_0016.npy
sub-17,sub-17_ses-2.set,69,1126,batch_0016.npy
sub-17,sub-17_ses-2.set,70,1127,batch_0016.npy
sub-17,sub-17_ses-2.set,71,1128,batch_0016.npy
sub-17,sub-17_ses-2.set,72,1129,batch_0016.npy
sub-18,sub-18_ses-2.set,0,1130,batch_0017.npy
sub-18,sub-18_ses-2.set,1,1131,batch_0017.npy
sub-18,sub-18_ses-2.set,2,1132,batch_0017.npy
sub-18,sub-18_ses-2.set,3,1133,batch_0017.npy
sub-18,sub-18_ses-2.set,4,1134,batch_0017.npy
sub-18,sub-18_ses-2.set,5,1135,batch_0017.npy
sub-18,sub-18_ses-2.set,6,1136,batch_0017.npy
sub-18,sub-18_ses-2.set,7,1137,batch_0017.npy
sub-18,sub-18_ses-2.set,8,1138,batch_0017.npy
sub-18,sub-18_ses-2.set,9,1139,batch_0017.npy
sub-18,sub-18_ses-2.set,10,1140,batch_0017.npy
sub-18,sub-18_ses-2.set,11,1141,batch_0017.npy
sub-18,sub-18_ses-2.set,12,1142,batch_0017.npy
sub-18,sub-18_ses-2.set,13,1143,batch_0017.npy
sub-18,sub-18_ses-2.set,14,1144,batch_0017.npy
sub-18,sub-18_ses-2.set,15,1145,batch_0017.npy
sub-18,sub-18_ses-2.set,16,1146,batch_0017.npy
sub-18,sub-18_ses-2.set,17,1147,batch_0017.npy
sub-18,sub-18_ses-2.set,18,1148,batch_0017.npy
sub-18,sub-18_ses-2.set,19,1149,batch_0017.npy
sub-18,sub-18_ses-2.set,20,1150,batch_0017.npy
sub-18,sub-18_ses-2.set,21,1151,batch_0017.npy
sub-18,sub-18_ses-2.set,22,1152,batch_0017.npy
sub-18,sub-18_ses-2.set,23,1153,batch_0017.npy
sub-18,sub-18_ses-2.set,24,1154,batch_0017.npy
sub-18,sub-18_ses-2.set,25,1155,batch_0017.npy
sub-18,sub-18_ses-2.set,26,1156,batch_0017.npy
sub-18,sub-18_ses-2.set,27,1157,batch_0017.npy
sub-18,sub-18_ses-2.set,28,1158,batch_0017.npy
sub-18,sub-18_ses-2.set,29,1159,batch_0017.npy
sub-18,sub-18_ses-2.set,30,1160,batch_0017.npy
sub-18,sub-18_ses-2.set,31,1161,batch_0017.npy
sub-18,sub-18_ses-2.set,32,1162,batch_0017.npy
sub-18,sub-18_ses-2.set,33,1163,batch_0017.npy
sub-18,sub-18_ses-2.set,34,1164,batch_0017.npy
sub-18,sub-18_ses-2.set,35,1165,batch_0017.npy
sub-18,sub-18_ses-2.set,36,1166,batch_0017.npy
sub-18,sub-18_ses-2.set,37,1167,batch_0017.npy
sub-18,sub-18_ses-2.set,38,1168,batch_0017.npy
sub-18,sub-18_ses-2.set,39,1169,batch_0017.npy
sub-18,sub-18_ses-2.set,40,1170,batch_0017.npy
sub-18,sub-18_ses-2.set,41,1171,batch_0017.npy
sub-18,sub-18_ses-2.set,42,1172,batch_0017.npy
sub-18,sub-18_ses-2.set,43,1173,batch_0017.npy
sub-18,sub-18_ses-2.set,44,1174,batch_0017.npy
sub-18,sub-18_ses-2.set,45,1175,batch_0017.npy
sub-18,sub-18_ses-2.set,46,1176,batch_0017.npy
sub-18,sub-18_ses-2.set,47,1177,batch_0017.npy
sub-18,sub-18_ses-2.set,48,1178,batch_0017.npy
sub-18,sub-18_ses-2.set,49,1179,batch_0017.npy
sub-18,sub-18_ses-2.set,50,1180,batch_0017.npy
sub-18,sub-18_ses-2.set,51,1181,batch_0017.npy
sub-18,sub-18_ses-2.set,52,1182,batch_0017.npy
sub-18,sub-18_ses-2.set,53,1183,batch_0017.npy
sub-18,sub-18_ses-2.set,54,1184,batch_0017.npy
sub-18,sub-18_ses-2.set,55,1185,batch_0017.npy
sub-18,sub-18_ses-2.set,56,1186,batch_0017.npy
sub-18,sub-18_ses-2.set,57,1187,batch_0017.npy
sub-18,sub-18_ses-2.set,58,1188,batch_0017.npy
sub-18,sub-18_ses-2.set,59,1189,batch_0017.npy
sub-18,sub-18_ses-2.set,60,1190,batch_0017.npy
sub-18,sub-18_ses-2.set,61,1191,batch_0017.npy
sub-18,sub-18_ses-2.set,62,1192,batch_0017.npy
sub-18,sub-18_ses-2.set,63,1193,batch_0017.npy
sub-18,sub-18_ses-2.set,64,1194,batch_0017.npy
sub-18,sub-18_ses-2.set,65,1195,batch_0017.npy
sub-18,sub-18_ses-2.set,66,1196,batch_0017.npy
sub-18,sub-18_ses-2.set,67,1197,batch_0017.npy
sub-18,sub-18_ses-2.set,68,1198,batch_0017.npy
sub-18,sub-18_ses-2.set,69,1199,batch_0017.npy
sub-19,sub-19_ses-2.set,0,1200,batch_0018.npy
sub-19,sub-19_ses-2.set,1,1201,batch_0018.npy
sub-19,sub-19_ses-2.set,2,1202,batch_0018.npy
sub-19,sub-19_ses-2.set,3,1203,batch_0018.npy
sub-19,sub-19_ses-2.set,4,1204,batch_0018.npy
sub-19,sub-19_ses-2.set,5,1205,batch_0018.npy
sub-19,sub-19_ses-2.set,6,1206,batch_0018.npy
sub-19,sub-19_ses-2.set,7,1207,batch_0018.npy
sub-19,sub-19_ses-2.set,8,1208,batch_0018.npy
sub-19,sub-19_ses-2.set,9,1209,batch_0018.npy
sub-19,sub-19_ses-2.set,10,1210,batch_0018.npy
sub-19,sub-19_ses-2.set,11,1211,batch_0018.npy
sub-19,sub-19_ses-2.set,12,1212,batch_0018.npy
sub-19,sub-19_ses-2.set,13,1213,batch_0018.npy
sub-19,sub-19_ses-2.set,14,1214,batch_0018.npy
sub-19,sub-19_ses-2.set,15,1215,batch_0018.npy
sub-19,sub-19_ses-2.set,16,1216,batch_0018.npy
sub-19,sub-19_ses-2.set,17,1217,batch_0018.npy
sub-19,sub-19_ses-2.set,18,1218,batch_0018.npy
sub-19,sub-19_ses-2.set,19,1219,batch_0018.npy
sub-19,sub-19_ses-2.set,20,1220,batch_0018.npy
sub-19,sub-19_ses-2.set,21,1221,batch_0018.npy
sub-19,sub-19_ses-2.set,22,1222,batch_0018.npy
sub-19,sub-19_ses-2.set,23,1223,batch_0018.npy
sub-19,sub-19_ses-2.set,24,1224,batch_0018.npy
sub-19,sub-19_ses-2.set,25,1225,batch_0018.npy
sub-19,sub-19_ses-2.set,26,1226,batch_0018.npy
sub-19,sub-19_ses-2.set,27,1227,batch_0018.npy
sub-19,sub-19_ses-2.set,28,1228,batch_0018.npy
sub-19,sub-19_ses-2.set,29,1229,batch_0018.npy
sub-19,sub-19_ses-2.set,30,1230,batch_0018.npy
sub-19,sub-19_ses-2.set,31,1231,batch_0018.npy
sub-19,sub-19_ses-2.set,32,1232,batch_0018.npy
sub-19,sub-19_ses-2.set,33,1233,batch_0018.npy
sub-19,sub-19_ses-2.set,34,1234,batch_0018.npy
sub-19,sub-19_ses-2.set,35,1235,batch_0018.npy
sub-19,sub-19_ses-2.set,36,1236,batch_0018.npy
sub-19,sub-19_ses-2.set,37,1237,batch_0018.npy
sub-19,sub-19_ses-2.set,38,1238,batch_0018.npy
sub-19,sub-19_ses-2.set,39,1239,batch_0018.npy
sub-19,sub-19_ses-2.set,40,1240,batch_0018.npy
sub-19,sub-19_ses-2.set,41,1241,batch_0018.npy
sub-19,sub-19_ses-2.set,42,1242,batch_0018.npy
sub-19,sub-19_ses-2.set,43,1243,batch_0018.npy
sub-19,sub-19_ses-2.set,44,1244,batch_0018.npy
sub-19,sub-19_ses-2.set,45,1245,batch_0018.npy
sub-19,sub-19_ses-2.set,46,1246,batch_0018.npy
sub-19,sub-19_ses-2.set,47,1247,batch_0018.npy
sub-19,sub-19_ses-2.set,48,1248,batch_0018.npy
sub-19,sub-19_ses-2.set,49,1249,batch_0018.npy
sub-19,sub-19_ses-2.set,50,1250,batch_0018.npy
sub-19,sub-19_ses-2.set,51,1251,batch_0018.npy
sub-19,sub-19_ses-2.set,52,1252,batch_0018.npy
sub-19,sub-19_ses-2.set,53,1253,batch_0018.npy
sub-19,sub-19_ses-2.set,54,1254,batch_0018.npy
sub-19,sub-19_ses-2.set,55,1255,batch_0018.npy
sub-19,sub-19_ses-2.set,56,1256,batch_0018.npy
sub-19,sub-19_ses-2.set,57,1257,batch_0018.npy
sub-19,sub-19_ses-2.set,58,1258,batch_0018.npy
sub-19,sub-19_ses-2.set,59,1259,batch_0018.npy
sub-19,sub-19_ses-2.set,60,1260,batch_0018.npy
sub-19,sub-19_ses-2.set,61,1261,batch_0018.npy
sub-19,sub-19_ses-2.set,62,1262,batch_0018.npy
sub-19,sub-19_ses-2.set,63,1263,batch_0018.npy
sub-19,sub-19_ses-2.set,64,1264,batch_0018.npy
sub-19,sub-19_ses-2.set,65,1265,batch_0018.npy
sub-19,sub-19_ses-2.set,66,1266,batch_0018.npy
sub-19,sub-19_ses-2.set,67,1267,batch_0018.npy
sub-19,sub-19_ses-2.set,68,1268,batch_0018.npy
sub-19,sub-19_ses-2.set,69,1269,batch_0018.npy
sub-19,sub-19_ses-2.set,70,1270,batch_0018.npy
sub-19,sub-19_ses-2.set,71,1271,batch_0018.npy
sub-20,sub-20_ses-2.set,0,1272,batch_0019.npy
sub-20,sub-20_ses-2.set,1,1273,batch_0019.npy
sub-20,sub-20_ses-2.set,2,1274,batch_0019.npy
sub-20,sub-20_ses-2.set,3,1275,batch_0019.npy
sub-20,sub-20_ses-2.set,4,1276,batch_0019.npy
sub-20,sub-20_ses-2.set,5,1277,batch_0019.npy
sub-20,sub-20_ses-2.set,6,1278,batch_0019.npy
sub-20,sub-20_ses-2.set,7,1279,batch_0019.npy
sub-20,sub-20_ses-2.set,8,1280,batch_0019.npy
sub-20,sub-20_ses-2.set,9,1281,batch_0019.npy
sub-20,sub-20_ses-2.set,10,1282,batch_0019.npy
sub-20,sub-20_ses-2.set,11,1283,batch_0019.npy
sub-20,sub-20_ses-2.set,12,1284,batch_0019.npy
sub-20,sub-20_ses-2.set,13,1285,batch_0019.npy
sub-20,sub-20_ses-2.set,14,1286,batch_0019.npy
sub-20,sub-20_ses-2.set,15,1287,batch_0019.npy
sub-20,sub-20_ses-2.set,16,1288,batch_0019.npy
sub-20,sub-20_ses-2.set,17,1289,batch_0019.npy
sub-20,sub-20_ses-2.set,18,1290,batch_0019.npy
sub-20,sub-20_ses-2.set,19,1291,batch_0019.npy
sub-20,sub-20_ses-2.set,20,1292,batch_0019.npy
sub-20,sub-20_ses-2.set,21,1293,batch_0019.npy
sub-20,sub-20_ses-2.set,22,1294,batch_0019.npy
sub-20,sub-20_ses-2.set,23,1295,batch_0019.npy
sub-20,sub-20_ses-2.set,24,1296,batch_0019.npy
sub-20,sub-20_ses-2.set,25,1297,batch_0019.npy
sub-20,sub-20_ses-2.set,26,1298,batch_0019.npy
sub-20,sub-20_ses-2.set,27,1299,batch_0019.npy
sub-20,sub-20_ses-2.set,28,1300,batch_0019.npy
sub-20,sub-20_ses-2.set,29,1301,batch_0019.npy
sub-20,sub-20_ses-2.set,30,1302,batch_0019.npy
sub-20,sub-20_ses-2.set,31,1303,batch_0019.npy
sub-20,sub-20_ses-2.set,32,1304,batch_0019.npy
sub-20,sub-20_ses-2.set,33,1305,batch_0019.npy
sub-20,sub-20_ses-2.set,34,1306,batch_0019.npy
sub-20,sub-20_ses-2.set,35,1307,batch_0019.npy
sub-20,sub-20_ses-2.set,36,1308,batch_0019.npy
sub-20,sub-20_ses-2.set,37,1309,batch_0019.npy
sub-20,sub-20_ses-2.set,38,1310,batch_0019.npy
sub-20,sub-20_ses-2.set,39,1311,batch_0019.npy
sub-20,sub-20_ses-2.set,40,1312,batch_0019.npy
sub-20,sub-20_ses-2.set,41,1313,batch_0019.npy
sub-20,sub-20_ses-2.set,42,1314,batch_0019.npy
sub-20,sub-20_ses-2.set,43,1315,batch_0019.npy
sub-20,sub-20_ses-2.set,44,1316,batch_0019.npy
sub-20,sub-20_ses-2.set,45,1317,batch_0019.npy
sub-20,sub-20_ses-2.set,46,1318,batch_0019.npy
sub-20,sub-20_ses-2.set,47,1319,batch_0019.npy
sub-20,sub-20_ses-2.set,48,1320,batch_0019.npy
sub-20,sub-20_ses-2.set,49,1321,batch_0019.npy
sub-20,sub-20_ses-2.set,50,1322,batch_0019.npy
sub-20,sub-20_ses-2.set,51,1323,batch_0019.npy
sub-20,sub-20_ses-2.set,52,1324,batch_0019.npy
sub-20,sub-20_ses-2.set,53,1325,batch_0019.npy
sub-20,sub-20_ses-2.set,54,1326,batch_0019.npy
sub-20,sub-20_ses-2.set,55,1327,batch_0019.npy
sub-20,sub-20_ses-2.set,56,1328,batch_0019.npy
sub-20,sub-20_ses-2.set,57,1329,batch_0019.npy
sub-20,sub-20_ses-2.set,58,1330,batch_0019.npy
sub-20,sub-20_ses-2.set,59,1331,batch_0019.npy
sub-20,sub-20_ses-2.set,60,1332,batch_0019.npy
sub-20,sub-20_ses-2.set,61,1333,batch_0019.npy
sub-20,sub-20_ses-2.set,62,1334,batch_0019.npy
sub-20,sub-20_ses-2.set,63,1335,batch_0019.npy
sub-20,sub-20_ses-2.set,64,1336,batch_0019.npy
sub-20,sub-20_ses-2.set,65,1337,batch_0019.npy
sub-20,sub-20_ses-2.set,66,1338,batch_0019.npy
sub-20,sub-20_ses-2.set,67,1339,batch_0019.npy
sub-20,sub-20_ses-2.set,68,1340,batch_0019.npy
sub-21,sub-21_ses-2.set,0,1341,batch_0020.npy
sub-21,sub-21_ses-2.set,1,1342,batch_0020.npy
sub-21,sub-21_ses-2.set,2,1343,batch_0020.npy
sub-21,sub-21_ses-2.set,3,1344,batch_0020.npy
sub-21,sub-21_ses-2.set,4,1345,batch_0020.npy
sub-21,sub-21_ses-2.set,5,1346,batch_0020.npy
sub-21,sub-21_ses-2.set,6,1347,batch_0020.npy
sub-21,sub-21_ses-2.set,7,1348,batch_0020.npy
sub-21,sub-21_ses-2.set,8,1349,batch_0020.npy
sub-21,sub-21_ses-2.set,9,1350,batch_0020.npy
sub-21,sub-21_ses-2.set,10,1351,batch_0020.npy
sub-21,sub-21_ses-2.set,11,1352,batch_0020.npy
sub-21,sub-21_ses-2.set,12,1353,batch_0020.npy
sub-21,sub-21_ses-2.set,13,1354,batch_0020.npy
sub-21,sub-21_ses-2.set,14,1355,batch_0020.npy
sub-21,sub-21_ses-2.set,15,1356,batch_0020.npy
sub-21,sub-21_ses-2.set,16,1357,batch_0020.npy
sub-21,sub-21_ses-2.set,17,1358,batch_0020.npy
sub-21,sub-21_ses-2.set,18,1359,batch_0020.npy
sub-21,sub-21_ses-2.set,19,1360,batch_0020.npy
sub-21,sub-21_ses-2.set,20,1361,batch_0020.npy
sub-21,sub-21_ses-2.set,21,1362,batch_0020.npy
sub-21,sub-21_ses-2.set,22,1363,batch_0020.npy
sub-21,sub-21_ses-2.set,23,1364,batch_0020.npy
sub-21,sub-21_ses-2.set,24,1365,batch_0020.npy
sub-21,sub-21_ses-2.set,25,1366,batch_0020.npy
sub-21,sub-21_ses-2.set,26,1367,batch_0020.npy
sub-21,sub-21_ses-2.set,27,1368,batch_0020.npy
sub-21,sub-21_ses-2.set,28,1369,batch_0020.npy
sub-21,sub-21_ses-2.set,29,1370,batch_0020.npy
sub-21,sub-21_ses-2.set,30,1371,batch_0020.npy
sub-21,sub-21_ses-2.set,31,1372,batch_0020.npy
sub-21,sub-21_ses-2.set,32,1373,batch_0020.npy
sub-21,sub-21_ses-2.set,33,1374,batch_0020.npy
sub-21,sub-21_ses-2.set,34,1375,batch_0020.npy
sub-21,sub-21_ses-2.set,35,1376,batch_0020.npy
sub-21,sub-21_ses-2.set,36,1377,batch_0020.npy
sub-21,sub-21_ses-2.set,37,1378,batch_0020.npy
sub-21,sub-21_ses-2.set,38,1379,batch_0020.npy
sub-21,sub-21_ses-2.set,39,1380,batch_0020.npy
sub-21,sub-21_ses-2.set,40,1381,batch_0020.npy
sub-21,sub-21_ses-2.set,41,1382,batch_0020.npy
sub-21,sub-21_ses-2.set,42,1383,batch_0020.npy
sub-21,sub-21_ses-2.set,43,1384,batch_0020.npy
sub-21,sub-21_ses-2.set,44,1385,batch_0020.npy
sub-21,sub-21_ses-2.set,45,1386,batch_0020.npy
sub-21,sub-21_ses-2.set,46,1387,batch_0020.npy
sub-21,sub-21_ses-2.set,47,1388,batch_0020.npy
sub-21,sub-21_ses-2.set,48,1389,batch_0020.npy
sub-21,sub-21_ses-2.set,49,1390,batch_0020.npy
sub-21,sub-21_ses-2.set,50,1391,batch_0020.npy
sub-21,sub-21_ses-2.set,51,1392,batch_0020.npy
sub-21,sub-21_ses-2.set,52,1393,batch_0020.npy
sub-21,sub-21_ses-2.set,53,1394,batch_0020.npy
sub-21,sub-21_ses-2.set,54,1395,batch_0020.npy
sub-21,sub-21_ses-2.set,55,1396,batch_0020.npy
sub-21,sub-21_ses-2.set,56,1397,batch_0020.npy
sub-21,sub-21_ses-2.set,57,1398,batch_0020.npy
sub-21,sub-21_ses-2.set,58,1399,batch_0020.npy
sub-21,sub-21_ses-2.set,59,1400,batch_0020.npy
sub-21,sub-21_ses-2.set,60,1401,batch_0020.npy
sub-21,sub-21_ses-2.set,61,1402,batch_0020.npy
sub-21,sub-21_ses-2.set,62,1403,batch_0020.npy
sub-21,sub-21_ses-2.set,63,1404,batch_0020.npy
sub-22,sub-22_ses-2.set,0,1405,batch_0021.npy
sub-22,sub-22_ses-2.set,1,1406,batch_0021.npy
sub-22,sub-22_ses-2.set,2,1407,batch_0021.npy
sub-22,sub-22_ses-2.set,3,1408,batch_0021.npy
sub-22,sub-22_ses-2.set,4,1409,batch_0021.npy
sub-22,sub-22_ses-2.set,5,1410,batch_0021.npy
sub-22,sub-22_ses-2.set,6,1411,batch_0021.npy
sub-22,sub-22_ses-2.set,7,1412,batch_0021.npy
sub-22,sub-22_ses-2.set,8,1413,batch_0021.npy
sub-22,sub-22_ses-2.set,9,1414,batch_0021.npy
sub-22,sub-22_ses-2.set,10,1415,batch_0021.npy
sub-22,sub-22_ses-2.set,11,1416,batch_0021.npy
sub-22,sub-22_ses-2.set,12,1417,batch_0021.npy
sub-22,sub-22_ses-2.set,13,1418,batch_0021.npy
sub-22,sub-22_ses-2.set,14,1419,batch_0021.npy
sub-22,sub-22_ses-2.set,15,1420,batch_0021.npy
sub-22,sub-22_ses-2.set,16,1421,batch_0021.npy
sub-22,sub-22_ses-2.set,17,1422,batch_0021.npy
sub-22,sub-22_ses-2.set,18,1423,batch_0021.npy
sub-22,sub-22_ses-2.set,19,1424,batch_0021.npy
sub-22,sub-22_ses-2.set,20,1425,batch_0021.npy
sub-22,sub-22_ses-2.set,21,1426,batch_0021.npy
sub-22,sub-22_ses-2.set,22,1427,batch_0021.npy
sub-22,sub-22_ses-2.set,23,1428,batch_0021.npy
sub-22,sub-22_ses-2.set,24,1429,batch_0021.npy
sub-22,sub-22_ses-2.set,25,1430,batch_0021.npy
sub-22,sub-22_ses-2.set,26,1431,batch_0021.npy
sub-22,sub-22_ses-2.set,27,1432,batch_0021.npy
sub-22,sub-22_ses-2.set,28,1433,batch_0021.npy
sub-22,sub-22_ses-2.set,29,1434,batch_0021.npy
sub-22,sub-22_ses-2.set,30,1435,batch_0021.npy
sub-22,sub-22_ses-2.set,31,1436,batch_0021.npy
sub-22,sub-22_ses-2.set,32,1437,batch_0021.npy
sub-22,sub-22_ses-2.set,33,1438,batch_0021.npy
sub-22,sub-22_ses-2.set,34,1439,batch_0021.npy
sub-22,sub-22_ses-2.set,35,1440,batch_0021.npy
sub-22,sub-22_ses-2.set,36,1441,batch_0021.npy
sub-22,sub-22_ses-2.set,37,1442,batch_0021.npy
sub-22,sub-22_ses-2.set,38,1443,batch_0021.npy
sub-22,sub-22_ses-2.set,39,1444,batch_0021.npy
sub-22,sub-22_ses-2.set,40,1445,batch_0021.npy
sub-22,sub-22_ses-2.set,41,1446,batch_0021.npy
sub-22,sub-22_ses-2.set,42,1447,batch_0021.npy
sub-22,sub-22_ses-2.set,43,1448,batch_0021.npy
sub-22,sub-22_ses-2.set,44,1449,batch_0021.npy
sub-22,sub-22_ses-2.set,45,1450,batch_0021.npy
sub-22,sub-22_ses-2.set,46,1451,batch_0021.npy
sub-22,sub-22_ses-2.set,47,1452,batch_0021.npy
sub-22,sub-22_ses-2.set,48,1453,batch_0021.npy
sub-22,sub-22_ses-2.set,49,1454,batch_0021.npy
sub-22,sub-22_ses-2.set,50,1455,batch_0021.npy
sub-22,sub-22_ses-2.set,51,1456,batch_0021.npy
sub-22,sub-22_ses-2.set,52,1457,batch_0021.npy
sub-22,sub-22_ses-2.set,53,1458,batch_0021.npy
sub-22,sub-22_ses-2.set,54,1459,batch_0021.npy
sub-22,sub-22_ses-2.set,55,1460,batch_0021.npy
sub-22,sub-22_ses-2.set,56,1461,batch_0021.npy
sub-22,sub-22_ses-2.set,57,1462,batch_0021.npy
sub-22,sub-22_ses-2.set,58,1463,batch_0021.npy
sub-22,sub-22_ses-2.set,59,1464,batch_0021.npy
sub-22,sub-22_ses-2.set,60,1465,batch_0021.npy
sub-22,sub-22_ses-2.set,61,1466,batch_0021.npy
sub-22,sub-22_ses-2.set,62,1467,batch_0021.npy
sub-22,sub-22_ses-2.set,63,1468,batch_0021.npy
sub-22,sub-22_ses-2.set,64,1469,batch_0021.npy
sub-22,sub-22_ses-2.set,65,1470,batch_0021.npy
sub-22,sub-22_ses-2.set,66,1471,batch_0021.npy
sub-22,sub-22_ses-2.set,67,1472,batch_0021.npy
sub-22,sub-22_ses-2.set,68,1473,batch_0021.npy
sub-22,sub-22_ses-2.set,69,1474,batch_0021.npy
sub-22,sub-22_ses-2.set,70,1475,batch_0021.npy
sub-22,sub-22_ses-2.set,71,1476,batch_0021.npy
sub-22,sub-22_ses-2.set,72,1477,batch_0021.npy
sub-23,sub-23_ses-2.set,0,1478,batch_0022.npy
sub-23,sub-23_ses-2.set,1,1479,batch_0022.npy
sub-23,sub-23_ses-2.set,2,1480,batch_0022.npy
sub-23,sub-23_ses-2.set,3,1481,batch_0022.npy
sub-23,sub-23_ses-2.set,4,1482,batch_0022.npy
sub-23,sub-23_ses-2.set,5,1483,batch_0022.npy
sub-23,sub-23_ses-2.set,6,1484,batch_0022.npy
sub-23,sub-23_ses-2.set,7,1485,batch_0022.npy
sub-23,sub-23_ses-2.set,8,1486,batch_0022.npy
sub-23,sub-23_ses-2.set,9,1487,batch_0022.npy
sub-23,sub-23_ses-2.set,10,1488,batch_0022.npy
sub-23,sub-23_ses-2.set,11,1489,batch_0022.npy
sub-23,sub-23_ses-2.set,12,1490,batch_0022.npy
sub-23,sub-23_ses-2.set,13,1491,batch_0022.npy
sub-23,sub-23_ses-2.set,14,1492,batch_0022.npy
sub-23,sub-23_ses-2.set,15,1493,batch_0022.npy
sub-23,sub-23_ses-2.set,16,1494,batch_0022.npy
sub-23,sub-23_ses-2.set,17,1495,batch_0022.npy
sub-23,sub-23_ses-2.set,18,1496,batch_0022.npy
sub-23,sub-23_ses-2.set,19,1497,batch_0022.npy
sub-23,sub-23_ses-2.set,20,1498,batch_0022.npy
sub-23,sub-23_ses-2.set,21,1499,batch_0022.npy
sub-23,sub-23_ses-2.set,22,1500,batch_0022.npy
sub-23,sub-23_ses-2.set,23,1501,batch_0022.npy
sub-23,sub-23_ses-2.set,24,1502,batch_0022.npy
sub-23,sub-23_ses-2.set,25,1503,batch_0022.npy
sub-23,sub-23_ses-2.set,26,1504,batch_0022.npy
sub-23,sub-23_ses-2.set,27,1505,batch_0022.npy
sub-23,sub-23_ses-2.set,28,1506,batch_0022.npy
sub-23,sub-23_ses-2.set,29,1507,batch_0022.npy
sub-23,sub-23_ses-2.set,30,1508,batch_0022.npy
sub-23,sub-23_ses-2.set,31,1509,batch_0022.npy
sub-23,sub-23_ses-2.set,32,1510,batch_0022.npy
sub-23,sub-23_ses-2.set,33,1511,batch_0022.npy
sub-23,sub-23_ses-2.set,34,1512,batch_0022.npy
sub-23,sub-23_ses-2.set,35,1513,batch_0022.npy
sub-23,sub-23_ses-2.set,36,1514,batch_0022.npy
sub-23,sub-23_ses-2.set,37,1515,batch_0022.npy
sub-23,sub-23_ses-2.set,38,1516,batch_0022.npy
sub-23,sub-23_ses-2.set,39,1517,batch_0022.npy
sub-23,sub-23_ses-2.set,40,1518,batch_0022.npy
sub-23,sub-23_ses-2.set,41,1519,batch_0022.npy
sub-23,sub-23_ses-2.set,42,1520,batch_0022.npy
sub-23,sub-23_ses-2.set,43,1521,batch_0022.npy
sub-23,sub-23_ses-2.set,44,1522,batch_0022.npy
sub-23,sub-23_ses-2.set,45,1523,batch_0022.npy
sub-23,sub-23_ses-2.set,46,1524,batch_0022.npy
sub-23,sub-23_ses-2.set,47,1525,batch_0022.npy
sub-23,sub-23_ses-2.set,48,1526,batch_0022.npy
sub-23,sub-23_ses-2.set,49,1527,batch_0022.npy
sub-23,sub-23_ses-2.set,50,1528,batch_0022.npy
sub-23,sub-23_ses-2.set,51,1529,batch_0022.npy
sub-23,sub-23_ses-2.set,52,1530,batch_0022.npy
sub-23,sub-23_ses-2.set,53,1531,batch_0022.npy
sub-23,sub-23_ses-2.set,54,1532,batch_0022.npy
sub-23,sub-23_ses-2.set,55,1533,batch_0022.npy
sub-23,sub-23_ses-2.set,56,1534,batch_0022.npy
sub-23,sub-23_ses-2.set,57,1535,batch_0022.npy
sub-23,sub-23_ses-2.set,58,1536,batch_0022.npy
sub-23,sub-23_ses-2.set,59,1537,batch_0022.npy
sub-23,sub-23_ses-2.set,60,1538,batch_0022.npy
sub-23,sub-23_ses-2.set,61,1539,batch_0022.npy
sub-23,sub-23_ses-2.set,62,1540,batch_0022.npy
sub-23,sub-23_ses-2.set,63,1541,batch_0022.npy
sub-23,sub-23_ses-2.set,64,1542,batch_0022.npy
sub-23,sub-23_ses-2.set,65,1543,batch_0022.npy
sub-23,sub-23_ses-2.set,66,1544,batch_0022.npy
sub-23,sub-23_ses-2.set,67,1545,batch_0022.npy
sub-23,sub-23_ses-2.set,68,1546,batch_0022.npy
sub-23,sub-23_ses-2.set,69,1547,batch_0022.npy
sub-23,sub-23_ses-2.set,70,1548,batch_0022.npy
sub-23,sub-23_ses-2.set,71,1549,batch_0022.npy
sub-23,sub-23_ses-2.set,72,1550,batch_0022.npy
sub-23,sub-23_ses-2.set,73,1551,batch_0022.npy
sub-24,sub-24_ses-2.set,0,1552,batch_0023.npy
sub-24,sub-24_ses-2.set,1,1553,batch_0023.npy
sub-24,sub-24_ses-2.set,2,1554,batch_0023.npy
sub-24,sub-24_ses-2.set,3,1555,batch_0023.npy
sub-24,sub-24_ses-2.set,4,1556,batch_0023.npy
sub-24,sub-24_ses-2.set,5,1557,batch_0023.npy
sub-24,sub-24_ses-2.set,6,1558,batch_0023.npy
sub-24,sub-24_ses-2.set,7,1559,batch_0023.npy
sub-24,sub-24_ses-2.set,8,1560,batch_0023.npy
sub-24,sub-24_ses-2.set,9,1561,batch_0023.npy
sub-24,sub-24_ses-2.set,10,1562,batch_0023.npy
sub-24,sub-24_ses-2.set,11,1563,batch_0023.npy
sub-24,sub-24_ses-2.set,12,1564,batch_0023.npy
sub-24,sub-24_ses-2.set,13,1565,batch_0023.npy
sub-24,sub-24_ses-2.set,14,1566,batch_0023.npy
sub-24,sub-24_ses-2.set,15,1567,batch_0023.npy
sub-24,sub-24_ses-2.set,16,1568,batch_0023.npy
sub-24,sub-24_ses-2.set,17,1569,batch_0023.npy
sub-24,sub-24_ses-2.set,18,1570,batch_0023.npy
sub-24,sub-24_ses-2.set,19,1571,batch_0023.npy
sub-24,sub-24_ses-2.set,20,1572,batch_0023.npy
sub-24,sub-24_ses-2.set,21,1573,batch_0023.npy
sub-24,sub-24_ses-2.set,22,1574,batch_0023.npy
sub-24,sub-24_ses-2.set,23,1575,batch_0023.npy
sub-24,sub-24_ses-2.set,24,1576,batch_0023.npy
sub-24,sub-24_ses-2.set,25,1577,batch_0023.npy
sub-24,sub-24_ses-2.set,26,1578,batch_0023.npy
sub-24,sub-24_ses-2.set,27,1579,batch_0023.npy
sub-24,sub-24_ses-2.set,28,1580,batch_0023.npy
sub-24,sub-24_ses-2.set,29,1581,batch_0023.npy
sub-24,sub-24_ses-2.set,30,1582,batch_0023.npy
sub-24,sub-24_ses-2.set,31,1583,batch_0023.npy
sub-24,sub-24_ses-2.set,32,1584,batch_0023.npy
sub-24,sub-24_ses-2.set,33,1585,batch_0023.npy
sub-24,sub-24_ses-2.set,34,1586,batch_0023.npy
sub-24,sub-24_ses-2.set,35,1587,batch_0023.npy
sub-24,sub-24_ses-2.set,36,1588,batch_0023.npy
sub-24,sub-24_ses-2.set,37,1589,batch_0023.npy
sub-24,sub-24_ses-2.set,38,1590,batch_0023.npy
sub-24,sub-24_ses-2.set,39,1591,batch_0023.npy
sub-24,sub-24_ses-2.set,40,1592,batch_0023.npy
sub-24,sub-24_ses-2.set,41,1593,batch_0023.npy
sub-24,sub-24_ses-2.set,42,1594,batch_0023.npy
sub-24,sub-24_ses-2.set,43,1595,batch_0023.npy
sub-24,sub-24_ses-2.set,44,1596,batch_0023.npy
sub-24,sub-24_ses-2.set,45,1597,batch_0023.npy
sub-24,sub-24_ses-2.set,46,1598,batch_0023.npy
sub-24,sub-24_ses-2.set,47,1599,batch_0023.npy
sub-24,sub-24_ses-2.set,48,1600,batch_0023.npy
sub-24,sub-24_ses-2.set,49,1601,batch_0023.npy
sub-24,sub-24_ses-2.set,50,1602,batch_0023.npy
sub-24,sub-24_ses-2.set,51,1603,batch_0023.npy
sub-24,sub-24_ses-2.set,52,1604,batch_0023.npy
sub-24,sub-24_ses-2.set,53,1605,batch_0023.npy
sub-24,sub-24_ses-2.set,54,1606,batch_0023.npy
sub-24,sub-24_ses-2.set,55,1607,batch_0023.npy
sub-24,sub-24_ses-2.set,56,1608,batch_0023.npy
sub-24,sub-24_ses-2.set,57,1609,batch_0023.npy
sub-24,sub-24_ses-2.set,58,1610,batch_0023.npy
sub-24,sub-24_ses-2.set,59,1611,batch_0023.npy
sub-24,sub-24_ses-2.set,60,1612,batch_0023.npy
sub-24,sub-24_ses-2.set,61,1613,batch_0023.npy
sub-24,sub-24_ses-2.set,62,1614,batch_0023.npy
sub-24,sub-24_ses-2.set,63,1615,batch_0023.npy
sub-24,sub-24_ses-2.set,64,1616,batch_0023.npy
sub-24,sub-24_ses-2.set,65,1617,batch_0023.npy
sub-24,sub-24_ses-2.set,66,1618,batch_0023.npy
sub-24,sub-24_ses-2.set,67,1619,batch_0023.npy
sub-24,sub-24_ses-2.set,68,1620,batch_0023.npy
sub-24,sub-24_ses-2.set,69,1621,batch_0023.npy
sub-25,sub-25_ses-2.set,0,1622,batch_0024.npy
sub-25,sub-25_ses-2.set,1,1623,batch_0024.npy
sub-25,sub-25_ses-2.set,2,1624,batch_0024.npy
sub-25,sub-25_ses-2.set,3,1625,batch_0024.npy
sub-25,sub-25_ses-2.set,4,1626,batch_0024.npy
sub-25,sub-25_ses-2.set,5,1627,batch_0024.npy
sub-25,sub-25_ses-2.set,6,1628,batch_0024.npy
sub-25,sub-25_ses-2.set,7,1629,batch_0024.npy
sub-25,sub-25_ses-2.set,8,1630,batch_0024.npy
sub-25,sub-25_ses-2.set,9,1631,batch_0024.npy
sub-25,sub-25_ses-2.set,10,1632,batch_0024.npy
sub-25,sub-25_ses-2.set,11,1633,batch_0024.npy
sub-25,sub-25_ses-2.set,12,1634,batch_0024.npy
sub-25,sub-25_ses-2.set,13,1635,batch_0024.npy
sub-25,sub-25_ses-2.set,14,1636,batch_0024.npy
sub-25,sub-25_ses-2.set,15,1637,batch_0024.npy
sub-25,sub-25_ses-2.set,16,1638,batch_0024.npy
sub-25,sub-25_ses-2.set,17,1639,batch_0024.npy
sub-25,sub-25_ses-2.set,18,1640,batch_0024.npy
sub-25,sub-25_ses-2.set,19,1641,batch_0024.npy
sub-25,sub-25_ses-2.set,20,1642,batch_0024.npy
sub-25,sub-25_ses-2.set,21,1643,batch_0024.npy
sub-25,sub-25_ses-2.set,22,1644,batch_0024.npy
sub-25,sub-25_ses-2.set,23,1645,batch_0024.npy
sub-25,sub-25_ses-2.set,24,1646,batch_0024.npy
sub-25,sub-25_ses-2.set,25,1647,batch_0024.npy
sub-25,sub-25_ses-2.set,26,1648,batch_0024.npy
sub-25,sub-25_ses-2.set,27,1649,batch_0024.npy
sub-25,sub-25_ses-2.set,28,1650,batch_0024.npy
sub-25,sub-25_ses-2.set,29,1651,batch_0024.npy
sub-25,sub-25_ses-2.set,30,1652,batch_0024.npy
sub-25,sub-25_ses-2.set,31,1653,batch_0024.npy
sub-25,sub-25_ses-2.set,32,1654,batch_0024.npy
sub-25,sub-25_ses-2.set,33,1655,batch_0024.npy
sub-25,sub-25_ses-2.set,34,1656,batch_0024.npy
sub-25,sub-25_ses-2.set,35,1657,batch_0024.npy
sub-25,sub-25_ses-2.set,36,1658,batch_0024.npy
sub-25,sub-25_ses-2.set,37,1659,batch_0024.npy
sub-25,sub-25_ses-2.set,38,1660,batch_0024.npy
sub-25,sub-25_ses-2.set,39,1661,batch_0024.npy
sub-25,sub-25_ses-2.set,40,1662,batch_0024.npy
sub-25,sub-25_ses-2.set,41,1663,batch_0024.npy
sub-25,sub-25_ses-2.set,42,1664,batch_0024.npy
sub-25,sub-25_ses-2.set,43,1665,batch_0024.npy
sub-25,sub-25_ses-2.set,44,1666,batch_0024.npy
sub-25,sub-25_ses-2.set,45,1667,batch_0024.npy
sub-25,sub-25_ses-2.set,46,1668,batch_0024.npy
sub-25,sub-25_ses-2.set,47,1669,batch_0024.npy
sub-25,sub-25_ses-2.set,48,1670,batch_0024.npy
sub-25,sub-25_ses-2.set,49,1671,batch_0024.npy
sub-25,sub-25_ses-2.set,50,1672,batch_0024.npy
sub-25,sub-25_ses-2.set,51,1673,batch_0024.npy
sub-25,sub-25_ses-2.set,52,1674,batch_0024.npy
sub-25,sub-25_ses-2.set,53,1675,batch_0024.npy
sub-25,sub-25_ses-2.set,54,1676,batch_0024.npy
sub-25,sub-25_ses-2.set,55,1677,batch_0024.npy
sub-25,sub-25_ses-2.set,56,1678,batch_0024.npy
sub-25,sub-25_ses-2.set,57,1679,batch_0024.npy
sub-25,sub-25_ses-2.set,58,1680,batch_0024.npy
sub-25,sub-25_ses-2.set,59,1681,batch_0024.npy
sub-25,sub-25_ses-2.set,60,1682,batch_0024.npy
sub-25,sub-25_ses-2.set,61,1683,batch_0024.npy
sub-25,sub-25_ses-2.set,62,1684,batch_0024.npy
sub-25,sub-25_ses-2.set,63,1685,batch_0024.npy
sub-25,sub-25_ses-2.set,64,1686,batch_0024.npy
sub-25,sub-25_ses-2.set,65,1687,batch_0024.npy
sub-25,sub-25_ses-2.set,66,1688,batch_0024.npy
sub-25,sub-25_ses-2.set,67,1689,batch_0024.npy
sub-25,sub-25_ses-2.set,68,1690,batch_0024.npy
sub-25,sub-25_ses-2.set,69,1691,batch_0024.npy
sub-25,sub-25_ses-2.set,70,1692,batch_0024.npy
sub-25,sub-25_ses-2.set,71,1693,batch_0024.npy
sub-25,sub-25_ses-2.set,72,1694,batch_0024.npy
sub-26,sub-26_ses-2.set,0,1695,batch_0025.npy
sub-26,sub-26_ses-2.set,1,1696,batch_0025.npy
sub-26,sub-26_ses-2.set,2,1697,batch_0025.npy
sub-26,sub-26_ses-2.set,3,1698,batch_0025.npy
sub-26,sub-26_ses-2.set,4,1699,batch_0025.npy
sub-26,sub-26_ses-2.set,5,1700,batch_0025.npy
sub-26,sub-26_ses-2.set,6,1701,batch_0025.npy
sub-26,sub-26_ses-2.set,7,1702,batch_0025.npy
sub-26,sub-26_ses-2.set,8,1703,batch_0025.npy
sub-26,sub-26_ses-2.set,9,1704,batch_0025.npy
sub-26,sub-26_ses-2.set,10,1705,batch_0025.npy
sub-26,sub-26_ses-2.set,11,1706,batch_0025.npy
sub-26,sub-26_ses-2.set,12,1707,batch_0025.npy
sub-26,sub-26_ses-2.set,13,1708,batch_0025.npy
sub-26,sub-26_ses-2.set,14,1709,batch_0025.npy
sub-26,sub-26_ses-2.set,15,1710,batch_0025.npy
sub-26,sub-26_ses-2.set,16,1711,batch_0025.npy
sub-26,sub-26_ses-2.set,17,1712,batch_0025.npy
sub-26,sub-26_ses-2.set,18,1713,batch_0025.npy
sub-26,sub-26_ses-2.set,19,1714,batch_0025.npy
sub-26,sub-26_ses-2.set,20,1715,batch_0025.npy
sub-26,sub-26_ses-2.set,21,1716,batch_0025.npy
sub-26,sub-26_ses-2.set,22,1717,batch_0025.npy
sub-26,sub-26_ses-2.set,23,1718,batch_0025.npy
sub-26,sub-26_ses-2.set,24,1719,batch_0025.npy
sub-26,sub-26_ses-2.set,25,1720,batch_0025.npy
sub-26,sub-26_ses-2.set,26,1721,batch_0025.npy
sub-26,sub-26_ses-2.set,27,1722,batch_0025.npy
sub-26,sub-26_ses-2.set,28,1723,batch_0025.npy
sub-26,sub-26_ses-2.set,29,1724,batch_0025.npy
sub-26,sub-26_ses-2.set,30,1725,batch_0025.npy
sub-26,sub-26_ses-2.set,31,1726,batch_0025.npy
sub-26,sub-26_ses-2.set,32,1727,batch_0025.npy
sub-26,sub-26_ses-2.set,33,1728,batch_0025.npy
sub-26,sub-26_ses-2.set,34,1729,batch_0025.npy
sub-26,sub-26_ses-2.set,35,1730,batch_0025.npy
sub-26,sub-26_ses-2.set,36,1731,batch_0025.npy
sub-26,sub-26_ses-2.set,37,1732,batch_0025.npy
sub-26,sub-26_ses-2.set,38,1733,batch_0025.npy
sub-26,sub-26_ses-2.set,39,1734,batch_0025.npy
sub-26,sub-26_ses-2.set,40,1735,batch_0025.npy
sub-26,sub-26_ses-2.set,41,1736,batch_0025.npy
sub-26,sub-26_ses-2.set,42,1737,batch_0025.npy
sub-26,sub-26_ses-2.set,43,1738,batch_0025.npy
sub-26,sub-26_ses-2.set,44,1739,batch_0025.npy
sub-26,sub-26_ses-2.set,45,1740,batch_0025.npy
sub-26,sub-26_ses-2.set,46,1741,batch_0025.npy
sub-26,sub-26_ses-2.set,47,1742,batch_0025.npy
sub-26,sub-26_ses-2.set,48,1743,batch_0025.npy
sub-26,sub-26_ses-2.set,49,1744,batch_0025.npy
sub-26,sub-26_ses-2.set,50,1745,batch_0025.npy
sub-26,sub-26_ses-2.set,51,1746,batch_0025.npy
sub-26,sub-26_ses-2.set,52,1747,batch_0025.npy
sub-26,sub-26_ses-2.set,53,1748,batch_0025.npy
sub-26,sub-26_ses-2.set,54,1749,batch_0025.npy
sub-26,sub-26_ses-2.set,55,1750,batch_0025.npy
sub-26,sub-26_ses-2.set,56,1751,batch_0025.npy
sub-26,sub-26_ses-2.set,57,1752,batch_0025.npy
sub-26,sub-26_ses-2.set,58,1753,batch_0025.npy
sub-26,sub-26_ses-2.set,59,1754,batch_0025.npy
sub-26,sub-26_ses-2.set,60,1755,batch_0025.npy
sub-26,sub-26_ses-2.set,61,1756,batch_0025.npy
sub-26,sub-26_ses-2.set,62,1757,batch_0025.npy
sub-26,sub-26_ses-2.set,63,1758,batch_0025.npy
sub-26,sub-26_ses-2.set,64,1759,batch_0025.npy
sub-26,sub-26_ses-2.set,65,1760,batch_0025.npy
sub-26,sub-26_ses-2.set,66,1761,batch_0025.npy
sub-26,sub-26_ses-2.set,67,1762,batch_0025.npy
sub-26,sub-26_ses-2.set,68,1763,batch_0025.npy
sub-26,sub-26_ses-2.set,69,1764,batch_0025.npy
sub-26,sub-26_ses-2.set,70,1765,batch_0025.npy
sub-26,sub-26_ses-2.set,71,1766,batch_0025.npy
sub-26,sub-26_ses-2.set,72,1767,batch_0025.npy
sub-26,sub-26_ses-2.set,73,1768,batch_0025.npy
sub-27,sub-27_ses-2.set,0,1769,batch_0026.npy
sub-27,sub-27_ses-2.set,1,1770,batch_0026.npy
sub-27,sub-27_ses-2.set,2,1771,batch_0026.npy
sub-27,sub-27_ses-2.set,3,1772,batch_0026.npy
sub-27,sub-27_ses-2.set,4,1773,batch_0026.npy
sub-27,sub-27_ses-2.set,5,1774,batch_0026.npy
sub-27,sub-27_ses-2.set,6,1775,batch_0026.npy
sub-27,sub-27_ses-2.set,7,1776,batch_0026.npy
sub-27,sub-27_ses-2.set,8,1777,batch_0026.npy
sub-27,sub-27_ses-2.set,9,1778,batch_0026.npy
sub-27,sub-27_ses-2.set,10,1779,batch_0026.npy
sub-27,sub-27_ses-2.set,11,1780,batch_0026.npy
sub-27,sub-27_ses-2.set,12,1781,batch_0026.npy
sub-27,sub-27_ses-2.set,13,1782,batch_0026.npy
sub-27,sub-27_ses-2.set,14,1783,batch_0026.npy
sub-27,sub-27_ses-2.set,15,1784,batch_0026.npy
sub-27,sub-27_ses-2.set,16,1785,batch_0026.npy
sub-27,sub-27_ses-2.set,17,1786,batch_0026.npy
sub-27,sub-27_ses-2.set,18,1787,batch_0026.npy
sub-27,sub-27_ses-2.set,19,1788,batch_0026.npy
sub-27,sub-27_ses-2.set,20,1789,batch_0026.npy
sub-27,sub-27_ses-2.set,21,1790,batch_0026.npy
sub-27,sub-27_ses-2.set,22,1791,batch_0026.npy
sub-27,sub-27_ses-2.set,23,1792,batch_0026.npy
sub-27,sub-27_ses-2.set,24,1793,batch_0026.npy
sub-27,sub-27_ses-2.set,25,1794,batch_0026.npy
sub-27,sub-27_ses-2.set,26,1795,batch_0026.npy
sub-27,sub-27_ses-2.set,27,1796,batch_0026.npy
sub-27,sub-27_ses-2.set,28,1797,batch_0026.npy
sub-27,sub-27_ses-2.set,29,1798,batch_0026.npy
sub-27,sub-27_ses-2.set,30,1799,batch_0026.npy
sub-27,sub-27_ses-2.set,31,1800,batch_0026.npy
sub-27,sub-27_ses-2.set,32,1801,batch_0026.npy
sub-27,sub-27_ses-2.set,33,1802,batch_0026.npy
sub-27,sub-27_ses-2.set,34,1803,batch_0026.npy
sub-27,sub-27_ses-2.set,35,1804,batch_0026.npy
sub-27,sub-27_ses-2.set,36,1805,batch_0026.npy
sub-27,sub-27_ses-2.set,37,1806,batch_0026.npy
sub-27,sub-27_ses-2.set,38,1807,batch_0026.npy
sub-27,sub-27_ses-2.set,39,1808,batch_0026.npy
sub-27,sub-27_ses-2.set,40,1809,batch_0026.npy
sub-27,sub-27_ses-2.set,41,1810,batch_0026.npy
sub-27,sub-27_ses-2.set,42,1811,batch_0026.npy
sub-27,sub-27_ses-2.set,43,1812,batch_0026.npy
sub-27,sub-27_ses-2.set,44,1813,batch_0026.npy
sub-27,sub-27_ses-2.set,45,1814,batch_0026.npy
sub-27,sub-27_ses-2.set,46,1815,batch_0026.npy
sub-27,sub-27_ses-2.set,47,1816,batch_0026.npy
sub-27,sub-27_ses-2.set,48,1817,batch_0026.npy
sub-27,sub-27_ses-2.set,49,1818,batch_0026.npy
sub-27,sub-27_ses-2.set,50,1819,batch_0026.npy
sub-27,sub-27_ses-2.set,51,1820,batch_0026.npy
sub-27,sub-27_ses-2.set,52,1821,batch_0026.npy
sub-27,sub-27_ses-2.set,53,1822,batch_0026.npy
sub-27,sub-27_ses-2.set,54,1823,batch_0026.npy
sub-27,sub-27_ses-2.set,55,1824,batch_0026.npy
sub-27,sub-27_ses-2.set,56,1825,batch_0026.npy
sub-27,sub-27_ses-2.set,57,1826,batch_0026.npy
sub-27,sub-27_ses-2.set,58,1827,batch_0026.npy
sub-27,sub-27_ses-2.set,59,1828,batch_0026.npy
sub-27,sub-27_ses-2.set,60,1829,batch_0026.npy
sub-27,sub-27_ses-2.set,61,1830,batch_0026.npy
sub-27,sub-27_ses-2.set,62,1831,batch_0026.npy
sub-27,sub-27_ses-2.set,63,1832,batch_0026.npy
sub-27,sub-27_ses-2.set,64,1833,batch_0026.npy
sub-27,sub-27_ses-2.set,65,1834,batch_0026.npy
sub-27,sub-27_ses-2.set,66,1835,batch_0026.npy
sub-27,sub-27_ses-2.set,67,1836,batch_0026.npy
sub-27,sub-27_ses-2.set,68,1837,batch_0026.npy
sub-27,sub-27_ses-2.set,69,1838,batch_0026.npy
sub-27,sub-27_ses-2.set,70,1839,batch_0026.npy
sub-27,sub-27_ses-2.set,71,1840,batch_0026.npy
sub-27,sub-27_ses-2.set,72,1841,batch_0026.npy
sub-27,sub-27_ses-2.set,73,1842,batch_0026.npy
sub-28,sub-28_ses-2.set,0,1843,batch_0027.npy
sub-28,sub-28_ses-2.set,1,1844,batch_0027.npy
sub-28,sub-28_ses-2.set,2,1845,batch_0027.npy
sub-28,sub-28_ses-2.set,3,1846,batch_0027.npy
sub-28,sub-28_ses-2.set,4,1847,batch_0027.npy
sub-28,sub-28_ses-2.set,5,1848,batch_0027.npy
sub-28,sub-28_ses-2.set,6,1849,batch_0027.npy
sub-28,sub-28_ses-2.set,7,1850,batch_0027.npy
sub-28,sub-28_ses-2.set,8,1851,batch_0027.npy
sub-28,sub-28_ses-2.set,9,1852,batch_0027.npy
sub-28,sub-28_ses-2.set,10,1853,batch_0027.npy
sub-28,sub-28_ses-2.set,11,1854,batch_0027.npy
sub-28,sub-28_ses-2.set,12,1855,batch_0027.npy
sub-28,sub-28_ses-2.set,13,1856,batch_0027.npy
sub-28,sub-28_ses-2.set,14,1857,batch_0027.npy
sub-28,sub-28_ses-2.set,15,1858,batch_0027.npy
sub-28,sub-28_ses-2.set,16,1859,batch_0027.npy
sub-28,sub-28_ses-2.set,17,1860,batch_0027.npy
sub-28,sub-28_ses-2.set,18,1861,batch_0027.npy
sub-28,sub-28_ses-2.set,19,1862,batch_0027.npy
sub-28,sub-28_ses-2.set,20,1863,batch_0027.npy
sub-28,sub-28_ses-2.set,21,1864,batch_0027.npy
sub-28,sub-28_ses-2.set,22,1865,batch_0027.npy
sub-28,sub-28_ses-2.set,23,1866,batch_0027.npy
sub-28,sub-28_ses-2.set,24,1867,batch_0027.npy
sub-28,sub-28_ses-2.set,25,1868,batch_0027.npy
sub-28,sub-28_ses-2.set,26,1869,batch_0027.npy
sub-28,sub-28_ses-2.set,27,1870,batch_0027.npy
sub-28,sub-28_ses-2.set,28,1871,batch_0027.npy
sub-28,sub-28_ses-2.set,29,1872,batch_0027.npy
sub-28,sub-28_ses-2.set,30,1873,batch_0027.npy
sub-28,sub-28_ses-2.set,31,1874,batch_0027.npy
sub-28,sub-28_ses-2.set,32,1875,batch_0027.npy
sub-28,sub-28_ses-2.set,33,1876,batch_0027.npy
sub-28,sub-28_ses-2.set,34,1877,batch_0027.npy
sub-28,sub-28_ses-2.set,35,1878,batch_0027.npy
sub-28,sub-28_ses-2.set,36,1879,batch_0027.npy
sub-28,sub-28_ses-2.set,37,1880,batch_0027.npy
sub-28,sub-28_ses-2.set,38,1881,batch_0027.npy
sub-28,sub-28_ses-2.set,39,1882,batch_0027.npy
sub-28,sub-28_ses-2.set,40,1883,batch_0027.npy
sub-28,sub-28_ses-2.set,41,1884,batch_0027.npy
sub-28,sub-28_ses-2.set,42,1885,batch_0027.npy
sub-28,sub-28_ses-2.set,43,1886,batch_0027.npy
sub-28,sub-28_ses-2.set,44,1887,batch_0027.npy
sub-28,sub-28_ses-2.set,45,1888,batch_0027.npy
sub-28,sub-28_ses-2.set,46,1889,batch_0027.npy
sub-28,sub-28_ses-2.set,47,1890,batch_0027.npy
sub-28,sub-28_ses-2.set,48,1891,batch_0027.npy
sub-28,sub-28_ses-2.set,49,1892,batch_0027.npy
sub-28,sub-28_ses-2.set,50,1893,batch_0027.npy
sub-28,sub-28_ses-2.set,51,1894,batch_0027.npy
sub-28,sub-28_ses-2.set,52,1895,batch_0027.npy
sub-28,sub-28_ses-2.set,53,1896,batch_0027.npy
sub-28,sub-28_ses-2.set,54,1897,batch_0027.npy
sub-28,sub-28_ses-2.set,55,1898,batch_0027.npy
sub-28,sub-28_ses-2.set,56,1899,batch_0027.npy
sub-28,sub-28_ses-2.set,57,1900,batch_0027.npy
sub-29,sub-29_ses-2.set,0,1901,batch_0028.npy
sub-29,sub-29_ses-2.set,1,1902,batch_0028.npy
sub-29,sub-29_ses-2.set,2,1903,batch_0028.npy
sub-29,sub-29_ses-2.set,3,1904,batch_0028.npy
sub-29,sub-29_ses-2.set,4,1905,batch_0028.npy
sub-29,sub-29_ses-2.set,5,1906,batch_0028.npy
sub-29,sub-29_ses-2.set,6,1907,batch_0028.npy
sub-29,sub-29_ses-2.set,7,1908,batch_0028.npy
sub-29,sub-29_ses-2.set,8,1909,batch_0028.npy
sub-29,sub-29_ses-2.set,9,1910,batch_0028.npy
sub-29,sub-29_ses-2.set,10,1911,batch_0028.npy
sub-29,sub-29_ses-2.set,11,1912,batch_0028.npy
sub-29,sub-29_ses-2.set,12,1913,batch_0028.npy
sub-29,sub-29_ses-2.set,13,1914,batch_0028.npy
sub-29,sub-29_ses-2.set,14,1915,batch_0028.npy
sub-29,sub-29_ses-2.set,15,1916,batch_0028.npy
sub-29,sub-29_ses-2.set,16,1917,batch_0028.npy
sub-29,sub-29_ses-2.set,17,1918,batch_0028.npy
sub-29,sub-29_ses-2.set,18,1919,batch_0028.npy
sub-29,sub-29_ses-2.set,19,1920,batch_0028.npy
sub-29,sub-29_ses-2.set,20,1921,batch_0028.npy
sub-29,sub-29_ses-2.set,21,1922,batch_0028.npy
sub-29,sub-29_ses-2.set,22,1923,batch_0028.npy
sub-29,sub-29_ses-2.set,23,1924,batch_0028.npy
sub-29,sub-29_ses-2.set,24,1925,batch_0028.npy
sub-29,sub-29_ses-2.set,25,1926,batch_0028.npy
sub-29,sub-29_ses-2.set,26,1927,batch_0028.npy
sub-29,sub-29_ses-2.set,27,1928,batch_0028.npy
sub-29,sub-29_ses-2.set,28,1929,batch_0028.npy
sub-29,sub-29_ses-2.set,29,1930,batch_0028.npy
sub-29,sub-29_ses-2.set,30,1931,batch_0028.npy
sub-29,sub-29_ses-2.set,31,1932,batch_0028.npy
sub-29,sub-29_ses-2.set,32,1933,batch_0028.npy
sub-29,sub-29_ses-2.set,33,1934,batch_0028.npy
sub-29,sub-29_ses-2.set,34,1935,batch_0028.npy
sub-29,sub-29_ses-2.set,35,1936,batch_0028.npy
sub-29,sub-29_ses-2.set,36,1937,batch_0028.npy
sub-29,sub-29_ses-2.set,37,1938,batch_0028.npy
sub-29,sub-29_ses-2.set,38,1939,batch_0028.npy
sub-29,sub-29_ses-2.set,39,1940,batch_0028.npy
sub-29,sub-29_ses-2.set,40,1941,batch_0028.npy
sub-29,sub-29_ses-2.set,41,1942,batch_0028.npy
sub-29,sub-29_ses-2.set,42,1943,batch_0028.npy
sub-29,sub-29_ses-2.set,43,1944,batch_0028.npy
sub-29,sub-29_ses-2.set,44,1945,batch_0028.npy
sub-29,sub-29_ses-2.set,45,1946,batch_0028.npy
sub-29,sub-29_ses-2.set,46,1947,batch_0028.npy
sub-29,sub-29_ses-2.set,47,1948,batch_0028.npy
sub-29,sub-29_ses-2.set,48,1949,batch_0028.npy
sub-29,sub-29_ses-2.set,49,1950,batch_0028.npy
sub-29,sub-29_ses-2.set,50,1951,batch_0028.npy
sub-29,sub-29_ses-2.set,51,1952,batch_0028.npy
sub-29,sub-29_ses-2.set,52,1953,batch_0028.npy
sub-29,sub-29_ses-2.set,53,1954,batch_0028.npy
sub-29,sub-29_ses-2.set,54,1955,batch_0028.npy
sub-29,sub-29_ses-2.set,55,1956,batch_0028.npy
sub-29,sub-29_ses-2.set,56,1957,batch_0028.npy
sub-29,sub-29_ses-2.set,57,1958,batch_0028.npy
sub-29,sub-29_ses-2.set,58,1959,batch_0028.npy
sub-29,sub-29_ses-2.set,59,1960,batch_0028.npy
sub-29,sub-29_ses-2.set,60,1961,batch_0028.npy
sub-29,sub-29_ses-2.set,61,1962,batch_0028.npy
sub-29,sub-29_ses-2.set,62,1963,batch_0028.npy
sub-29,sub-29_ses-2.set,63,1964,batch_0028.npy
sub-29,sub-29_ses-2.set,64,1965,batch_0028.npy
sub-29,sub-29_ses-2.set,65,1966,batch_0028.npy
sub-29,sub-29_ses-2.set,66,1967,batch_0028.npy
sub-29,sub-29_ses-2.set,67,1968,batch_0028.npy
sub-29,sub-29_ses-2.set,68,1969,batch_0028.npy
sub-29,sub-29_ses-2.set,69,1970,batch_0028.npy
sub-29,sub-29_ses-2.set,70,1971,batch_0028.npy
sub-29,sub-29_ses-2.set,71,1972,batch_0028.npy
sub-29,sub-29_ses-2.set,72,1973,batch_0028.npy
sub-29,sub-29_ses-2.set,73,1974,batch_0028.npy
sub-30,sub-30_ses-2.set,0,1975,batch_0029.npy
sub-30,sub-30_ses-2.set,1,1976,batch_0029.npy
sub-30,sub-30_ses-2.set,2,1977,batch_0029.npy
sub-30,sub-30_ses-2.set,3,1978,batch_0029.npy
sub-30,sub-30_ses-2.set,4,1979,batch_0029.npy
sub-30,sub-30_ses-2.set,5,1980,batch_0029.npy
sub-30,sub-30_ses-2.set,6,1981,batch_0029.npy
sub-30,sub-30_ses-2.set,7,1982,batch_0029.npy
sub-30,sub-30_ses-2.set,8,1983,batch_0029.npy
sub-30,sub-30_ses-2.set,9,1984,batch_0029.npy
sub-30,sub-30_ses-2.set,10,1985,batch_0029.npy
sub-30,sub-30_ses-2.set,11,1986,batch_0029.npy
sub-30,sub-30_ses-2.set,12,1987,batch_0029.npy
sub-30,sub-30_ses-2.set,13,1988,batch_0029.npy
sub-30,sub-30_ses-2.set,14,1989,batch_0029.npy
sub-30,sub-30_ses-2.set,15,1990,batch_0029.npy
sub-30,sub-30_ses-2.set,16,1991,batch_0029.npy
sub-30,sub-30_ses-2.set,17,1992,batch_0029.npy
sub-30,sub-30_ses-2.set,18,1993,batch_0029.npy
sub-30,sub-30_ses-2.set,19,1994,batch_0029.npy
sub-30,sub-30_ses-2.set,20,1995,batch_0029.npy
sub-30,sub-30_ses-2.set,21,1996,batch_0029.npy
sub-30,sub-30_ses-2.set,22,1997,batch_0029.npy
sub-30,sub-30_ses-2.set,23,1998,batch_0029.npy
sub-30,sub-30_ses-2.set,24,1999,batch_0029.npy
sub-30,sub-30_ses-2.set,25,2000,batch_0029.npy
sub-30,sub-30_ses-2.set,26,2001,batch_0029.npy
sub-30,sub-30_ses-2.set,27,2002,batch_0029.npy
sub-30,sub-30_ses-2.set,28,2003,batch_0029.npy
sub-30,sub-30_ses-2.set,29,2004,batch_0029.npy
sub-30,sub-30_ses-2.set,30,2005,batch_0029.npy
sub-30,sub-30_ses-2.set,31,2006,batch_0029.npy
sub-30,sub-30_ses-2.set,32,2007,batch_0029.npy
sub-30,sub-30_ses-2.set,33,2008,batch_0029.npy
sub-30,sub-30_ses-2.set,34,2009,batch_0029.npy
sub-30,sub-30_ses-2.set,35,2010,batch_0029.npy
sub-30,sub-30_ses-2.set,36,2011,batch_0029.npy
sub-30,sub-30_ses-2.set,37,2012,batch_0029.npy
sub-30,sub-30_ses-2.set,38,2013,batch_0029.npy
sub-30,sub-30_ses-2.set,39,2014,batch_0029.npy
sub-30,sub-30_ses-2.set,40,2015,batch_0029.npy
sub-30,sub-30_ses-2.set,41,2016,batch_0029.npy
sub-30,sub-30_ses-2.set,42,2017,batch_0029.npy
sub-30,sub-30_ses-2.set,43,2018,batch_0029.npy
sub-30,sub-30_ses-2.set,44,2019,batch_0029.npy
sub-30,sub-30_ses-2.set,45,2020,batch_0029.npy
sub-30,sub-30_ses-2.set,46,2021,batch_0029.npy
sub-30,sub-30_ses-2.set,47,2022,batch_0029.npy
sub-30,sub-30_ses-2.set,48,2023,batch_0029.npy
sub-30,sub-30_ses-2.set,49,2024,batch_0029.npy
sub-30,sub-30_ses-2.set,50,2025,batch_0029.npy
sub-30,sub-30_ses-2.set,51,2026,batch_0029.npy
sub-30,sub-30_ses-2.set,52,2027,batch_0029.npy
sub-30,sub-30_ses-2.set,53,2028,batch_0029.npy
sub-30,sub-30_ses-2.set,54,2029,batch_0029.npy
sub-30,sub-30_ses-2.set,55,2030,batch_0029.npy
sub-30,sub-30_ses-2.set,56,2031,batch_0029.npy
sub-30,sub-30_ses-2.set,57,2032,batch_0029.npy
sub-30,sub-30_ses-2.set,58,2033,batch_0029.npy
sub-30,sub-30_ses-2.set,59,2034,batch_0029.npy
sub-30,sub-30_ses-2.set,60,2035,batch_0029.npy
sub-30,sub-30_ses-2.set,61,2036,batch_0029.npy
sub-30,sub-30_ses-2.set,62,2037,batch_0029.npy
sub-30,sub-30_ses-2.set,63,2038,batch_0029.npy
sub-30,sub-30_ses-2.set,64,2039,batch_0029.npy
sub-30,sub-30_ses-2.set,65,2040,batch_0029.npy
sub-30,sub-30_ses-2.set,66,2041,batch_0029.npy
sub-30,sub-30_ses-2.set,67,2042,batch_0029.npy
sub-30,sub-30_ses-2.set,68,2043,batch_0029.npy
sub-30,sub-30_ses-2.set,69,2044,batch_0029.npy
sub-30,sub-30_ses-2.set,70,2045,batch_0029.npy
sub-30,sub-30_ses-2.set,71,2046,batch_0029.npy
sub-30,sub-30_ses-2.set,72,2047,batch_0029.npy
sub-31,sub-31_ses-2.set,0,2048,batch_0030.npy
sub-31,sub-31_ses-2.set,1,2049,batch_0030.npy
sub-31,sub-31_ses-2.set,2,2050,batch_0030.npy
sub-31,sub-31_ses-2.set,3,2051,batch_0030.npy
sub-31,sub-31_ses-2.set,4,2052,batch_0030.npy
sub-31,sub-31_ses-2.set,5,2053,batch_0030.npy
sub-31,sub-31_ses-2.set,6,2054,batch_0030.npy
sub-31,sub-31_ses-2.set,7,2055,batch_0030.npy
sub-31,sub-31_ses-2.set,8,2056,batch_0030.npy
sub-31,sub-31_ses-2.set,9,2057,batch_0030.npy
sub-31,sub-31_ses-2.set,10,2058,batch_0030.npy
sub-31,sub-31_ses-2.set,11,2059,batch_0030.npy
sub-31,sub-31_ses-2.set,12,2060,batch_0030.npy
sub-31,sub-31_ses-2.set,13,2061,batch_0030.npy
sub-31,sub-31_ses-2.set,14,2062,batch_0030.npy
sub-31,sub-31_ses-2.set,15,2063,batch_0030.npy
sub-31,sub-31_ses-2.set,16,2064,batch_0030.npy
sub-31,sub-31_ses-2.set,17,2065,batch_0030.npy
sub-31,sub-31_ses-2.set,18,2066,batch_0030.npy
sub-31,sub-31_ses-2.set,19,2067,batch_0030.npy
sub-31,sub-31_ses-2.set,20,2068,batch_0030.npy
sub-31,sub-31_ses-2.set,21,2069,batch_0030.npy
sub-31,sub-31_ses-2.set,22,2070,batch_0030.npy
sub-31,sub-31_ses-2.set,23,2071,batch_0030.npy
sub-31,sub-31_ses-2.set,24,2072,batch_0030.npy
sub-31,sub-31_ses-2.set,25,2073,batch_0030.npy
sub-31,sub-31_ses-2.set,26,2074,batch_0030.npy
sub-31,sub-31_ses-2.set,27,2075,batch_0030.npy
sub-31,sub-31_ses-2.set,28,2076,batch_0030.npy
sub-31,sub-31_ses-2.set,29,2077,batch_0030.npy
sub-31,sub-31_ses-2.set,30,2078,batch_0030.npy
sub-31,sub-31_ses-2.set,31,2079,batch_0030.npy
sub-31,sub-31_ses-2.set,32,2080,batch_0030.npy
sub-31,sub-31_ses-2.set,33,2081,batch_0030.npy
sub-31,sub-31_ses-2.set,34,2082,batch_0030.npy
sub-31,sub-31_ses-2.set,35,2083,batch_0030.npy
sub-31,sub-31_ses-2.set,36,2084,batch_0030.npy
sub-31,sub-31_ses-2.set,37,2085,batch_0030.npy
sub-31,sub-31_ses-2.set,38,2086,batch_0030.npy
sub-31,sub-31_ses-2.set,39,2087,batch_0030.npy
sub-31,sub-31_ses-2.set,40,2088,batch_0030.npy
sub-31,sub-31_ses-2.set,41,2089,batch_0030.npy
sub-31,sub-31_ses-2.set,42,2090,batch_0030.npy
sub-31,sub-31_ses-2.set,43,2091,batch_0030.npy
sub-31,sub-31_ses-2.set,44,2092,batch_0030.npy
sub-31,sub-31_ses-2.set,45,2093,batch_0030.npy
sub-31,sub-31_ses-2.set,46,2094,batch_0030.npy
sub-31,sub-31_ses-2.set,47,2095,batch_0030.npy
sub-31,sub-31_ses-2.set,48,2096,batch_0030.npy
sub-31,sub-31_ses-2.set,49,2097,batch_0030.npy
sub-31,sub-31_ses-2.set,50,2098,batch_0030.npy
sub-31,sub-31_ses-2.set,51,2099,batch_0030.npy
sub-31,sub-31_ses-2.set,52,2100,batch_0030.npy
sub-31,sub-31_ses-2.set,53,2101,batch_0030.npy
sub-31,sub-31_ses-2.set,54,2102,batch_0030.npy
sub-31,sub-31_ses-2.set,55,2103,batch_0030.npy
sub-31,sub-31_ses-2.set,56,2104,batch_0030.npy
sub-31,sub-31_ses-2.set,57,2105,batch_0030.npy
sub-31,sub-31_ses-2.set,58,2106,batch_0030.npy
sub-31,sub-31_ses-2.set,59,2107,batch_0030.npy
sub-31,sub-31_ses-2.set,60,2108,batch_0030.npy
sub-31,sub-31_ses-2.set,61,2109,batch_0030.npy
sub-31,sub-31_ses-2.set,62,2110,batch_0030.npy
sub-31,sub-31_ses-2.set,63,2111,batch_0030.npy
sub-31,sub-31_ses-2.set,64,2112,batch_0030.npy
sub-31,sub-31_ses-2.set,65,2113,batch_0030.npy
sub-31,sub-31_ses-2.set,66,2114,batch_0030.npy
sub-31,sub-31_ses-2.set,67,2115,batch_0030.npy
sub-31,sub-31_ses-2.set,68,2116,batch_0030.npy
sub-31,sub-31_ses-2.set,69,2117,batch_0030.npy
sub-31,sub-31_ses-2.set,70,2118,batch_0030.npy
sub-32,sub-32_ses-2.set,0,2119,batch_0031.npy
sub-32,sub-32_ses-2.set,1,2120,batch_0031.npy
sub-32,sub-32_ses-2.set,2,2121,batch_0031.npy
sub-32,sub-32_ses-2.set,3,2122,batch_0031.npy
sub-32,sub-32_ses-2.set,4,2123,batch_0031.npy
sub-32,sub-32_ses-2.set,5,2124,batch_0031.npy
sub-32,sub-32_ses-2.set,6,2125,batch_0031.npy
sub-32,sub-32_ses-2.set,7,2126,batch_0031.npy
sub-32,sub-32_ses-2.set,8,2127,batch_0031.npy
sub-32,sub-32_ses-2.set,9,2128,batch_0031.npy
sub-32,sub-32_ses-2.set,10,2129,batch_0031.npy
sub-32,sub-32_ses-2.set,11,2130,batch_0031.npy
sub-32,sub-32_ses-2.set,12,2131,batch_0031.npy
sub-32,sub-32_ses-2.set,13,2132,batch_0031.npy
sub-32,sub-32_ses-2.set,14,2133,batch_0031.npy
sub-32,sub-32_ses-2.set,15,2134,batch_0031.npy
sub-32,sub-32_ses-2.set,16,2135,batch_0031.npy
sub-32,sub-32_ses-2.set,17,2136,batch_0031.npy
sub-32,sub-32_ses-2.set,18,2137,batch_0031.npy
sub-32,sub-32_ses-2.set,19,2138,batch_0031.npy
sub-32,sub-32_ses-2.set,20,2139,batch_0031.npy
sub-32,sub-32_ses-2.set,21,2140,batch_0031.npy
sub-32,sub-32_ses-2.set,22,2141,batch_0031.npy
sub-32,sub-32_ses-2.set,23,2142,batch_0031.npy
sub-32,sub-32_ses-2.set,24,2143,batch_0031.npy
sub-32,sub-32_ses-2.set,25,2144,batch_0031.npy
sub-32,sub-32_ses-2.set,26,2145,batch_0031.npy
sub-32,sub-32_ses-2.set,27,2146,batch_0031.npy
sub-32,sub-32_ses-2.set,28,2147,batch_0031.npy
sub-32,sub-32_ses-2.set,29,2148,batch_0031.npy
sub-32,sub-32_ses-2.set,30,2149,batch_0031.npy
sub-32,sub-32_ses-2.set,31,2150,batch_0031.npy
sub-32,sub-32_ses-2.set,32,2151,batch_0031.npy
sub-32,sub-32_ses-2.set,33,2152,batch_0031.npy
sub-32,sub-32_ses-2.set,34,2153,batch_0031.npy
sub-32,sub-32_ses-2.set,35,2154,batch_0031.npy
sub-32,sub-32_ses-2.set,36,2155,batch_0031.npy
sub-32,sub-32_ses-2.set,37,2156,batch_0031.npy
sub-32,sub-32_ses-2.set,38,2157,batch_0031.npy
sub-32,sub-32_ses-2.set,39,2158,batch_0031.npy
sub-32,sub-32_ses-2.set,40,2159,batch_0031.npy
sub-32,sub-32_ses-2.set,41,2160,batch_0031.npy
sub-32,sub-32_ses-2.set,42,2161,batch_0031.npy
sub-32,sub-32_ses-2.set,43,2162,batch_0031.npy
sub-32,sub-32_ses-2.set,44,2163,batch_0031.npy
sub-32,sub-32_ses-2.set,45,2164,batch_0031.npy
sub-32,sub-32_ses-2.set,46,2165,batch_0031.npy
sub-32,sub-32_ses-2.set,47,2166,batch_0031.npy
sub-32,sub-32_ses-2.set,48,2167,batch_0031.npy
sub-32,sub-32_ses-2.set,49,2168,batch_0031.npy
sub-32,sub-32_ses-2.set,50,2169,batch_0031.npy
sub-32,sub-32_ses-2.set,51,2170,batch_0031.npy
sub-32,sub-32_ses-2.set,52,2171,batch_0031.npy
sub-32,sub-32_ses-2.set,53,2172,batch_0031.npy
sub-32,sub-32_ses-2.set,54,2173,batch_0031.npy
sub-32,sub-32_ses-2.set,55,2174,batch_0031.npy
sub-32,sub-32_ses-2.set,56,2175,batch_0031.npy
sub-32,sub-32_ses-2.set,57,2176,batch_0031.npy
sub-32,sub-32_ses-2.set,58,2177,batch_0031.npy
sub-32,sub-32_ses-2.set,59,2178,batch_0031.npy
sub-32,sub-32_ses-2.set,60,2179,batch_0031.npy
sub-32,sub-32_ses-2.set,61,2180,batch_0031.npy
sub-32,sub-32_ses-2.set,62,2181,batch_0031.npy
sub-32,sub-32_ses-2.set,63,2182,batch_0031.npy
sub-32,sub-32_ses-2.set,64,2183,batch_0031.npy
sub-32,sub-32_ses-2.set,65,2184,batch_0031.npy
sub-32,sub-32_ses-2.set,66,2185,batch_0031.npy
sub-32,sub-32_ses-2.set,67,2186,batch_0031.npy
sub-32,sub-32_ses-2.set,68,2187,batch_0031.npy
sub-32,sub-32_ses-2.set,69,2188,batch_0031.npy
sub-32,sub-32_ses-2.set,70,2189,batch_0031.npy
sub-33,sub-33_ses-2.set,0,2190,batch_0032.npy
sub-33,sub-33_ses-2.set,1,2191,batch_0032.npy
sub-33,sub-33_ses-2.set,2,2192,batch_0032.npy
sub-33,sub-33_ses-2.set,3,2193,batch_0032.npy
sub-33,sub-33_ses-2.set,4,2194,batch_0032.npy
sub-33,sub-33_ses-2.set,5,2195,batch_0032.npy
sub-33,sub-33_ses-2.set,6,2196,batch_0032.npy
sub-33,sub-33_ses-2.set,7,2197,batch_0032.npy
sub-33,sub-33_ses-2.set,8,2198,batch_0032.npy
sub-33,sub-33_ses-2.set,9,2199,batch_0032.npy
sub-33,sub-33_ses-2.set,10,2200,batch_0032.npy
sub-33,sub-33_ses-2.set,11,2201,batch_0032.npy
sub-33,sub-33_ses-2.set,12,2202,batch_0032.npy
sub-33,sub-33_ses-2.set,13,2203,batch_0032.npy
sub-33,sub-33_ses-2.set,14,2204,batch_0032.npy
sub-33,sub-33_ses-2.set,15,2205,batch_0032.npy
sub-33,sub-33_ses-2.set,16,2206,batch_0032.npy
sub-33,sub-33_ses-2.set,17,2207,batch_0032.npy
sub-33,sub-33_ses-2.set,18,2208,batch_0032.npy
sub-33,sub-33_ses-2.set,19,2209,batch_0032.npy
sub-33,sub-33_ses-2.set,20,2210,batch_0032.npy
sub-33,sub-33_ses-2.set,21,2211,batch_0032.npy
sub-33,sub-33_ses-2.set,22,2212,batch_0032.npy
sub-33,sub-33_ses-2.set,23,2213,batch_0032.npy
sub-33,sub-33_ses-2.set,24,2214,batch_0032.npy
sub-33,sub-33_ses-2.set,25,2215,batch_0032.npy
sub-33,sub-33_ses-2.set,26,2216,batch_0032.npy
sub-33,sub-33_ses-2.set,27,2217,batch_0032.npy
sub-33,sub-33_ses-2.set,28,2218,batch_0032.npy
sub-33,sub-33_ses-2.set,29,2219,batch_0032.npy
sub-33,sub-33_ses-2.set,30,2220,batch_0032.npy
sub-33,sub-33_ses-2.set,31,2221,batch_0032.npy
sub-33,sub-33_ses-2.set,32,2222,batch_0032.npy
sub-33,sub-33_ses-2.set,33,2223,batch_0032.npy
sub-33,sub-33_ses-2.set,34,2224,batch_0032.npy
sub-33,sub-33_ses-2.set,35,2225,batch_0032.npy
sub-33,sub-33_ses-2.set,36,2226,batch_0032.npy
sub-33,sub-33_ses-2.set,37,2227,batch_0032.npy
sub-33,sub-33_ses-2.set,38,2228,batch_0032.npy
sub-33,sub-33_ses-2.set,39,2229,batch_0032.npy
sub-33,sub-33_ses-2.set,40,2230,batch_0032.npy
sub-33,sub-33_ses-2.set,41,2231,batch_0032.npy
sub-33,sub-33_ses-2.set,42,2232,batch_0032.npy
sub-33,sub-33_ses-2.set,43,2233,batch_0032.npy
sub-33,sub-33_ses-2.set,44,2234,batch_0032.npy
sub-33,sub-33_ses-2.set,45,2235,batch_0032.npy
sub-33,sub-33_ses-2.set,46,2236,batch_0032.npy
sub-33,sub-33_ses-2.set,47,2237,batch_0032.npy
sub-33,sub-33_ses-2.set,48,2238,batch_0032.npy
sub-33,sub-33_ses-2.set,49,2239,batch_0032.npy
sub-33,sub-33_ses-2.set,50,2240,batch_0032.npy
sub-33,sub-33_ses-2.set,51,2241,batch_0032.npy
sub-33,sub-33_ses-2.set,52,2242,batch_0032.npy
sub-33,sub-33_ses-2.set,53,2243,batch_0032.npy
sub-33,sub-33_ses-2.set,54,2244,batch_0032.npy
sub-33,sub-33_ses-2.set,55,2245,batch_0032.npy
sub-33,sub-33_ses-2.set,56,2246,batch_0032.npy
sub-33,sub-33_ses-2.set,57,2247,batch_0032.npy
sub-33,sub-33_ses-2.set,58,2248,batch_0032.npy
sub-33,sub-33_ses-2.set,59,2249,batch_0032.npy
sub-33,sub-33_ses-2.set,60,2250,batch_0032.npy
sub-33,sub-33_ses-2.set,61,2251,batch_0032.npy
sub-33,sub-33_ses-2.set,62,2252,batch_0032.npy
sub-33,sub-33_ses-2.set,63,2253,batch_0032.npy
sub-33,sub-33_ses-2.set,64,2254,batch_0032.npy
sub-33,sub-33_ses-2.set,65,2255,batch_0032.npy
sub-33,sub-33_ses-2.set,66,2256,batch_0032.npy
sub-33,sub-33_ses-2.set,67,2257,batch_0032.npy
sub-33,sub-33_ses-2.set,68,2258,batch_0032.npy
sub-33,sub-33_ses-2.set,69,2259,batch_0032.npy
sub-33,sub-33_ses-2.set,70,2260,batch_0032.npy
sub-33,sub-33_ses-2.set,71,2261,batch_0032.npy
sub-34,sub-34_ses-2.set,0,2262,batch_0033.npy
sub-34,sub-34_ses-2.set,1,2263,batch_0033.npy
sub-34,sub-34_ses-2.set,2,2264,batch_0033.npy
sub-34,sub-34_ses-2.set,3,2265,batch_0033.npy
sub-34,sub-34_ses-2.set,4,2266,batch_0033.npy
sub-34,sub-34_ses-2.set,5,2267,batch_0033.npy
sub-34,sub-34_ses-2.set,6,2268,batch_0033.npy
sub-34,sub-34_ses-2.set,7,2269,batch_0033.npy
sub-34,sub-34_ses-2.set,8,2270,batch_0033.npy
sub-34,sub-34_ses-2.set,9,2271,batch_0033.npy
sub-34,sub-34_ses-2.set,10,2272,batch_0033.npy
sub-34,sub-34_ses-2.set,11,2273,batch_0033.npy
sub-34,sub-34_ses-2.set,12,2274,batch_0033.npy
sub-34,sub-34_ses-2.set,13,2275,batch_0033.npy
sub-34,sub-34_ses-2.set,14,2276,batch_0033.npy
sub-34,sub-34_ses-2.set,15,2277,batch_0033.npy
sub-34,sub-34_ses-2.set,16,2278,batch_0033.npy
sub-34,sub-34_ses-2.set,17,2279,batch_0033.npy
sub-34,sub-34_ses-2.set,18,2280,batch_0033.npy
sub-34,sub-34_ses-2.set,19,2281,batch_0033.npy
sub-34,sub-34_ses-2.set,20,2282,batch_0033.npy
sub-34,sub-34_ses-2.set,21,2283,batch_0033.npy
sub-34,sub-34_ses-2.set,22,2284,batch_0033.npy
sub-34,sub-34_ses-2.set,23,2285,batch_0033.npy
sub-34,sub-34_ses-2.set,24,2286,batch_0033.npy
sub-34,sub-34_ses-2.set,25,2287,batch_0033.npy
sub-34,sub-34_ses-2.set,26,2288,batch_0033.npy
sub-34,sub-34_ses-2.set,27,2289,batch_0033.npy
sub-34,sub-34_ses-2.set,28,2290,batch_0033.npy
sub-34,sub-34_ses-2.set,29,2291,batch_0033.npy
sub-34,sub-34_ses-2.set,30,2292,batch_0033.npy
sub-34,sub-34_ses-2.set,31,2293,batch_0033.npy
sub-34,sub-34_ses-2.set,32,2294,batch_0033.npy
sub-34,sub-34_ses-2.set,33,2295,batch_0033.npy
sub-34,sub-34_ses-2.set,34,2296,batch_0033.npy
sub-34,sub-34_ses-2.set,35,2297,batch_0033.npy
sub-34,sub-34_ses-2.set,36,2298,batch_0033.npy
sub-34,sub-34_ses-2.set,37,2299,batch_0033.npy
sub-34,sub-34_ses-2.set,38,2300,batch_0033.npy
sub-34,sub-34_ses-2.set,39,2301,batch_0033.npy
sub-34,sub-34_ses-2.set,40,2302,batch_0033.npy
sub-34,sub-34_ses-2.set,41,2303,batch_0033.npy
sub-34,sub-34_ses-2.set,42,2304,batch_0033.npy
sub-34,sub-34_ses-2.set,43,2305,batch_0033.npy
sub-34,sub-34_ses-2.set,44,2306,batch_0033.npy
sub-34,sub-34_ses-2.set,45,2307,batch_0033.npy
sub-34,sub-34_ses-2.set,46,2308,batch_0033.npy
sub-34,sub-34_ses-2.set,47,2309,batch_0033.npy
sub-34,sub-34_ses-2.set,48,2310,batch_0033.npy
sub-34,sub-34_ses-2.set,49,2311,batch_0033.npy
sub-34,sub-34_ses-2.set,50,2312,batch_0033.npy
sub-34,sub-34_ses-2.set,51,2313,batch_0033.npy
sub-34,sub-34_ses-2.set,52,2314,batch_0033.npy
sub-34,sub-34_ses-2.set,53,2315,batch_0033.npy
sub-34,sub-34_ses-2.set,54,2316,batch_0033.npy
sub-34,sub-34_ses-2.set,55,2317,batch_0033.npy
sub-34,sub-34_ses-2.set,56,2318,batch_0033.npy
sub-34,sub-34_ses-2.set,57,2319,batch_0033.npy
sub-34,sub-34_ses-2.set,58,2320,batch_0033.npy
sub-34,sub-34_ses-2.set,59,2321,batch_0033.npy
sub-34,sub-34_ses-2.set,60,2322,batch_0033.npy
sub-34,sub-34_ses-2.set,61,2323,batch_0033.npy
sub-34,sub-34_ses-2.set,62,2324,batch_0033.npy
sub-34,sub-34_ses-2.set,63,2325,batch_0033.npy
sub-34,sub-34_ses-2.set,64,2326,batch_0033.npy
sub-34,sub-34_ses-2.set,65,2327,batch_0033.npy
sub-34,sub-34_ses-2.set,66,2328,batch_0033.npy
sub-34,sub-34_ses-2.set,67,2329,batch_0033.npy
sub-34,sub-34_ses-2.set,68,2330,batch_0033.npy
sub-34,sub-34_ses-2.set,69,2331,batch_0033.npy
sub-34,sub-34_ses-2.set,70,2332,batch_0033.npy
sub-34,sub-34_ses-2.set,71,2333,batch_0033.npy
sub-34,sub-34_ses-2.set,72,2334,batch_0033.npy
sub-35,sub-35_ses-2.set,0,2335,batch_0034.npy
sub-35,sub-35_ses-2.set,1,2336,batch_0034.npy
sub-35,sub-35_ses-2.set,2,2337,batch_0034.npy
sub-35,sub-35_ses-2.set,3,2338,batch_0034.npy
sub-35,sub-35_ses-2.set,4,2339,batch_0034.npy
sub-35,sub-35_ses-2.set,5,2340,batch_0034.npy
sub-35,sub-35_ses-2.set,6,2341,batch_0034.npy
sub-35,sub-35_ses-2.set,7,2342,batch_0034.npy
sub-35,sub-35_ses-2.set,8,2343,batch_0034.npy
sub-35,sub-35_ses-2.set,9,2344,batch_0034.npy
sub-35,sub-35_ses-2.set,10,2345,batch_0034.npy
sub-35,sub-35_ses-2.set,11,2346,batch_0034.npy
sub-35,sub-35_ses-2.set,12,2347,batch_0034.npy
sub-35,sub-35_ses-2.set,13,2348,batch_0034.npy
sub-35,sub-35_ses-2.set,14,2349,batch_0034.npy
sub-35,sub-35_ses-2.set,15,2350,batch_0034.npy
sub-35,sub-35_ses-2.set,16,2351,batch_0034.npy
sub-35,sub-35_ses-2.set,17,2352,batch_0034.npy
sub-35,sub-35_ses-2.set,18,2353,batch_0034.npy
sub-35,sub-35_ses-2.set,19,2354,batch_0034.npy
sub-35,sub-35_ses-2.set,20,2355,batch_0034.npy
sub-35,sub-35_ses-2.set,21,2356,batch_0034.npy
sub-35,sub-35_ses-2.set,22,2357,batch_0034.npy
sub-35,sub-35_ses-2.set,23,2358,batch_0034.npy
sub-35,sub-35_ses-2.set,24,2359,batch_0034.npy
sub-35,sub-35_ses-2.set,25,2360,batch_0034.npy
sub-35,sub-35_ses-2.set,26,2361,batch_0034.npy
sub-35,sub-35_ses-2.set,27,2362,batch_0034.npy
sub-35,sub-35_ses-2.set,28,2363,batch_0034.npy
sub-35,sub-35_ses-2.set,29,2364,batch_0034.npy
sub-35,sub-35_ses-2.set,30,2365,batch_0034.npy
sub-35,sub-35_ses-2.set,31,2366,batch_0034.npy
sub-35,sub-35_ses-2.set,32,2367,batch_0034.npy
sub-35,sub-35_ses-2.set,33,2368,batch_0034.npy
sub-35,sub-35_ses-2.set,34,2369,batch_0034.npy
sub-35,sub-35_ses-2.set,35,2370,batch_0034.npy
sub-35,sub-35_ses-2.set,36,2371,batch_0034.npy
sub-35,sub-35_ses-2.set,37,2372,batch_0034.npy
sub-35,sub-35_ses-2.set,38,2373,batch_0034.npy
sub-35,sub-35_ses-2.set,39,2374,batch_0034.npy
sub-35,sub-35_ses-2.set,40,2375,batch_0034.npy
sub-35,sub-35_ses-2.set,41,2376,batch_0034.npy
sub-35,sub-35_ses-2.set,42,2377,batch_0034.npy
sub-35,sub-35_ses-2.set,43,2378,batch_0034.npy
sub-35,sub-35_ses-2.set,44,2379,batch_0034.npy
sub-35,sub-35_ses-2.set,45,2380,batch_0034.npy
sub-35,sub-35_ses-2.set,46,2381,batch_0034.npy
sub-35,sub-35_ses-2.set,47,2382,batch_0034.npy
sub-35,sub-35_ses-2.set,48,2383,batch_0034.npy
sub-35,sub-35_ses-2.set,49,2384,batch_0034.npy
sub-35,sub-35_ses-2.set,50,2385,batch_0034.npy
sub-35,sub-35_ses-2.set,51,2386,batch_0034.npy
sub-35,sub-35_ses-2.set,52,2387,batch_0034.npy
sub-35,sub-35_ses-2.set,53,2388,batch_0034.npy
sub-35,sub-35_ses-2.set,54,2389,batch_0034.npy
sub-35,sub-35_ses-2.set,55,2390,batch_0034.npy
sub-35,sub-35_ses-2.set,56,2391,batch_0034.npy
sub-35,sub-35_ses-2.set,57,2392,batch_0034.npy
sub-35,sub-35_ses-2.set,58,2393,batch_0034.npy
sub-35,sub-35_ses-2.set,59,2394,batch_0034.npy
sub-35,sub-35_ses-2.set,60,2395,batch_0034.npy
sub-35,sub-35_ses-2.set,61,2396,batch_0034.npy
sub-35,sub-35_ses-2.set,62,2397,batch_0034.npy
sub-35,sub-35_ses-2.set,63,2398,batch_0034.npy
sub-35,sub-35_ses-2.set,64,2399,batch_0034.npy
sub-35,sub-35_ses-2.set,65,2400,batch_0034.npy
sub-35,sub-35_ses-2.set,66,2401,batch_0034.npy
sub-35,sub-35_ses-2.set,67,2402,batch_0034.npy
sub-35,sub-35_ses-2.set,68,2403,batch_0034.npy
sub-35,sub-35_ses-2.set,69,2404,batch_0034.npy
sub-35,sub-35_ses-2.set,70,2405,batch_0034.npy
sub-35,sub-35_ses-2.set,71,2406,batch_0034.npy
sub-35,sub-35_ses-2.set,72,2407,batch_0034.npy
sub-36,sub-36_ses-2.set,0,2408,batch_0035.npy
sub-36,sub-36_ses-2.set,1,2409,batch_0035.npy
sub-36,sub-36_ses-2.set,2,2410,batch_0035.npy
sub-36,sub-36_ses-2.set,3,2411,batch_0035.npy
sub-36,sub-36_ses-2.set,4,2412,batch_0035.npy
sub-36,sub-36_ses-2.set,5,2413,batch_0035.npy
sub-36,sub-36_ses-2.set,6,2414,batch_0035.npy
sub-36,sub-36_ses-2.set,7,2415,batch_0035.npy
sub-36,sub-36_ses-2.set,8,2416,batch_0035.npy
sub-36,sub-36_ses-2.set,9,2417,batch_0035.npy
sub-36,sub-36_ses-2.set,10,2418,batch_0035.npy
sub-36,sub-36_ses-2.set,11,2419,batch_0035.npy
sub-36,sub-36_ses-2.set,12,2420,batch_0035.npy
sub-36,sub-36_ses-2.set,13,2421,batch_0035.npy
sub-36,sub-36_ses-2.set,14,2422,batch_0035.npy
sub-36,sub-36_ses-2.set,15,2423,batch_0035.npy
sub-36,sub-36_ses-2.set,16,2424,batch_0035.npy
sub-36,sub-36_ses-2.set,17,2425,batch_0035.npy
sub-36,sub-36_ses-2.set,18,2426,batch_0035.npy
sub-36,sub-36_ses-2.set,19,2427,batch_0035.npy
sub-36,sub-36_ses-2.set,20,2428,batch_0035.npy
sub-36,sub-36_ses-2.set,21,2429,batch_0035.npy
sub-36,sub-36_ses-2.set,22,2430,batch_0035.npy
sub-36,sub-36_ses-2.set,23,2431,batch_0035.npy
sub-36,sub-36_ses-2.set,24,2432,batch_0035.npy
sub-36,sub-36_ses-2.set,25,2433,batch_0035.npy
sub-36,sub-36_ses-2.set,26,2434,batch_0035.npy
sub-36,sub-36_ses-2.set,27,2435,batch_0035.npy
sub-36,sub-36_ses-2.set,28,2436,batch_0035.npy
sub-36,sub-36_ses-2.set,29,2437,batch_0035.npy
sub-36,sub-36_ses-2.set,30,2438,batch_0035.npy
sub-36,sub-36_ses-2.set,31,2439,batch_0035.npy
sub-36,sub-36_ses-2.set,32,2440,batch_0035.npy
sub-36,sub-36_ses-2.set,33,2441,batch_0035.npy
sub-36,sub-36_ses-2.set,34,2442,batch_0035.npy
sub-36,sub-36_ses-2.set,35,2443,batch_0035.npy
sub-36,sub-36_ses-2.set,36,2444,batch_0035.npy
sub-36,sub-36_ses-2.set,37,2445,batch_0035.npy
sub-36,sub-36_ses-2.set,38,2446,batch_0035.npy
sub-36,sub-36_ses-2.set,39,2447,batch_0035.npy
sub-36,sub-36_ses-2.set,40,2448,batch_0035.npy
sub-36,sub-36_ses-2.set,41,2449,batch_0035.npy
sub-36,sub-36_ses-2.set,42,2450,batch_0035.npy
sub-36,sub-36_ses-2.set,43,2451,batch_0035.npy
sub-36,sub-36_ses-2.set,44,2452,batch_0035.npy
sub-36,sub-36_ses-2.set,45,2453,batch_0035.npy
sub-36,sub-36_ses-2.set,46,2454,batch_0035.npy
sub-36,sub-36_ses-2.set,47,2455,batch_0035.npy
sub-36,sub-36_ses-2.set,48,2456,batch_0035.npy
sub-36,sub-36_ses-2.set,49,2457,batch_0035.npy
sub-36,sub-36_ses-2.set,50,2458,batch_0035.npy
sub-36,sub-36_ses-2.set,51,2459,batch_0035.npy
sub-36,sub-36_ses-2.set,52,2460,batch_0035.npy
sub-36,sub-36_ses-2.set,53,2461,batch_0035.npy
sub-36,sub-36_ses-2.set,54,2462,batch_0035.npy
sub-36,sub-36_ses-2.set,55,2463,batch_0035.npy
sub-36,sub-36_ses-2.set,56,2464,batch_0035.npy
sub-36,sub-36_ses-2.set,57,2465,batch_0035.npy
sub-36,sub-36_ses-2.set,58,2466,batch_0035.npy
sub-36,sub-36_ses-2.set,59,2467,batch_0035.npy
sub-36,sub-36_ses-2.set,60,2468,batch_0035.npy
sub-36,sub-36_ses-2.set,61,2469,batch_0035.npy
sub-36,sub-36_ses-2.set,62,2470,batch_0035.npy
sub-36,sub-36_ses-2.set,63,2471,batch_0035.npy
sub-36,sub-36_ses-2.set,64,2472,batch_0035.npy
sub-36,sub-36_ses-2.set,65,2473,batch_0035.npy
sub-36,sub-36_ses-2.set,66,2474,batch_0035.npy
sub-36,sub-36_ses-2.set,67,2475,batch_0035.npy
sub-36,sub-36_ses-2.set,68,2476,batch_0035.npy
sub-36,sub-36_ses-2.set,69,2477,batch_0035.npy
sub-36,sub-36_ses-2.set,70,2478,batch_0035.npy
sub-36,sub-36_ses-2.set,71,2479,batch_0035.npy
sub-37,sub-37_ses-2.set,0,2480,batch_0036.npy
sub-37,sub-37_ses-2.set,1,2481,batch_0036.npy
sub-37,sub-37_ses-2.set,2,2482,batch_0036.npy
sub-37,sub-37_ses-2.set,3,2483,batch_0036.npy
sub-37,sub-37_ses-2.set,4,2484,batch_0036.npy
sub-37,sub-37_ses-2.set,5,2485,batch_0036.npy
sub-37,sub-37_ses-2.set,6,2486,batch_0036.npy
sub-37,sub-37_ses-2.set,7,2487,batch_0036.npy
sub-37,sub-37_ses-2.set,8,2488,batch_0036.npy
sub-37,sub-37_ses-2.set,9,2489,batch_0036.npy
sub-37,sub-37_ses-2.set,10,2490,batch_0036.npy
sub-37,sub-37_ses-2.set,11,2491,batch_0036.npy
sub-37,sub-37_ses-2.set,12,2492,batch_0036.npy
sub-37,sub-37_ses-2.set,13,2493,batch_0036.npy
sub-37,sub-37_ses-2.set,14,2494,batch_0036.npy
sub-37,sub-37_ses-2.set,15,2495,batch_0036.npy
sub-37,sub-37_ses-2.set,16,2496,batch_0036.npy
sub-37,sub-37_ses-2.set,17,2497,batch_0036.npy
sub-37,sub-37_ses-2.set,18,2498,batch_0036.npy
sub-37,sub-37_ses-2.set,19,2499,batch_0036.npy
sub-37,sub-37_ses-2.set,20,2500,batch_0036.npy
sub-37,sub-37_ses-2.set,21,2501,batch_0036.npy
sub-37,sub-37_ses-2.set,22,2502,batch_0036.npy
sub-37,sub-37_ses-2.set,23,2503,batch_0036.npy
sub-37,sub-37_ses-2.set,24,2504,batch_0036.npy
sub-37,sub-37_ses-2.set,25,2505,batch_0036.npy
sub-37,sub-37_ses-2.set,26,2506,batch_0036.npy
sub-37,sub-37_ses-2.set,27,2507,batch_0036.npy
sub-37,sub-37_ses-2.set,28,2508,batch_0036.npy
sub-37,sub-37_ses-2.set,29,2509,batch_0036.npy
sub-37,sub-37_ses-2.set,30,2510,batch_0036.npy
sub-37,sub-37_ses-2.set,31,2511,batch_0036.npy
sub-37,sub-37_ses-2.set,32,2512,batch_0036.npy
sub-37,sub-37_ses-2.set,33,2513,batch_0036.npy
sub-37,sub-37_ses-2.set,34,2514,batch_0036.npy
sub-37,sub-37_ses-2.set,35,2515,batch_0036.npy
sub-37,sub-37_ses-2.set,36,2516,batch_0036.npy
sub-37,sub-37_ses-2.set,37,2517,batch_0036.npy
sub-37,sub-37_ses-2.set,38,2518,batch_0036.npy
sub-37,sub-37_ses-2.set,39,2519,batch_0036.npy
sub-37,sub-37_ses-2.set,40,2520,batch_0036.npy
sub-37,sub-37_ses-2.set,41,2521,batch_0036.npy
sub-37,sub-37_ses-2.set,42,2522,batch_0036.npy
sub-37,sub-37_ses-2.set,43,2523,batch_0036.npy
sub-37,sub-37_ses-2.set,44,2524,batch_0036.npy
sub-37,sub-37_ses-2.set,45,2525,batch_0036.npy
sub-37,sub-37_ses-2.set,46,2526,batch_0036.npy
sub-37,sub-37_ses-2.set,47,2527,batch_0036.npy
sub-37,sub-37_ses-2.set,48,2528,batch_0036.npy
sub-37,sub-37_ses-2.set,49,2529,batch_0036.npy
sub-37,sub-37_ses-2.set,50,2530,batch_0036.npy
sub-37,sub-37_ses-2.set,51,2531,batch_0036.npy
sub-37,sub-37_ses-2.set,52,2532,batch_0036.npy
sub-37,sub-37_ses-2.set,53,2533,batch_0036.npy
sub-37,sub-37_ses-2.set,54,2534,batch_0036.npy
sub-37,sub-37_ses-2.set,55,2535,batch_0036.npy
sub-37,sub-37_ses-2.set,56,2536,batch_0036.npy
sub-37,sub-37_ses-2.set,57,2537,batch_0036.npy
sub-37,sub-37_ses-2.set,58,2538,batch_0036.npy
sub-37,sub-37_ses-2.set,59,2539,batch_0036.npy
sub-37,sub-37_ses-2.set,60,2540,batch_0036.npy
sub-37,sub-37_ses-2.set,61,2541,batch_0036.npy
sub-37,sub-37_ses-2.set,62,2542,batch_0036.npy
sub-37,sub-37_ses-2.set,63,2543,batch_0036.npy
sub-37,sub-37_ses-2.set,64,2544,batch_0036.npy
sub-38,sub-38_ses-2.set,0,2545,batch_0037.npy
sub-38,sub-38_ses-2.set,1,2546,batch_0037.npy
sub-38,sub-38_ses-2.set,2,2547,batch_0037.npy
sub-38,sub-38_ses-2.set,3,2548,batch_0037.npy
sub-38,sub-38_ses-2.set,4,2549,batch_0037.npy
sub-38,sub-38_ses-2.set,5,2550,batch_0037.npy
sub-38,sub-38_ses-2.set,6,2551,batch_0037.npy
sub-38,sub-38_ses-2.set,7,2552,batch_0037.npy
sub-38,sub-38_ses-2.set,8,2553,batch_0037.npy
sub-38,sub-38_ses-2.set,9,2554,batch_0037.npy
sub-38,sub-38_ses-2.set,10,2555,batch_0037.npy
sub-38,sub-38_ses-2.set,11,2556,batch_0037.npy
sub-38,sub-38_ses-2.set,12,2557,batch_0037.npy
sub-38,sub-38_ses-2.set,13,2558,batch_0037.npy
sub-38,sub-38_ses-2.set,14,2559,batch_0037.npy
sub-38,sub-38_ses-2.set,15,2560,batch_0037.npy
sub-38,sub-38_ses-2.set,16,2561,batch_0037.npy
sub-38,sub-38_ses-2.set,17,2562,batch_0037.npy
sub-38,sub-38_ses-2.set,18,2563,batch_0037.npy
sub-38,sub-38_ses-2.set,19,2564,batch_0037.npy
sub-38,sub-38_ses-2.set,20,2565,batch_0037.npy
sub-38,sub-38_ses-2.set,21,2566,batch_0037.npy
sub-38,sub-38_ses-2.set,22,2567,batch_0037.npy
sub-38,sub-38_ses-2.set,23,2568,batch_0037.npy
sub-38,sub-38_ses-2.set,24,2569,batch_0037.npy
sub-38,sub-38_ses-2.set,25,2570,batch_0037.npy
sub-38,sub-38_ses-2.set,26,2571,batch_0037.npy
sub-38,sub-38_ses-2.set,27,2572,batch_0037.npy
sub-38,sub-38_ses-2.set,28,2573,batch_0037.npy
sub-38,sub-38_ses-2.set,29,2574,batch_0037.npy
sub-38,sub-38_ses-2.set,30,2575,batch_0037.npy
sub-38,sub-38_ses-2.set,31,2576,batch_0037.npy
sub-38,sub-38_ses-2.set,32,2577,batch_0037.npy
sub-38,sub-38_ses-2.set,33,2578,batch_0037.npy
sub-38,sub-38_ses-2.set,34,2579,batch_0037.npy
sub-38,sub-38_ses-2.set,35,2580,batch_0037.npy
sub-38,sub-38_ses-2.set,36,2581,batch_0037.npy
sub-38,sub-38_ses-2.set,37,2582,batch_0037.npy
sub-38,sub-38_ses-2.set,38,2583,batch_0037.npy
sub-38,sub-38_ses-2.set,39,2584,batch_0037.npy
sub-38,sub-38_ses-2.set,40,2585,batch_0037.npy
sub-38,sub-38_ses-2.set,41,2586,batch_0037.npy
sub-38,sub-38_ses-2.set,42,2587,batch_0037.npy
sub-38,sub-38_ses-2.set,43,2588,batch_0037.npy
sub-38,sub-38_ses-2.set,44,2589,batch_0037.npy
sub-38,sub-38_ses-2.set,45,2590,batch_0037.npy
sub-38,sub-38_ses-2.set,46,2591,batch_0037.npy
sub-38,sub-38_ses-2.set,47,2592,batch_0037.npy
sub-38,sub-38_ses-2.set,48,2593,batch_0037.npy
sub-38,sub-38_ses-2.set,49,2594,batch_0037.npy
sub-38,sub-38_ses-2.set,50,2595,batch_0037.npy
sub-38,sub-38_ses-2.set,51,2596,batch_0037.npy
sub-38,sub-38_ses-2.set,52,2597,batch_0037.npy
sub-38,sub-38_ses-2.set,53,2598,batch_0037.npy
sub-38,sub-38_ses-2.set,54,2599,batch_0037.npy
sub-38,sub-38_ses-2.set,55,2600,batch_0037.npy
sub-38,sub-38_ses-2.set,56,2601,batch_0037.npy
sub-38,sub-38_ses-2.set,57,2602,batch_0037.npy
sub-38,sub-38_ses-2.set,58,2603,batch_0037.npy
sub-38,sub-38_ses-2.set,59,2604,batch_0037.npy
sub-38,sub-38_ses-2.set,60,2605,batch_0037.npy
sub-38,sub-38_ses-2.set,61,2606,batch_0037.npy
sub-38,sub-38_ses-2.set,62,2607,batch_0037.npy
sub-38,sub-38_ses-2.set,63,2608,batch_0037.npy
sub-38,sub-38_ses-2.set,64,2609,batch_0037.npy
sub-38,sub-38_ses-2.set,65,2610,batch_0037.npy
sub-38,sub-38_ses-2.set,66,2611,batch_0037.npy
sub-38,sub-38_ses-2.set,67,2612,batch_0037.npy
sub-38,sub-38_ses-2.set,68,2613,batch_0037.npy
sub-38,sub-38_ses-2.set,69,2614,batch_0037.npy
sub-38,sub-38_ses-2.set,70,2615,batch_0037.npy
sub-38,sub-38_ses-2.set,71,2616,batch_0037.npy
sub-39,sub-39_ses-2.set,0,2617,batch_0038.npy
sub-39,sub-39_ses-2.set,1,2618,batch_0038.npy
sub-39,sub-39_ses-2.set,2,2619,batch_0038.npy
sub-39,sub-39_ses-2.set,3,2620,batch_0038.npy
sub-39,sub-39_ses-2.set,4,2621,batch_0038.npy
sub-39,sub-39_ses-2.set,5,2622,batch_0038.npy
sub-39,sub-39_ses-2.set,6,2623,batch_0038.npy
sub-39,sub-39_ses-2.set,7,2624,batch_0038.npy
sub-39,sub-39_ses-2.set,8,2625,batch_0038.npy
sub-39,sub-39_ses-2.set,9,2626,batch_0038.npy
sub-39,sub-39_ses-2.set,10,2627,batch_0038.npy
sub-39,sub-39_ses-2.set,11,2628,batch_0038.npy
sub-39,sub-39_ses-2.set,12,2629,batch_0038.npy
sub-39,sub-39_ses-2.set,13,2630,batch_0038.npy
sub-39,sub-39_ses-2.set,14,2631,batch_0038.npy
sub-39,sub-39_ses-2.set,15,2632,batch_0038.npy
sub-39,sub-39_ses-2.set,16,2633,batch_0038.npy
sub-39,sub-39_ses-2.set,17,2634,batch_0038.npy
sub-39,sub-39_ses-2.set,18,2635,batch_0038.npy
sub-39,sub-39_ses-2.set,19,2636,batch_0038.npy
sub-39,sub-39_ses-2.set,20,2637,batch_0038.npy
sub-39,sub-39_ses-2.set,21,2638,batch_0038.npy
sub-39,sub-39_ses-2.set,22,2639,batch_0038.npy
sub-39,sub-39_ses-2.set,23,2640,batch_0038.npy
sub-39,sub-39_ses-2.set,24,2641,batch_0038.npy
sub-39,sub-39_ses-2.set,25,2642,batch_0038.npy
sub-39,sub-39_ses-2.set,26,2643,batch_0038.npy
sub-39,sub-39_ses-2.set,27,2644,batch_0038.npy
sub-39,sub-39_ses-2.set,28,2645,batch_0038.npy
sub-39,sub-39_ses-2.set,29,2646,batch_0038.npy
sub-39,sub-39_ses-2.set,30,2647,batch_0038.npy
sub-39,sub-39_ses-2.set,31,2648,batch_0038.npy
sub-39,sub-39_ses-2.set,32,2649,batch_0038.npy
sub-39,sub-39_ses-2.set,33,2650,batch_0038.npy
sub-39,sub-39_ses-2.set,34,2651,batch_0038.npy
sub-39,sub-39_ses-2.set,35,2652,batch_0038.npy
sub-39,sub-39_ses-2.set,36,2653,batch_0038.npy
sub-39,sub-39_ses-2.set,37,2654,batch_0038.npy
sub-39,sub-39_ses-2.set,38,2655,batch_0038.npy
sub-39,sub-39_ses-2.set,39,2656,batch_0038.npy
sub-39,sub-39_ses-2.set,40,2657,batch_0038.npy
sub-39,sub-39_ses-2.set,41,2658,batch_0038.npy
sub-39,sub-39_ses-2.set,42,2659,batch_0038.npy
sub-39,sub-39_ses-2.set,43,2660,batch_0038.npy
sub-39,sub-39_ses-2.set,44,2661,batch_0038.npy
sub-39,sub-39_ses-2.set,45,2662,batch_0038.npy
sub-39,sub-39_ses-2.set,46,2663,batch_0038.npy
sub-39,sub-39_ses-2.set,47,2664,batch_0038.npy
sub-39,sub-39_ses-2.set,48,2665,batch_0038.npy
sub-39,sub-39_ses-2.set,49,2666,batch_0038.npy
sub-39,sub-39_ses-2.set,50,2667,batch_0038.npy
sub-39,sub-39_ses-2.set,51,2668,batch_0038.npy
sub-39,sub-39_ses-2.set,52,2669,batch_0038.npy
sub-39,sub-39_ses-2.set,53,2670,batch_0038.npy
sub-39,sub-39_ses-2.set,54,2671,batch_0038.npy
sub-39,sub-39_ses-2.set,55,2672,batch_0038.npy
sub-39,sub-39_ses-2.set,56,2673,batch_0038.npy
sub-39,sub-39_ses-2.set,57,2674,batch_0038.npy
sub-39,sub-39_ses-2.set,58,2675,batch_0038.npy
sub-39,sub-39_ses-2.set,59,2676,batch_0038.npy
sub-39,sub-39_ses-2.set,60,2677,batch_0038.npy
sub-39,sub-39_ses-2.set,61,2678,batch_0038.npy
sub-39,sub-39_ses-2.set,62,2679,batch_0038.npy
sub-39,sub-39_ses-2.set,63,2680,batch_0038.npy
sub-39,sub-39_ses-2.set,64,2681,batch_0038.npy
sub-39,sub-39_ses-2.set,65,2682,batch_0038.npy
sub-39,sub-39_ses-2.set,66,2683,batch_0038.npy
sub-39,sub-39_ses-2.set,67,2684,batch_0038.npy
sub-39,sub-39_ses-2.set,68,2685,batch_0038.npy
sub-39,sub-39_ses-2.set,69,2686,batch_0038.npy
sub-39,sub-39_ses-2.set,70,2687,batch_0038.npy
sub-39,sub-39_ses-2.set,71,2688,batch_0038.npy
sub-39,sub-39_ses-2.set,72,2689,batch_0038.npy
sub-39,sub-39_ses-2.set,73,2690,batch_0038.npy
sub-40,sub-40_ses-2.set,0,2691,batch_0039.npy
sub-40,sub-40_ses-2.set,1,2692,batch_0039.npy
sub-40,sub-40_ses-2.set,2,2693,batch_0039.npy
sub-40,sub-40_ses-2.set,3,2694,batch_0039.npy
sub-40,sub-40_ses-2.set,4,2695,batch_0039.npy
sub-40,sub-40_ses-2.set,5,2696,batch_0039.npy
sub-40,sub-40_ses-2.set,6,2697,batch_0039.npy
sub-40,sub-40_ses-2.set,7,2698,batch_0039.npy
sub-40,sub-40_ses-2.set,8,2699,batch_0039.npy
sub-40,sub-40_ses-2.set,9,2700,batch_0039.npy
sub-40,sub-40_ses-2.set,10,2701,batch_0039.npy
sub-40,sub-40_ses-2.set,11,2702,batch_0039.npy
sub-40,sub-40_ses-2.set,12,2703,batch_0039.npy
sub-40,sub-40_ses-2.set,13,2704,batch_0039.npy
sub-40,sub-40_ses-2.set,14,2705,batch_0039.npy
sub-40,sub-40_ses-2.set,15,2706,batch_0039.npy
sub-40,sub-40_ses-2.set,16,2707,batch_0039.npy
sub-40,sub-40_ses-2.set,17,2708,batch_0039.npy
sub-40,sub-40_ses-2.set,18,2709,batch_0039.npy
sub-40,sub-40_ses-2.set,19,2710,batch_0039.npy
sub-40,sub-40_ses-2.set,20,2711,batch_0039.npy
sub-40,sub-40_ses-2.set,21,2712,batch_0039.npy
sub-40,sub-40_ses-2.set,22,2713,batch_0039.npy
sub-40,sub-40_ses-2.set,23,2714,batch_0039.npy
sub-40,sub-40_ses-2.set,24,2715,batch_0039.npy
sub-40,sub-40_ses-2.set,25,2716,batch_0039.npy
sub-40,sub-40_ses-2.set,26,2717,batch_0039.npy
sub-40,sub-40_ses-2.set,27,2718,batch_0039.npy
sub-40,sub-40_ses-2.set,28,2719,batch_0039.npy
sub-40,sub-40_ses-2.set,29,2720,batch_0039.npy
sub-40,sub-40_ses-2.set,30,2721,batch_0039.npy
sub-40,sub-40_ses-2.set,31,2722,batch_0039.npy
sub-40,sub-40_ses-2.set,32,2723,batch_0039.npy
sub-40,sub-40_ses-2.set,33,2724,batch_0039.npy
sub-40,sub-40_ses-2.set,34,2725,batch_0039.npy
sub-40,sub-40_ses-2.set,35,2726,batch_0039.npy
sub-40,sub-40_ses-2.set,36,2727,batch_0039.npy
sub-40,sub-40_ses-2.set,37,2728,batch_0039.npy
sub-40,sub-40_ses-2.set,38,2729,batch_0039.npy
sub-40,sub-40_ses-2.set,39,2730,batch_0039.npy
sub-40,sub-40_ses-2.set,40,2731,batch_0039.npy
sub-40,sub-40_ses-2.set,41,2732,batch_0039.npy
sub-40,sub-40_ses-2.set,42,2733,batch_0039.npy
sub-40,sub-40_ses-2.set,43,2734,batch_0039.npy
sub-40,sub-40_ses-2.set,44,2735,batch_0039.npy
sub-40,sub-40_ses-2.set,45,2736,batch_0039.npy
sub-40,sub-40_ses-2.set,46,2737,batch_0039.npy
sub-40,sub-40_ses-2.set,47,2738,batch_0039.npy
sub-40,sub-40_ses-2.set,48,2739,batch_0039.npy
sub-40,sub-40_ses-2.set,49,2740,batch_0039.npy
sub-40,sub-40_ses-2.set,50,2741,batch_0039.npy
sub-40,sub-40_ses-2.set,51,2742,batch_0039.npy
sub-40,sub-40_ses-2.set,52,2743,batch_0039.npy
sub-40,sub-40_ses-2.set,53,2744,batch_0039.npy
sub-40,sub-40_ses-2.set,54,2745,batch_0039.npy
sub-40,sub-40_ses-2.set,55,2746,batch_0039.npy
sub-40,sub-40_ses-2.set,56,2747,batch_0039.npy
sub-40,sub-40_ses-2.set,57,2748,batch_0039.npy
sub-40,sub-40_ses-2.set,58,2749,batch_0039.npy
sub-40,sub-40_ses-2.set,59,2750,batch_0039.npy
sub-40,sub-40_ses-2.set,60,2751,batch_0039.npy
sub-40,sub-40_ses-2.set,61,2752,batch_0039.npy
sub-40,sub-40_ses-2.set,62,2753,batch_0039.npy
sub-40,sub-40_ses-2.set,63,2754,batch_0039.npy
sub-40,sub-40_ses-2.set,64,2755,batch_0039.npy
sub-40,sub-40_ses-2.set,65,2756,batch_0039.npy
sub-40,sub-40_ses-2.set,66,2757,batch_0039.npy
sub-40,sub-40_ses-2.set,67,2758,batch_0039.npy
sub-40,sub-40_ses-2.set,68,2759,batch_0039.npy
sub-40,sub-40_ses-2.set,69,2760,batch_0039.npy
sub-41,sub-41_ses-2.set,0,2761,batch_0040.npy
sub-41,sub-41_ses-2.set,1,2762,batch_0040.npy
sub-41,sub-41_ses-2.set,2,2763,batch_0040.npy
sub-41,sub-41_ses-2.set,3,2764,batch_0040.npy
sub-41,sub-41_ses-2.set,4,2765,batch_0040.npy
sub-41,sub-41_ses-2.set,5,2766,batch_0040.npy
sub-41,sub-41_ses-2.set,6,2767,batch_0040.npy
sub-41,sub-41_ses-2.set,7,2768,batch_0040.npy
sub-41,sub-41_ses-2.set,8,2769,batch_0040.npy
sub-41,sub-41_ses-2.set,9,2770,batch_0040.npy
sub-41,sub-41_ses-2.set,10,2771,batch_0040.npy
sub-41,sub-41_ses-2.set,11,2772,batch_0040.npy
sub-41,sub-41_ses-2.set,12,2773,batch_0040.npy
sub-41,sub-41_ses-2.set,13,2774,batch_0040.npy
sub-41,sub-41_ses-2.set,14,2775,batch_0040.npy
sub-41,sub-41_ses-2.set,15,2776,batch_0040.npy
sub-41,sub-41_ses-2.set,16,2777,batch_0040.npy
sub-41,sub-41_ses-2.set,17,2778,batch_0040.npy
sub-41,sub-41_ses-2.set,18,2779,batch_0040.npy
sub-41,sub-41_ses-2.set,19,2780,batch_0040.npy
sub-41,sub-41_ses-2.set,20,2781,batch_0040.npy
sub-41,sub-41_ses-2.set,21,2782,batch_0040.npy
sub-41,sub-41_ses-2.set,22,2783,batch_0040.npy
sub-41,sub-41_ses-2.set,23,2784,batch_0040.npy
sub-41,sub-41_ses-2.set,24,2785,batch_0040.npy
sub-41,sub-41_ses-2.set,25,2786,batch_0040.npy
sub-41,sub-41_ses-2.set,26,2787,batch_0040.npy
sub-41,sub-41_ses-2.set,27,2788,batch_0040.npy
sub-41,sub-41_ses-2.set,28,2789,batch_0040.npy
sub-41,sub-41_ses-2.set,29,2790,batch_0040.npy
sub-41,sub-41_ses-2.set,30,2791,batch_0040.npy
sub-41,sub-41_ses-2.set,31,2792,batch_0040.npy
sub-41,sub-41_ses-2.set,32,2793,batch_0040.npy
sub-41,sub-41_ses-2.set,33,2794,batch_0040.npy
sub-41,sub-41_ses-2.set,34,2795,batch_0040.npy
sub-41,sub-41_ses-2.set,35,2796,batch_0040.npy
sub-41,sub-41_ses-2.set,36,2797,batch_0040.npy
sub-41,sub-41_ses-2.set,37,2798,batch_0040.npy
sub-41,sub-41_ses-2.set,38,2799,batch_0040.npy
sub-41,sub-41_ses-2.set,39,2800,batch_0040.npy
sub-41,sub-41_ses-2.set,40,2801,batch_0040.npy
sub-41,sub-41_ses-2.set,41,2802,batch_0040.npy
sub-41,sub-41_ses-2.set,42,2803,batch_0040.npy
sub-41,sub-41_ses-2.set,43,2804,batch_0040.npy
sub-41,sub-41_ses-2.set,44,2805,batch_0040.npy
sub-41,sub-41_ses-2.set,45,2806,batch_0040.npy
sub-41,sub-41_ses-2.set,46,2807,batch_0040.npy
sub-41,sub-41_ses-2.set,47,2808,batch_0040.npy
sub-41,sub-41_ses-2.set,48,2809,batch_0040.npy
sub-41,sub-41_ses-2.set,49,2810,batch_0040.npy
sub-41,sub-41_ses-2.set,50,2811,batch_0040.npy
sub-41,sub-41_ses-2.set,51,2812,batch_0040.npy
sub-41,sub-41_ses-2.set,52,2813,batch_0040.npy
sub-41,sub-41_ses-2.set,53,2814,batch_0040.npy
sub-41,sub-41_ses-2.set,54,2815,batch_0040.npy
sub-41,sub-41_ses-2.set,55,2816,batch_0040.npy
sub-41,sub-41_ses-2.set,56,2817,batch_0040.npy
sub-41,sub-41_ses-2.set,57,2818,batch_0040.npy
sub-41,sub-41_ses-2.set,58,2819,batch_0040.npy
sub-41,sub-41_ses-2.set,59,2820,batch_0040.npy
sub-41,sub-41_ses-2.set,60,2821,batch_0040.npy
sub-41,sub-41_ses-2.set,61,2822,batch_0040.npy
sub-41,sub-41_ses-2.set,62,2823,batch_0040.npy
sub-41,sub-41_ses-2.set,63,2824,batch_0040.npy
sub-41,sub-41_ses-2.set,64,2825,batch_0040.npy
sub-41,sub-41_ses-2.set,65,2826,batch_0040.npy
sub-41,sub-41_ses-2.set,66,2827,batch_0040.npy
sub-42,sub-42_ses-2.set,0,2828,batch_0041.npy
sub-42,sub-42_ses-2.set,1,2829,batch_0041.npy
sub-42,sub-42_ses-2.set,2,2830,batch_0041.npy
sub-42,sub-42_ses-2.set,3,2831,batch_0041.npy
sub-42,sub-42_ses-2.set,4,2832,batch_0041.npy
sub-42,sub-42_ses-2.set,5,2833,batch_0041.npy
sub-42,sub-42_ses-2.set,6,2834,batch_0041.npy
sub-42,sub-42_ses-2.set,7,2835,batch_0041.npy
sub-42,sub-42_ses-2.set,8,2836,batch_0041.npy
sub-42,sub-42_ses-2.set,9,2837,batch_0041.npy
sub-42,sub-42_ses-2.set,10,2838,batch_0041.npy
sub-42,sub-42_ses-2.set,11,2839,batch_0041.npy
sub-42,sub-42_ses-2.set,12,2840,batch_0041.npy
sub-42,sub-42_ses-2.set,13,2841,batch_0041.npy
sub-42,sub-42_ses-2.set,14,2842,batch_0041.npy
sub-42,sub-42_ses-2.set,15,2843,batch_0041.npy
sub-42,sub-42_ses-2.set,16,2844,batch_0041.npy
sub-42,sub-42_ses-2.set,17,2845,batch_0041.npy
sub-42,sub-42_ses-2.set,18,2846,batch_0041.npy
sub-42,sub-42_ses-2.set,19,2847,batch_0041.npy
sub-42,sub-42_ses-2.set,20,2848,batch_0041.npy
sub-42,sub-42_ses-2.set,21,2849,batch_0041.npy
sub-42,sub-42_ses-2.set,22,2850,batch_0041.npy
sub-42,sub-42_ses-2.set,23,2851,batch_0041.npy
sub-42,sub-42_ses-2.set,24,2852,batch_0041.npy
sub-42,sub-42_ses-2.set,25,2853,batch_0041.npy
sub-42,sub-42_ses-2.set,26,2854,batch_0041.npy
sub-42,sub-42_ses-2.set,27,2855,batch_0041.npy
sub-42,sub-42_ses-2.set,28,2856,batch_0041.npy
sub-42,sub-42_ses-2.set,29,2857,batch_0041.npy
sub-42,sub-42_ses-2.set,30,2858,batch_0041.npy
sub-42,sub-42_ses-2.set,31,2859,batch_0041.npy
sub-42,sub-42_ses-2.set,32,2860,batch_0041.npy
sub-42,sub-42_ses-2.set,33,2861,batch_0041.npy
sub-42,sub-42_ses-2.set,34,2862,batch_0041.npy
sub-42,sub-42_ses-2.set,35,2863,batch_0041.npy
sub-42,sub-42_ses-2.set,36,2864,batch_0041.npy
sub-42,sub-42_ses-2.set,37,2865,batch_0041.npy
sub-42,sub-42_ses-2.set,38,2866,batch_0041.npy
sub-42,sub-42_ses-2.set,39,2867,batch_0041.npy
sub-42,sub-42_ses-2.set,40,2868,batch_0041.npy
sub-42,sub-42_ses-2.set,41,2869,batch_0041.npy
sub-42,sub-42_ses-2.set,42,2870,batch_0041.npy
sub-42,sub-42_ses-2.set,43,2871,batch_0041.npy
sub-42,sub-42_ses-2.set,44,2872,batch_0041.npy
sub-42,sub-42_ses-2.set,45,2873,batch_0041.npy
sub-42,sub-42_ses-2.set,46,2874,batch_0041.npy
sub-42,sub-42_ses-2.set,47,2875,batch_0041.npy
sub-42,sub-42_ses-2.set,48,2876,batch_0041.npy
sub-42,sub-42_ses-2.set,49,2877,batch_0041.npy
sub-42,sub-42_ses-2.set,50,2878,batch_0041.npy
sub-42,sub-42_ses-2.set,51,2879,batch_0041.npy
sub-42,sub-42_ses-2.set,52,2880,batch_0041.npy
sub-42,sub-42_ses-2.set,53,2881,batch_0041.npy
sub-42,sub-42_ses-2.set,54,2882,batch_0041.npy
sub-42,sub-42_ses-2.set,55,2883,batch_0041.npy
sub-42,sub-42_ses-2.set,56,2884,batch_0041.npy
sub-42,sub-42_ses-2.set,57,2885,batch_0041.npy
sub-42,sub-42_ses-2.set,58,2886,batch_0041.npy
sub-42,sub-42_ses-2.set,59,2887,batch_0041.npy
sub-42,sub-42_ses-2.set,60,2888,batch_0041.npy
sub-42,sub-42_ses-2.set,61,2889,batch_0041.npy
sub-42,sub-42_ses-2.set,62,2890,batch_0041.npy
sub-42,sub-42_ses-2.set,63,2891,batch_0041.npy
sub-42,sub-42_ses-2.set,64,2892,batch_0041.npy
sub-42,sub-42_ses-2.set,65,2893,batch_0041.npy
sub-42,sub-42_ses-2.set,66,2894,batch_0041.npy
sub-43,sub-43_ses-2.set,0,2895,batch_0042.npy
sub-43,sub-43_ses-2.set,1,2896,batch_0042.npy
sub-43,sub-43_ses-2.set,2,2897,batch_0042.npy
sub-43,sub-43_ses-2.set,3,2898,batch_0042.npy
sub-43,sub-43_ses-2.set,4,2899,batch_0042.npy
sub-43,sub-43_ses-2.set,5,2900,batch_0042.npy
sub-43,sub-43_ses-2.set,6,2901,batch_0042.npy
sub-43,sub-43_ses-2.set,7,2902,batch_0042.npy
sub-43,sub-43_ses-2.set,8,2903,batch_0042.npy
sub-43,sub-43_ses-2.set,9,2904,batch_0042.npy
sub-43,sub-43_ses-2.set,10,2905,batch_0042.npy
sub-43,sub-43_ses-2.set,11,2906,batch_0042.npy
sub-43,sub-43_ses-2.set,12,2907,batch_0042.npy
sub-43,sub-43_ses-2.set,13,2908,batch_0042.npy
sub-43,sub-43_ses-2.set,14,2909,batch_0042.npy
sub-43,sub-43_ses-2.set,15,2910,batch_0042.npy
sub-43,sub-43_ses-2.set,16,2911,batch_0042.npy
sub-43,sub-43_ses-2.set,17,2912,batch_0042.npy
sub-43,sub-43_ses-2.set,18,2913,batch_0042.npy
sub-43,sub-43_ses-2.set,19,2914,batch_0042.npy
sub-43,sub-43_ses-2.set,20,2915,batch_0042.npy
sub-43,sub-43_ses-2.set,21,2916,batch_0042.npy
sub-43,sub-43_ses-2.set,22,2917,batch_0042.npy
sub-43,sub-43_ses-2.set,23,2918,batch_0042.npy
sub-43,sub-43_ses-2.set,24,2919,batch_0042.npy
sub-43,sub-43_ses-2.set,25,2920,batch_0042.npy
sub-43,sub-43_ses-2.set,26,2921,batch_0042.npy
sub-43,sub-43_ses-2.set,27,2922,batch_0042.npy
sub-43,sub-43_ses-2.set,28,2923,batch_0042.npy
sub-43,sub-43_ses-2.set,29,2924,batch_0042.npy
sub-43,sub-43_ses-2.set,30,2925,batch_0042.npy
sub-43,sub-43_ses-2.set,31,2926,batch_0042.npy
sub-43,sub-43_ses-2.set,32,2927,batch_0042.npy
sub-43,sub-43_ses-2.set,33,2928,batch_0042.npy
sub-43,sub-43_ses-2.set,34,2929,batch_0042.npy
sub-43,sub-43_ses-2.set,35,2930,batch_0042.npy
sub-43,sub-43_ses-2.set,36,2931,batch_0042.npy
sub-43,sub-43_ses-2.set,37,2932,batch_0042.npy
sub-43,sub-43_ses-2.set,38,2933,batch_0042.npy
sub-43,sub-43_ses-2.set,39,2934,batch_0042.npy
sub-43,sub-43_ses-2.set,40,2935,batch_0042.npy
sub-43,sub-43_ses-2.set,41,2936,batch_0042.npy
sub-43,sub-43_ses-2.set,42,2937,batch_0042.npy
sub-43,sub-43_ses-2.set,43,2938,batch_0042.npy
sub-43,sub-43_ses-2.set,44,2939,batch_0042.npy
sub-43,sub-43_ses-2.set,45,2940,batch_0042.npy
sub-43,sub-43_ses-2.set,46,2941,batch_0042.npy
sub-43,sub-43_ses-2.set,47,2942,batch_0042.npy
sub-43,sub-43_ses-2.set,48,2943,batch_0042.npy
sub-43,sub-43_ses-2.set,49,2944,batch_0042.npy
sub-43,sub-43_ses-2.set,50,2945,batch_0042.npy
sub-43,sub-43_ses-2.set,51,2946,batch_0042.npy
sub-43,sub-43_ses-2.set,52,2947,batch_0042.npy
sub-43,sub-43_ses-2.set,53,2948,batch_0042.npy
sub-43,sub-43_ses-2.set,54,2949,batch_0042.npy
sub-43,sub-43_ses-2.set,55,2950,batch_0042.npy
sub-43,sub-43_ses-2.set,56,2951,batch_0042.npy
sub-43,sub-43_ses-2.set,57,2952,batch_0042.npy
sub-43,sub-43_ses-2.set,58,2953,batch_0042.npy
sub-43,sub-43_ses-2.set,59,2954,batch_0042.npy
sub-43,sub-43_ses-2.set,60,2955,batch_0042.npy
sub-43,sub-43_ses-2.set,61,2956,batch_0042.npy
sub-43,sub-43_ses-2.set,62,2957,batch_0042.npy
sub-43,sub-43_ses-2.set,63,2958,batch_0042.npy
sub-43,sub-43_ses-2.set,64,2959,batch_0042.npy
sub-43,sub-43_ses-2.set,65,2960,batch_0042.npy
sub-43,sub-43_ses-2.set,66,2961,batch_0042.npy
sub-43,sub-43_ses-2.set,67,2962,batch_0042.npy
sub-43,sub-43_ses-2.set,68,2963,batch_0042.npy
sub-43,sub-43_ses-2.set,69,2964,batch_0042.npy
sub-44,sub-44_ses-2.set,0,2965,batch_0043.npy
sub-44,sub-44_ses-2.set,1,2966,batch_0043.npy
sub-44,sub-44_ses-2.set,2,2967,batch_0043.npy
sub-44,sub-44_ses-2.set,3,2968,batch_0043.npy
sub-44,sub-44_ses-2.set,4,2969,batch_0043.npy
sub-44,sub-44_ses-2.set,5,2970,batch_0043.npy
sub-44,sub-44_ses-2.set,6,2971,batch_0043.npy
sub-44,sub-44_ses-2.set,7,2972,batch_0043.npy
sub-44,sub-44_ses-2.set,8,2973,batch_0043.npy
sub-44,sub-44_ses-2.set,9,2974,batch_0043.npy
sub-44,sub-44_ses-2.set,10,2975,batch_0043.npy
sub-44,sub-44_ses-2.set,11,2976,batch_0043.npy
sub-44,sub-44_ses-2.set,12,2977,batch_0043.npy
sub-44,sub-44_ses-2.set,13,2978,batch_0043.npy
sub-44,sub-44_ses-2.set,14,2979,batch_0043.npy
sub-44,sub-44_ses-2.set,15,2980,batch_0043.npy
sub-44,sub-44_ses-2.set,16,2981,batch_0043.npy
sub-44,sub-44_ses-2.set,17,2982,batch_0043.npy
sub-44,sub-44_ses-2.set,18,2983,batch_0043.npy
sub-44,sub-44_ses-2.set,19,2984,batch_0043.npy
sub-44,sub-44_ses-2.set,20,2985,batch_0043.npy
sub-44,sub-44_ses-2.set,21,2986,batch_0043.npy
sub-44,sub-44_ses-2.set,22,2987,batch_0043.npy
sub-44,sub-44_ses-2.set,23,2988,batch_0043.npy
sub-44,sub-44_ses-2.set,24,2989,batch_0043.npy
sub-44,sub-44_ses-2.set,25,2990,batch_0043.npy
sub-44,sub-44_ses-2.set,26,2991,batch_0043.npy
sub-44,sub-44_ses-2.set,27,2992,batch_0043.npy
sub-44,sub-44_ses-2.set,28,2993,batch_0043.npy
sub-44,sub-44_ses-2.set,29,2994,batch_0043.npy
sub-44,sub-44_ses-2.set,30,2995,batch_0043.npy
sub-44,sub-44_ses-2.set,31,2996,batch_0043.npy
sub-44,sub-44_ses-2.set,32,2997,batch_0043.npy
sub-44,sub-44_ses-2.set,33,2998,batch_0043.npy
sub-44,sub-44_ses-2.set,34,2999,batch_0043.npy
sub-44,sub-44_ses-2.set,35,3000,batch_0043.npy
sub-44,sub-44_ses-2.set,36,3001,batch_0043.npy
sub-44,sub-44_ses-2.set,37,3002,batch_0043.npy
sub-44,sub-44_ses-2.set,38,3003,batch_0043.npy
sub-44,sub-44_ses-2.set,39,3004,batch_0043.npy
sub-44,sub-44_ses-2.set,40,3005,batch_0043.npy
sub-44,sub-44_ses-2.set,41,3006,batch_0043.npy
sub-44,sub-44_ses-2.set,42,3007,batch_0043.npy
sub-44,sub-44_ses-2.set,43,3008,batch_0043.npy
sub-44,sub-44_ses-2.set,44,3009,batch_0043.npy
sub-44,sub-44_ses-2.set,45,3010,batch_0043.npy
sub-44,sub-44_ses-2.set,46,3011,batch_0043.npy
sub-44,sub-44_ses-2.set,47,3012,batch_0043.npy
sub-44,sub-44_ses-2.set,48,3013,batch_0043.npy
sub-44,sub-44_ses-2.set,49,3014,batch_0043.npy
sub-44,sub-44_ses-2.set,50,3015,batch_0043.npy
sub-44,sub-44_ses-2.set,51,3016,batch_0043.npy
sub-44,sub-44_ses-2.set,52,3017,batch_0043.npy
sub-44,sub-44_ses-2.set,53,3018,batch_0043.npy
sub-44,sub-44_ses-2.set,54,3019,batch_0043.npy
sub-44,sub-44_ses-2.set,55,3020,batch_0043.npy
sub-45,sub-45_ses-2.set,0,3021,batch_0044.npy
sub-45,sub-45_ses-2.set,1,3022,batch_0044.npy
sub-45,sub-45_ses-2.set,2,3023,batch_0044.npy
sub-45,sub-45_ses-2.set,3,3024,batch_0044.npy
sub-45,sub-45_ses-2.set,4,3025,batch_0044.npy
sub-45,sub-45_ses-2.set,5,3026,batch_0044.npy
sub-45,sub-45_ses-2.set,6,3027,batch_0044.npy
sub-45,sub-45_ses-2.set,7,3028,batch_0044.npy
sub-45,sub-45_ses-2.set,8,3029,batch_0044.npy
sub-45,sub-45_ses-2.set,9,3030,batch_0044.npy
sub-45,sub-45_ses-2.set,10,3031,batch_0044.npy
sub-45,sub-45_ses-2.set,11,3032,batch_0044.npy
sub-45,sub-45_ses-2.set,12,3033,batch_0044.npy
sub-45,sub-45_ses-2.set,13,3034,batch_0044.npy
sub-45,sub-45_ses-2.set,14,3035,batch_0044.npy
sub-45,sub-45_ses-2.set,15,3036,batch_0044.npy
sub-45,sub-45_ses-2.set,16,3037,batch_0044.npy
sub-45,sub-45_ses-2.set,17,3038,batch_0044.npy
sub-45,sub-45_ses-2.set,18,3039,batch_0044.npy
sub-45,sub-45_ses-2.set,19,3040,batch_0044.npy
sub-45,sub-45_ses-2.set,20,3041,batch_0044.npy
sub-45,sub-45_ses-2.set,21,3042,batch_0044.npy
sub-45,sub-45_ses-2.set,22,3043,batch_0044.npy
sub-45,sub-45_ses-2.set,23,3044,batch_0044.npy
sub-45,sub-45_ses-2.set,24,3045,batch_0044.npy
sub-45,sub-45_ses-2.set,25,3046,batch_0044.npy
sub-45,sub-45_ses-2.set,26,3047,batch_0044.npy
sub-45,sub-45_ses-2.set,27,3048,batch_0044.npy
sub-45,sub-45_ses-2.set,28,3049,batch_0044.npy
sub-45,sub-45_ses-2.set,29,3050,batch_0044.npy
sub-45,sub-45_ses-2.set,30,3051,batch_0044.npy
sub-45,sub-45_ses-2.set,31,3052,batch_0044.npy
sub-45,sub-45_ses-2.set,32,3053,batch_0044.npy
sub-45,sub-45_ses-2.set,33,3054,batch_0044.npy
sub-45,sub-45_ses-2.set,34,3055,batch_0044.npy
sub-45,sub-45_ses-2.set,35,3056,batch_0044.npy
sub-45,sub-45_ses-2.set,36,3057,batch_0044.npy
sub-45,sub-45_ses-2.set,37,3058,batch_0044.npy
sub-45,sub-45_ses-2.set,38,3059,batch_0044.npy
sub-45,sub-45_ses-2.set,39,3060,batch_0044.npy
sub-45,sub-45_ses-2.set,40,3061,batch_0044.npy
sub-45,sub-45_ses-2.set,41,3062,batch_0044.npy
sub-45,sub-45_ses-2.set,42,3063,batch_0044.npy
sub-45,sub-45_ses-2.set,43,3064,batch_0044.npy
sub-45,sub-45_ses-2.set,44,3065,batch_0044.npy
sub-45,sub-45_ses-2.set,45,3066,batch_0044.npy
sub-45,sub-45_ses-2.set,46,3067,batch_0044.npy
sub-45,sub-45_ses-2.set,47,3068,batch_0044.npy
sub-45,sub-45_ses-2.set,48,3069,batch_0044.npy
sub-45,sub-45_ses-2.set,49,3070,batch_0044.npy
sub-45,sub-45_ses-2.set,50,3071,batch_0044.npy
sub-45,sub-45_ses-2.set,51,3072,batch_0044.npy
sub-45,sub-45_ses-2.set,52,3073,batch_0044.npy
sub-45,sub-45_ses-2.set,53,3074,batch_0044.npy
sub-45,sub-45_ses-2.set,54,3075,batch_0044.npy
sub-45,sub-45_ses-2.set,55,3076,batch_0044.npy
sub-45,sub-45_ses-2.set,56,3077,batch_0044.npy
sub-45,sub-45_ses-2.set,57,3078,batch_0044.npy
sub-45,sub-45_ses-2.set,58,3079,batch_0044.npy
sub-45,sub-45_ses-2.set,59,3080,batch_0044.npy
sub-45,sub-45_ses-2.set,60,3081,batch_0044.npy
sub-45,sub-45_ses-2.set,61,3082,batch_0044.npy
sub-45,sub-45_ses-2.set,62,3083,batch_0044.npy
sub-45,sub-45_ses-2.set,63,3084,batch_0044.npy
sub-45,sub-45_ses-2.set,64,3085,batch_0044.npy
sub-45,sub-45_ses-2.set,65,3086,batch_0044.npy
sub-45,sub-45_ses-2.set,66,3087,batch_0044.npy
sub-45,sub-45_ses-2.set,67,3088,batch_0044.npy
sub-45,sub-45_ses-2.set,68,3089,batch_0044.npy
sub-45,sub-45_ses-2.set,69,3090,batch_0044.npy
sub-45,sub-45_ses-2.set,70,3091,batch_0044.npy
sub-45,sub-45_ses-2.set,71,3092,batch_0044.npy
sub-45,sub-45_ses-2.set,72,3093,batch_0044.npy
sub-46,sub-46_ses-2.set,0,3094,batch_0045.npy
sub-46,sub-46_ses-2.set,1,3095,batch_0045.npy
sub-46,sub-46_ses-2.set,2,3096,batch_0045.npy
sub-46,sub-46_ses-2.set,3,3097,batch_0045.npy
sub-46,sub-46_ses-2.set,4,3098,batch_0045.npy
sub-46,sub-46_ses-2.set,5,3099,batch_0045.npy
sub-46,sub-46_ses-2.set,6,3100,batch_0045.npy
sub-46,sub-46_ses-2.set,7,3101,batch_0045.npy
sub-46,sub-46_ses-2.set,8,3102,batch_0045.npy
sub-46,sub-46_ses-2.set,9,3103,batch_0045.npy
sub-46,sub-46_ses-2.set,10,3104,batch_0045.npy
sub-46,sub-46_ses-2.set,11,3105,batch_0045.npy
sub-46,sub-46_ses-2.set,12,3106,batch_0045.npy
sub-46,sub-46_ses-2.set,13,3107,batch_0045.npy
sub-46,sub-46_ses-2.set,14,3108,batch_0045.npy
sub-46,sub-46_ses-2.set,15,3109,batch_0045.npy
sub-46,sub-46_ses-2.set,16,3110,batch_0045.npy
sub-46,sub-46_ses-2.set,17,3111,batch_0045.npy
sub-46,sub-46_ses-2.set,18,3112,batch_0045.npy
sub-46,sub-46_ses-2.set,19,3113,batch_0045.npy
sub-46,sub-46_ses-2.set,20,3114,batch_0045.npy
sub-46,sub-46_ses-2.set,21,3115,batch_0045.npy
sub-46,sub-46_ses-2.set,22,3116,batch_0045.npy
sub-46,sub-46_ses-2.set,23,3117,batch_0045.npy
sub-46,sub-46_ses-2.set,24,3118,batch_0045.npy
sub-46,sub-46_ses-2.set,25,3119,batch_0045.npy
sub-46,sub-46_ses-2.set,26,3120,batch_0045.npy
sub-46,sub-46_ses-2.set,27,3121,batch_0045.npy
sub-46,sub-46_ses-2.set,28,3122,batch_0045.npy
sub-46,sub-46_ses-2.set,29,3123,batch_0045.npy
sub-46,sub-46_ses-2.set,30,3124,batch_0045.npy
sub-46,sub-46_ses-2.set,31,3125,batch_0045.npy
sub-46,sub-46_ses-2.set,32,3126,batch_0045.npy
sub-46,sub-46_ses-2.set,33,3127,batch_0045.npy
sub-46,sub-46_ses-2.set,34,3128,batch_0045.npy
sub-46,sub-46_ses-2.set,35,3129,batch_0045.npy
sub-46,sub-46_ses-2.set,36,3130,batch_0045.npy
sub-46,sub-46_ses-2.set,37,3131,batch_0045.npy
sub-46,sub-46_ses-2.set,38,3132,batch_0045.npy
sub-46,sub-46_ses-2.set,39,3133,batch_0045.npy
sub-46,sub-46_ses-2.set,40,3134,batch_0045.npy
sub-46,sub-46_ses-2.set,41,3135,batch_0045.npy
sub-46,sub-46_ses-2.set,42,3136,batch_0045.npy
sub-46,sub-46_ses-2.set,43,3137,batch_0045.npy
sub-46,sub-46_ses-2.set,44,3138,batch_0045.npy
sub-46,sub-46_ses-2.set,45,3139,batch_0045.npy
sub-46,sub-46_ses-2.set,46,3140,batch_0045.npy
sub-46,sub-46_ses-2.set,47,3141,batch_0045.npy
sub-46,sub-46_ses-2.set,48,3142,batch_0045.npy
sub-46,sub-46_ses-2.set,49,3143,batch_0045.npy
sub-46,sub-46_ses-2.set,50,3144,batch_0045.npy
sub-46,sub-46_ses-2.set,51,3145,batch_0045.npy
sub-46,sub-46_ses-2.set,52,3146,batch_0045.npy
sub-46,sub-46_ses-2.set,53,3147,batch_0045.npy
sub-46,sub-46_ses-2.set,54,3148,batch_0045.npy
sub-46,sub-46_ses-2.set,55,3149,batch_0045.npy
sub-46,sub-46_ses-2.set,56,3150,batch_0045.npy
sub-46,sub-46_ses-2.set,57,3151,batch_0045.npy
sub-46,sub-46_ses-2.set,58,3152,batch_0045.npy
sub-46,sub-46_ses-2.set,59,3153,batch_0045.npy
sub-47,sub-47_ses-2.set,0,3154,batch_0046.npy
sub-47,sub-47_ses-2.set,1,3155,batch_0046.npy
sub-47,sub-47_ses-2.set,2,3156,batch_0046.npy
sub-47,sub-47_ses-2.set,3,3157,batch_0046.npy
sub-47,sub-47_ses-2.set,4,3158,batch_0046.npy
sub-47,sub-47_ses-2.set,5,3159,batch_0046.npy
sub-47,sub-47_ses-2.set,6,3160,batch_0046.npy
sub-47,sub-47_ses-2.set,7,3161,batch_0046.npy
sub-47,sub-47_ses-2.set,8,3162,batch_0046.npy
sub-47,sub-47_ses-2.set,9,3163,batch_0046.npy
sub-47,sub-47_ses-2.set,10,3164,batch_0046.npy
sub-47,sub-47_ses-2.set,11,3165,batch_0046.npy
sub-47,sub-47_ses-2.set,12,3166,batch_0046.npy
sub-47,sub-47_ses-2.set,13,3167,batch_0046.npy
sub-47,sub-47_ses-2.set,14,3168,batch_0046.npy
sub-47,sub-47_ses-2.set,15,3169,batch_0046.npy
sub-47,sub-47_ses-2.set,16,3170,batch_0046.npy
sub-47,sub-47_ses-2.set,17,3171,batch_0046.npy
sub-47,sub-47_ses-2.set,18,3172,batch_0046.npy
sub-47,sub-47_ses-2.set,19,3173,batch_0046.npy
sub-47,sub-47_ses-2.set,20,3174,batch_0046.npy
sub-47,sub-47_ses-2.set,21,3175,batch_0046.npy
sub-47,sub-47_ses-2.set,22,3176,batch_0046.npy
sub-47,sub-47_ses-2.set,23,3177,batch_0046.npy
sub-47,sub-47_ses-2.set,24,3178,batch_0046.npy
sub-47,sub-47_ses-2.set,25,3179,batch_0046.npy
sub-47,sub-47_ses-2.set,26,3180,batch_0046.npy
sub-47,sub-47_ses-2.set,27,3181,batch_0046.npy
sub-47,sub-47_ses-2.set,28,3182,batch_0046.npy
sub-47,sub-47_ses-2.set,29,3183,batch_0046.npy
sub-47,sub-47_ses-2.set,30,3184,batch_0046.npy
sub-47,sub-47_ses-2.set,31,3185,batch_0046.npy
sub-47,sub-47_ses-2.set,32,3186,batch_0046.npy
sub-47,sub-47_ses-2.set,33,3187,batch_0046.npy
sub-47,sub-47_ses-2.set,34,3188,batch_0046.npy
sub-47,sub-47_ses-2.set,35,3189,batch_0046.npy
sub-47,sub-47_ses-2.set,36,3190,batch_0046.npy
sub-47,sub-47_ses-2.set,37,3191,batch_0046.npy
sub-47,sub-47_ses-2.set,38,3192,batch_0046.npy
sub-47,sub-47_ses-2.set,39,3193,batch_0046.npy
sub-47,sub-47_ses-2.set,40,3194,batch_0046.npy
sub-47,sub-47_ses-2.set,41,3195,batch_0046.npy
sub-47,sub-47_ses-2.set,42,3196,batch_0046.npy
sub-47,sub-47_ses-2.set,43,3197,batch_0046.npy
sub-47,sub-47_ses-2.set,44,3198,batch_0046.npy
sub-47,sub-47_ses-2.set,45,3199,batch_0046.npy
sub-47,sub-47_ses-2.set,46,3200,batch_0046.npy
sub-47,sub-47_ses-2.set,47,3201,batch_0046.npy
sub-47,sub-47_ses-2.set,48,3202,batch_0046.npy
sub-47,sub-47_ses-2.set,49,3203,batch_0046.npy
sub-47,sub-47_ses-2.set,50,3204,batch_0046.npy
sub-47,sub-47_ses-2.set,51,3205,batch_0046.npy
sub-47,sub-47_ses-2.set,52,3206,batch_0046.npy
sub-47,sub-47_ses-2.set,53,3207,batch_0046.npy
sub-47,sub-47_ses-2.set,54,3208,batch_0046.npy
sub-47,sub-47_ses-2.set,55,3209,batch_0046.npy
sub-47,sub-47_ses-2.set,56,3210,batch_0046.npy
sub-47,sub-47_ses-2.set,57,3211,batch_0046.npy
sub-47,sub-47_ses-2.set,58,3212,batch_0046.npy
sub-47,sub-47_ses-2.set,59,3213,batch_0046.npy
sub-47,sub-47_ses-2.set,60,3214,batch_0046.npy
sub-47,sub-47_ses-2.set,61,3215,batch_0046.npy
sub-47,sub-47_ses-2.set,62,3216,batch_0046.npy
sub-47,sub-47_ses-2.set,63,3217,batch_0046.npy
sub-47,sub-47_ses-2.set,64,3218,batch_0046.npy
sub-47,sub-47_ses-2.set,65,3219,batch_0046.npy
sub-47,sub-47_ses-2.set,66,3220,batch_0046.npy
sub-47,sub-47_ses-2.set,67,3221,batch_0046.npy
sub-47,sub-47_ses-2.set,68,3222,batch_0046.npy
sub-47,sub-47_ses-2.set,69,3223,batch_0046.npy
sub-47,sub-47_ses-2.set,70,3224,batch_0046.npy
sub-47,sub-47_ses-2.set,71,3225,batch_0046.npy
sub-48,sub-48_ses-2.set,0,3226,batch_0047.npy
sub-48,sub-48_ses-2.set,1,3227,batch_0047.npy
sub-48,sub-48_ses-2.set,2,3228,batch_0047.npy
sub-48,sub-48_ses-2.set,3,3229,batch_0047.npy
sub-48,sub-48_ses-2.set,4,3230,batch_0047.npy
sub-48,sub-48_ses-2.set,5,3231,batch_0047.npy
sub-48,sub-48_ses-2.set,6,3232,batch_0047.npy
sub-48,sub-48_ses-2.set,7,3233,batch_0047.npy
sub-48,sub-48_ses-2.set,8,3234,batch_0047.npy
sub-48,sub-48_ses-2.set,9,3235,batch_0047.npy
sub-48,sub-48_ses-2.set,10,3236,batch_0047.npy
sub-48,sub-48_ses-2.set,11,3237,batch_0047.npy
sub-48,sub-48_ses-2.set,12,3238,batch_0047.npy
sub-48,sub-48_ses-2.set,13,3239,batch_0047.npy
sub-48,sub-48_ses-2.set,14,3240,batch_0047.npy
sub-48,sub-48_ses-2.set,15,3241,batch_0047.npy
sub-48,sub-48_ses-2.set,16,3242,batch_0047.npy
sub-48,sub-48_ses-2.set,17,3243,batch_0047.npy
sub-48,sub-48_ses-2.set,18,3244,batch_0047.npy
sub-48,sub-48_ses-2.set,19,3245,batch_0047.npy
sub-48,sub-48_ses-2.set,20,3246,batch_0047.npy
sub-48,sub-48_ses-2.set,21,3247,batch_0047.npy
sub-48,sub-48_ses-2.set,22,3248,batch_0047.npy
sub-48,sub-48_ses-2.set,23,3249,batch_0047.npy
sub-48,sub-48_ses-2.set,24,3250,batch_0047.npy
sub-48,sub-48_ses-2.set,25,3251,batch_0047.npy
sub-48,sub-48_ses-2.set,26,3252,batch_0047.npy
sub-48,sub-48_ses-2.set,27,3253,batch_0047.npy
sub-48,sub-48_ses-2.set,28,3254,batch_0047.npy
sub-48,sub-48_ses-2.set,29,3255,batch_0047.npy
sub-48,sub-48_ses-2.set,30,3256,batch_0047.npy
sub-48,sub-48_ses-2.set,31,3257,batch_0047.npy
sub-48,sub-48_ses-2.set,32,3258,batch_0047.npy
sub-48,sub-48_ses-2.set,33,3259,batch_0047.npy
sub-48,sub-48_ses-2.set,34,3260,batch_0047.npy
sub-48,sub-48_ses-2.set,35,3261,batch_0047.npy
sub-48,sub-48_ses-2.set,36,3262,batch_0047.npy
sub-48,sub-48_ses-2.set,37,3263,batch_0047.npy
sub-48,sub-48_ses-2.set,38,3264,batch_0047.npy
sub-48,sub-48_ses-2.set,39,3265,batch_0047.npy
sub-48,sub-48_ses-2.set,40,3266,batch_0047.npy
sub-48,sub-48_ses-2.set,41,3267,batch_0047.npy
sub-48,sub-48_ses-2.set,42,3268,batch_0047.npy
sub-48,sub-48_ses-2.set,43,3269,batch_0047.npy
sub-48,sub-48_ses-2.set,44,3270,batch_0047.npy
sub-48,sub-48_ses-2.set,45,3271,batch_0047.npy
sub-48,sub-48_ses-2.set,46,3272,batch_0047.npy
sub-48,sub-48_ses-2.set,47,3273,batch_0047.npy
sub-48,sub-48_ses-2.set,48,3274,batch_0047.npy
sub-48,sub-48_ses-2.set,49,3275,batch_0047.npy
sub-48,sub-48_ses-2.set,50,3276,batch_0047.npy
sub-48,sub-48_ses-2.set,51,3277,batch_0047.npy
sub-48,sub-48_ses-2.set,52,3278,batch_0047.npy
sub-48,sub-48_ses-2.set,53,3279,batch_0047.npy
sub-48,sub-48_ses-2.set,54,3280,batch_0047.npy
sub-48,sub-48_ses-2.set,55,3281,batch_0047.npy
sub-48,sub-48_ses-2.set,56,3282,batch_0047.npy
sub-48,sub-48_ses-2.set,57,3283,batch_0047.npy
sub-48,sub-48_ses-2.set,58,3284,batch_0047.npy
sub-48,sub-48_ses-2.set,59,3285,batch_0047.npy
sub-48,sub-48_ses-2.set,60,3286,batch_0047.npy
sub-48,sub-48_ses-2.set,61,3287,batch_0047.npy
sub-48,sub-48_ses-2.set,62,3288,batch_0047.npy
sub-48,sub-48_ses-2.set,63,3289,batch_0047.npy
sub-48,sub-48_ses-2.set,64,3290,batch_0047.npy
sub-48,sub-48_ses-2.set,65,3291,batch_0047.npy
sub-48,sub-48_ses-2.set,66,3292,batch_0047.npy
sub-48,sub-48_ses-2.set,67,3293,batch_0047.npy
sub-48,sub-48_ses-2.set,68,3294,batch_0047.npy
sub-48,sub-48_ses-2.set,69,3295,batch_0047.npy
sub-48,sub-48_ses-2.set,70,3296,batch_0047.npy
sub-49,sub-49_ses-2.set,0,3297,batch_0048.npy
sub-49,sub-49_ses-2.set,1,3298,batch_0048.npy
sub-49,sub-49_ses-2.set,2,3299,batch_0048.npy
sub-49,sub-49_ses-2.set,3,3300,batch_0048.npy
sub-49,sub-49_ses-2.set,4,3301,batch_0048.npy
sub-49,sub-49_ses-2.set,5,3302,batch_0048.npy
sub-49,sub-49_ses-2.set,6,3303,batch_0048.npy
sub-49,sub-49_ses-2.set,7,3304,batch_0048.npy
sub-49,sub-49_ses-2.set,8,3305,batch_0048.npy
sub-49,sub-49_ses-2.set,9,3306,batch_0048.npy
sub-49,sub-49_ses-2.set,10,3307,batch_0048.npy
sub-49,sub-49_ses-2.set,11,3308,batch_0048.npy
sub-49,sub-49_ses-2.set,12,3309,batch_0048.npy
sub-49,sub-49_ses-2.set,13,3310,batch_0048.npy
sub-49,sub-49_ses-2.set,14,3311,batch_0048.npy
sub-49,sub-49_ses-2.set,15,3312,batch_0048.npy
sub-49,sub-49_ses-2.set,16,3313,batch_0048.npy
sub-49,sub-49_ses-2.set,17,3314,batch_0048.npy
sub-49,sub-49_ses-2.set,18,3315,batch_0048.npy
sub-49,sub-49_ses-2.set,19,3316,batch_0048.npy
sub-49,sub-49_ses-2.set,20,3317,batch_0048.npy
sub-49,sub-49_ses-2.set,21,3318,batch_0048.npy
sub-49,sub-49_ses-2.set,22,3319,batch_0048.npy
sub-49,sub-49_ses-2.set,23,3320,batch_0048.npy
sub-49,sub-49_ses-2.set,24,3321,batch_0048.npy
sub-49,sub-49_ses-2.set,25,3322,batch_0048.npy
sub-49,sub-49_ses-2.set,26,3323,batch_0048.npy
sub-49,sub-49_ses-2.set,27,3324,batch_0048.npy
sub-49,sub-49_ses-2.set,28,3325,batch_0048.npy
sub-49,sub-49_ses-2.set,29,3326,batch_0048.npy
sub-49,sub-49_ses-2.set,30,3327,batch_0048.npy
sub-49,sub-49_ses-2.set,31,3328,batch_0048.npy
sub-49,sub-49_ses-2.set,32,3329,batch_0048.npy
sub-49,sub-49_ses-2.set,33,3330,batch_0048.npy
sub-49,sub-49_ses-2.set,34,3331,batch_0048.npy
sub-49,sub-49_ses-2.set,35,3332,batch_0048.npy
sub-49,sub-49_ses-2.set,36,3333,batch_0048.npy
sub-49,sub-49_ses-2.set,37,3334,batch_0048.npy
sub-49,sub-49_ses-2.set,38,3335,batch_0048.npy
sub-49,sub-49_ses-2.set,39,3336,batch_0048.npy
sub-49,sub-49_ses-2.set,40,3337,batch_0048.npy
sub-49,sub-49_ses-2.set,41,3338,batch_0048.npy
sub-49,sub-49_ses-2.set,42,3339,batch_0048.npy
sub-49,sub-49_ses-2.set,43,3340,batch_0048.npy
sub-49,sub-49_ses-2.set,44,3341,batch_0048.npy
sub-49,sub-49_ses-2.set,45,3342,batch_0048.npy
sub-49,sub-49_ses-2.set,46,3343,batch_0048.npy
sub-49,sub-49_ses-2.set,47,3344,batch_0048.npy
sub-49,sub-49_ses-2.set,48,3345,batch_0048.npy
sub-49,sub-49_ses-2.set,49,3346,batch_0048.npy
sub-49,sub-49_ses-2.set,50,3347,batch_0048.npy
sub-49,sub-49_ses-2.set,51,3348,batch_0048.npy
sub-49,sub-49_ses-2.set,52,3349,batch_0048.npy
sub-49,sub-49_ses-2.set,53,3350,batch_0048.npy
sub-49,sub-49_ses-2.set,54,3351,batch_0048.npy
sub-49,sub-49_ses-2.set,55,3352,batch_0048.npy
sub-49,sub-49_ses-2.set,56,3353,batch_0048.npy
sub-49,sub-49_ses-2.set,57,3354,batch_0048.npy
sub-49,sub-49_ses-2.set,58,3355,batch_0048.npy
sub-49,sub-49_ses-2.set,59,3356,batch_0048.npy
sub-49,sub-49_ses-2.set,60,3357,batch_0048.npy
sub-49,sub-49_ses-2.set,61,3358,batch_0048.npy
sub-49,sub-49_ses-2.set,62,3359,batch_0048.npy
sub-49,sub-49_ses-2.set,63,3360,batch_0048.npy
sub-49,sub-49_ses-2.set,64,3361,batch_0048.npy
sub-49,sub-49_ses-2.set,65,3362,batch_0048.npy
sub-49,sub-49_ses-2.set,66,3363,batch_0048.npy
sub-49,sub-49_ses-2.set,67,3364,batch_0048.npy
sub-49,sub-49_ses-2.set,68,3365,batch_0048.npy
sub-49,sub-49_ses-2.set,69,3366,batch_0048.npy
sub-49,sub-49_ses-2.set,70,3367,batch_0048.npy
sub-49,sub-49_ses-2.set,71,3368,batch_0048.npy
sub-49,sub-49_ses-2.set,72,3369,batch_0048.npy
sub-50,sub-50_ses-2.set,0,3370,batch_0049.npy
sub-50,sub-50_ses-2.set,1,3371,batch_0049.npy
sub-50,sub-50_ses-2.set,2,3372,batch_0049.npy
sub-50,sub-50_ses-2.set,3,3373,batch_0049.npy
sub-50,sub-50_ses-2.set,4,3374,batch_0049.npy
sub-50,sub-50_ses-2.set,5,3375,batch_0049.npy
sub-50,sub-50_ses-2.set,6,3376,batch_0049.npy
sub-50,sub-50_ses-2.set,7,3377,batch_0049.npy
sub-50,sub-50_ses-2.set,8,3378,batch_0049.npy
sub-50,sub-50_ses-2.set,9,3379,batch_0049.npy
sub-50,sub-50_ses-2.set,10,3380,batch_0049.npy
sub-50,sub-50_ses-2.set,11,3381,batch_0049.npy
sub-50,sub-50_ses-2.set,12,3382,batch_0049.npy
sub-50,sub-50_ses-2.set,13,3383,batch_0049.npy
sub-50,sub-50_ses-2.set,14,3384,batch_0049.npy
sub-50,sub-50_ses-2.set,15,3385,batch_0049.npy
sub-50,sub-50_ses-2.set,16,3386,batch_0049.npy
sub-50,sub-50_ses-2.set,17,3387,batch_0049.npy
sub-50,sub-50_ses-2.set,18,3388,batch_0049.npy
sub-50,sub-50_ses-2.set,19,3389,batch_0049.npy
sub-50,sub-50_ses-2.set,20,3390,batch_0049.npy
sub-50,sub-50_ses-2.set,21,3391,batch_0049.npy
sub-50,sub-50_ses-2.set,22,3392,batch_0049.npy
sub-50,sub-50_ses-2.set,23,3393,batch_0049.npy
sub-50,sub-50_ses-2.set,24,3394,batch_0049.npy
sub-50,sub-50_ses-2.set,25,3395,batch_0049.npy
sub-50,sub-50_ses-2.set,26,3396,batch_0049.npy
sub-50,sub-50_ses-2.set,27,3397,batch_0049.npy
sub-50,sub-50_ses-2.set,28,3398,batch_0049.npy
sub-50,sub-50_ses-2.set,29,3399,batch_0049.npy
sub-50,sub-50_ses-2.set,30,3400,batch_0049.npy
sub-50,sub-50_ses-2.set,31,3401,batch_0049.npy
sub-50,sub-50_ses-2.set,32,3402,batch_0049.npy
sub-50,sub-50_ses-2.set,33,3403,batch_0049.npy
sub-50,sub-50_ses-2.set,34,3404,batch_0049.npy
sub-50,sub-50_ses-2.set,35,3405,batch_0049.npy
sub-50,sub-50_ses-2.set,36,3406,batch_0049.npy
sub-50,sub-50_ses-2.set,37,3407,batch_0049.npy
sub-50,sub-50_ses-2.set,38,3408,batch_0049.npy
sub-50,sub-50_ses-2.set,39,3409,batch_0049.npy
sub-50,sub-50_ses-2.set,40,3410,batch_0049.npy
sub-50,sub-50_ses-2.set,41,3411,batch_0049.npy
sub-50,sub-50_ses-2.set,42,3412,batch_0049.npy
sub-50,sub-50_ses-2.set,43,3413,batch_0049.npy
sub-50,sub-50_ses-2.set,44,3414,batch_0049.npy
sub-50,sub-50_ses-2.set,45,3415,batch_0049.npy
sub-50,sub-50_ses-2.set,46,3416,batch_0049.npy
sub-50,sub-50_ses-2.set,47,3417,batch_0049.npy
sub-50,sub-50_ses-2.set,48,3418,batch_0049.npy
sub-50,sub-50_ses-2.set,49,3419,batch_0049.npy
sub-50,sub-50_ses-2.set,50,3420,batch_0049.npy
sub-50,sub-50_ses-2.set,51,3421,batch_0049.npy
sub-50,sub-50_ses-2.set,52,3422,batch_0049.npy
sub-50,sub-50_ses-2.set,53,3423,batch_0049.npy
sub-50,sub-50_ses-2.set,54,3424,batch_0049.npy
sub-50,sub-50_ses-2.set,55,3425,batch_0049.npy
sub-50,sub-50_ses-2.set,56,3426,batch_0049.npy
sub-50,sub-50_ses-2.set,57,3427,batch_0049.npy
sub-50,sub-50_ses-2.set,58,3428,batch_0049.npy
sub-50,sub-50_ses-2.set,59,3429,batch_0049.npy
sub-50,sub-50_ses-2.set,60,3430,batch_0049.npy
sub-50,sub-50_ses-2.set,61,3431,batch_0049.npy
sub-50,sub-50_ses-2.set,62,3432,batch_0049.npy
sub-50,sub-50_ses-2.set,63,3433,batch_0049.npy
sub-50,sub-50_ses-2.set,64,3434,batch_0049.npy
sub-50,sub-50_ses-2.set,65,3435,batch_0049.npy
sub-50,sub-50_ses-2.set,66,3436,batch_0049.npy
sub-50,sub-50_ses-2.set,67,3437,batch_0049.npy
sub-50,sub-50_ses-2.set,68,3438,batch_0049.npy
sub-50,sub-50_ses-2.set,69,3439,batch_0049.npy
sub-50,sub-50_ses-2.set,70,3440,batch_0049.npy
sub-50,sub-50_ses-2.set,71,3441,batch_0049.npy
sub-51,sub-51_ses-2.set,0,3442,batch_0050.npy
sub-51,sub-51_ses-2.set,1,3443,batch_0050.npy
sub-51,sub-51_ses-2.set,2,3444,batch_0050.npy
sub-51,sub-51_ses-2.set,3,3445,batch_0050.npy
sub-51,sub-51_ses-2.set,4,3446,batch_0050.npy
sub-51,sub-51_ses-2.set,5,3447,batch_0050.npy
sub-51,sub-51_ses-2.set,6,3448,batch_0050.npy
sub-51,sub-51_ses-2.set,7,3449,batch_0050.npy
sub-51,sub-51_ses-2.set,8,3450,batch_0050.npy
sub-51,sub-51_ses-2.set,9,3451,batch_0050.npy
sub-51,sub-51_ses-2.set,10,3452,batch_0050.npy
sub-51,sub-51_ses-2.set,11,3453,batch_0050.npy
sub-51,sub-51_ses-2.set,12,3454,batch_0050.npy
sub-51,sub-51_ses-2.set,13,3455,batch_0050.npy
sub-51,sub-51_ses-2.set,14,3456,batch_0050.npy
sub-51,sub-51_ses-2.set,15,3457,batch_0050.npy
sub-51,sub-51_ses-2.set,16,3458,batch_0050.npy
sub-51,sub-51_ses-2.set,17,3459,batch_0050.npy
sub-51,sub-51_ses-2.set,18,3460,batch_0050.npy
sub-51,sub-51_ses-2.set,19,3461,batch_0050.npy
sub-51,sub-51_ses-2.set,20,3462,batch_0050.npy
sub-51,sub-51_ses-2.set,21,3463,batch_0050.npy
sub-51,sub-51_ses-2.set,22,3464,batch_0050.npy
sub-51,sub-51_ses-2.set,23,3465,batch_0050.npy
sub-51,sub-51_ses-2.set,24,3466,batch_0050.npy
sub-51,sub-51_ses-2.set,25,3467,batch_0050.npy
sub-51,sub-51_ses-2.set,26,3468,batch_0050.npy
sub-51,sub-51_ses-2.set,27,3469,batch_0050.npy
sub-51,sub-51_ses-2.set,28,3470,batch_0050.npy
sub-51,sub-51_ses-2.set,29,3471,batch_0050.npy
sub-51,sub-51_ses-2.set,30,3472,batch_0050.npy
sub-51,sub-51_ses-2.set,31,3473,batch_0050.npy
sub-51,sub-51_ses-2.set,32,3474,batch_0050.npy
sub-51,sub-51_ses-2.set,33,3475,batch_0050.npy
sub-51,sub-51_ses-2.set,34,3476,batch_0050.npy
sub-51,sub-51_ses-2.set,35,3477,batch_0050.npy
sub-51,sub-51_ses-2.set,36,3478,batch_0050.npy
sub-51,sub-51_ses-2.set,37,3479,batch_0050.npy
sub-51,sub-51_ses-2.set,38,3480,batch_0050.npy
sub-51,sub-51_ses-2.set,39,3481,batch_0050.npy
sub-51,sub-51_ses-2.set,40,3482,batch_0050.npy
sub-51,sub-51_ses-2.set,41,3483,batch_0050.npy
sub-51,sub-51_ses-2.set,42,3484,batch_0050.npy
sub-51,sub-51_ses-2.set,43,3485,batch_0050.npy
sub-51,sub-51_ses-2.set,44,3486,batch_0050.npy
sub-51,sub-51_ses-2.set,45,3487,batch_0050.npy
sub-51,sub-51_ses-2.set,46,3488,batch_0050.npy
sub-51,sub-51_ses-2.set,47,3489,batch_0050.npy
sub-51,sub-51_ses-2.set,48,3490,batch_0050.npy
sub-51,sub-51_ses-2.set,49,3491,batch_0050.npy
sub-51,sub-51_ses-2.set,50,3492,batch_0050.npy
sub-51,sub-51_ses-2.set,51,3493,batch_0050.npy
sub-51,sub-51_ses-2.set,52,3494,batch_0050.npy
sub-51,sub-51_ses-2.set,53,3495,batch_0050.npy
sub-51,sub-51_ses-2.set,54,3496,batch_0050.npy
sub-51,sub-51_ses-2.set,55,3497,batch_0050.npy
sub-51,sub-51_ses-2.set,56,3498,batch_0050.npy
sub-51,sub-51_ses-2.set,57,3499,batch_0050.npy
sub-51,sub-51_ses-2.set,58,3500,batch_0050.npy
sub-51,sub-51_ses-2.set,59,3501,batch_0050.npy
sub-51,sub-51_ses-2.set,60,3502,batch_0050.npy
sub-51,sub-51_ses-2.set,61,3503,batch_0050.npy
sub-51,sub-51_ses-2.set,62,3504,batch_0050.npy
sub-51,sub-51_ses-2.set,63,3505,batch_0050.npy
sub-51,sub-51_ses-2.set,64,3506,batch_0050.npy
sub-51,sub-51_ses-2.set,65,3507,batch_0050.npy
sub-51,sub-51_ses-2.set,66,3508,batch_0050.npy
sub-52,sub-52_ses-2.set,0,3509,batch_0051.npy
sub-52,sub-52_ses-2.set,1,3510,batch_0051.npy
sub-52,sub-52_ses-2.set,2,3511,batch_0051.npy
sub-52,sub-52_ses-2.set,3,3512,batch_0051.npy
sub-52,sub-52_ses-2.set,4,3513,batch_0051.npy
sub-52,sub-52_ses-2.set,5,3514,batch_0051.npy
sub-52,sub-52_ses-2.set,6,3515,batch_0051.npy
sub-52,sub-52_ses-2.set,7,3516,batch_0051.npy
sub-52,sub-52_ses-2.set,8,3517,batch_0051.npy
sub-52,sub-52_ses-2.set,9,3518,batch_0051.npy
sub-52,sub-52_ses-2.set,10,3519,batch_0051.npy
sub-52,sub-52_ses-2.set,11,3520,batch_0051.npy
sub-52,sub-52_ses-2.set,12,3521,batch_0051.npy
sub-52,sub-52_ses-2.set,13,3522,batch_0051.npy
sub-52,sub-52_ses-2.set,14,3523,batch_0051.npy
sub-52,sub-52_ses-2.set,15,3524,batch_0051.npy
sub-52,sub-52_ses-2.set,16,3525,batch_0051.npy
sub-52,sub-52_ses-2.set,17,3526,batch_0051.npy
sub-52,sub-52_ses-2.set,18,3527,batch_0051.npy
sub-52,sub-52_ses-2.set,19,3528,batch_0051.npy
sub-52,sub-52_ses-2.set,20,3529,batch_0051.npy
sub-52,sub-52_ses-2.set,21,3530,batch_0051.npy
sub-52,sub-52_ses-2.set,22,3531,batch_0051.npy
sub-52,sub-52_ses-2.set,23,3532,batch_0051.npy
sub-52,sub-52_ses-2.set,24,3533,batch_0051.npy
sub-52,sub-52_ses-2.set,25,3534,batch_0051.npy
sub-52,sub-52_ses-2.set,26,3535,batch_0051.npy
sub-52,sub-52_ses-2.set,27,3536,batch_0051.npy
sub-52,sub-52_ses-2.set,28,3537,batch_0051.npy
sub-52,sub-52_ses-2.set,29,3538,batch_0051.npy
sub-52,sub-52_ses-2.set,30,3539,batch_0051.npy
sub-52,sub-52_ses-2.set,31,3540,batch_0051.npy
sub-52,sub-52_ses-2.set,32,3541,batch_0051.npy
sub-52,sub-52_ses-2.set,33,3542,batch_0051.npy
sub-52,sub-52_ses-2.set,34,3543,batch_0051.npy
sub-52,sub-52_ses-2.set,35,3544,batch_0051.npy
sub-52,sub-52_ses-2.set,36,3545,batch_0051.npy
sub-52,sub-52_ses-2.set,37,3546,batch_0051.npy
sub-52,sub-52_ses-2.set,38,3547,batch_0051.npy
sub-52,sub-52_ses-2.set,39,3548,batch_0051.npy
sub-52,sub-52_ses-2.set,40,3549,batch_0051.npy
sub-52,sub-52_ses-2.set,41,3550,batch_0051.npy
sub-52,sub-52_ses-2.set,42,3551,batch_0051.npy
sub-52,sub-52_ses-2.set,43,3552,batch_0051.npy
sub-52,sub-52_ses-2.set,44,3553,batch_0051.npy
sub-52,sub-52_ses-2.set,45,3554,batch_0051.npy
sub-52,sub-52_ses-2.set,46,3555,batch_0051.npy
sub-52,sub-52_ses-2.set,47,3556,batch_0051.npy
sub-52,sub-52_ses-2.set,48,3557,batch_0051.npy
sub-52,sub-52_ses-2.set,49,3558,batch_0051.npy
sub-52,sub-52_ses-2.set,50,3559,batch_0051.npy
sub-52,sub-52_ses-2.set,51,3560,batch_0051.npy
sub-52,sub-52_ses-2.set,52,3561,batch_0051.npy
sub-52,sub-52_ses-2.set,53,3562,batch_0051.npy
sub-52,sub-52_ses-2.set,54,3563,batch_0051.npy
sub-52,sub-52_ses-2.set,55,3564,batch_0051.npy
sub-52,sub-52_ses-2.set,56,3565,batch_0051.npy
sub-52,sub-52_ses-2.set,57,3566,batch_0051.npy
sub-52,sub-52_ses-2.set,58,3567,batch_0051.npy
sub-52,sub-52_ses-2.set,59,3568,batch_0051.npy
sub-52,sub-52_ses-2.set,60,3569,batch_0051.npy
sub-52,sub-52_ses-2.set,61,3570,batch_0051.npy
sub-52,sub-52_ses-2.set,62,3571,batch_0051.npy
sub-52,sub-52_ses-2.set,63,3572,batch_0051.npy
sub-52,sub-52_ses-2.set,64,3573,batch_0051.npy
sub-52,sub-52_ses-2.set,65,3574,batch_0051.npy
sub-52,sub-52_ses-2.set,66,3575,batch_0051.npy
sub-52,sub-52_ses-2.set,67,3576,batch_0051.npy
sub-52,sub-52_ses-2.set,68,3577,batch_0051.npy
sub-52,sub-52_ses-2.set,69,3578,batch_0051.npy
sub-52,sub-52_ses-2.set,70,3579,batch_0051.npy
sub-52,sub-52_ses-2.set,71,3580,batch_0051.npy
sub-52,sub-52_ses-2.set,72,3581,batch_0051.npy
sub-52,sub-52_ses-2.set,73,3582,batch_0051.npy
sub-52,sub-52_ses-2.set,74,3583,batch_0051.npy
sub-52,sub-52_ses-2.set,75,3584,batch_0051.npy
sub-52,sub-52_ses-2.set,76,3585,batch_0051.npy
sub-52,sub-52_ses-2.set,77,3586,batch_0051.npy
sub-52,sub-52_ses-2.set,78,3587,batch_0051.npy
sub-53,sub-53_ses-2.set,0,3588,batch_0052.npy
sub-53,sub-53_ses-2.set,1,3589,batch_0052.npy
sub-53,sub-53_ses-2.set,2,3590,batch_0052.npy
sub-53,sub-53_ses-2.set,3,3591,batch_0052.npy
sub-53,sub-53_ses-2.set,4,3592,batch_0052.npy
sub-53,sub-53_ses-2.set,5,3593,batch_0052.npy
sub-53,sub-53_ses-2.set,6,3594,batch_0052.npy
sub-53,sub-53_ses-2.set,7,3595,batch_0052.npy
sub-53,sub-53_ses-2.set,8,3596,batch_0052.npy
sub-53,sub-53_ses-2.set,9,3597,batch_0052.npy
sub-53,sub-53_ses-2.set,10,3598,batch_0052.npy
sub-53,sub-53_ses-2.set,11,3599,batch_0052.npy
sub-53,sub-53_ses-2.set,12,3600,batch_0052.npy
sub-53,sub-53_ses-2.set,13,3601,batch_0052.npy
sub-53,sub-53_ses-2.set,14,3602,batch_0052.npy
sub-53,sub-53_ses-2.set,15,3603,batch_0052.npy
sub-53,sub-53_ses-2.set,16,3604,batch_0052.npy
sub-53,sub-53_ses-2.set,17,3605,batch_0052.npy
sub-53,sub-53_ses-2.set,18,3606,batch_0052.npy
sub-53,sub-53_ses-2.set,19,3607,batch_0052.npy
sub-53,sub-53_ses-2.set,20,3608,batch_0052.npy
sub-53,sub-53_ses-2.set,21,3609,batch_0052.npy
sub-53,sub-53_ses-2.set,22,3610,batch_0052.npy
sub-53,sub-53_ses-2.set,23,3611,batch_0052.npy
sub-53,sub-53_ses-2.set,24,3612,batch_0052.npy
sub-53,sub-53_ses-2.set,25,3613,batch_0052.npy
sub-53,sub-53_ses-2.set,26,3614,batch_0052.npy
sub-53,sub-53_ses-2.set,27,3615,batch_0052.npy
sub-53,sub-53_ses-2.set,28,3616,batch_0052.npy
sub-53,sub-53_ses-2.set,29,3617,batch_0052.npy
sub-53,sub-53_ses-2.set,30,3618,batch_0052.npy
sub-53,sub-53_ses-2.set,31,3619,batch_0052.npy
sub-53,sub-53_ses-2.set,32,3620,batch_0052.npy
sub-53,sub-53_ses-2.set,33,3621,batch_0052.npy
sub-53,sub-53_ses-2.set,34,3622,batch_0052.npy
sub-53,sub-53_ses-2.set,35,3623,batch_0052.npy
sub-53,sub-53_ses-2.set,36,3624,batch_0052.npy
sub-53,sub-53_ses-2.set,37,3625,batch_0052.npy
sub-53,sub-53_ses-2.set,38,3626,batch_0052.npy
sub-53,sub-53_ses-2.set,39,3627,batch_0052.npy
sub-53,sub-53_ses-2.set,40,3628,batch_0052.npy
sub-53,sub-53_ses-2.set,41,3629,batch_0052.npy
sub-53,sub-53_ses-2.set,42,3630,batch_0052.npy
sub-53,sub-53_ses-2.set,43,3631,batch_0052.npy
sub-53,sub-53_ses-2.set,44,3632,batch_0052.npy
sub-53,sub-53_ses-2.set,45,3633,batch_0052.npy
sub-53,sub-53_ses-2.set,46,3634,batch_0052.npy
sub-53,sub-53_ses-2.set,47,3635,batch_0052.npy
sub-53,sub-53_ses-2.set,48,3636,batch_0052.npy
sub-53,sub-53_ses-2.set,49,3637,batch_0052.npy
sub-53,sub-53_ses-2.set,50,3638,batch_0052.npy
sub-53,sub-53_ses-2.set,51,3639,batch_0052.npy
sub-53,sub-53_ses-2.set,52,3640,batch_0052.npy
sub-53,sub-53_ses-2.set,53,3641,batch_0052.npy
sub-53,sub-53_ses-2.set,54,3642,batch_0052.npy
sub-53,sub-53_ses-2.set,55,3643,batch_0052.npy
sub-53,sub-53_ses-2.set,56,3644,batch_0052.npy
sub-53,sub-53_ses-2.set,57,3645,batch_0052.npy
sub-53,sub-53_ses-2.set,58,3646,batch_0052.npy
sub-53,sub-53_ses-2.set,59,3647,batch_0052.npy
sub-53,sub-53_ses-2.set,60,3648,batch_0052.npy
sub-53,sub-53_ses-2.set,61,3649,batch_0052.npy
sub-53,sub-53_ses-2.set,62,3650,batch_0052.npy
sub-53,sub-53_ses-2.set,63,3651,batch_0052.npy
sub-53,sub-53_ses-2.set,64,3652,batch_0052.npy
sub-53,sub-53_ses-2.set,65,3653,batch_0052.npy
sub-53,sub-53_ses-2.set,66,3654,batch_0052.npy
sub-53,sub-53_ses-2.set,67,3655,batch_0052.npy
sub-53,sub-53_ses-2.set,68,3656,batch_0052.npy
sub-53,sub-53_ses-2.set,69,3657,batch_0052.npy
sub-53,sub-53_ses-2.set,70,3658,batch_0052.npy
sub-53,sub-53_ses-2.set,71,3659,batch_0052.npy
sub-54,sub-54_ses-2.set,0,3660,batch_0053.npy
sub-54,sub-54_ses-2.set,1,3661,batch_0053.npy
sub-54,sub-54_ses-2.set,2,3662,batch_0053.npy
sub-54,sub-54_ses-2.set,3,3663,batch_0053.npy
sub-54,sub-54_ses-2.set,4,3664,batch_0053.npy
sub-54,sub-54_ses-2.set,5,3665,batch_0053.npy
sub-54,sub-54_ses-2.set,6,3666,batch_0053.npy
sub-54,sub-54_ses-2.set,7,3667,batch_0053.npy
sub-54,sub-54_ses-2.set,8,3668,batch_0053.npy
sub-54,sub-54_ses-2.set,9,3669,batch_0053.npy
sub-54,sub-54_ses-2.set,10,3670,batch_0053.npy
sub-54,sub-54_ses-2.set,11,3671,batch_0053.npy
sub-54,sub-54_ses-2.set,12,3672,batch_0053.npy
sub-54,sub-54_ses-2.set,13,3673,batch_0053.npy
sub-54,sub-54_ses-2.set,14,3674,batch_0053.npy
sub-54,sub-54_ses-2.set,15,3675,batch_0053.npy
sub-54,sub-54_ses-2.set,16,3676,batch_0053.npy
sub-54,sub-54_ses-2.set,17,3677,batch_0053.npy
sub-54,sub-54_ses-2.set,18,3678,batch_0053.npy
sub-54,sub-54_ses-2.set,19,3679,batch_0053.npy
sub-54,sub-54_ses-2.set,20,3680,batch_0053.npy
sub-54,sub-54_ses-2.set,21,3681,batch_0053.npy
sub-54,sub-54_ses-2.set,22,3682,batch_0053.npy
sub-54,sub-54_ses-2.set,23,3683,batch_0053.npy
sub-54,sub-54_ses-2.set,24,3684,batch_0053.npy
sub-54,sub-54_ses-2.set,25,3685,batch_0053.npy
sub-54,sub-54_ses-2.set,26,3686,batch_0053.npy
sub-54,sub-54_ses-2.set,27,3687,batch_0053.npy
sub-54,sub-54_ses-2.set,28,3688,batch_0053.npy
sub-54,sub-54_ses-2.set,29,3689,batch_0053.npy
sub-54,sub-54_ses-2.set,30,3690,batch_0053.npy
sub-54,sub-54_ses-2.set,31,3691,batch_0053.npy
sub-54,sub-54_ses-2.set,32,3692,batch_0053.npy
sub-54,sub-54_ses-2.set,33,3693,batch_0053.npy
sub-54,sub-54_ses-2.set,34,3694,batch_0053.npy
sub-54,sub-54_ses-2.set,35,3695,batch_0053.npy
sub-54,sub-54_ses-2.set,36,3696,batch_0053.npy
sub-54,sub-54_ses-2.set,37,3697,batch_0053.npy
sub-54,sub-54_ses-2.set,38,3698,batch_0053.npy
sub-54,sub-54_ses-2.set,39,3699,batch_0053.npy
sub-54,sub-54_ses-2.set,40,3700,batch_0053.npy
sub-54,sub-54_ses-2.set,41,3701,batch_0053.npy
sub-54,sub-54_ses-2.set,42,3702,batch_0053.npy
sub-54,sub-54_ses-2.set,43,3703,batch_0053.npy
sub-54,sub-54_ses-2.set,44,3704,batch_0053.npy
sub-54,sub-54_ses-2.set,45,3705,batch_0053.npy
sub-54,sub-54_ses-2.set,46,3706,batch_0053.npy
sub-54,sub-54_ses-2.set,47,3707,batch_0053.npy
sub-54,sub-54_ses-2.set,48,3708,batch_0053.npy
sub-54,sub-54_ses-2.set,49,3709,batch_0053.npy
sub-54,sub-54_ses-2.set,50,3710,batch_0053.npy
sub-54,sub-54_ses-2.set,51,3711,batch_0053.npy
sub-54,sub-54_ses-2.set,52,3712,batch_0053.npy
sub-54,sub-54_ses-2.set,53,3713,batch_0053.npy
sub-54,sub-54_ses-2.set,54,3714,batch_0053.npy
sub-54,sub-54_ses-2.set,55,3715,batch_0053.npy
sub-54,sub-54_ses-2.set,56,3716,batch_0053.npy
sub-54,sub-54_ses-2.set,57,3717,batch_0053.npy
sub-54,sub-54_ses-2.set,58,3718,batch_0053.npy
sub-54,sub-54_ses-2.set,59,3719,batch_0053.npy
sub-54,sub-54_ses-2.set,60,3720,batch_0053.npy
sub-54,sub-54_ses-2.set,61,3721,batch_0053.npy
sub-54,sub-54_ses-2.set,62,3722,batch_0053.npy
sub-55,sub-55_ses-2.set,0,3723,batch_0054.npy
sub-55,sub-55_ses-2.set,1,3724,batch_0054.npy
sub-55,sub-55_ses-2.set,2,3725,batch_0054.npy
sub-55,sub-55_ses-2.set,3,3726,batch_0054.npy
sub-55,sub-55_ses-2.set,4,3727,batch_0054.npy
sub-55,sub-55_ses-2.set,5,3728,batch_0054.npy
sub-55,sub-55_ses-2.set,6,3729,batch_0054.npy
sub-55,sub-55_ses-2.set,7,3730,batch_0054.npy
sub-55,sub-55_ses-2.set,8,3731,batch_0054.npy
sub-55,sub-55_ses-2.set,9,3732,batch_0054.npy
sub-55,sub-55_ses-2.set,10,3733,batch_0054.npy
sub-55,sub-55_ses-2.set,11,3734,batch_0054.npy
sub-55,sub-55_ses-2.set,12,3735,batch_0054.npy
sub-55,sub-55_ses-2.set,13,3736,batch_0054.npy
sub-55,sub-55_ses-2.set,14,3737,batch_0054.npy
sub-55,sub-55_ses-2.set,15,3738,batch_0054.npy
sub-55,sub-55_ses-2.set,16,3739,batch_0054.npy
sub-55,sub-55_ses-2.set,17,3740,batch_0054.npy
sub-55,sub-55_ses-2.set,18,3741,batch_0054.npy
sub-55,sub-55_ses-2.set,19,3742,batch_0054.npy
sub-55,sub-55_ses-2.set,20,3743,batch_0054.npy
sub-55,sub-55_ses-2.set,21,3744,batch_0054.npy
sub-55,sub-55_ses-2.set,22,3745,batch_0054.npy
sub-55,sub-55_ses-2.set,23,3746,batch_0054.npy
sub-55,sub-55_ses-2.set,24,3747,batch_0054.npy
sub-55,sub-55_ses-2.set,25,3748,batch_0054.npy
sub-55,sub-55_ses-2.set,26,3749,batch_0054.npy
sub-55,sub-55_ses-2.set,27,3750,batch_0054.npy
sub-55,sub-55_ses-2.set,28,3751,batch_0054.npy
sub-55,sub-55_ses-2.set,29,3752,batch_0054.npy
sub-55,sub-55_ses-2.set,30,3753,batch_0054.npy
sub-55,sub-55_ses-2.set,31,3754,batch_0054.npy
sub-55,sub-55_ses-2.set,32,3755,batch_0054.npy
sub-55,sub-55_ses-2.set,33,3756,batch_0054.npy
sub-55,sub-55_ses-2.set,34,3757,batch_0054.npy
sub-55,sub-55_ses-2.set,35,3758,batch_0054.npy
sub-55,sub-55_ses-2.set,36,3759,batch_0054.npy
sub-55,sub-55_ses-2.set,37,3760,batch_0054.npy
sub-55,sub-55_ses-2.set,38,3761,batch_0054.npy
sub-55,sub-55_ses-2.set,39,3762,batch_0054.npy
sub-55,sub-55_ses-2.set,40,3763,batch_0054.npy
sub-55,sub-55_ses-2.set,41,3764,batch_0054.npy
sub-55,sub-55_ses-2.set,42,3765,batch_0054.npy
sub-55,sub-55_ses-2.set,43,3766,batch_0054.npy
sub-55,sub-55_ses-2.set,44,3767,batch_0054.npy
sub-55,sub-55_ses-2.set,45,3768,batch_0054.npy
sub-55,sub-55_ses-2.set,46,3769,batch_0054.npy
sub-55,sub-55_ses-2.set,47,3770,batch_0054.npy
sub-55,sub-55_ses-2.set,48,3771,batch_0054.npy
sub-55,sub-55_ses-2.set,49,3772,batch_0054.npy
sub-55,sub-55_ses-2.set,50,3773,batch_0054.npy
sub-55,sub-55_ses-2.set,51,3774,batch_0054.npy
sub-55,sub-55_ses-2.set,52,3775,batch_0054.npy
sub-55,sub-55_ses-2.set,53,3776,batch_0054.npy
sub-55,sub-55_ses-2.set,54,3777,batch_0054.npy
sub-55,sub-55_ses-2.set,55,3778,batch_0054.npy
sub-55,sub-55_ses-2.set,56,3779,batch_0054.npy
sub-55,sub-55_ses-2.set,57,3780,batch_0054.npy
sub-55,sub-55_ses-2.set,58,3781,batch_0054.npy
sub-55,sub-55_ses-2.set,59,3782,batch_0054.npy
sub-55,sub-55_ses-2.set,60,3783,batch_0054.npy
sub-55,sub-55_ses-2.set,61,3784,batch_0054.npy
sub-55,sub-55_ses-2.set,62,3785,batch_0054.npy
sub-55,sub-55_ses-2.set,63,3786,batch_0054.npy
sub-55,sub-55_ses-2.set,64,3787,batch_0054.npy
sub-55,sub-55_ses-2.set,65,3788,batch_0054.npy
sub-55,sub-55_ses-2.set,66,3789,batch_0054.npy
sub-55,sub-55_ses-2.set,67,3790,batch_0054.npy
sub-55,sub-55_ses-2.set,68,3791,batch_0054.npy
sub-55,sub-55_ses-2.set,69,3792,batch_0054.npy
sub-55,sub-55_ses-2.set,70,3793,batch_0054.npy
sub-55,sub-55_ses-2.set,71,3794,batch_0054.npy
sub-55,sub-55_ses-2.set,72,3795,batch_0054.npy
sub-56,sub-56_ses-2.set,0,3796,batch_0055.npy
sub-56,sub-56_ses-2.set,1,3797,batch_0055.npy
sub-56,sub-56_ses-2.set,2,3798,batch_0055.npy
sub-56,sub-56_ses-2.set,3,3799,batch_0055.npy
sub-56,sub-56_ses-2.set,4,3800,batch_0055.npy
sub-56,sub-56_ses-2.set,5,3801,batch_0055.npy
sub-56,sub-56_ses-2.set,6,3802,batch_0055.npy
sub-56,sub-56_ses-2.set,7,3803,batch_0055.npy
sub-56,sub-56_ses-2.set,8,3804,batch_0055.npy
sub-56,sub-56_ses-2.set,9,3805,batch_0055.npy
sub-56,sub-56_ses-2.set,10,3806,batch_0055.npy
sub-56,sub-56_ses-2.set,11,3807,batch_0055.npy
sub-56,sub-56_ses-2.set,12,3808,batch_0055.npy
sub-56,sub-56_ses-2.set,13,3809,batch_0055.npy
sub-56,sub-56_ses-2.set,14,3810,batch_0055.npy
sub-56,sub-56_ses-2.set,15,3811,batch_0055.npy
sub-56,sub-56_ses-2.set,16,3812,batch_0055.npy
sub-56,sub-56_ses-2.set,17,3813,batch_0055.npy
sub-56,sub-56_ses-2.set,18,3814,batch_0055.npy
sub-56,sub-56_ses-2.set,19,3815,batch_0055.npy
sub-56,sub-56_ses-2.set,20,3816,batch_0055.npy
sub-56,sub-56_ses-2.set,21,3817,batch_0055.npy
sub-56,sub-56_ses-2.set,22,3818,batch_0055.npy
sub-56,sub-56_ses-2.set,23,3819,batch_0055.npy
sub-56,sub-56_ses-2.set,24,3820,batch_0055.npy
sub-56,sub-56_ses-2.set,25,3821,batch_0055.npy
sub-56,sub-56_ses-2.set,26,3822,batch_0055.npy
sub-56,sub-56_ses-2.set,27,3823,batch_0055.npy
sub-56,sub-56_ses-2.set,28,3824,batch_0055.npy
sub-56,sub-56_ses-2.set,29,3825,batch_0055.npy
sub-56,sub-56_ses-2.set,30,3826,batch_0055.npy
sub-56,sub-56_ses-2.set,31,3827,batch_0055.npy
sub-56,sub-56_ses-2.set,32,3828,batch_0055.npy
sub-56,sub-56_ses-2.set,33,3829,batch_0055.npy
sub-56,sub-56_ses-2.set,34,3830,batch_0055.npy
sub-56,sub-56_ses-2.set,35,3831,batch_0055.npy
sub-56,sub-56_ses-2.set,36,3832,batch_0055.npy
sub-56,sub-56_ses-2.set,37,3833,batch_0055.npy
sub-56,sub-56_ses-2.set,38,3834,batch_0055.npy
sub-56,sub-56_ses-2.set,39,3835,batch_0055.npy
sub-56,sub-56_ses-2.set,40,3836,batch_0055.npy
sub-56,sub-56_ses-2.set,41,3837,batch_0055.npy
sub-56,sub-56_ses-2.set,42,3838,batch_0055.npy
sub-56,sub-56_ses-2.set,43,3839,batch_0055.npy
sub-56,sub-56_ses-2.set,44,3840,batch_0055.npy
sub-56,sub-56_ses-2.set,45,3841,batch_0055.npy
sub-56,sub-56_ses-2.set,46,3842,batch_0055.npy
sub-56,sub-56_ses-2.set,47,3843,batch_0055.npy
sub-56,sub-56_ses-2.set,48,3844,batch_0055.npy
sub-56,sub-56_ses-2.set,49,3845,batch_0055.npy
sub-56,sub-56_ses-2.set,50,3846,batch_0055.npy
sub-56,sub-56_ses-2.set,51,3847,batch_0055.npy
sub-56,sub-56_ses-2.set,52,3848,batch_0055.npy
sub-56,sub-56_ses-2.set,53,3849,batch_0055.npy
sub-56,sub-56_ses-2.set,54,3850,batch_0055.npy
sub-56,sub-56_ses-2.set,55,3851,batch_0055.npy
sub-56,sub-56_ses-2.set,56,3852,batch_0055.npy
sub-56,sub-56_ses-2.set,57,3853,batch_0055.npy
sub-56,sub-56_ses-2.set,58,3854,batch_0055.npy
sub-56,sub-56_ses-2.set,59,3855,batch_0055.npy
sub-56,sub-56_ses-2.set,60,3856,batch_0055.npy
sub-56,sub-56_ses-2.set,61,3857,batch_0055.npy
sub-56,sub-56_ses-2.set,62,3858,batch_0055.npy
sub-56,sub-56_ses-2.set,63,3859,batch_0055.npy
sub-56,sub-56_ses-2.set,64,3860,batch_0055.npy
sub-56,sub-56_ses-2.set,65,3861,batch_0055.npy
sub-56,sub-56_ses-2.set,66,3862,batch_0055.npy
sub-56,sub-56_ses-2.set,67,3863,batch_0055.npy
sub-56,sub-56_ses-2.set,68,3864,batch_0055.npy
sub-56,sub-56_ses-2.set,69,3865,batch_0055.npy
sub-56,sub-56_ses-2.set,70,3866,batch_0055.npy
sub-56,sub-56_ses-2.set,71,3867,batch_0055.npy
sub-57,sub-57_ses-2.set,0,3868,batch_0056.npy
sub-57,sub-57_ses-2.set,1,3869,batch_0056.npy
sub-57,sub-57_ses-2.set,2,3870,batch_0056.npy
sub-57,sub-57_ses-2.set,3,3871,batch_0056.npy
sub-57,sub-57_ses-2.set,4,3872,batch_0056.npy
sub-57,sub-57_ses-2.set,5,3873,batch_0056.npy
sub-57,sub-57_ses-2.set,6,3874,batch_0056.npy
sub-57,sub-57_ses-2.set,7,3875,batch_0056.npy
sub-57,sub-57_ses-2.set,8,3876,batch_0056.npy
sub-57,sub-57_ses-2.set,9,3877,batch_0056.npy
sub-57,sub-57_ses-2.set,10,3878,batch_0056.npy
sub-57,sub-57_ses-2.set,11,3879,batch_0056.npy
sub-57,sub-57_ses-2.set,12,3880,batch_0056.npy
sub-57,sub-57_ses-2.set,13,3881,batch_0056.npy
sub-57,sub-57_ses-2.set,14,3882,batch_0056.npy
sub-57,sub-57_ses-2.set,15,3883,batch_0056.npy
sub-57,sub-57_ses-2.set,16,3884,batch_0056.npy
sub-57,sub-57_ses-2.set,17,3885,batch_0056.npy
sub-57,sub-57_ses-2.set,18,3886,batch_0056.npy
sub-57,sub-57_ses-2.set,19,3887,batch_0056.npy
sub-57,sub-57_ses-2.set,20,3888,batch_0056.npy
sub-57,sub-57_ses-2.set,21,3889,batch_0056.npy
sub-57,sub-57_ses-2.set,22,3890,batch_0056.npy
sub-57,sub-57_ses-2.set,23,3891,batch_0056.npy
sub-57,sub-57_ses-2.set,24,3892,batch_0056.npy
sub-57,sub-57_ses-2.set,25,3893,batch_0056.npy
sub-57,sub-57_ses-2.set,26,3894,batch_0056.npy
sub-57,sub-57_ses-2.set,27,3895,batch_0056.npy
sub-57,sub-57_ses-2.set,28,3896,batch_0056.npy
sub-57,sub-57_ses-2.set,29,3897,batch_0056.npy
sub-57,sub-57_ses-2.set,30,3898,batch_0056.npy
sub-57,sub-57_ses-2.set,31,3899,batch_0056.npy
sub-57,sub-57_ses-2.set,32,3900,batch_0056.npy
sub-57,sub-57_ses-2.set,33,3901,batch_0056.npy
sub-57,sub-57_ses-2.set,34,3902,batch_0056.npy
sub-57,sub-57_ses-2.set,35,3903,batch_0056.npy
sub-57,sub-57_ses-2.set,36,3904,batch_0056.npy
sub-57,sub-57_ses-2.set,37,3905,batch_0056.npy
sub-57,sub-57_ses-2.set,38,3906,batch_0056.npy
sub-57,sub-57_ses-2.set,39,3907,batch_0056.npy
sub-57,sub-57_ses-2.set,40,3908,batch_0056.npy
sub-57,sub-57_ses-2.set,41,3909,batch_0056.npy
sub-57,sub-57_ses-2.set,42,3910,batch_0056.npy
sub-57,sub-57_ses-2.set,43,3911,batch_0056.npy
sub-57,sub-57_ses-2.set,44,3912,batch_0056.npy
sub-57,sub-57_ses-2.set,45,3913,batch_0056.npy
sub-57,sub-57_ses-2.set,46,3914,batch_0056.npy
sub-57,sub-57_ses-2.set,47,3915,batch_0056.npy
sub-57,sub-57_ses-2.set,48,3916,batch_0056.npy
sub-57,sub-57_ses-2.set,49,3917,batch_0056.npy
sub-57,sub-57_ses-2.set,50,3918,batch_0056.npy
sub-57,sub-57_ses-2.set,51,3919,batch_0056.npy
sub-57,sub-57_ses-2.set,52,3920,batch_0056.npy
sub-57,sub-57_ses-2.set,53,3921,batch_0056.npy
sub-57,sub-57_ses-2.set,54,3922,batch_0056.npy
sub-57,sub-57_ses-2.set,55,3923,batch_0056.npy
sub-58,sub-58_ses-2.set,0,3924,batch_0057.npy
sub-58,sub-58_ses-2.set,1,3925,batch_0057.npy
sub-58,sub-58_ses-2.set,2,3926,batch_0057.npy
sub-58,sub-58_ses-2.set,3,3927,batch_0057.npy
sub-58,sub-58_ses-2.set,4,3928,batch_0057.npy
sub-58,sub-58_ses-2.set,5,3929,batch_0057.npy
sub-58,sub-58_ses-2.set,6,3930,batch_0057.npy
sub-58,sub-58_ses-2.set,7,3931,batch_0057.npy
sub-58,sub-58_ses-2.set,8,3932,batch_0057.npy
sub-58,sub-58_ses-2.set,9,3933,batch_0057.npy
sub-58,sub-58_ses-2.set,10,3934,batch_0057.npy
sub-58,sub-58_ses-2.set,11,3935,batch_0057.npy
sub-58,sub-58_ses-2.set,12,3936,batch_0057.npy
sub-58,sub-58_ses-2.set,13,3937,batch_0057.npy
sub-58,sub-58_ses-2.set,14,3938,batch_0057.npy
sub-58,sub-58_ses-2.set,15,3939,batch_0057.npy
sub-58,sub-58_ses-2.set,16,3940,batch_0057.npy
sub-58,sub-58_ses-2.set,17,3941,batch_0057.npy
sub-58,sub-58_ses-2.set,18,3942,batch_0057.npy
sub-58,sub-58_ses-2.set,19,3943,batch_0057.npy
sub-58,sub-58_ses-2.set,20,3944,batch_0057.npy
sub-58,sub-58_ses-2.set,21,3945,batch_0057.npy
sub-58,sub-58_ses-2.set,22,3946,batch_0057.npy
sub-58,sub-58_ses-2.set,23,3947,batch_0057.npy
sub-58,sub-58_ses-2.set,24,3948,batch_0057.npy
sub-58,sub-58_ses-2.set,25,3949,batch_0057.npy
sub-58,sub-58_ses-2.set,26,3950,batch_0057.npy
sub-58,sub-58_ses-2.set,27,3951,batch_0057.npy
sub-58,sub-58_ses-2.set,28,3952,batch_0057.npy
sub-58,sub-58_ses-2.set,29,3953,batch_0057.npy
sub-58,sub-58_ses-2.set,30,3954,batch_0057.npy
sub-58,sub-58_ses-2.set,31,3955,batch_0057.npy
sub-58,sub-58_ses-2.set,32,3956,batch_0057.npy
sub-58,sub-58_ses-2.set,33,3957,batch_0057.npy
sub-58,sub-58_ses-2.set,34,3958,batch_0057.npy
sub-58,sub-58_ses-2.set,35,3959,batch_0057.npy
sub-58,sub-58_ses-2.set,36,3960,batch_0057.npy
sub-58,sub-58_ses-2.set,37,3961,batch_0057.npy
sub-58,sub-58_ses-2.set,38,3962,batch_0057.npy
sub-58,sub-58_ses-2.set,39,3963,batch_0057.npy
sub-58,sub-58_ses-2.set,40,3964,batch_0057.npy
sub-58,sub-58_ses-2.set,41,3965,batch_0057.npy
sub-58,sub-58_ses-2.set,42,3966,batch_0057.npy
sub-58,sub-58_ses-2.set,43,3967,batch_0057.npy
sub-58,sub-58_ses-2.set,44,3968,batch_0057.npy
sub-58,sub-58_ses-2.set,45,3969,batch_0057.npy
sub-58,sub-58_ses-2.set,46,3970,batch_0057.npy
sub-58,sub-58_ses-2.set,47,3971,batch_0057.npy
sub-58,sub-58_ses-2.set,48,3972,batch_0057.npy
sub-58,sub-58_ses-2.set,49,3973,batch_0057.npy
sub-58,sub-58_ses-2.set,50,3974,batch_0057.npy
sub-58,sub-58_ses-2.set,51,3975,batch_0057.npy
sub-58,sub-58_ses-2.set,52,3976,batch_0057.npy
sub-58,sub-58_ses-2.set,53,3977,batch_0057.npy
sub-58,sub-58_ses-2.set,54,3978,batch_0057.npy
sub-58,sub-58_ses-2.set,55,3979,batch_0057.npy
sub-58,sub-58_ses-2.set,56,3980,batch_0057.npy
sub-58,sub-58_ses-2.set,57,3981,batch_0057.npy
sub-58,sub-58_ses-2.set,58,3982,batch_0057.npy
sub-58,sub-58_ses-2.set,59,3983,batch_0057.npy
sub-58,sub-58_ses-2.set,60,3984,batch_0057.npy
sub-58,sub-58_ses-2.set,61,3985,batch_0057.npy
sub-59,sub-59_ses-2.set,0,3986,batch_0058.npy
sub-59,sub-59_ses-2.set,1,3987,batch_0058.npy
sub-59,sub-59_ses-2.set,2,3988,batch_0058.npy
sub-59,sub-59_ses-2.set,3,3989,batch_0058.npy
sub-59,sub-59_ses-2.set,4,3990,batch_0058.npy
sub-59,sub-59_ses-2.set,5,3991,batch_0058.npy
sub-59,sub-59_ses-2.set,6,3992,batch_0058.npy
sub-59,sub-59_ses-2.set,7,3993,batch_0058.npy
sub-59,sub-59_ses-2.set,8,3994,batch_0058.npy
sub-59,sub-59_ses-2.set,9,3995,batch_0058.npy
sub-59,sub-59_ses-2.set,10,3996,batch_0058.npy
sub-59,sub-59_ses-2.set,11,3997,batch_0058.npy
sub-59,sub-59_ses-2.set,12,3998,batch_0058.npy
sub-59,sub-59_ses-2.set,13,3999,batch_0058.npy
sub-59,sub-59_ses-2.set,14,4000,batch_0058.npy
sub-59,sub-59_ses-2.set,15,4001,batch_0058.npy
sub-59,sub-59_ses-2.set,16,4002,batch_0058.npy
sub-59,sub-59_ses-2.set,17,4003,batch_0058.npy
sub-59,sub-59_ses-2.set,18,4004,batch_0058.npy
sub-59,sub-59_ses-2.set,19,4005,batch_0058.npy
sub-59,sub-59_ses-2.set,20,4006,batch_0058.npy
sub-59,sub-59_ses-2.set,21,4007,batch_0058.npy
sub-59,sub-59_ses-2.set,22,4008,batch_0058.npy
sub-59,sub-59_ses-2.set,23,4009,batch_0058.npy
sub-59,sub-59_ses-2.set,24,4010,batch_0058.npy
sub-59,sub-59_ses-2.set,25,4011,batch_0058.npy
sub-59,sub-59_ses-2.set,26,4012,batch_0058.npy
sub-59,sub-59_ses-2.set,27,4013,batch_0058.npy
sub-59,sub-59_ses-2.set,28,4014,batch_0058.npy
sub-59,sub-59_ses-2.set,29,4015,batch_0058.npy
sub-59,sub-59_ses-2.set,30,4016,batch_0058.npy
sub-59,sub-59_ses-2.set,31,4017,batch_0058.npy
sub-59,sub-59_ses-2.set,32,4018,batch_0058.npy
sub-59,sub-59_ses-2.set,33,4019,batch_0058.npy
sub-59,sub-59_ses-2.set,34,4020,batch_0058.npy
sub-59,sub-59_ses-2.set,35,4021,batch_0058.npy
sub-59,sub-59_ses-2.set,36,4022,batch_0058.npy
sub-59,sub-59_ses-2.set,37,4023,batch_0058.npy
sub-59,sub-59_ses-2.set,38,4024,batch_0058.npy
sub-59,sub-59_ses-2.set,39,4025,batch_0058.npy
sub-59,sub-59_ses-2.set,40,4026,batch_0058.npy
sub-59,sub-59_ses-2.set,41,4027,batch_0058.npy
sub-59,sub-59_ses-2.set,42,4028,batch_0058.npy
sub-59,sub-59_ses-2.set,43,4029,batch_0058.npy
sub-59,sub-59_ses-2.set,44,4030,batch_0058.npy
sub-59,sub-59_ses-2.set,45,4031,batch_0058.npy
sub-59,sub-59_ses-2.set,46,4032,batch_0058.npy
sub-59,sub-59_ses-2.set,47,4033,batch_0058.npy
sub-59,sub-59_ses-2.set,48,4034,batch_0058.npy
sub-59,sub-59_ses-2.set,49,4035,batch_0058.npy
sub-59,sub-59_ses-2.set,50,4036,batch_0058.npy
sub-59,sub-59_ses-2.set,51,4037,batch_0058.npy
sub-59,sub-59_ses-2.set,52,4038,batch_0058.npy
sub-59,sub-59_ses-2.set,53,4039,batch_0058.npy
sub-59,sub-59_ses-2.set,54,4040,batch_0058.npy
sub-59,sub-59_ses-2.set,55,4041,batch_0058.npy
sub-59,sub-59_ses-2.set,56,4042,batch_0058.npy
sub-59,sub-59_ses-2.set,57,4043,batch_0058.npy
sub-59,sub-59_ses-2.set,58,4044,batch_0058.npy
sub-59,sub-59_ses-2.set,59,4045,batch_0058.npy
sub-59,sub-59_ses-2.set,60,4046,batch_0058.npy
sub-60,sub-60_ses-2.set,0,4047,batch_0059.npy
sub-60,sub-60_ses-2.set,1,4048,batch_0059.npy
sub-60,sub-60_ses-2.set,2,4049,batch_0059.npy
sub-60,sub-60_ses-2.set,3,4050,batch_0059.npy
sub-60,sub-60_ses-2.set,4,4051,batch_0059.npy
sub-60,sub-60_ses-2.set,5,4052,batch_0059.npy
sub-60,sub-60_ses-2.set,6,4053,batch_0059.npy
sub-60,sub-60_ses-2.set,7,4054,batch_0059.npy
sub-60,sub-60_ses-2.set,8,4055,batch_0059.npy
sub-60,sub-60_ses-2.set,9,4056,batch_0059.npy
sub-60,sub-60_ses-2.set,10,4057,batch_0059.npy
sub-60,sub-60_ses-2.set,11,4058,batch_0059.npy
sub-60,sub-60_ses-2.set,12,4059,batch_0059.npy
sub-60,sub-60_ses-2.set,13,4060,batch_0059.npy
sub-60,sub-60_ses-2.set,14,4061,batch_0059.npy
sub-60,sub-60_ses-2.set,15,4062,batch_0059.npy
sub-60,sub-60_ses-2.set,16,4063,batch_0059.npy
sub-60,sub-60_ses-2.set,17,4064,batch_0059.npy
sub-60,sub-60_ses-2.set,18,4065,batch_0059.npy
sub-60,sub-60_ses-2.set,19,4066,batch_0059.npy
sub-60,sub-60_ses-2.set,20,4067,batch_0059.npy
sub-60,sub-60_ses-2.set,21,4068,batch_0059.npy
sub-60,sub-60_ses-2.set,22,4069,batch_0059.npy
sub-60,sub-60_ses-2.set,23,4070,batch_0059.npy
sub-60,sub-60_ses-2.set,24,4071,batch_0059.npy
sub-60,sub-60_ses-2.set,25,4072,batch_0059.npy
sub-60,sub-60_ses-2.set,26,4073,batch_0059.npy
sub-60,sub-60_ses-2.set,27,4074,batch_0059.npy
sub-60,sub-60_ses-2.set,28,4075,batch_0059.npy
sub-60,sub-60_ses-2.set,29,4076,batch_0059.npy
sub-60,sub-60_ses-2.set,30,4077,batch_0059.npy
sub-60,sub-60_ses-2.set,31,4078,batch_0059.npy
sub-60,sub-60_ses-2.set,32,4079,batch_0059.npy
sub-60,sub-60_ses-2.set,33,4080,batch_0059.npy
sub-60,sub-60_ses-2.set,34,4081,batch_0059.npy
sub-60,sub-60_ses-2.set,35,4082,batch_0059.npy
sub-60,sub-60_ses-2.set,36,4083,batch_0059.npy
sub-60,sub-60_ses-2.set,37,4084,batch_0059.npy
sub-60,sub-60_ses-2.set,38,4085,batch_0059.npy
sub-60,sub-60_ses-2.set,39,4086,batch_0059.npy
sub-60,sub-60_ses-2.set,40,4087,batch_0059.npy
sub-60,sub-60_ses-2.set,41,4088,batch_0059.npy
sub-60,sub-60_ses-2.set,42,4089,batch_0059.npy
sub-60,sub-60_ses-2.set,43,4090,batch_0059.npy
sub-60,sub-60_ses-2.set,44,4091,batch_0059.npy
sub-60,sub-60_ses-2.set,45,4092,batch_0059.npy
sub-60,sub-60_ses-2.set,46,4093,batch_0059.npy
sub-60,sub-60_ses-2.set,47,4094,batch_0059.npy
sub-60,sub-60_ses-2.set,48,4095,batch_0059.npy
sub-60,sub-60_ses-2.set,49,4096,batch_0059.npy
sub-60,sub-60_ses-2.set,50,4097,batch_0059.npy
sub-60,sub-60_ses-2.set,51,4098,batch_0059.npy
sub-60,sub-60_ses-2.set,52,4099,batch_0059.npy
sub-60,sub-60_ses-2.set,53,4100,batch_0059.npy
sub-60,sub-60_ses-2.set,54,4101,batch_0059.npy
sub-60,sub-60_ses-2.set,55,4102,batch_0059.npy
sub-60,sub-60_ses-2.set,56,4103,batch_0059.npy
sub-60,sub-60_ses-2.set,57,4104,batch_0059.npy
sub-60,sub-60_ses-2.set,58,4105,batch_0059.npy
sub-60,sub-60_ses-2.set,59,4106,batch_0059.npy
sub-60,sub-60_ses-2.set,60,4107,batch_0059.npy
sub-60,sub-60_ses-2.set,61,4108,batch_0059.npy
sub-60,sub-60_ses-2.set,62,4109,batch_0059.npy
sub-60,sub-60_ses-2.set,63,4110,batch_0059.npy
sub-60,sub-60_ses-2.set,64,4111,batch_0059.npy
sub-60,sub-60_ses-2.set,65,4112,batch_0059.npy
sub-60,sub-60_ses-2.set,66,4113,batch_0059.npy
sub-61,sub-61_ses-2.set,0,4114,batch_0060.npy
sub-61,sub-61_ses-2.set,1,4115,batch_0060.npy
sub-61,sub-61_ses-2.set,2,4116,batch_0060.npy
sub-61,sub-61_ses-2.set,3,4117,batch_0060.npy
sub-61,sub-61_ses-2.set,4,4118,batch_0060.npy
sub-61,sub-61_ses-2.set,5,4119,batch_0060.npy
sub-61,sub-61_ses-2.set,6,4120,batch_0060.npy
sub-61,sub-61_ses-2.set,7,4121,batch_0060.npy
sub-61,sub-61_ses-2.set,8,4122,batch_0060.npy
sub-61,sub-61_ses-2.set,9,4123,batch_0060.npy
sub-61,sub-61_ses-2.set,10,4124,batch_0060.npy
sub-61,sub-61_ses-2.set,11,4125,batch_0060.npy
sub-61,sub-61_ses-2.set,12,4126,batch_0060.npy
sub-61,sub-61_ses-2.set,13,4127,batch_0060.npy
sub-61,sub-61_ses-2.set,14,4128,batch_0060.npy
sub-61,sub-61_ses-2.set,15,4129,batch_0060.npy
sub-61,sub-61_ses-2.set,16,4130,batch_0060.npy
sub-61,sub-61_ses-2.set,17,4131,batch_0060.npy
sub-61,sub-61_ses-2.set,18,4132,batch_0060.npy
sub-61,sub-61_ses-2.set,19,4133,batch_0060.npy
sub-61,sub-61_ses-2.set,20,4134,batch_0060.npy
sub-61,sub-61_ses-2.set,21,4135,batch_0060.npy
sub-61,sub-61_ses-2.set,22,4136,batch_0060.npy
sub-61,sub-61_ses-2.set,23,4137,batch_0060.npy
sub-61,sub-61_ses-2.set,24,4138,batch_0060.npy
sub-61,sub-61_ses-2.set,25,4139,batch_0060.npy
sub-61,sub-61_ses-2.set,26,4140,batch_0060.npy
sub-61,sub-61_ses-2.set,27,4141,batch_0060.npy
sub-61,sub-61_ses-2.set,28,4142,batch_0060.npy
sub-61,sub-61_ses-2.set,29,4143,batch_0060.npy
sub-61,sub-61_ses-2.set,30,4144,batch_0060.npy
sub-61,sub-61_ses-2.set,31,4145,batch_0060.npy
sub-61,sub-61_ses-2.set,32,4146,batch_0060.npy
sub-61,sub-61_ses-2.set,33,4147,batch_0060.npy
sub-61,sub-61_ses-2.set,34,4148,batch_0060.npy
sub-61,sub-61_ses-2.set,35,4149,batch_0060.npy
sub-61,sub-61_ses-2.set,36,4150,batch_0060.npy
sub-61,sub-61_ses-2.set,37,4151,batch_0060.npy
sub-61,sub-61_ses-2.set,38,4152,batch_0060.npy
sub-61,sub-61_ses-2.set,39,4153,batch_0060.npy
sub-61,sub-61_ses-2.set,40,4154,batch_0060.npy
sub-61,sub-61_ses-2.set,41,4155,batch_0060.npy
sub-61,sub-61_ses-2.set,42,4156,batch_0060.npy
sub-61,sub-61_ses-2.set,43,4157,batch_0060.npy
sub-61,sub-61_ses-2.set,44,4158,batch_0060.npy
sub-61,sub-61_ses-2.set,45,4159,batch_0060.npy
sub-61,sub-61_ses-2.set,46,4160,batch_0060.npy
sub-61,sub-61_ses-2.set,47,4161,batch_0060.npy
sub-61,sub-61_ses-2.set,48,4162,batch_0060.npy
sub-61,sub-61_ses-2.set,49,4163,batch_0060.npy
sub-61,sub-61_ses-2.set,50,4164,batch_0060.npy
sub-61,sub-61_ses-2.set,51,4165,batch_0060.npy
sub-61,sub-61_ses-2.set,52,4166,batch_0060.npy
sub-61,sub-61_ses-2.set,53,4167,batch_0060.npy
sub-61,sub-61_ses-2.set,54,4168,batch_0060.npy
sub-61,sub-61_ses-2.set,55,4169,batch_0060.npy
sub-61,sub-61_ses-2.set,56,4170,batch_0060.npy
sub-61,sub-61_ses-2.set,57,4171,batch_0060.npy
sub-61,sub-61_ses-2.set,58,4172,batch_0060.npy
sub-61,sub-61_ses-2.set,59,4173,batch_0060.npy
sub-61,sub-61_ses-2.set,60,4174,batch_0060.npy
sub-61,sub-61_ses-2.set,61,4175,batch_0060.npy
sub-61,sub-61_ses-2.set,62,4176,batch_0060.npy
sub-61,sub-61_ses-2.set,63,4177,batch_0060.npy
sub-61,sub-61_ses-2.set,64,4178,batch_0060.npy
sub-61,sub-61_ses-2.set,65,4179,batch_0060.npy
sub-61,sub-61_ses-2.set,66,4180,batch_0060.npy
sub-61,sub-61_ses-2.set,67,4181,batch_0060.npy
sub-61,sub-61_ses-2.set,68,4182,batch_0060.npy
sub-61,sub-61_ses-2.set,69,4183,batch_0060.npy
sub-61,sub-61_ses-2.set,70,4184,batch_0060.npy
sub-61,sub-61_ses-2.set,71,4185,batch_0060.npy
sub-61,sub-61_ses-2.set,72,4186,batch_0060.npy
sub-61,sub-61_ses-2.set,73,4187,batch_0060.npy
sub-62,sub-62_ses-2.set,0,4188,batch_0061.npy
sub-62,sub-62_ses-2.set,1,4189,batch_0061.npy
sub-62,sub-62_ses-2.set,2,4190,batch_0061.npy
sub-62,sub-62_ses-2.set,3,4191,batch_0061.npy
sub-62,sub-62_ses-2.set,4,4192,batch_0061.npy
sub-62,sub-62_ses-2.set,5,4193,batch_0061.npy
sub-62,sub-62_ses-2.set,6,4194,batch_0061.npy
sub-62,sub-62_ses-2.set,7,4195,batch_0061.npy
sub-62,sub-62_ses-2.set,8,4196,batch_0061.npy
sub-62,sub-62_ses-2.set,9,4197,batch_0061.npy
sub-62,sub-62_ses-2.set,10,4198,batch_0061.npy
sub-62,sub-62_ses-2.set,11,4199,batch_0061.npy
sub-62,sub-62_ses-2.set,12,4200,batch_0061.npy
sub-62,sub-62_ses-2.set,13,4201,batch_0061.npy
sub-62,sub-62_ses-2.set,14,4202,batch_0061.npy
sub-62,sub-62_ses-2.set,15,4203,batch_0061.npy
sub-62,sub-62_ses-2.set,16,4204,batch_0061.npy
sub-62,sub-62_ses-2.set,17,4205,batch_0061.npy
sub-62,sub-62_ses-2.set,18,4206,batch_0061.npy
sub-62,sub-62_ses-2.set,19,4207,batch_0061.npy
sub-62,sub-62_ses-2.set,20,4208,batch_0061.npy
sub-62,sub-62_ses-2.set,21,4209,batch_0061.npy
sub-62,sub-62_ses-2.set,22,4210,batch_0061.npy
sub-62,sub-62_ses-2.set,23,4211,batch_0061.npy
sub-62,sub-62_ses-2.set,24,4212,batch_0061.npy
sub-62,sub-62_ses-2.set,25,4213,batch_0061.npy
sub-62,sub-62_ses-2.set,26,4214,batch_0061.npy
sub-62,sub-62_ses-2.set,27,4215,batch_0061.npy
sub-62,sub-62_ses-2.set,28,4216,batch_0061.npy
sub-62,sub-62_ses-2.set,29,4217,batch_0061.npy
sub-62,sub-62_ses-2.set,30,4218,batch_0061.npy
sub-62,sub-62_ses-2.set,31,4219,batch_0061.npy
sub-62,sub-62_ses-2.set,32,4220,batch_0061.npy
sub-62,sub-62_ses-2.set,33,4221,batch_0061.npy
sub-62,sub-62_ses-2.set,34,4222,batch_0061.npy
sub-62,sub-62_ses-2.set,35,4223,batch_0061.npy
sub-62,sub-62_ses-2.set,36,4224,batch_0061.npy
sub-62,sub-62_ses-2.set,37,4225,batch_0061.npy
sub-62,sub-62_ses-2.set,38,4226,batch_0061.npy
sub-62,sub-62_ses-2.set,39,4227,batch_0061.npy
sub-62,sub-62_ses-2.set,40,4228,batch_0061.npy
sub-62,sub-62_ses-2.set,41,4229,batch_0061.npy
sub-62,sub-62_ses-2.set,42,4230,batch_0061.npy
sub-62,sub-62_ses-2.set,43,4231,batch_0061.npy
sub-62,sub-62_ses-2.set,44,4232,batch_0061.npy
sub-62,sub-62_ses-2.set,45,4233,batch_0061.npy
sub-62,sub-62_ses-2.set,46,4234,batch_0061.npy
sub-62,sub-62_ses-2.set,47,4235,batch_0061.npy
sub-62,sub-62_ses-2.set,48,4236,batch_0061.npy
sub-62,sub-62_ses-2.set,49,4237,batch_0061.npy
sub-62,sub-62_ses-2.set,50,4238,batch_0061.npy
sub-62,sub-62_ses-2.set,51,4239,batch_0061.npy
sub-62,sub-62_ses-2.set,52,4240,batch_0061.npy
sub-62,sub-62_ses-2.set,53,4241,batch_0061.npy
sub-62,sub-62_ses-2.set,54,4242,batch_0061.npy
sub-62,sub-62_ses-2.set,55,4243,batch_0061.npy
sub-62,sub-62_ses-2.set,56,4244,batch_0061.npy
sub-62,sub-62_ses-2.set,57,4245,batch_0061.npy
sub-62,sub-62_ses-2.set,58,4246,batch_0061.npy
sub-62,sub-62_ses-2.set,59,4247,batch_0061.npy
sub-62,sub-62_ses-2.set,60,4248,batch_0061.npy
sub-62,sub-62_ses-2.set,61,4249,batch_0061.npy
sub-62,sub-62_ses-2.set,62,4250,batch_0061.npy
sub-62,sub-62_ses-2.set,63,4251,batch_0061.npy
sub-62,sub-62_ses-2.set,64,4252,batch_0061.npy
sub-62,sub-62_ses-2.set,65,4253,batch_0061.npy
sub-63,sub-63_ses-2.set,0,4254,batch_0062.npy
sub-63,sub-63_ses-2.set,1,4255,batch_0062.npy
sub-63,sub-63_ses-2.set,2,4256,batch_0062.npy
sub-63,sub-63_ses-2.set,3,4257,batch_0062.npy
sub-63,sub-63_ses-2.set,4,4258,batch_0062.npy
sub-63,sub-63_ses-2.set,5,4259,batch_0062.npy
sub-63,sub-63_ses-2.set,6,4260,batch_0062.npy
sub-63,sub-63_ses-2.set,7,4261,batch_0062.npy
sub-63,sub-63_ses-2.set,8,4262,batch_0062.npy
sub-63,sub-63_ses-2.set,9,4263,batch_0062.npy
sub-63,sub-63_ses-2.set,10,4264,batch_0062.npy
sub-63,sub-63_ses-2.set,11,4265,batch_0062.npy
sub-63,sub-63_ses-2.set,12,4266,batch_0062.npy
sub-63,sub-63_ses-2.set,13,4267,batch_0062.npy
sub-63,sub-63_ses-2.set,14,4268,batch_0062.npy
sub-63,sub-63_ses-2.set,15,4269,batch_0062.npy
sub-63,sub-63_ses-2.set,16,4270,batch_0062.npy
sub-63,sub-63_ses-2.set,17,4271,batch_0062.npy
sub-63,sub-63_ses-2.set,18,4272,batch_0062.npy
sub-63,sub-63_ses-2.set,19,4273,batch_0062.npy
sub-63,sub-63_ses-2.set,20,4274,batch_0062.npy
sub-63,sub-63_ses-2.set,21,4275,batch_0062.npy
sub-63,sub-63_ses-2.set,22,4276,batch_0062.npy
sub-63,sub-63_ses-2.set,23,4277,batch_0062.npy
sub-63,sub-63_ses-2.set,24,4278,batch_0062.npy
sub-63,sub-63_ses-2.set,25,4279,batch_0062.npy
sub-63,sub-63_ses-2.set,26,4280,batch_0062.npy
sub-63,sub-63_ses-2.set,27,4281,batch_0062.npy
sub-63,sub-63_ses-2.set,28,4282,batch_0062.npy
sub-63,sub-63_ses-2.set,29,4283,batch_0062.npy
sub-63,sub-63_ses-2.set,30,4284,batch_0062.npy
sub-63,sub-63_ses-2.set,31,4285,batch_0062.npy
sub-63,sub-63_ses-2.set,32,4286,batch_0062.npy
sub-63,sub-63_ses-2.set,33,4287,batch_0062.npy
sub-63,sub-63_ses-2.set,34,4288,batch_0062.npy
sub-63,sub-63_ses-2.set,35,4289,batch_0062.npy
sub-63,sub-63_ses-2.set,36,4290,batch_0062.npy
sub-63,sub-63_ses-2.set,37,4291,batch_0062.npy
sub-63,sub-63_ses-2.set,38,4292,batch_0062.npy
sub-63,sub-63_ses-2.set,39,4293,batch_0062.npy
sub-63,sub-63_ses-2.set,40,4294,batch_0062.npy
sub-63,sub-63_ses-2.set,41,4295,batch_0062.npy
sub-63,sub-63_ses-2.set,42,4296,batch_0062.npy
sub-63,sub-63_ses-2.set,43,4297,batch_0062.npy
sub-63,sub-63_ses-2.set,44,4298,batch_0062.npy
sub-63,sub-63_ses-2.set,45,4299,batch_0062.npy
sub-63,sub-63_ses-2.set,46,4300,batch_0062.npy
sub-63,sub-63_ses-2.set,47,4301,batch_0062.npy
sub-63,sub-63_ses-2.set,48,4302,batch_0062.npy
sub-63,sub-63_ses-2.set,49,4303,batch_0062.npy
sub-63,sub-63_ses-2.set,50,4304,batch_0062.npy
sub-63,sub-63_ses-2.set,51,4305,batch_0062.npy
sub-63,sub-63_ses-2.set,52,4306,batch_0062.npy
sub-63,sub-63_ses-2.set,53,4307,batch_0062.npy
sub-63,sub-63_ses-2.set,54,4308,batch_0062.npy
sub-63,sub-63_ses-2.set,55,4309,batch_0062.npy
sub-63,sub-63_ses-2.set,56,4310,batch_0062.npy
sub-63,sub-63_ses-2.set,57,4311,batch_0062.npy
sub-63,sub-63_ses-2.set,58,4312,batch_0062.npy
sub-63,sub-63_ses-2.set,59,4313,batch_0062.npy
sub-63,sub-63_ses-2.set,60,4314,batch_0062.npy
sub-63,sub-63_ses-2.set,61,4315,batch_0062.npy
sub-63,sub-63_ses-2.set,62,4316,batch_0062.npy
sub-63,sub-63_ses-2.set,63,4317,batch_0062.npy
sub-63,sub-63_ses-2.set,64,4318,batch_0062.npy
sub-63,sub-63_ses-2.set,65,4319,batch_0062.npy
sub-63,sub-63_ses-2.set,66,4320,batch_0062.npy
sub-63,sub-63_ses-2.set,67,4321,batch_0062.npy
sub-63,sub-63_ses-2.set,68,4322,batch_0062.npy
sub-63,sub-63_ses-2.set,69,4323,batch_0062.npy
sub-63,sub-63_ses-2.set,70,4324,batch_0062.npy
sub-63,sub-63_ses-2.set,71,4325,batch_0062.npy
sub-63,sub-63_ses-2.set,72,4326,batch_0062.npy
sub-64,sub-64_ses-2.set,0,4327,batch_0063.npy
sub-64,sub-64_ses-2.set,1,4328,batch_0063.npy
sub-64,sub-64_ses-2.set,2,4329,batch_0063.npy
sub-64,sub-64_ses-2.set,3,4330,batch_0063.npy
sub-64,sub-64_ses-2.set,4,4331,batch_0063.npy
sub-64,sub-64_ses-2.set,5,4332,batch_0063.npy
sub-64,sub-64_ses-2.set,6,4333,batch_0063.npy
sub-64,sub-64_ses-2.set,7,4334,batch_0063.npy
sub-64,sub-64_ses-2.set,8,4335,batch_0063.npy
sub-64,sub-64_ses-2.set,9,4336,batch_0063.npy
sub-64,sub-64_ses-2.set,10,4337,batch_0063.npy
sub-64,sub-64_ses-2.set,11,4338,batch_0063.npy
sub-64,sub-64_ses-2.set,12,4339,batch_0063.npy
sub-64,sub-64_ses-2.set,13,4340,batch_0063.npy
sub-64,sub-64_ses-2.set,14,4341,batch_0063.npy
sub-64,sub-64_ses-2.set,15,4342,batch_0063.npy
sub-64,sub-64_ses-2.set,16,4343,batch_0063.npy
sub-64,sub-64_ses-2.set,17,4344,batch_0063.npy
sub-64,sub-64_ses-2.set,18,4345,batch_0063.npy
sub-64,sub-64_ses-2.set,19,4346,batch_0063.npy
sub-64,sub-64_ses-2.set,20,4347,batch_0063.npy
sub-64,sub-64_ses-2.set,21,4348,batch_0063.npy
sub-64,sub-64_ses-2.set,22,4349,batch_0063.npy
sub-64,sub-64_ses-2.set,23,4350,batch_0063.npy
sub-64,sub-64_ses-2.set,24,4351,batch_0063.npy
sub-64,sub-64_ses-2.set,25,4352,batch_0063.npy
sub-64,sub-64_ses-2.set,26,4353,batch_0063.npy
sub-64,sub-64_ses-2.set,27,4354,batch_0063.npy
sub-64,sub-64_ses-2.set,28,4355,batch_0063.npy
sub-64,sub-64_ses-2.set,29,4356,batch_0063.npy
sub-64,sub-64_ses-2.set,30,4357,batch_0063.npy
sub-64,sub-64_ses-2.set,31,4358,batch_0063.npy
sub-64,sub-64_ses-2.set,32,4359,batch_0063.npy
sub-64,sub-64_ses-2.set,33,4360,batch_0063.npy
sub-64,sub-64_ses-2.set,34,4361,batch_0063.npy
sub-64,sub-64_ses-2.set,35,4362,batch_0063.npy
sub-64,sub-64_ses-2.set,36,4363,batch_0063.npy
sub-64,sub-64_ses-2.set,37,4364,batch_0063.npy
sub-64,sub-64_ses-2.set,38,4365,batch_0063.npy
sub-64,sub-64_ses-2.set,39,4366,batch_0063.npy
sub-64,sub-64_ses-2.set,40,4367,batch_0063.npy
sub-64,sub-64_ses-2.set,41,4368,batch_0063.npy
sub-64,sub-64_ses-2.set,42,4369,batch_0063.npy
sub-64,sub-64_ses-2.set,43,4370,batch_0063.npy
sub-64,sub-64_ses-2.set,44,4371,batch_0063.npy
sub-64,sub-64_ses-2.set,45,4372,batch_0063.npy
sub-64,sub-64_ses-2.set,46,4373,batch_0063.npy
sub-64,sub-64_ses-2.set,47,4374,batch_0063.npy
sub-64,sub-64_ses-2.set,48,4375,batch_0063.npy
sub-64,sub-64_ses-2.set,49,4376,batch_0063.npy
sub-64,sub-64_ses-2.set,50,4377,batch_0063.npy
sub-64,sub-64_ses-2.set,51,4378,batch_0063.npy
sub-64,sub-64_ses-2.set,52,4379,batch_0063.npy
sub-64,sub-64_ses-2.set,53,4380,batch_0063.npy
sub-64,sub-64_ses-2.set,54,4381,batch_0063.npy
sub-64,sub-64_ses-2.set,55,4382,batch_0063.npy
sub-64,sub-64_ses-2.set,56,4383,batch_0063.npy
sub-64,sub-64_ses-2.set,57,4384,batch_0063.npy
sub-64,sub-64_ses-2.set,58,4385,batch_0063.npy
sub-64,sub-64_ses-2.set,59,4386,batch_0063.npy
sub-64,sub-64_ses-2.set,60,4387,batch_0063.npy
sub-64,sub-64_ses-2.set,61,4388,batch_0063.npy
sub-64,sub-64_ses-2.set,62,4389,batch_0063.npy
sub-64,sub-64_ses-2.set,63,4390,batch_0063.npy
sub-64,sub-64_ses-2.set,64,4391,batch_0063.npy
sub-64,sub-64_ses-2.set,65,4392,batch_0063.npy
sub-64,sub-64_ses-2.set,66,4393,batch_0063.npy
sub-64,sub-64_ses-2.set,67,4394,batch_0063.npy
sub-64,sub-64_ses-2.set,68,4395,batch_0063.npy
sub-64,sub-64_ses-2.set,69,4396,batch_0063.npy
sub-65,sub-65_ses-2.set,0,4397,batch_0064.npy
sub-65,sub-65_ses-2.set,1,4398,batch_0064.npy
sub-65,sub-65_ses-2.set,2,4399,batch_0064.npy
sub-65,sub-65_ses-2.set,3,4400,batch_0064.npy
sub-65,sub-65_ses-2.set,4,4401,batch_0064.npy
sub-65,sub-65_ses-2.set,5,4402,batch_0064.npy
sub-65,sub-65_ses-2.set,6,4403,batch_0064.npy
sub-65,sub-65_ses-2.set,7,4404,batch_0064.npy
sub-65,sub-65_ses-2.set,8,4405,batch_0064.npy
sub-65,sub-65_ses-2.set,9,4406,batch_0064.npy
sub-65,sub-65_ses-2.set,10,4407,batch_0064.npy
sub-65,sub-65_ses-2.set,11,4408,batch_0064.npy
sub-65,sub-65_ses-2.set,12,4409,batch_0064.npy
sub-65,sub-65_ses-2.set,13,4410,batch_0064.npy
sub-65,sub-65_ses-2.set,14,4411,batch_0064.npy
sub-65,sub-65_ses-2.set,15,4412,batch_0064.npy
sub-65,sub-65_ses-2.set,16,4413,batch_0064.npy
sub-65,sub-65_ses-2.set,17,4414,batch_0064.npy
sub-65,sub-65_ses-2.set,18,4415,batch_0064.npy
sub-65,sub-65_ses-2.set,19,4416,batch_0064.npy
sub-65,sub-65_ses-2.set,20,4417,batch_0064.npy
sub-65,sub-65_ses-2.set,21,4418,batch_0064.npy
sub-65,sub-65_ses-2.set,22,4419,batch_0064.npy
sub-65,sub-65_ses-2.set,23,4420,batch_0064.npy
sub-65,sub-65_ses-2.set,24,4421,batch_0064.npy
sub-65,sub-65_ses-2.set,25,4422,batch_0064.npy
sub-65,sub-65_ses-2.set,26,4423,batch_0064.npy
sub-65,sub-65_ses-2.set,27,4424,batch_0064.npy
sub-65,sub-65_ses-2.set,28,4425,batch_0064.npy
sub-65,sub-65_ses-2.set,29,4426,batch_0064.npy
sub-65,sub-65_ses-2.set,30,4427,batch_0064.npy
sub-65,sub-65_ses-2.set,31,4428,batch_0064.npy
sub-65,sub-65_ses-2.set,32,4429,batch_0064.npy
sub-65,sub-65_ses-2.set,33,4430,batch_0064.npy
sub-65,sub-65_ses-2.set,34,4431,batch_0064.npy
sub-65,sub-65_ses-2.set,35,4432,batch_0064.npy
sub-65,sub-65_ses-2.set,36,4433,batch_0064.npy
sub-65,sub-65_ses-2.set,37,4434,batch_0064.npy
sub-65,sub-65_ses-2.set,38,4435,batch_0064.npy
sub-65,sub-65_ses-2.set,39,4436,batch_0064.npy
sub-65,sub-65_ses-2.set,40,4437,batch_0064.npy
sub-65,sub-65_ses-2.set,41,4438,batch_0064.npy
sub-65,sub-65_ses-2.set,42,4439,batch_0064.npy
sub-65,sub-65_ses-2.set,43,4440,batch_0064.npy
sub-65,sub-65_ses-2.set,44,4441,batch_0064.npy
sub-65,sub-65_ses-2.set,45,4442,batch_0064.npy
sub-65,sub-65_ses-2.set,46,4443,batch_0064.npy
sub-65,sub-65_ses-2.set,47,4444,batch_0064.npy
sub-65,sub-65_ses-2.set,48,4445,batch_0064.npy
sub-65,sub-65_ses-2.set,49,4446,batch_0064.npy
sub-65,sub-65_ses-2.set,50,4447,batch_0064.npy
sub-65,sub-65_ses-2.set,51,4448,batch_0064.npy
sub-65,sub-65_ses-2.set,52,4449,batch_0064.npy
sub-65,sub-65_ses-2.set,53,4450,batch_0064.npy
sub-65,sub-65_ses-2.set,54,4451,batch_0064.npy
sub-66,sub-66_ses-2.set,0,4452,batch_0065.npy
sub-66,sub-66_ses-2.set,1,4453,batch_0065.npy
sub-66,sub-66_ses-2.set,2,4454,batch_0065.npy
sub-66,sub-66_ses-2.set,3,4455,batch_0065.npy
sub-66,sub-66_ses-2.set,4,4456,batch_0065.npy
sub-66,sub-66_ses-2.set,5,4457,batch_0065.npy
sub-66,sub-66_ses-2.set,6,4458,batch_0065.npy
sub-66,sub-66_ses-2.set,7,4459,batch_0065.npy
sub-66,sub-66_ses-2.set,8,4460,batch_0065.npy
sub-66,sub-66_ses-2.set,9,4461,batch_0065.npy
sub-66,sub-66_ses-2.set,10,4462,batch_0065.npy
sub-66,sub-66_ses-2.set,11,4463,batch_0065.npy
sub-66,sub-66_ses-2.set,12,4464,batch_0065.npy
sub-66,sub-66_ses-2.set,13,4465,batch_0065.npy
sub-66,sub-66_ses-2.set,14,4466,batch_0065.npy
sub-66,sub-66_ses-2.set,15,4467,batch_0065.npy
sub-66,sub-66_ses-2.set,16,4468,batch_0065.npy
sub-66,sub-66_ses-2.set,17,4469,batch_0065.npy
sub-66,sub-66_ses-2.set,18,4470,batch_0065.npy
sub-66,sub-66_ses-2.set,19,4471,batch_0065.npy
sub-66,sub-66_ses-2.set,20,4472,batch_0065.npy
sub-66,sub-66_ses-2.set,21,4473,batch_0065.npy
sub-66,sub-66_ses-2.set,22,4474,batch_0065.npy
sub-66,sub-66_ses-2.set,23,4475,batch_0065.npy
sub-66,sub-66_ses-2.set,24,4476,batch_0065.npy
sub-66,sub-66_ses-2.set,25,4477,batch_0065.npy
sub-66,sub-66_ses-2.set,26,4478,batch_0065.npy
sub-66,sub-66_ses-2.set,27,4479,batch_0065.npy
sub-66,sub-66_ses-2.set,28,4480,batch_0065.npy
sub-66,sub-66_ses-2.set,29,4481,batch_0065.npy
sub-66,sub-66_ses-2.set,30,4482,batch_0065.npy
sub-66,sub-66_ses-2.set,31,4483,batch_0065.npy
sub-66,sub-66_ses-2.set,32,4484,batch_0065.npy
sub-66,sub-66_ses-2.set,33,4485,batch_0065.npy
sub-66,sub-66_ses-2.set,34,4486,batch_0065.npy
sub-66,sub-66_ses-2.set,35,4487,batch_0065.npy
sub-66,sub-66_ses-2.set,36,4488,batch_0065.npy
sub-66,sub-66_ses-2.set,37,4489,batch_0065.npy
sub-66,sub-66_ses-2.set,38,4490,batch_0065.npy
sub-66,sub-66_ses-2.set,39,4491,batch_0065.npy
sub-66,sub-66_ses-2.set,40,4492,batch_0065.npy
sub-66,sub-66_ses-2.set,41,4493,batch_0065.npy
sub-66,sub-66_ses-2.set,42,4494,batch_0065.npy
sub-66,sub-66_ses-2.set,43,4495,batch_0065.npy
sub-66,sub-66_ses-2.set,44,4496,batch_0065.npy
sub-66,sub-66_ses-2.set,45,4497,batch_0065.npy
sub-66,sub-66_ses-2.set,46,4498,batch_0065.npy
sub-66,sub-66_ses-2.set,47,4499,batch_0065.npy
sub-66,sub-66_ses-2.set,48,4500,batch_0065.npy
sub-66,sub-66_ses-2.set,49,4501,batch_0065.npy
sub-66,sub-66_ses-2.set,50,4502,batch_0065.npy
sub-66,sub-66_ses-2.set,51,4503,batch_0065.npy
sub-66,sub-66_ses-2.set,52,4504,batch_0065.npy
sub-66,sub-66_ses-2.set,53,4505,batch_0065.npy
sub-66,sub-66_ses-2.set,54,4506,batch_0065.npy
sub-66,sub-66_ses-2.set,55,4507,batch_0065.npy
sub-66,sub-66_ses-2.set,56,4508,batch_0065.npy
sub-66,sub-66_ses-2.set,57,4509,batch_0065.npy
sub-66,sub-66_ses-2.set,58,4510,batch_0065.npy
sub-66,sub-66_ses-2.set,59,4511,batch_0065.npy
sub-66,sub-66_ses-2.set,60,4512,batch_0065.npy
sub-66,sub-66_ses-2.set,61,4513,batch_0065.npy
sub-66,sub-66_ses-2.set,62,4514,batch_0065.npy
sub-66,sub-66_ses-2.set,63,4515,batch_0065.npy
sub-66,sub-66_ses-2.set,64,4516,batch_0065.npy
sub-66,sub-66_ses-2.set,65,4517,batch_0065.npy
sub-66,sub-66_ses-2.set,66,4518,batch_0065.npy
sub-66,sub-66_ses-2.set,67,4519,batch_0065.npy
sub-66,sub-66_ses-2.set,68,4520,batch_0065.npy
sub-67,sub-67_ses-2.set,0,4521,batch_0066.npy
sub-67,sub-67_ses-2.set,1,4522,batch_0066.npy
sub-67,sub-67_ses-2.set,2,4523,batch_0066.npy
sub-67,sub-67_ses-2.set,3,4524,batch_0066.npy
sub-67,sub-67_ses-2.set,4,4525,batch_0066.npy
sub-67,sub-67_ses-2.set,5,4526,batch_0066.npy
sub-67,sub-67_ses-2.set,6,4527,batch_0066.npy
sub-67,sub-67_ses-2.set,7,4528,batch_0066.npy
sub-67,sub-67_ses-2.set,8,4529,batch_0066.npy
sub-67,sub-67_ses-2.set,9,4530,batch_0066.npy
sub-67,sub-67_ses-2.set,10,4531,batch_0066.npy
sub-67,sub-67_ses-2.set,11,4532,batch_0066.npy
sub-67,sub-67_ses-2.set,12,4533,batch_0066.npy
sub-67,sub-67_ses-2.set,13,4534,batch_0066.npy
sub-67,sub-67_ses-2.set,14,4535,batch_0066.npy
sub-67,sub-67_ses-2.set,15,4536,batch_0066.npy
sub-67,sub-67_ses-2.set,16,4537,batch_0066.npy
sub-67,sub-67_ses-2.set,17,4538,batch_0066.npy
sub-67,sub-67_ses-2.set,18,4539,batch_0066.npy
sub-67,sub-67_ses-2.set,19,4540,batch_0066.npy
sub-67,sub-67_ses-2.set,20,4541,batch_0066.npy
sub-67,sub-67_ses-2.set,21,4542,batch_0066.npy
sub-67,sub-67_ses-2.set,22,4543,batch_0066.npy
sub-67,sub-67_ses-2.set,23,4544,batch_0066.npy
sub-67,sub-67_ses-2.set,24,4545,batch_0066.npy
sub-67,sub-67_ses-2.set,25,4546,batch_0066.npy
sub-67,sub-67_ses-2.set,26,4547,batch_0066.npy
sub-67,sub-67_ses-2.set,27,4548,batch_0066.npy
sub-67,sub-67_ses-2.set,28,4549,batch_0066.npy
sub-67,sub-67_ses-2.set,29,4550,batch_0066.npy
sub-67,sub-67_ses-2.set,30,4551,batch_0066.npy
sub-67,sub-67_ses-2.set,31,4552,batch_0066.npy
sub-67,sub-67_ses-2.set,32,4553,batch_0066.npy
sub-67,sub-67_ses-2.set,33,4554,batch_0066.npy
sub-67,sub-67_ses-2.set,34,4555,batch_0066.npy
sub-67,sub-67_ses-2.set,35,4556,batch_0066.npy
sub-67,sub-67_ses-2.set,36,4557,batch_0066.npy
sub-67,sub-67_ses-2.set,37,4558,batch_0066.npy
sub-67,sub-67_ses-2.set,38,4559,batch_0066.npy
sub-67,sub-67_ses-2.set,39,4560,batch_0066.npy
sub-67,sub-67_ses-2.set,40,4561,batch_0066.npy
sub-67,sub-67_ses-2.set,41,4562,batch_0066.npy
sub-67,sub-67_ses-2.set,42,4563,batch_0066.npy
sub-67,sub-67_ses-2.set,43,4564,batch_0066.npy
sub-67,sub-67_ses-2.set,44,4565,batch_0066.npy
sub-67,sub-67_ses-2.set,45,4566,batch_0066.npy
sub-67,sub-67_ses-2.set,46,4567,batch_0066.npy
sub-67,sub-67_ses-2.set,47,4568,batch_0066.npy
sub-67,sub-67_ses-2.set,48,4569,batch_0066.npy
sub-67,sub-67_ses-2.set,49,4570,batch_0066.npy
sub-67,sub-67_ses-2.set,50,4571,batch_0066.npy
sub-67,sub-67_ses-2.set,51,4572,batch_0066.npy
sub-67,sub-67_ses-2.set,52,4573,batch_0066.npy
sub-67,sub-67_ses-2.set,53,4574,batch_0066.npy
sub-67,sub-67_ses-2.set,54,4575,batch_0066.npy
sub-67,sub-67_ses-2.set,55,4576,batch_0066.npy
sub-67,sub-67_ses-2.set,56,4577,batch_0066.npy
sub-67,sub-67_ses-2.set,57,4578,batch_0066.npy
sub-67,sub-67_ses-2.set,58,4579,batch_0066.npy
sub-67,sub-67_ses-2.set,59,4580,batch_0066.npy
sub-67,sub-67_ses-2.set,60,4581,batch_0066.npy
sub-67,sub-67_ses-2.set,61,4582,batch_0066.npy
sub-67,sub-67_ses-2.set,62,4583,batch_0066.npy
sub-67,sub-67_ses-2.set,63,4584,batch_0066.npy
sub-67,sub-67_ses-2.set,64,4585,batch_0066.npy
sub-67,sub-67_ses-2.set,65,4586,batch_0066.npy
sub-67,sub-67_ses-2.set,66,4587,batch_0066.npy
sub-67,sub-67_ses-2.set,67,4588,batch_0066.npy
sub-67,sub-67_ses-2.set,68,4589,batch_0066.npy
sub-67,sub-67_ses-2.set,69,4590,batch_0066.npy
sub-67,sub-67_ses-2.set,70,4591,batch_0066.npy
sub-67,sub-67_ses-2.set,71,4592,batch_0066.npy
sub-68,sub-68_ses-2.set,0,4593,batch_0067.npy
sub-68,sub-68_ses-2.set,1,4594,batch_0067.npy
sub-68,sub-68_ses-2.set,2,4595,batch_0067.npy
sub-68,sub-68_ses-2.set,3,4596,batch_0067.npy
sub-68,sub-68_ses-2.set,4,4597,batch_0067.npy
sub-68,sub-68_ses-2.set,5,4598,batch_0067.npy
sub-68,sub-68_ses-2.set,6,4599,batch_0067.npy
sub-68,sub-68_ses-2.set,7,4600,batch_0067.npy
sub-68,sub-68_ses-2.set,8,4601,batch_0067.npy
sub-68,sub-68_ses-2.set,9,4602,batch_0067.npy
sub-68,sub-68_ses-2.set,10,4603,batch_0067.npy
sub-68,sub-68_ses-2.set,11,4604,batch_0067.npy
sub-68,sub-68_ses-2.set,12,4605,batch_0067.npy
sub-68,sub-68_ses-2.set,13,4606,batch_0067.npy
sub-68,sub-68_ses-2.set,14,4607,batch_0067.npy
sub-68,sub-68_ses-2.set,15,4608,batch_0067.npy
sub-68,sub-68_ses-2.set,16,4609,batch_0067.npy
sub-68,sub-68_ses-2.set,17,4610,batch_0067.npy
sub-68,sub-68_ses-2.set,18,4611,batch_0067.npy
sub-68,sub-68_ses-2.set,19,4612,batch_0067.npy
sub-68,sub-68_ses-2.set,20,4613,batch_0067.npy
sub-68,sub-68_ses-2.set,21,4614,batch_0067.npy
sub-68,sub-68_ses-2.set,22,4615,batch_0067.npy
sub-68,sub-68_ses-2.set,23,4616,batch_0067.npy
sub-68,sub-68_ses-2.set,24,4617,batch_0067.npy
sub-68,sub-68_ses-2.set,25,4618,batch_0067.npy
sub-68,sub-68_ses-2.set,26,4619,batch_0067.npy
sub-68,sub-68_ses-2.set,27,4620,batch_0067.npy
sub-68,sub-68_ses-2.set,28,4621,batch_0067.npy
sub-68,sub-68_ses-2.set,29,4622,batch_0067.npy
sub-68,sub-68_ses-2.set,30,4623,batch_0067.npy
sub-68,sub-68_ses-2.set,31,4624,batch_0067.npy
sub-68,sub-68_ses-2.set,32,4625,batch_0067.npy
sub-68,sub-68_ses-2.set,33,4626,batch_0067.npy
sub-68,sub-68_ses-2.set,34,4627,batch_0067.npy
sub-68,sub-68_ses-2.set,35,4628,batch_0067.npy
sub-68,sub-68_ses-2.set,36,4629,batch_0067.npy
sub-68,sub-68_ses-2.set,37,4630,batch_0067.npy
sub-68,sub-68_ses-2.set,38,4631,batch_0067.npy
sub-68,sub-68_ses-2.set,39,4632,batch_0067.npy
sub-68,sub-68_ses-2.set,40,4633,batch_0067.npy
sub-68,sub-68_ses-2.set,41,4634,batch_0067.npy
sub-68,sub-68_ses-2.set,42,4635,batch_0067.npy
sub-68,sub-68_ses-2.set,43,4636,batch_0067.npy
sub-68,sub-68_ses-2.set,44,4637,batch_0067.npy
sub-68,sub-68_ses-2.set,45,4638,batch_0067.npy
sub-68,sub-68_ses-2.set,46,4639,batch_0067.npy
sub-68,sub-68_ses-2.set,47,4640,batch_0067.npy
sub-68,sub-68_ses-2.set,48,4641,batch_0067.npy
sub-68,sub-68_ses-2.set,49,4642,batch_0067.npy
sub-68,sub-68_ses-2.set,50,4643,batch_0067.npy
sub-68,sub-68_ses-2.set,51,4644,batch_0067.npy
sub-68,sub-68_ses-2.set,52,4645,batch_0067.npy
sub-68,sub-68_ses-2.set,53,4646,batch_0067.npy
sub-68,sub-68_ses-2.set,54,4647,batch_0067.npy
sub-68,sub-68_ses-2.set,55,4648,batch_0067.npy
sub-68,sub-68_ses-2.set,56,4649,batch_0067.npy
sub-68,sub-68_ses-2.set,57,4650,batch_0067.npy
sub-68,sub-68_ses-2.set,58,4651,batch_0067.npy
sub-68,sub-68_ses-2.set,59,4652,batch_0067.npy
sub-68,sub-68_ses-2.set,60,4653,batch_0067.npy
sub-68,sub-68_ses-2.set,61,4654,batch_0067.npy
sub-68,sub-68_ses-2.set,62,4655,batch_0067.npy
sub-68,sub-68_ses-2.set,63,4656,batch_0067.npy
sub-68,sub-68_ses-2.set,64,4657,batch_0067.npy
sub-68,sub-68_ses-2.set,65,4658,batch_0067.npy
sub-68,sub-68_ses-2.set,66,4659,batch_0067.npy
sub-68,sub-68_ses-2.set,67,4660,batch_0067.npy
sub-68,sub-68_ses-2.set,68,4661,batch_0067.npy
sub-68,sub-68_ses-2.set,69,4662,batch_0067.npy
sub-68,sub-68_ses-2.set,70,4663,batch_0067.npy
sub-68,sub-68_ses-2.set,71,4664,batch_0067.npy
sub-68,sub-68_ses-2.set,72,4665,batch_0067.npy
sub-69,sub-69_ses-2.set,0,4666,batch_0068.npy
sub-69,sub-69_ses-2.set,1,4667,batch_0068.npy
sub-69,sub-69_ses-2.set,2,4668,batch_0068.npy
sub-69,sub-69_ses-2.set,3,4669,batch_0068.npy
sub-69,sub-69_ses-2.set,4,4670,batch_0068.npy
sub-69,sub-69_ses-2.set,5,4671,batch_0068.npy
sub-69,sub-69_ses-2.set,6,4672,batch_0068.npy
sub-69,sub-69_ses-2.set,7,4673,batch_0068.npy
sub-69,sub-69_ses-2.set,8,4674,batch_0068.npy
sub-69,sub-69_ses-2.set,9,4675,batch_0068.npy
sub-69,sub-69_ses-2.set,10,4676,batch_0068.npy
sub-69,sub-69_ses-2.set,11,4677,batch_0068.npy
sub-69,sub-69_ses-2.set,12,4678,batch_0068.npy
sub-69,sub-69_ses-2.set,13,4679,batch_0068.npy
sub-69,sub-69_ses-2.set,14,4680,batch_0068.npy
sub-69,sub-69_ses-2.set,15,4681,batch_0068.npy
sub-69,sub-69_ses-2.set,16,4682,batch_0068.npy
sub-69,sub-69_ses-2.set,17,4683,batch_0068.npy
sub-69,sub-69_ses-2.set,18,4684,batch_0068.npy
sub-69,sub-69_ses-2.set,19,4685,batch_0068.npy
sub-69,sub-69_ses-2.set,20,4686,batch_0068.npy
sub-69,sub-69_ses-2.set,21,4687,batch_0068.npy
sub-69,sub-69_ses-2.set,22,4688,batch_0068.npy
sub-69,sub-69_ses-2.set,23,4689,batch_0068.npy
sub-69,sub-69_ses-2.set,24,4690,batch_0068.npy
sub-69,sub-69_ses-2.set,25,4691,batch_0068.npy
sub-69,sub-69_ses-2.set,26,4692,batch_0068.npy
sub-69,sub-69_ses-2.set,27,4693,batch_0068.npy
sub-69,sub-69_ses-2.set,28,4694,batch_0068.npy
sub-69,sub-69_ses-2.set,29,4695,batch_0068.npy
sub-69,sub-69_ses-2.set,30,4696,batch_0068.npy
sub-69,sub-69_ses-2.set,31,4697,batch_0068.npy
sub-69,sub-69_ses-2.set,32,4698,batch_0068.npy
sub-69,sub-69_ses-2.set,33,4699,batch_0068.npy
sub-69,sub-69_ses-2.set,34,4700,batch_0068.npy
sub-69,sub-69_ses-2.set,35,4701,batch_0068.npy
sub-69,sub-69_ses-2.set,36,4702,batch_0068.npy
sub-69,sub-69_ses-2.set,37,4703,batch_0068.npy
sub-69,sub-69_ses-2.set,38,4704,batch_0068.npy
sub-69,sub-69_ses-2.set,39,4705,batch_0068.npy
sub-69,sub-69_ses-2.set,40,4706,batch_0068.npy
sub-69,sub-69_ses-2.set,41,4707,batch_0068.npy
sub-69,sub-69_ses-2.set,42,4708,batch_0068.npy
sub-69,sub-69_ses-2.set,43,4709,batch_0068.npy
sub-69,sub-69_ses-2.set,44,4710,batch_0068.npy
sub-69,sub-69_ses-2.set,45,4711,batch_0068.npy
sub-69,sub-69_ses-2.set,46,4712,batch_0068.npy
sub-69,sub-69_ses-2.set,47,4713,batch_0068.npy
sub-69,sub-69_ses-2.set,48,4714,batch_0068.npy
sub-69,sub-69_ses-2.set,49,4715,batch_0068.npy
sub-69,sub-69_ses-2.set,50,4716,batch_0068.npy
sub-69,sub-69_ses-2.set,51,4717,batch_0068.npy
sub-69,sub-69_ses-2.set,52,4718,batch_0068.npy
sub-69,sub-69_ses-2.set,53,4719,batch_0068.npy
sub-69,sub-69_ses-2.set,54,4720,batch_0068.npy
sub-69,sub-69_ses-2.set,55,4721,batch_0068.npy
sub-69,sub-69_ses-2.set,56,4722,batch_0068.npy
sub-69,sub-69_ses-2.set,57,4723,batch_0068.npy
sub-69,sub-69_ses-2.set,58,4724,batch_0068.npy
sub-69,sub-69_ses-2.set,59,4725,batch_0068.npy
sub-69,sub-69_ses-2.set,60,4726,batch_0068.npy
sub-69,sub-69_ses-2.set,61,4727,batch_0068.npy
sub-69,sub-69_ses-2.set,62,4728,batch_0068.npy
sub-69,sub-69_ses-2.set,63,4729,batch_0068.npy
sub-69,sub-69_ses-2.set,64,4730,batch_0068.npy
sub-69,sub-69_ses-2.set,65,4731,batch_0068.npy
sub-69,sub-69_ses-2.set,66,4732,batch_0068.npy
sub-69,sub-69_ses-2.set,67,4733,batch_0068.npy
sub-69,sub-69_ses-2.set,68,4734,batch_0068.npy
sub-69,sub-69_ses-2.set,69,4735,batch_0068.npy
sub-70,sub-70_ses-2.set,0,4736,batch_0069.npy
sub-70,sub-70_ses-2.set,1,4737,batch_0069.npy
sub-70,sub-70_ses-2.set,2,4738,batch_0069.npy
sub-70,sub-70_ses-2.set,3,4739,batch_0069.npy
sub-70,sub-70_ses-2.set,4,4740,batch_0069.npy
sub-70,sub-70_ses-2.set,5,4741,batch_0069.npy
sub-70,sub-70_ses-2.set,6,4742,batch_0069.npy
sub-70,sub-70_ses-2.set,7,4743,batch_0069.npy
sub-70,sub-70_ses-2.set,8,4744,batch_0069.npy
sub-70,sub-70_ses-2.set,9,4745,batch_0069.npy
sub-70,sub-70_ses-2.set,10,4746,batch_0069.npy
sub-70,sub-70_ses-2.set,11,4747,batch_0069.npy
sub-70,sub-70_ses-2.set,12,4748,batch_0069.npy
sub-70,sub-70_ses-2.set,13,4749,batch_0069.npy
sub-70,sub-70_ses-2.set,14,4750,batch_0069.npy
sub-70,sub-70_ses-2.set,15,4751,batch_0069.npy
sub-70,sub-70_ses-2.set,16,4752,batch_0069.npy
sub-70,sub-70_ses-2.set,17,4753,batch_0069.npy
sub-70,sub-70_ses-2.set,18,4754,batch_0069.npy
sub-70,sub-70_ses-2.set,19,4755,batch_0069.npy
sub-70,sub-70_ses-2.set,20,4756,batch_0069.npy
sub-70,sub-70_ses-2.set,21,4757,batch_0069.npy
sub-70,sub-70_ses-2.set,22,4758,batch_0069.npy
sub-70,sub-70_ses-2.set,23,4759,batch_0069.npy
sub-70,sub-70_ses-2.set,24,4760,batch_0069.npy
sub-70,sub-70_ses-2.set,25,4761,batch_0069.npy
sub-70,sub-70_ses-2.set,26,4762,batch_0069.npy
sub-70,sub-70_ses-2.set,27,4763,batch_0069.npy
sub-70,sub-70_ses-2.set,28,4764,batch_0069.npy
sub-70,sub-70_ses-2.set,29,4765,batch_0069.npy
sub-70,sub-70_ses-2.set,30,4766,batch_0069.npy
sub-70,sub-70_ses-2.set,31,4767,batch_0069.npy
sub-70,sub-70_ses-2.set,32,4768,batch_0069.npy
sub-70,sub-70_ses-2.set,33,4769,batch_0069.npy
sub-70,sub-70_ses-2.set,34,4770,batch_0069.npy
sub-70,sub-70_ses-2.set,35,4771,batch_0069.npy
sub-70,sub-70_ses-2.set,36,4772,batch_0069.npy
sub-70,sub-70_ses-2.set,37,4773,batch_0069.npy
sub-70,sub-70_ses-2.set,38,4774,batch_0069.npy
sub-70,sub-70_ses-2.set,39,4775,batch_0069.npy
sub-70,sub-70_ses-2.set,40,4776,batch_0069.npy
sub-70,sub-70_ses-2.set,41,4777,batch_0069.npy
sub-70,sub-70_ses-2.set,42,4778,batch_0069.npy
sub-70,sub-70_ses-2.set,43,4779,batch_0069.npy
sub-70,sub-70_ses-2.set,44,4780,batch_0069.npy
sub-70,sub-70_ses-2.set,45,4781,batch_0069.npy
sub-70,sub-70_ses-2.set,46,4782,batch_0069.npy
sub-70,sub-70_ses-2.set,47,4783,batch_0069.npy
sub-70,sub-70_ses-2.set,48,4784,batch_0069.npy
sub-70,sub-70_ses-2.set,49,4785,batch_0069.npy
sub-70,sub-70_ses-2.set,50,4786,batch_0069.npy
sub-70,sub-70_ses-2.set,51,4787,batch_0069.npy
sub-70,sub-70_ses-2.set,52,4788,batch_0069.npy
sub-70,sub-70_ses-2.set,53,4789,batch_0069.npy
sub-70,sub-70_ses-2.set,54,4790,batch_0069.npy
sub-70,sub-70_ses-2.set,55,4791,batch_0069.npy
sub-70,sub-70_ses-2.set,56,4792,batch_0069.npy
sub-70,sub-70_ses-2.set,57,4793,batch_0069.npy
sub-70,sub-70_ses-2.set,58,4794,batch_0069.npy
sub-70,sub-70_ses-2.set,59,4795,batch_0069.npy
sub-70,sub-70_ses-2.set,60,4796,batch_0069.npy
sub-70,sub-70_ses-2.set,61,4797,batch_0069.npy
sub-70,sub-70_ses-2.set,62,4798,batch_0069.npy
sub-70,sub-70_ses-2.set,63,4799,batch_0069.npy
sub-70,sub-70_ses-2.set,64,4800,batch_0069.npy
sub-70,sub-70_ses-2.set,65,4801,batch_0069.npy
sub-70,sub-70_ses-2.set,66,4802,batch_0069.npy
sub-70,sub-70_ses-2.set,67,4803,batch_0069.npy
sub-70,sub-70_ses-2.set,68,4804,batch_0069.npy
sub-71,sub-71_ses-2.set,0,4805,batch_0070.npy
sub-71,sub-71_ses-2.set,1,4806,batch_0070.npy
sub-71,sub-71_ses-2.set,2,4807,batch_0070.npy
sub-71,sub-71_ses-2.set,3,4808,batch_0070.npy
sub-71,sub-71_ses-2.set,4,4809,batch_0070.npy
sub-71,sub-71_ses-2.set,5,4810,batch_0070.npy
sub-71,sub-71_ses-2.set,6,4811,batch_0070.npy
sub-71,sub-71_ses-2.set,7,4812,batch_0070.npy
sub-71,sub-71_ses-2.set,8,4813,batch_0070.npy
sub-71,sub-71_ses-2.set,9,4814,batch_0070.npy
sub-71,sub-71_ses-2.set,10,4815,batch_0070.npy
sub-71,sub-71_ses-2.set,11,4816,batch_0070.npy
sub-71,sub-71_ses-2.set,12,4817,batch_0070.npy
sub-71,sub-71_ses-2.set,13,4818,batch_0070.npy
sub-71,sub-71_ses-2.set,14,4819,batch_0070.npy
sub-71,sub-71_ses-2.set,15,4820,batch_0070.npy
sub-71,sub-71_ses-2.set,16,4821,batch_0070.npy
sub-71,sub-71_ses-2.set,17,4822,batch_0070.npy
sub-71,sub-71_ses-2.set,18,4823,batch_0070.npy
sub-71,sub-71_ses-2.set,19,4824,batch_0070.npy
sub-71,sub-71_ses-2.set,20,4825,batch_0070.npy
sub-71,sub-71_ses-2.set,21,4826,batch_0070.npy
sub-71,sub-71_ses-2.set,22,4827,batch_0070.npy
sub-71,sub-71_ses-2.set,23,4828,batch_0070.npy
sub-71,sub-71_ses-2.set,24,4829,batch_0070.npy
sub-71,sub-71_ses-2.set,25,4830,batch_0070.npy
sub-71,sub-71_ses-2.set,26,4831,batch_0070.npy
sub-71,sub-71_ses-2.set,27,4832,batch_0070.npy
sub-71,sub-71_ses-2.set,28,4833,batch_0070.npy
sub-71,sub-71_ses-2.set,29,4834,batch_0070.npy
sub-71,sub-71_ses-2.set,30,4835,batch_0070.npy
sub-71,sub-71_ses-2.set,31,4836,batch_0070.npy
sub-71,sub-71_ses-2.set,32,4837,batch_0070.npy
sub-71,sub-71_ses-2.set,33,4838,batch_0070.npy
sub-71,sub-71_ses-2.set,34,4839,batch_0070.npy
sub-71,sub-71_ses-2.set,35,4840,batch_0070.npy
sub-71,sub-71_ses-2.set,36,4841,batch_0070.npy
sub-71,sub-71_ses-2.set,37,4842,batch_0070.npy
sub-71,sub-71_ses-2.set,38,4843,batch_0070.npy
sub-71,sub-71_ses-2.set,39,4844,batch_0070.npy
sub-71,sub-71_ses-2.set,40,4845,batch_0070.npy
sub-71,sub-71_ses-2.set,41,4846,batch_0070.npy
sub-71,sub-71_ses-2.set,42,4847,batch_0070.npy
sub-71,sub-71_ses-2.set,43,4848,batch_0070.npy
sub-71,sub-71_ses-2.set,44,4849,batch_0070.npy
sub-71,sub-71_ses-2.set,45,4850,batch_0070.npy
sub-71,sub-71_ses-2.set,46,4851,batch_0070.npy
sub-71,sub-71_ses-2.set,47,4852,batch_0070.npy
sub-71,sub-71_ses-2.set,48,4853,batch_0070.npy
sub-71,sub-71_ses-2.set,49,4854,batch_0070.npy
sub-71,sub-71_ses-2.set,50,4855,batch_0070.npy
sub-71,sub-71_ses-2.set,51,4856,batch_0070.npy
sub-71,sub-71_ses-2.set,52,4857,batch_0070.npy
sub-71,sub-71_ses-2.set,53,4858,batch_0070.npy
sub-71,sub-71_ses-2.set,54,4859,batch_0070.npy
sub-71,sub-71_ses-2.set,55,4860,batch_0070.npy
sub-71,sub-71_ses-2.set,56,4861,batch_0070.npy
sub-71,sub-71_ses-2.set,57,4862,batch_0070.npy
sub-71,sub-71_ses-2.set,58,4863,batch_0070.npy
sub-71,sub-71_ses-2.set,59,4864,batch_0070.npy
sub-71,sub-71_ses-2.set,60,4865,batch_0070.npy
sub-71,sub-71_ses-2.set,61,4866,batch_0070.npy
sub-71,sub-71_ses-2.set,62,4867,batch_0070.npy
sub-71,sub-71_ses-2.set,63,4868,batch_0070.npy
sub-71,sub-71_ses-2.set,64,4869,batch_0070.npy
sub-71,sub-71_ses-2.set,65,4870,batch_0070.npy
sub-71,sub-71_ses-2.set,66,4871,batch_0070.npy
sub-71,sub-71_ses-2.set,67,4872,batch_0070.npy
sub-71,sub-71_ses-2.set,68,4873,batch_0070.npy
sub-71,sub-71_ses-2.set,69,4874,batch_0070.npy
sub-71,sub-71_ses-2.set,70,4875,batch_0070.npy
sub-71,sub-71_ses-2.set,71,4876,batch_0070.npy
